{"timestamp": 1785774330, "type": "time_anomaly", "device": "node-7-timespoof", "metadata": {}}
{"timestamp": 1785774330, "type": "safe_tx", "device": "node-9-stealth", "metadata": {}}
{"timestamp": 1785774330, "type": "safe_tx", "device": "node-6-overflow", "metadata": {}}
{"timestamp": 1785774330, "type": "safe_tx", "device": "node-2-clean", "metadata": {}}
{"timestamp": 1785774330, "type": "fuzzing", "device": "node-10-fuzzer", "metadata": {}}
{"timestamp": 1785774331, "type": "safe_tx", "device": "node-3-clean", "metadata": {}}
{"timestamp": 1785774331, "type": "safe_tx", "device": "node-3-clean", "metadata": {}}
{"timestamp": 1785774331, "type": "safe_tx", "device": "node-14-mixed", "metadata": {}}
{"timestamp": 1785774331, "type": "safe_tx", "device": "node-1-clean", "metadata": {}}
{"timestamp": 1785774331, "type": "safe_tx", "device": "node-3-clean", "metadata": {}}
{"timestamp": 1785774332, "type": "safe_tx", "device": "node-3-clean", "metadata": {}}
{"timestamp": 1785774332, "type": "fuzzing", "device": "node-10-fuzzer", "metadata": {}}
{"timestamp": 1785774332, "type": "safe_tx", "device": "node-13-mixed", "metadata": {}}
{"timestamp": 1785774332, "type": "safe_tx", "device": "node-2-clean", "metadata": {}}
{"timestamp": 1785774332, "type": "safe_tx", "device": "node-4-clean", "metadata": {}}
{"timestamp": 1785774332, "type": "safe_tx", "device": "node-15-mixed", "metadata": {}}
{"timestamp": 1785774332, "type": "safe_tx", "device": "node-9-stealth", "metadata": {}}
{"timestamp": 1785774333, "type": "safe_tx", "device": "node-8-spammer", "metadata": {}}
{"timestamp": 1785774333, "type": "time_anomaly", "device": "node-12-mixed", "metadata": {}}
{"timestamp": 1785774333, "type": "safe_tx", "device": "node-8-spammer", "metadata": {}}
{"timestamp": 1785774333, "type": "safe_tx", "device": "node-8-spammer", "metadata": {}}
{"timestamp": 1785774333, "type": "safe_tx", "device": "node-8-spammer", "metadata": {}}
{"timestamp": 1785774333, "type": "safe_tx", "device": "node-8-spammer", "metadata": {}}
{"timestamp": 1785774334, "type": "time_anomaly", "device": "node-7-timespoof", "metadata": {}}
{"timestamp": 1785774333, "type": "safe_tx", "device": "node-5-clean", "metadata": {}}
{"timestamp": 1785774333, "type": "safe_tx", "device": "node-12-mixed", "metadata": {}}
{"timestamp": 1785774333, "type": "safe_tx", "device": "node-8-spammer", "metadata": {}}
{"timestamp": 1785774333, "type": "safe_tx", "device": "node-8-spammer", "metadata": {}}
{"timestamp": 1785774333, "type": "safe_tx", "device": "node-8-spammer", "metadata": {}}
{"timestamp": 1785774333, "type": "safe_tx", "device": "node-8-spammer", "metadata": {}}
{"timestamp": 1785774333, "type": "safe_tx", "device": "node-8-spammer", "metadata": {}}
{"timestamp": 1785774333, "type": "safe_tx", "device": "node-8-spammer", "metadata": {}}
{"timestamp": 1785774333, "type": "safe_tx", "device": "node-8-spammer", "metadata": {}}
{"timestamp": 1785774333, "type": "safe_tx", "device": "node-8-spammer", "metadata": {}}
{"timestamp": 1785774333, "type": "safe_tx", "device": "node-8-spammer", "metadata": {}}
{"timestamp": 1785774333, "type": "safe_tx", "device": "node-4-clean", "metadata": {}}
{"timestamp": 1785774333, "type": "safe_tx", "device": "node-8-spammer", "metadata": {}}
{"timestamp": 1785774333, "type": "dos_spam", "device": "node-8-spammer", "metadata": {}}
{"timestamp": 1785774333, "type": "safe_tx", "device": "node-8-spammer", "metadata": {}}
{"timestamp": 1785774333, "type": "safe_tx", "device": "node-8-spammer", "metadata": {}}
{"timestamp": 1785774334, "type": "safe_tx", "device": "node-3-clean", "metadata": {}}
{"timestamp": 1785774334, "type": "safe_tx", "device": "node-10-fuzzer", "metadata": {}}
{"timestamp": 1785774334, "type": "safe_tx", "device": "node-1-clean", "metadata": {}}
{"timestamp": 1785774335, "type": "time_anomaly", "device": "node-14-mixed", "metadata": {}}
{"timestamp": 1785774334, "type": "safe_tx", "device": "node-1-clean", "metadata": {}}
{"timestamp": 1785774334, "type": "safe_tx", "device": "node-15-mixed", "metadata": {}}
{"timestamp": 1785774334, "type": "safe_tx", "device": "node-1-clean", "metadata": {}}
{"timestamp": 1785774334, "type": "safe_tx", "device": "node-4-clean", "metadata": {}}
{"timestamp": 1785774334, "type": "safe_tx", "device": "node-10-fuzzer", "metadata": {}}
{"timestamp": 1785774335, "type": "safe_tx", "device": "node-5-clean", "metadata": {}}
{"timestamp": 1785774335, "type": "safe_tx", "device": "node-2-clean", "metadata": {}}
{"timestamp": 1785774335, "type": "safe_tx", "device": "node-12-mixed", "metadata": {}}
{"timestamp": 1785774335, "type": "safe_tx", "device": "node-9-stealth", "metadata": {}}
{"timestamp": 1785774335, "type": "safe_tx", "device": "node-13-mixed", "metadata": {}}
{"timestamp": 1785774335, "type": "safe_tx", "device": "node-1-clean", "metadata": {}}
{"timestamp": 1785774335, "type": "safe_tx", "device": "node-3-clean", "metadata": {}}
{"timestamp": 1785774335, "type": "fuzzing", "device": "node-10-fuzzer", "metadata": {}}
{"timestamp": 1785774336, "type": "safe_tx", "device": "node-8-spammer", "metadata": {}}
{"timestamp": 1785774336, "type": "safe_tx", "device": "node-8-spammer", "metadata": {}}
{"timestamp": 1785774336, "type": "safe_tx", "device": "node-8-spammer", "metadata": {}}
{"timestamp": 1785774336, "type": "safe_tx", "device": "node-8-spammer", "metadata": {}}
{"timestamp": 1785774336, "type": "safe_tx", "device": "node-8-spammer", "metadata": {}}
{"timestamp": 1785774336, "type": "safe_tx", "device": "node-8-spammer", "metadata": {}}
{"timestamp": 1785774336, "type": "safe_tx", "device": "node-8-spammer", "metadata": {}}
{"timestamp": 1785774336, "type": "safe_tx", "device": "node-5-clean", "metadata": {}}
{"timestamp": 1785774336, "type": "safe_tx", "device": "node-14-mixed", "metadata": {}}
{"timestamp": 1785774336, "type": "safe_tx", "device": "node-2-clean", "metadata": {}}
{"timestamp": 1785774336, "type": "fuzzing", "device": "node-10-fuzzer", "metadata": {}}
{"timestamp": 1785774336, "type": "safe_tx", "device": "node-1-clean", "metadata": {}}
{"timestamp": 1785774338, "type": "time_anomaly", "device": "node-13-mixed", "metadata": {}}
{"timestamp": 1785774337, "type": "safe_tx", "device": "node-4-clean", "metadata": {}}
{"timestamp": 1785774337, "type": "safe_tx", "device": "node-10-fuzzer", "metadata": {}}
{"timestamp": 1785774337, "type": "safe_tx", "device": "node-15-mixed", "metadata": {}}
{"timestamp": 1785774337, "type": "safe_tx", "device": "node-2-clean", "metadata": {}}
{"timestamp": 1785774338, "type": "safe_tx", "device": "node-15-mixed", "metadata": {}}
{"timestamp": 1785774338, "type": "safe_tx", "device": "node-13-mixed", "metadata": {}}
{"timestamp": 1785774338, "type": "safe_tx", "device": "node-3-clean", "metadata": {}}
{"timestamp": 1785774338, "type": "fuzzing", "device": "node-10-fuzzer", "metadata": {}}
{"timestamp": 1785774338, "type": "safe_tx", "device": "node-9-stealth", "metadata": {}}
{"timestamp": 1785774338, "type": "safe_tx", "device": "node-13-mixed", "metadata": {}}
{"timestamp": 1785774339, "type": "safe_tx", "device": "node-2-clean", "metadata": {}}
{"timestamp": 1785774339, "type": "safe_tx", "device": "node-5-clean", "metadata": {}}
{"timestamp": 1785774340, "type": "time_anomaly", "device": "node-7-timespoof", "metadata": {}}
{"timestamp": 1785774339, "type": "safe_tx", "device": "node-8-spammer", "metadata": {}}
{"timestamp": 1785774339, "type": "safe_tx", "device": "node-8-spammer", "metadata": {}}
{"timestamp": 1785774339, "type": "safe_tx", "device": "node-8-spammer", "metadata": {}}
{"timestamp": 1785774339, "type": "safe_tx", "device": "node-8-spammer", "metadata": {}}
{"timestamp": 1785774339, "type": "safe_tx", "device": "node-2-clean", "metadata": {}}
{"timestamp": 1785774339, "type": "safe_tx", "device": "node-8-spammer", "metadata": {}}
{"timestamp": 1785774339, "type": "safe_tx", "device": "node-12-mixed", "metadata": {}}
{"timestamp": 1785774339, "type": "safe_tx", "device": "node-8-spammer", "metadata": {}}
{"timestamp": 1785774339, "type": "safe_tx", "device": "node-8-spammer", "metadata": {}}
{"timestamp": 1785774339, "type": "safe_tx", "device": "node-8-spammer", "metadata": {}}
{"timestamp": 1785774339, "type": "safe_tx", "device": "node-8-spammer", "metadata": {}}
{"timestamp": 1785774339, "type": "safe_tx", "device": "node-13-mixed", "metadata": {}}
{"timestamp": 1785774340, "type": "time_anomaly", "device": "node-14-mixed", "metadata": {}}
{"timestamp": 1785774339, "type": "safe_tx", "device": "node-9-stealth", "metadata": {}}
{"timestamp": 1785774339, "type": "safe_tx", "device": "node-1-clean", "metadata": {}}
{"timestamp": 1785774340, "type": "safe_tx", "device": "node-10-fuzzer", "metadata": {}}
{"timestamp": 1785774340, "type": "safe_tx", "device": "node-13-mixed", "metadata": {}}
{"timestamp": 1785774340, "type": "fuzzing", "device": "node-10-fuzzer", "metadata": {}}
{"timestamp": 1785774341, "type": "safe_tx", "device": "node-5-clean", "metadata": {}}
{"timestamp": 1785774341, "type": "safe_tx", "device": "node-4-clean", "metadata": {}}
{"timestamp": 1785774341, "type": "safe_tx", "device": "node-12-mixed", "metadata": {}}
{"timestamp": 1785774341, "type": "safe_tx", "device": "node-5-clean", "metadata": {}}
{"timestamp": 1785774341, "type": "safe_tx", "device": "node-8-spammer", "metadata": {}}
{"timestamp": 1785774341, "type": "safe_tx", "device": "node-8-spammer", "metadata": {}}
{"timestamp": 1785774341, "type": "safe_tx", "device": "node-8-spammer", "metadata": {}}
{"timestamp": 1785774341, "type": "safe_tx", "device": "node-8-spammer", "metadata": {}}
{"timestamp": 1785774341, "type": "safe_tx", "device": "node-1-clean", "metadata": {}}
{"timestamp": 1785774341, "type": "safe_tx", "device": "node-8-spammer", "metadata": {}}
{"timestamp": 1785774342, "type": "time_anomaly", "device": "node-7-timespoof", "metadata": {}}
{"timestamp": 1785774341, "type": "safe_tx", "device": "node-8-spammer", "metadata": {}}
{"timestamp": 1785774341, "type": "dos_spam", "device": "node-8-spammer", "metadata": {}}
{"timestamp": 1785774341, "type": "fuzzing", "device": "node-10-fuzzer", "metadata": {}}
{"timestamp": 1785774341, "type": "safe_tx", "device": "node-3-clean", "metadata": {}}
{"timestamp": 1785774342, "type": "safe_tx", "device": "node-14-mixed", "metadata": {}}
{"timestamp": 1785774342, "type": "safe_tx", "device": "node-15-mixed", "metadata": {}}
{"timestamp": 1785774342, "type": "safe_tx", "device": "node-12-mixed", "metadata": {}}
{"timestamp": 1785774342, "type": "safe_tx", "device": "node-1-clean", "metadata": {}}
{"timestamp": 1785774342, "type": "safe_tx", "device": "node-10-fuzzer", "metadata": {}}
{"timestamp": 1785774343, "type": "safe_tx", "device": "node-8-spammer", "metadata": {}}
{"timestamp": 1785774343, "type": "safe_tx", "device": "node-8-spammer", "metadata": {}}
{"timestamp": 1785774343, "type": "safe_tx", "device": "node-8-spammer", "metadata": {}}
{"timestamp": 1785774343, "type": "safe_tx", "device": "node-8-spammer", "metadata": {}}
{"timestamp": 1785774343, "type": "safe_tx", "device": "node-2-clean", "metadata": {}}
{"timestamp": 1785774343, "type": "safe_tx", "device": "node-4-clean", "metadata": {}}
{"timestamp": 1785774343, "type": "fuzzing", "device": "node-10-fuzzer", "metadata": {}}
{"timestamp": 1785774343, "type": "safe_tx", "device": "node-12-mixed", "metadata": {}}
{"timestamp": 1785774344, "type": "safe_tx", "device": "node-8-spammer", "metadata": {}}
{"timestamp": 1785774344, "type": "safe_tx", "device": "node-8-spammer", "metadata": {}}
{"timestamp": 1785774344, "type": "safe_tx", "device": "node-8-spammer", "metadata": {}}
{"timestamp": 1785774344, "type": "safe_tx", "device": "node-8-spammer", "metadata": {}}
{"timestamp": 1785774344, "type": "safe_tx", "device": "node-8-spammer", "metadata": {}}
{"timestamp": 1785774344, "type": "safe_tx", "device": "node-8-spammer", "metadata": {}}
{"timestamp": 1785774344, "type": "safe_tx", "device": "node-8-spammer", "metadata": {}}
{"timestamp": 1785774344, "type": "safe_tx", "device": "node-8-spammer", "metadata": {}}
{"timestamp": 1785774344, "type": "safe_tx", "device": "node-8-spammer", "metadata": {}}
{"timestamp": 1785774344, "type": "safe_tx", "device": "node-14-mixed", "metadata": {}}
{"timestamp": 1785774344, "type": "safe_tx", "device": "node-8-spammer", "metadata": {}}
{"timestamp": 1785774344, "type": "safe_tx", "device": "node-8-spammer", "metadata": {}}
{"timestamp": 1785774344, "type": "dos_spam", "device": "node-8-spammer", "metadata": {"count": 30, "window_sec": 5}}
{"timestamp": 1785774344, "type": "dos_spam", "device": "node-8-spammer", "metadata": {}}
{"timestamp": 1785774345, "type": "time_anomaly", "device": "node-13-mixed", "metadata": {}}
{"timestamp": 1785774344, "type": "safe_tx", "device": "node-8-spammer", "metadata": {}}
{"timestamp": 1785774344, "type": "safe_tx", "device": "node-8-spammer", "metadata": {}}
{"timestamp": 1785774344, "type": "safe_tx", "device": "node-8-spammer", "metadata": {}}
{"timestamp": 1785774344, "type": "safe_tx", "device": "node-8-spammer", "metadata": {}}
{"timestamp": 1785774344, "type": "safe_tx", "device": "node-8-spammer", "metadata": {}}
{"timestamp": 1785774344, "type": "safe_tx", "device": "node-8-spammer", "metadata": {}}
{"timestamp": 1785774344, "type": "safe_tx", "device": "node-8-spammer", "metadata": {}}
{"timestamp": 1785774344, "type": "safe_tx", "device": "node-8-spammer", "metadata": {}}
{"timestamp": 1785774344, "type": "safe_tx", "device": "node-10-fuzzer", "metadata": {}}
{"timestamp": 1785774344, "type": "safe_tx", "device": "node-8-spammer", "metadata": {}}
{"timestamp": 1785774344, "type": "safe_tx", "device": "node-9-stealth", "metadata": {}}
{"timestamp": 1785774344, "type": "safe_tx", "device": "node-5-clean", "metadata": {}}
{"timestamp": 1785774345, "type": "safe_tx", "device": "node-3-clean", "metadata": {}}
{"timestamp": 1785774345, "type": "safe_tx", "device": "node-10-fuzzer", "metadata": {}}
{"timestamp": 1785774345, "type": "safe_tx", "device": "node-8-spammer", "metadata": {}}
{"timestamp": 1785774345, "type": "safe_tx", "device": "node-8-spammer", "metadata": {}}
{"timestamp": 1785774345, "type": "safe_tx", "device": "node-8-spammer", "metadata": {}}
{"timestamp": 1785774345, "type": "safe_tx", "device": "node-8-spammer", "metadata": {}}
{"timestamp": 1785774345, "type": "safe_tx", "device": "node-8-spammer", "metadata": {}}
{"timestamp": 1785774345, "type": "safe_tx", "device": "node-8-spammer", "metadata": {}}
{"timestamp": 1785774345, "type": "dos_spam", "device": "node-8-spammer", "metadata": {}}
{"timestamp": 1785774345, "type": "safe_tx", "device": "node-8-spammer", "metadata": {}}
{"timestamp": 1785774345, "type": "safe_tx", "device": "node-8-spammer", "metadata": {}}
{"timestamp": 1785774345, "type": "safe_tx", "device": "node-8-spammer", "metadata": {}}
{"timestamp": 1785774345, "type": "safe_tx", "device": "node-8-spammer", "metadata": {}}
{"timestamp": 1785774345, "type": "safe_tx", "device": "node-8-spammer", "metadata": {}}
{"timestamp": 1785774345, "type": "safe_tx", "device": "node-8-spammer", "metadata": {}}
{"timestamp": 1785774345, "type": "safe_tx", "device": "node-3-clean", "metadata": {}}
{"timestamp": 1785774345, "type": "safe_tx", "device": "node-8-spammer", "metadata": {}}
{"timestamp": 1785774345, "type": "safe_tx", "device": "node-8-spammer", "metadata": {}}
{"timestamp": 1785774345, "type": "safe_tx", "device": "node-8-spammer", "metadata": {}}
{"timestamp": 1785774345, "type": "safe_tx", "device": "node-12-mixed", "metadata": {}}
{"timestamp": 1785774347, "type": "time_anomaly", "device": "node-15-mixed", "metadata": {}}
{"timestamp": 1785774346, "type": "fuzzing", "device": "node-10-fuzzer", "metadata": {}}
{"timestamp": 1785774346, "type": "safe_tx", "device": "node-2-clean", "metadata": {}}
{"timestamp": 1785774346, "type": "safe_tx", "device": "node-4-clean", "metadata": {}}
{"timestamp": 1785774346, "type": "safe_tx", "device": "node-1-clean", "metadata": {}}
{"timestamp": 1785774347, "type": "time_anomaly", "device": "node-14-mixed", "metadata": {}}
{"timestamp": 1785774346, "type": "safe_tx", "device": "node-15-mixed", "metadata": {}}
{"timestamp": 1785774346, "type": "safe_tx", "device": "node-13-mixed", "metadata": {}}
{"timestamp": 1785774347, "type": "safe_tx", "device": "node-8-spammer", "metadata": {}}
{"timestamp": 1785774347, "type": "safe_tx", "device": "node-8-spammer", "metadata": {}}
{"timestamp": 1785774347, "type": "safe_tx", "device": "node-8-spammer", "metadata": {}}
{"timestamp": 1785774347, "type": "safe_tx", "device": "node-8-spammer", "metadata": {}}
{"timestamp": 1785774347, "type": "safe_tx", "device": "node-8-spammer", "metadata": {}}
{"timestamp": 1785774347, "type": "safe_tx", "device": "node-8-spammer", "metadata": {}}
{"timestamp": 1785774347, "type": "dos_spam", "device": "node-8-spammer", "metadata": {"count": 30, "window_sec": 5}}
{"timestamp": 1785774347, "type": "dos_spam", "device": "node-8-spammer", "metadata": {}}
{"timestamp": 1785774347, "type": "safe_tx", "device": "node-8-spammer", "metadata": {}}
{"timestamp": 1785774347, "type": "safe_tx", "device": "node-8-spammer", "metadata": {}}
{"timestamp": 1785774347, "type": "safe_tx", "device": "node-8-spammer", "metadata": {}}
{"timestamp": 1785774347, "type": "safe_tx", "device": "node-8-spammer", "metadata": {}}
{"timestamp": 1785774347, "type": "safe_tx", "device": "node-8-spammer", "metadata": {}}
{"timestamp": 1785774347, "type": "safe_tx", "device": "node-8-spammer", "metadata": {}}
{"timestamp": 1785774347, "type": "safe_tx", "device": "node-8-spammer", "metadata": {}}
{"timestamp": 1785774347, "type": "safe_tx", "device": "node-8-spammer", "metadata": {}}
{"timestamp": 1785774347, "type": "safe_tx", "device": "node-8-spammer", "metadata": {}}
{"timestamp": 1785774347, "type": "safe_tx", "device": "node-8-spammer", "metadata": {}}
{"timestamp": 1785774347, "type": "safe_tx", "device": "node-8-spammer", "metadata": {}}
{"timestamp": 1785774347, "type": "safe_tx", "device": "node-1-clean", "metadata": {}}
{"timestamp": 1785774347, "type": "safe_tx", "device": "node-8-spammer", "metadata": {}}
{"timestamp": 1785774347, "type": "safe_tx", "device": "node-9-stealth", "metadata": {}}
{"timestamp": 1785774347, "type": "safe_tx", "device": "node-10-fuzzer", "metadata": {}}
{"timestamp": 1785774347, "type": "safe_tx", "device": "node-2-clean", "metadata": {}}
{"timestamp": 1785774347, "type": "safe_tx", "device": "node-5-clean", "metadata": {}}
{"timestamp": 1785774349, "type": "time_anomaly", "device": "node-7-timespoof", "metadata": {}}
{"timestamp": 1785774348, "type": "safe_tx", "device": "node-4-clean", "metadata": {}}
{"timestamp": 1785774348, "type": "safe_tx", "device": "node-13-mixed", "metadata": {}}
{"timestamp": 1785774348, "type": "safe_tx", "device": "node-8-spammer", "metadata": {}}
{"timestamp": 1785774348, "type": "safe_tx", "device": "node-8-spammer", "metadata": {}}
{"timestamp": 1785774348, "type": "safe_tx", "device": "node-3-clean", "metadata": {}}
{"timestamp": 1785774349, "type": "safe_tx", "device": "node-12-mixed", "metadata": {}}
{"timestamp": 1785774349, "type": "safe_tx", "device": "node-1-clean", "metadata": {}}
{"timestamp": 1785774349, "type": "safe_tx", "device": "node-8-spammer", "metadata": {}}
{"timestamp": 1785774349, "type": "dos_spam", "device": "node-8-spammer", "metadata": {}}
{"timestamp": 1785774349, "type": "safe_tx", "device": "node-8-spammer", "metadata": {}}
{"timestamp": 1785774349, "type": "safe_tx", "device": "node-10-fuzzer", "metadata": {}}
{"timestamp": 1785774349, "type": "safe_tx", "device": "node-15-mixed", "metadata": {}}
{"timestamp": 1785774349, "type": "safe_tx", "device": "node-9-stealth", "metadata": {}}
{"timestamp": 1785774349, "type": "safe_tx", "device": "node-1-clean", "metadata": {}}
{"timestamp": 1785774349, "type": "safe_tx", "device": "node-4-clean", "metadata": {}}
{"timestamp": 1785774350, "type": "safe_tx", "device": "node-14-mixed", "metadata": {}}
{"timestamp": 1785774350, "type": "safe_tx", "device": "node-3-clean", "metadata": {}}
{"timestamp": 1785774350, "type": "safe_tx", "device": "node-8-spammer", "metadata": {}}
{"timestamp": 1785774350, "type": "safe_tx", "device": "node-8-spammer", "metadata": {}}
{"timestamp": 1785774350, "type": "safe_tx", "device": "node-8-spammer", "metadata": {}}
{"timestamp": 1785774350, "type": "safe_tx", "device": "node-8-spammer", "metadata": {}}
{"timestamp": 1785774350, "type": "safe_tx", "device": "node-8-spammer", "metadata": {}}
{"timestamp": 1785774350, "type": "safe_tx", "device": "node-12-mixed", "metadata": {}}
{"timestamp": 1785774351, "type": "time_anomaly", "device": "node-7-timespoof", "metadata": {}}
{"timestamp": 1785774351, "type": "safe_tx", "device": "node-13-mixed", "metadata": {}}
{"timestamp": 1785774351, "type": "safe_tx", "device": "node-10-fuzzer", "metadata": {}}
{"timestamp": 1785774351, "type": "safe_tx", "device": "node-1-clean", "metadata": {}}
{"timestamp": 1785774351, "type": "safe_tx", "device": "node-3-clean", "metadata": {}}
{"timestamp": 1785774351, "type": "safe_tx", "device": "node-2-clean", "metadata": {}}
{"timestamp": 1785774351, "type": "safe_tx", "device": "node-9-stealth", "metadata": {}}
{"timestamp": 1785774351, "type": "safe_tx", "device": "node-5-clean", "metadata": {}}
{"timestamp": 1785774351, "type": "safe_tx", "device": "node-8-spammer", "metadata": {}}
{"timestamp": 1785774351, "type": "safe_tx", "device": "node-8-spammer", "metadata": {}}
{"timestamp": 1785774351, "type": "safe_tx", "device": "node-4-clean", "metadata": {}}
{"timestamp": 1785774351, "type": "safe_tx", "device": "node-8-spammer", "metadata": {}}
{"timestamp": 1785774352, "type": "time_anomaly", "device": "node-13-mixed", "metadata": {}}
{"timestamp": 1785774351, "type": "safe_tx", "device": "node-8-spammer", "metadata": {}}
{"timestamp": 1785774351, "type": "safe_tx", "device": "node-8-spammer", "metadata": {}}
{"timestamp": 1785774351, "type": "safe_tx", "device": "node-8-spammer", "metadata": {}}
{"timestamp": 1785774352, "type": "safe_tx", "device": "node-2-clean", "metadata": {}}
{"timestamp": 1785774352, "type": "safe_tx", "device": "node-8-spammer", "metadata": {}}
{"timestamp": 1785774352, "type": "safe_tx", "device": "node-14-mixed", "metadata": {}}
{"timestamp": 1785774353, "type": "fuzzing", "device": "node-10-fuzzer", "metadata": {}}
{"timestamp": 1785774353, "type": "safe_tx", "device": "node-5-clean", "metadata": {}}
{"timestamp": 1785774353, "type": "safe_tx", "device": "node-2-clean", "metadata": {}}
{"timestamp": 1785774353, "type": "overflow", "device": "node-6-overflow", "metadata": {"count": 3, "window_sec": 30}}
{"timestamp": 1785774353, "type": "safe_tx", "device": "node-4-clean", "metadata": {}}
{"timestamp": 1785774353, "type": "safe_tx", "device": "node-1-clean", "metadata": {}}
{"timestamp": 1785774354, "type": "safe_tx", "device": "node-12-mixed", "metadata": {}}
{"timestamp": 1785774354, "type": "safe_tx", "device": "node-8-spammer", "metadata": {}}
{"timestamp": 1785774355, "type": "time_anomaly", "device": "node-7-timespoof", "metadata": {}}
{"timestamp": 1785774354, "type": "safe_tx", "device": "node-9-stealth", "metadata": {}}
{"timestamp": 1785774354, "type": "safe_tx", "device": "node-4-clean", "metadata": {}}
{"timestamp": 1785774354, "type": "safe_tx", "device": "node-1-clean", "metadata": {}}
{"timestamp": 1785774354, "type": "safe_tx", "device": "node-5-clean", "metadata": {}}
{"timestamp": 1785774354, "type": "safe_tx", "device": "node-3-clean", "metadata": {}}
{"timestamp": 1785774354, "type": "safe_tx", "device": "node-11-pulsing", "metadata": {}}
{"timestamp": 1785774354, "type": "safe_tx", "device": "node-4-clean", "metadata": {}}
{"timestamp": 1785774354, "type": "safe_tx", "device": "node-11-pulsing", "metadata": {}}
{"timestamp": 1785774354, "type": "safe_tx", "device": "node-11-pulsing", "metadata": {}}
{"timestamp": 1785774355, "type": "fuzzing", "device": "node-10-fuzzer", "metadata": {}}
{"timestamp": 1785774355, "type": "safe_tx", "device": "node-11-pulsing", "metadata": {}}
{"timestamp": 1785774355, "type": "safe_tx", "device": "node-11-pulsing", "metadata": {}}
{"timestamp": 1785774355, "type": "safe_tx", "device": "node-11-pulsing", "metadata": {}}
{"timestamp": 1785774355, "type": "safe_tx", "device": "node-4-clean", "metadata": {}}
{"timestamp": 1785774355, "type": "safe_tx", "device": "node-11-pulsing", "metadata": {}}
{"timestamp": 1785774355, "type": "safe_tx", "device": "node-11-pulsing", "metadata": {}}
{"timestamp": 1785774355, "type": "safe_tx", "device": "node-11-pulsing", "metadata": {}}
{"timestamp": 1785774355, "type": "safe_tx", "device": "node-11-pulsing", "metadata": {}}
{"timestamp": 1785774355, "type": "safe_tx", "device": "node-11-pulsing", "metadata": {}}
{"timestamp": 1785774355, "type": "safe_tx", "device": "node-13-mixed", "metadata": {}}
{"timestamp": 1785774355, "type": "safe_tx", "device": "node-8-spammer", "metadata": {}}
{"timestamp": 1785774355, "type": "safe_tx", "device": "node-11-pulsing", "metadata": {}}
{"timestamp": 1785774355, "type": "safe_tx", "device": "node-11-pulsing", "metadata": {}}
{"timestamp": 1785774355, "type": "safe_tx", "device": "node-11-pulsing", "metadata": {}}
{"timestamp": 1785774355, "type": "safe_tx", "device": "node-11-pulsing", "metadata": {}}
{"timestamp": 1785774355, "type": "dos_spam", "device": "node-11-pulsing", "metadata": {}}
{"timestamp": 1785774356, "type": "time_anomaly", "device": "node-12-mixed", "metadata": {}}
{"timestamp": 1785774355, "type": "safe_tx", "device": "node-11-pulsing", "metadata": {}}
{"timestamp": 1785774355, "type": "safe_tx", "device": "node-11-pulsing", "metadata": {}}
{"timestamp": 1785774355, "type": "safe_tx", "device": "node-11-pulsing", "metadata": {}}
{"timestamp": 1785774355, "type": "safe_tx", "device": "node-11-pulsing", "metadata": {}}
{"timestamp": 1785774355, "type": "safe_tx", "device": "node-11-pulsing", "metadata": {}}
{"timestamp": 1785774355, "type": "overflow", "device": "node-15-mixed", "metadata": {"count": 3, "window_sec": 30}}
{"timestamp": 1785774356, "type": "fuzzing", "device": "node-10-fuzzer", "metadata": {}}
{"timestamp": 1785774356, "type": "safe_tx", "device": "node-4-clean", "metadata": {}}
{"timestamp": 1785774356, "type": "safe_tx", "device": "node-8-spammer", "metadata": {}}
{"timestamp": 1785774356, "type": "safe_tx", "device": "node-13-mixed", "metadata": {}}
{"timestamp": 1785774357, "type": "safe_tx", "device": "node-15-mixed", "metadata": {}}
{"timestamp": 1785774357, "type": "safe_tx", "device": "node-9-stealth", "metadata": {}}
{"timestamp": 1785774357, "type": "safe_tx", "device": "node-4-clean", "metadata": {}}
{"timestamp": 1785774358, "type": "time_anomaly", "device": "node-13-mixed", "metadata": {}}
{"timestamp": 1785774357, "type": "safe_tx", "device": "node-2-clean", "metadata": {}}
{"timestamp": 1785774357, "type": "safe_tx", "device": "node-8-spammer", "metadata": {}}
{"timestamp": 1785774357, "type": "safe_tx", "device": "node-8-spammer", "metadata": {}}
{"timestamp": 1785774357, "type": "safe_tx", "device": "node-8-spammer", "metadata": {}}
{"timestamp": 1785774357, "type": "safe_tx", "device": "node-8-spammer", "metadata": {}}
{"timestamp": 1785774357, "type": "safe_tx", "device": "node-8-spammer", "metadata": {}}
{"timestamp": 1785774357, "type": "safe_tx", "device": "node-8-spammer", "metadata": {}}
{"timestamp": 1785774358, "type": "safe_tx", "device": "node-9-stealth", "metadata": {}}
{"timestamp": 1785774358, "type": "safe_tx", "device": "node-5-clean", "metadata": {}}
{"timestamp": 1785774358, "type": "safe_tx", "device": "node-14-mixed", "metadata": {}}
{"timestamp": 1785774358, "type": "safe_tx", "device": "node-1-clean", "metadata": {}}
{"timestamp": 1785774358, "type": "safe_tx", "device": "node-12-mixed", "metadata": {}}
{"timestamp": 1785774358, "type": "safe_tx", "device": "node-3-clean", "metadata": {}}
{"timestamp": 1785774358, "type": "safe_tx", "device": "node-8-spammer", "metadata": {}}
{"timestamp": 1785774359, "type": "time_anomaly", "device": "node-7-timespoof", "metadata": {}}
{"timestamp": 1785774358, "type": "safe_tx", "device": "node-5-clean", "metadata": {}}
{"timestamp": 1785774358, "type": "safe_tx", "device": "node-10-fuzzer", "metadata": {}}
{"timestamp": 1785774358, "type": "safe_tx", "device": "node-4-clean", "metadata": {}}
{"timestamp": 1785774359, "type": "safe_tx", "device": "node-2-clean", "metadata": {}}
{"timestamp": 1785774359, "type": "safe_tx", "device": "node-8-spammer", "metadata": {}}
{"timestamp": 1785774359, "type": "safe_tx", "device": "node-8-spammer", "metadata": {}}
{"timestamp": 1785774359, "type": "safe_tx", "device": "node-8-spammer", "metadata": {}}
{"timestamp": 1785774359, "type": "safe_tx", "device": "node-8-spammer", "metadata": {}}
{"timestamp": 1785774359, "type": "safe_tx", "device": "node-8-spammer", "metadata": {}}
{"timestamp": 1785774359, "type": "safe_tx", "device": "node-8-spammer", "metadata": {}}
{"timestamp": 1785774359, "type": "safe_tx", "device": "node-8-spammer", "metadata": {}}
{"timestamp": 1785774359, "type": "safe_tx", "device": "node-8-spammer", "metadata": {}}
{"timestamp": 1785774359, "type": "dos_spam", "device": "node-8-spammer", "metadata": {}}
{"timestamp": 1785774359, "type": "safe_tx", "device": "node-8-spammer", "metadata": {}}
{"timestamp": 1785774359, "type": "safe_tx", "device": "node-8-spammer", "metadata": {}}
{"timestamp": 1785774360, "type": "safe_tx", "device": "node-13-mixed", "metadata": {}}
{"timestamp": 1785774360, "type": "safe_tx", "device": "node-8-spammer", "metadata": {}}
{"timestamp": 1785774360, "type": "safe_tx", "device": "node-8-spammer", "metadata": {}}
{"timestamp": 1785774360, "type": "safe_tx", "device": "node-8-spammer", "metadata": {}}
{"timestamp": 1785774361, "type": "time_anomaly", "device": "node-14-mixed", "metadata": {}}
{"timestamp": 1785774360, "type": "safe_tx", "device": "node-8-spammer", "metadata": {}}
{"timestamp": 1785774360, "type": "safe_tx", "device": "node-8-spammer", "metadata": {}}
{"timestamp": 1785774360, "type": "safe_tx", "device": "node-8-spammer", "metadata": {}}
{"timestamp": 1785774360, "type": "safe_tx", "device": "node-8-spammer", "metadata": {}}
{"timestamp": 1785774360, "type": "overflow", "device": "node-12-mixed", "metadata": {"count": 3, "window_sec": 30}}
{"timestamp": 1785774360, "type": "safe_tx", "device": "node-9-stealth", "metadata": {}}
{"timestamp": 1785774360, "type": "safe_tx", "device": "node-10-fuzzer", "metadata": {}}
{"timestamp": 1785774361, "type": "safe_tx", "device": "node-5-clean", "metadata": {}}
{"timestamp": 1785774361, "type": "safe_tx", "device": "node-8-spammer", "metadata": {}}
{"timestamp": 1785774361, "type": "safe_tx", "device": "node-8-spammer", "metadata": {}}
{"timestamp": 1785774361, "type": "safe_tx", "device": "node-8-spammer", "metadata": {}}
{"timestamp": 1785774361, "type": "safe_tx", "device": "node-8-spammer", "metadata": {}}
{"timestamp": 1785774361, "type": "safe_tx", "device": "node-8-spammer", "metadata": {}}
{"timestamp": 1785774361, "type": "dos_spam", "device": "node-8-spammer", "metadata": {"count": 30, "window_sec": 5}}
{"timestamp": 1785774361, "type": "safe_tx", "device": "node-4-clean", "metadata": {}}
{"timestamp": 1785774361, "type": "safe_tx", "device": "node-3-clean", "metadata": {}}
{"timestamp": 1785774362, "type": "safe_tx", "device": "node-1-clean", "metadata": {}}
{"timestamp": 1785774362, "type": "safe_tx", "device": "node-8-spammer", "metadata": {}}
{"timestamp": 1785774362, "type": "safe_tx", "device": "node-5-clean", "metadata": {}}
{"timestamp": 1785774362, "type": "safe_tx", "device": "node-2-clean", "metadata": {}}
{"timestamp": 1785774362, "type": "safe_tx", "device": "node-8-spammer", "metadata": {}}
{"timestamp": 1785774362, "type": "fuzzing", "device": "node-10-fuzzer", "metadata": {}}
{"timestamp": 1785774362, "type": "safe_tx", "device": "node-8-spammer", "metadata": {}}
{"timestamp": 1785774362, "type": "dos_spam", "device": "node-8-spammer", "metadata": {}}
{"timestamp": 1785774362, "type": "safe_tx", "device": "node-8-spammer", "metadata": {}}
{"timestamp": 1785774362, "type": "safe_tx", "device": "node-3-clean", "metadata": {}}
{"timestamp": 1785774363, "type": "time_anomaly", "device": "node-13-mixed", "metadata": {}}
{"timestamp": 1785774362, "type": "safe_tx", "device": "node-8-spammer", "metadata": {}}
{"timestamp": 1785774363, "type": "safe_tx", "device": "node-10-fuzzer", "metadata": {}}
{"timestamp": 1785774363, "type": "safe_tx", "device": "node-9-stealth", "metadata": {}}
{"timestamp": 1785774363, "type": "safe_tx", "device": "node-14-mixed", "metadata": {}}
{"timestamp": 1785774363, "type": "safe_tx", "device": "node-13-mixed", "metadata": {}}
{"timestamp": 1785774364, "type": "time_anomaly", "device": "node-15-mixed", "metadata": {}}
{"timestamp": 1785774363, "type": "safe_tx", "device": "node-5-clean", "metadata": {}}
{"timestamp": 1785774364, "type": "time_anomaly", "device": "node-7-timespoof", "metadata": {}}
{"timestamp": 1785774364, "type": "safe_tx", "device": "node-15-mixed", "metadata": {}}
{"timestamp": 1785774364, "type": "safe_tx", "device": "node-3-clean", "metadata": {}}
{"timestamp": 1785774364, "type": "fuzzing", "device": "node-10-fuzzer", "metadata": {}}
{"timestamp": 1785774364, "type": "safe_tx", "device": "node-4-clean", "metadata": {}}
{"timestamp": 1785774365, "type": "safe_tx", "device": "node-8-spammer", "metadata": {}}
{"timestamp": 1785774365, "type": "safe_tx", "device": "node-8-spammer", "metadata": {}}
{"timestamp": 1785774365, "type": "safe_tx", "device": "node-8-spammer", "metadata": {}}
{"timestamp": 1785774365, "type": "safe_tx", "device": "node-8-spammer", "metadata": {}}
{"timestamp": 1785774365, "type": "safe_tx", "device": "node-8-spammer", "metadata": {}}
{"timestamp": 1785774365, "type": "fuzzing", "device": "node-10-fuzzer", "metadata": {}}
{"timestamp": 1785774366, "type": "time_anomaly", "device": "node-14-mixed", "metadata": {}}
{"timestamp": 1785774365, "type": "safe_tx", "device": "node-2-clean", "metadata": {}}
{"timestamp": 1785774365, "type": "safe_tx", "device": "node-1-clean", "metadata": {}}
{"timestamp": 1785774367, "type": "time_anomaly", "device": "node-12-mixed", "metadata": {}}
{"timestamp": 1785774366, "type": "safe_tx", "device": "node-5-clean", "metadata": {}}
{"timestamp": 1785774366, "type": "safe_tx", "device": "node-9-stealth", "metadata": {}}
{"timestamp": 1785774366, "type": "safe_tx", "device": "node-6-overflow", "metadata": {}}
{"timestamp": 1785774366, "type": "fuzzing", "device": "node-10-fuzzer", "metadata": {}}
{"timestamp": 1785774366, "type": "safe_tx", "device": "node-8-spammer", "metadata": {}}
{"timestamp": 1785774366, "type": "safe_tx", "device": "node-8-spammer", "metadata": {}}
{"timestamp": 1785774366, "type": "safe_tx", "device": "node-8-spammer", "metadata": {}}
{"timestamp": 1785774366, "type": "safe_tx", "device": "node-8-spammer", "metadata": {}}
{"timestamp": 1785774366, "type": "safe_tx", "device": "node-8-spammer", "metadata": {}}
{"timestamp": 1785774366, "type": "safe_tx", "device": "node-8-spammer", "metadata": {}}
{"timestamp": 1785774366, "type": "safe_tx", "device": "node-13-mixed", "metadata": {}}
{"timestamp": 1785774366, "type": "safe_tx", "device": "node-3-clean", "metadata": {}}
{"timestamp": 1785774367, "type": "safe_tx", "device": "node-1-clean", "metadata": {}}
{"timestamp": 1785774367, "type": "time_anomaly", "device": "node-15-mixed", "metadata": {}}
{"timestamp": 1785774367, "type": "safe_tx", "device": "node-8-spammer", "metadata": {}}
{"timestamp": 1785774367, "type": "safe_tx", "device": "node-8-spammer", "metadata": {}}
{"timestamp": 1785774367, "type": "safe_tx", "device": "node-8-spammer", "metadata": {}}
{"timestamp": 1785774367, "type": "safe_tx", "device": "node-8-spammer", "metadata": {}}
{"timestamp": 1785774367, "type": "dos_spam", "device": "node-8-spammer", "metadata": {}}
{"timestamp": 1785774367, "type": "safe_tx", "device": "node-8-spammer", "metadata": {}}
{"timestamp": 1785774367, "type": "safe_tx", "device": "node-4-clean", "metadata": {}}
{"timestamp": 1785774368, "type": "time_anomaly", "device": "node-7-timespoof", "metadata": {}}
{"timestamp": 1785774367, "type": "safe_tx", "device": "node-15-mixed", "metadata": {}}
{"timestamp": 1785774368, "type": "safe_tx", "device": "node-8-spammer", "metadata": {}}
{"timestamp": 1785774368, "type": "safe_tx", "device": "node-12-mixed", "metadata": {}}
{"timestamp": 1785774368, "type": "fuzzing", "device": "node-10-fuzzer", "metadata": {}}
{"timestamp": 1785774368, "type": "safe_tx", "device": "node-15-mixed", "metadata": {}}
{"timestamp": 1785774368, "type": "safe_tx", "device": "node-2-clean", "metadata": {}}
{"timestamp": 1785774368, "type": "safe_tx", "device": "node-14-mixed", "metadata": {}}
{"timestamp": 1785774368, "type": "safe_tx", "device": "node-10-fuzzer", "metadata": {}}
{"timestamp": 1785774369, "type": "safe_tx", "device": "node-1-clean", "metadata": {}}
{"timestamp": 1785774369, "type": "safe_tx", "device": "node-8-spammer", "metadata": {}}
{"timestamp": 1785774369, "type": "safe_tx", "device": "node-8-spammer", "metadata": {}}
{"timestamp": 1785774369, "type": "safe_tx", "device": "node-8-spammer", "metadata": {}}
{"timestamp": 1785774369, "type": "safe_tx", "device": "node-8-spammer", "metadata": {}}
{"timestamp": 1785774369, "type": "safe_tx", "device": "node-8-spammer", "metadata": {}}
{"timestamp": 1785774369, "type": "safe_tx", "device": "node-8-spammer", "metadata": {}}
{"timestamp": 1785774369, "type": "safe_tx", "device": "node-8-spammer", "metadata": {}}
{"timestamp": 1785774369, "type": "safe_tx", "device": "node-8-spammer", "metadata": {}}
{"timestamp": 1785774369, "type": "safe_tx", "device": "node-8-spammer", "metadata": {}}
{"timestamp": 1785774369, "type": "safe_tx", "device": "node-8-spammer", "metadata": {}}
{"timestamp": 1785774369, "type": "safe_tx", "device": "node-8-spammer", "metadata": {}}
{"timestamp": 1785774369, "type": "safe_tx", "device": "node-13-mixed", "metadata": {}}
{"timestamp": 1785774370, "type": "safe_tx", "device": "node-3-clean", "metadata": {}}
{"timestamp": 1785774370, "type": "safe_tx", "device": "node-2-clean", "metadata": {}}
{"timestamp": 1785774370, "type": "safe_tx", "device": "node-5-clean", "metadata": {}}
{"timestamp": 1785774370, "type": "safe_tx", "device": "node-5-clean", "metadata": {}}
{"timestamp": 1785774370, "type": "safe_tx", "device": "node-9-stealth", "metadata": {}}
{"timestamp": 1785774370, "type": "safe_tx", "device": "node-8-spammer", "metadata": {}}
{"timestamp": 1785774370, "type": "safe_tx", "device": "node-8-spammer", "metadata": {}}
{"timestamp": 1785774370, "type": "dos_spam", "device": "node-8-spammer", "metadata": {"count": 30, "window_sec": 5}}
{"timestamp": 1785774370, "type": "safe_tx", "device": "node-8-spammer", "metadata": {}}
{"timestamp": 1785774370, "type": "dos_spam", "device": "node-8-spammer", "metadata": {}}
{"timestamp": 1785774370, "type": "safe_tx", "device": "node-8-spammer", "metadata": {}}
{"timestamp": 1785774370, "type": "safe_tx", "device": "node-8-spammer", "metadata": {}}
{"timestamp": 1785774370, "type": "safe_tx", "device": "node-8-spammer", "metadata": {}}
{"timestamp": 1785774370, "type": "safe_tx", "device": "node-10-fuzzer", "metadata": {}}
{"timestamp": 1785774370, "type": "safe_tx", "device": "node-8-spammer", "metadata": {}}
{"timestamp": 1785774370, "type": "safe_tx", "device": "node-8-spammer", "metadata": {}}
{"timestamp": 1785774370, "type": "safe_tx", "device": "node-8-spammer", "metadata": {}}
{"timestamp": 1785774370, "type": "safe_tx", "device": "node-8-spammer", "metadata": {}}
{"timestamp": 1785774370, "type": "safe_tx", "device": "node-4-clean", "metadata": {}}
{"timestamp": 1785774371, "type": "safe_tx", "device": "node-12-mixed", "metadata": {}}
{"timestamp": 1785774371, "type": "safe_tx", "device": "node-3-clean", "metadata": {}}
{"timestamp": 1785774371, "type": "safe_tx", "device": "node-4-clean", "metadata": {}}
{"timestamp": 1785774371, "type": "safe_tx", "device": "node-1-clean", "metadata": {}}
{"timestamp": 1785774371, "type": "safe_tx", "device": "node-10-fuzzer", "metadata": {}}
{"timestamp": 1785774372, "type": "time_anomaly", "device": "node-14-mixed", "metadata": {}}
{"timestamp": 1785774371, "type": "safe_tx", "device": "node-13-mixed", "metadata": {}}
{"timestamp": 1785774371, "type": "safe_tx", "device": "node-8-spammer", "metadata": {}}
{"timestamp": 1785774371, "type": "safe_tx", "device": "node-8-spammer", "metadata": {}}
{"timestamp": 1785774371, "type": "safe_tx", "device": "node-8-spammer", "metadata": {}}
{"timestamp": 1785774371, "type": "safe_tx", "device": "node-8-spammer", "metadata": {}}
{"timestamp": 1785774371, "type": "safe_tx", "device": "node-8-spammer", "metadata": {}}
{"timestamp": 1785774371, "type": "safe_tx", "device": "node-8-spammer", "metadata": {}}
{"timestamp": 1785774371, "type": "safe_tx", "device": "node-8-spammer", "metadata": {}}
{"timestamp": 1785774372, "type": "time_anomaly", "device": "node-7-timespoof", "metadata": {}}
{"timestamp": 1785774371, "type": "safe_tx", "device": "node-15-mixed", "metadata": {}}
{"timestamp": 1785774372, "type": "safe_tx", "device": "node-5-clean", "metadata": {}}
{"timestamp": 1785774372, "type": "safe_tx", "device": "node-4-clean", "metadata": {}}
{"timestamp": 1785774372, "type": "safe_tx", "device": "node-5-clean", "metadata": {}}
{"timestamp": 1785774372, "type": "safe_tx", "device": "node-9-stealth", "metadata": {}}
{"timestamp": 1785774372, "type": "fuzzing", "device": "node-10-fuzzer", "metadata": {}}
{"timestamp": 1785774373, "type": "safe_tx", "device": "node-2-clean", "metadata": {}}
{"timestamp": 1785774373, "type": "safe_tx", "device": "node-8-spammer", "metadata": {}}
{"timestamp": 1785774373, "type": "safe_tx", "device": "node-8-spammer", "metadata": {}}
{"timestamp": 1785774373, "type": "safe_tx", "device": "node-8-spammer", "metadata": {}}
{"timestamp": 1785774373, "type": "safe_tx", "device": "node-8-spammer", "metadata": {}}
{"timestamp": 1785774373, "type": "safe_tx", "device": "node-8-spammer", "metadata": {}}
{"timestamp": 1785774373, "type": "safe_tx", "device": "node-4-clean", "metadata": {}}
{"timestamp": 1785774373, "type": "safe_tx", "device": "node-10-fuzzer", "metadata": {}}
{"timestamp": 1785774373, "type": "safe_tx", "device": "node-13-mixed", "metadata": {}}
{"timestamp": 1785774373, "type": "overflow", "device": "node-12-mixed", "metadata": {"count": 3, "window_sec": 30}}
{"timestamp": 1785774373, "type": "safe_tx", "device": "node-14-mixed", "metadata": {}}
{"timestamp": 1785774373, "type": "safe_tx", "device": "node-3-clean", "metadata": {}}
{"timestamp": 1785774374, "type": "safe_tx", "device": "node-8-spammer", "metadata": {}}
{"timestamp": 1785774374, "type": "safe_tx", "device": "node-8-spammer", "metadata": {}}
{"timestamp": 1785774374, "type": "safe_tx", "device": "node-8-spammer", "metadata": {}}
{"timestamp": 1785774374, "type": "safe_tx", "device": "node-8-spammer", "metadata": {}}
{"timestamp": 1785774374, "type": "safe_tx", "device": "node-5-clean", "metadata": {}}
{"timestamp": 1785774374, "type": "safe_tx", "device": "node-8-spammer", "metadata": {}}
{"timestamp": 1785774374, "type": "safe_tx", "device": "node-13-mixed", "metadata": {}}
{"timestamp": 1785774374, "type": "safe_tx", "device": "node-8-spammer", "metadata": {}}
{"timestamp": 1785774374, "type": "safe_tx", "device": "node-8-spammer", "metadata": {}}
{"timestamp": 1785774374, "type": "safe_tx", "device": "node-8-spammer", "metadata": {}}
{"timestamp": 1785774374, "type": "safe_tx", "device": "node-8-spammer", "metadata": {}}
{"timestamp": 1785774374, "type": "safe_tx", "device": "node-8-spammer", "metadata": {}}
{"timestamp": 1785774374, "type": "dos_spam", "device": "node-8-spammer", "metadata": {"count": 30, "window_sec": 5}}
{"timestamp": 1785774374, "type": "dos_spam", "device": "node-8-spammer", "metadata": {}}
{"timestamp": 1785774374, "type": "safe_tx", "device": "node-8-spammer", "metadata": {}}
{"timestamp": 1785774374, "type": "safe_tx", "device": "node-8-spammer", "metadata": {}}
{"timestamp": 1785774374, "type": "safe_tx", "device": "node-8-spammer", "metadata": {}}
{"timestamp": 1785774374, "type": "safe_tx", "device": "node-8-spammer", "metadata": {}}
{"timestamp": 1785774374, "type": "safe_tx", "device": "node-1-clean", "metadata": {}}
{"timestamp": 1785774374, "type": "fuzzing", "device": "node-10-fuzzer", "metadata": {}}
{"timestamp": 1785774375, "type": "safe_tx", "device": "node-14-mixed", "metadata": {}}
{"timestamp": 1785774376, "type": "time_anomaly", "device": "node-7-timespoof", "metadata": {}}
{"timestamp": 1785774375, "type": "safe_tx", "device": "node-5-clean", "metadata": {}}
{"timestamp": 1785774375, "type": "safe_tx", "device": "node-12-mixed", "metadata": {}}
{"timestamp": 1785774375, "type": "safe_tx", "device": "node-15-mixed", "metadata": {}}
{"timestamp": 1785774375, "type": "safe_tx", "device": "node-13-mixed", "metadata": {}}
{"timestamp": 1785774375, "type": "safe_tx", "device": "node-1-clean", "metadata": {}}
{"timestamp": 1785774375, "type": "safe_tx", "device": "node-4-clean", "metadata": {}}
{"timestamp": 1785774376, "type": "safe_tx", "device": "node-8-spammer", "metadata": {}}
{"timestamp": 1785774376, "type": "safe_tx", "device": "node-8-spammer", "metadata": {}}
{"timestamp": 1785774376, "type": "safe_tx", "device": "node-10-fuzzer", "metadata": {}}
{"timestamp": 1785774376, "type": "safe_tx", "device": "node-2-clean", "metadata": {}}
{"timestamp": 1785774376, "type": "safe_tx", "device": "node-15-mixed", "metadata": {}}
{"timestamp": 1785774377, "type": "safe_tx", "device": "node-3-clean", "metadata": {}}
{"timestamp": 1785774377, "type": "safe_tx", "device": "node-1-clean", "metadata": {}}
{"timestamp": 1785774377, "type": "safe_tx", "device": "node-14-mixed", "metadata": {}}
{"timestamp": 1785774377, "type": "fuzzing", "device": "node-10-fuzzer", "metadata": {}}
{"timestamp": 1785774377, "type": "safe_tx", "device": "node-3-clean", "metadata": {}}
{"timestamp": 1785774377, "type": "safe_tx", "device": "node-8-spammer", "metadata": {}}
{"timestamp": 1785774377, "type": "safe_tx", "device": "node-4-clean", "metadata": {}}
{"timestamp": 1785774377, "type": "safe_tx", "device": "node-8-spammer", "metadata": {}}
{"timestamp": 1785774377, "type": "safe_tx", "device": "node-8-spammer", "metadata": {}}
{"timestamp": 1785774377, "type": "safe_tx", "device": "node-8-spammer", "metadata": {}}
{"timestamp": 1785774377, "type": "safe_tx", "device": "node-14-mixed", "metadata": {}}
{"timestamp": 1785774378, "type": "time_anomaly", "device": "node-7-timespoof", "metadata": {}}
{"timestamp": 1785774377, "type": "safe_tx", "device": "node-12-mixed", "metadata": {}}
{"timestamp": 1785774377, "type": "overflow", "device": "node-13-mixed", "metadata": {"count": 3, "window_sec": 30}}
{"timestamp": 1785774378, "type": "fuzzing", "device": "node-10-fuzzer", "metadata": {}}
{"timestamp": 1785774379, "type": "safe_tx", "device": "node-9-stealth", "metadata": {}}
{"timestamp": 1785774379, "type": "overflow", "device": "node-15-mixed", "metadata": {"count": 3, "window_sec": 30}}
{"timestamp": 1785774379, "type": "safe_tx", "device": "node-5-clean", "metadata": {}}
{"timestamp": 1785774379, "type": "safe_tx", "device": "node-12-mixed", "metadata": {}}
{"timestamp": 1785774379, "type": "safe_tx", "device": "node-3-clean", "metadata": {}}
{"timestamp": 1785774379, "type": "safe_tx", "device": "node-12-mixed", "metadata": {}}
{"timestamp": 1785774380, "type": "fuzzing", "device": "node-10-fuzzer", "metadata": {}}
{"timestamp": 1785774380, "type": "safe_tx", "device": "node-1-clean", "metadata": {}}
{"timestamp": 1785774380, "type": "fuzzing", "device": "node-10-fuzzer", "metadata": {}}
{"timestamp": 1785774380, "type": "safe_tx", "device": "node-5-clean", "metadata": {}}
{"timestamp": 1785774380, "type": "safe_tx", "device": "node-12-mixed", "metadata": {}}
{"timestamp": 1785774380, "type": "safe_tx", "device": "node-11-pulsing", "metadata": {}}
{"timestamp": 1785774380, "type": "safe_tx", "device": "node-11-pulsing", "metadata": {}}
{"timestamp": 1785774380, "type": "safe_tx", "device": "node-8-spammer", "metadata": {}}
{"timestamp": 1785774380, "type": "safe_tx", "device": "node-11-pulsing", "metadata": {}}
{"timestamp": 1785774381, "type": "time_anomaly", "device": "node-14-mixed", "metadata": {}}
{"timestamp": 1785774380, "type": "safe_tx", "device": "node-8-spammer", "metadata": {}}
{"timestamp": 1785774380, "type": "safe_tx", "device": "node-13-mixed", "metadata": {}}
{"timestamp": 1785774380, "type": "safe_tx", "device": "node-11-pulsing", "metadata": {}}
{"timestamp": 1785774380, "type": "safe_tx", "device": "node-8-spammer", "metadata": {}}
{"timestamp": 1785774380, "type": "safe_tx", "device": "node-15-mixed", "metadata": {}}
{"timestamp": 1785774381, "type": "safe_tx", "device": "node-8-spammer", "metadata": {}}
{"timestamp": 1785774381, "type": "safe_tx", "device": "node-11-pulsing", "metadata": {}}
{"timestamp": 1785774381, "type": "safe_tx", "device": "node-8-spammer", "metadata": {}}
{"timestamp": 1785774381, "type": "safe_tx", "device": "node-9-stealth", "metadata": {}}
{"timestamp": 1785774381, "type": "safe_tx", "device": "node-5-clean", "metadata": {}}
{"timestamp": 1785774381, "type": "safe_tx", "device": "node-11-pulsing", "metadata": {}}
{"timestamp": 1785774381, "type": "safe_tx", "device": "node-8-spammer", "metadata": {}}
{"timestamp": 1785774381, "type": "safe_tx", "device": "node-11-pulsing", "metadata": {}}
{"timestamp": 1785774381, "type": "safe_tx", "device": "node-11-pulsing", "metadata": {}}
{"timestamp": 1785774381, "type": "safe_tx", "device": "node-11-pulsing", "metadata": {}}
{"timestamp": 1785774381, "type": "safe_tx", "device": "node-11-pulsing", "metadata": {}}
{"timestamp": 1785774381, "type": "safe_tx", "device": "node-4-clean", "metadata": {}}
{"timestamp": 1785774381, "type": "safe_tx", "device": "node-11-pulsing", "metadata": {}}
{"timestamp": 1785774381, "type": "safe_tx", "device": "node-14-mixed", "metadata": {}}
{"timestamp": 1785774381, "type": "safe_tx", "device": "node-11-pulsing", "metadata": {}}
{"timestamp": 1785774381, "type": "safe_tx", "device": "node-11-pulsing", "metadata": {}}
{"timestamp": 1785774381, "type": "safe_tx", "device": "node-11-pulsing", "metadata": {}}
{"timestamp": 1785774381, "type": "overflow", "device": "node-6-overflow", "metadata": {"count": 3, "window_sec": 30}}
{"timestamp": 1785774381, "type": "fuzzing", "device": "node-10-fuzzer", "metadata": {}}
{"timestamp": 1785774381, "type": "safe_tx", "device": "node-11-pulsing", "metadata": {}}
{"timestamp": 1785774381, "type": "dos_spam", "device": "node-11-pulsing", "metadata": {}}
{"timestamp": 1785774381, "type": "safe_tx", "device": "node-11-pulsing", "metadata": {}}
{"timestamp": 1785774381, "type": "safe_tx", "device": "node-11-pulsing", "metadata": {}}
{"timestamp": 1785774381, "type": "safe_tx", "device": "node-11-pulsing", "metadata": {}}
{"timestamp": 1785774381, "type": "safe_tx", "device": "node-11-pulsing", "metadata": {}}
{"timestamp": 1785774381, "type": "safe_tx", "device": "node-9-stealth", "metadata": {}}
{"timestamp": 1785774381, "type": "safe_tx", "device": "node-11-pulsing", "metadata": {}}
{"timestamp": 1785774381, "type": "safe_tx", "device": "node-12-mixed", "metadata": {}}
{"timestamp": 1785774382, "type": "safe_tx", "device": "node-2-clean", "metadata": {}}
{"timestamp": 1785774382, "type": "safe_tx", "device": "node-1-clean", "metadata": {}}
{"timestamp": 1785774382, "type": "safe_tx", "device": "node-15-mixed", "metadata": {}}
{"timestamp": 1785774382, "type": "safe_tx", "device": "node-3-clean", "metadata": {}}
{"timestamp": 1785774383, "type": "time_anomaly", "device": "node-7-timespoof", "metadata": {}}
{"timestamp": 1785774383, "type": "safe_tx", "device": "node-2-clean", "metadata": {}}
{"timestamp": 1785774384, "type": "time_anomaly", "device": "node-13-mixed", "metadata": {}}
{"timestamp": 1785774383, "type": "safe_tx", "device": "node-8-spammer", "metadata": {}}
{"timestamp": 1785774383, "type": "safe_tx", "device": "node-8-spammer", "metadata": {}}
{"timestamp": 1785774383, "type": "safe_tx", "device": "node-8-spammer", "metadata": {}}
{"timestamp": 1785774383, "type": "safe_tx", "device": "node-8-spammer", "metadata": {}}
{"timestamp": 1785774383, "type": "safe_tx", "device": "node-8-spammer", "metadata": {}}
{"timestamp": 1785774383, "type": "safe_tx", "device": "node-8-spammer", "metadata": {}}
{"timestamp": 1785774383, "type": "safe_tx", "device": "node-8-spammer", "metadata": {}}
{"timestamp": 1785774383, "type": "safe_tx", "device": "node-8-spammer", "metadata": {}}
{"timestamp": 1785774383, "type": "safe_tx", "device": "node-8-spammer", "metadata": {}}
{"timestamp": 1785774383, "type": "safe_tx", "device": "node-8-spammer", "metadata": {}}
{"timestamp": 1785774383, "type": "safe_tx", "device": "node-8-spammer", "metadata": {}}
{"timestamp": 1785774383, "type": "safe_tx", "device": "node-8-spammer", "metadata": {}}
{"timestamp": 1785774383, "type": "dos_spam", "device": "node-8-spammer", "metadata": {}}
{"timestamp": 1785774384, "type": "time_anomaly", "device": "node-14-mixed", "metadata": {}}
{"timestamp": 1785774383, "type": "safe_tx", "device": "node-1-clean", "metadata": {}}
{"timestamp": 1785774383, "type": "safe_tx", "device": "node-3-clean", "metadata": {}}
{"timestamp": 1785774384, "type": "fuzzing", "device": "node-10-fuzzer", "metadata": {}}
{"timestamp": 1785774384, "type": "safe_tx", "device": "node-9-stealth", "metadata": {}}
{"timestamp": 1785774384, "type": "safe_tx", "device": "node-4-clean", "metadata": {}}
{"timestamp": 1785774384, "type": "safe_tx", "device": "node-12-mixed", "metadata": {}}
{"timestamp": 1785774384, "type": "safe_tx", "device": "node-8-spammer", "metadata": {}}
{"timestamp": 1785774384, "type": "safe_tx", "device": "node-8-spammer", "metadata": {}}
{"timestamp": 1785774384, "type": "safe_tx", "device": "node-5-clean", "metadata": {}}
{"timestamp": 1785774385, "type": "safe_tx", "device": "node-9-stealth", "metadata": {}}
{"timestamp": 1785774385, "type": "safe_tx", "device": "node-4-clean", "metadata": {}}
{"timestamp": 1785774385, "type": "safe_tx", "device": "node-10-fuzzer", "metadata": {}}
{"timestamp": 1785774385, "type": "safe_tx", "device": "node-15-mixed", "metadata": {}}
{"timestamp": 1785774385, "type": "safe_tx", "device": "node-13-mixed", "metadata": {}}
{"timestamp": 1785774385, "type": "safe_tx", "device": "node-8-spammer", "metadata": {}}
{"timestamp": 1785774385, "type": "safe_tx", "device": "node-4-clean", "metadata": {}}
{"timestamp": 1785774385, "type": "safe_tx", "device": "node-8-spammer", "metadata": {}}
{"timestamp": 1785774386, "type": "safe_tx", "device": "node-13-mixed", "metadata": {}}
{"timestamp": 1785774386, "type": "safe_tx", "device": "node-5-clean", "metadata": {}}
{"timestamp": 1785774386, "type": "safe_tx", "device": "node-14-mixed", "metadata": {}}
{"timestamp": 1785774387, "type": "safe_tx", "device": "node-1-clean", "metadata": {}}
{"timestamp": 1785774387, "type": "safe_tx", "device": "node-8-spammer", "metadata": {}}
{"timestamp": 1785774387, "type": "safe_tx", "device": "node-12-mixed", "metadata": {}}
{"timestamp": 1785774387, "type": "safe_tx", "device": "node-8-spammer", "metadata": {}}
{"timestamp": 1785774387, "type": "safe_tx", "device": "node-8-spammer", "metadata": {}}
{"timestamp": 1785774387, "type": "safe_tx", "device": "node-8-spammer", "metadata": {}}
{"timestamp": 1785774387, "type": "safe_tx", "device": "node-8-spammer", "metadata": {}}
{"timestamp": 1785774387, "type": "safe_tx", "device": "node-13-mixed", "metadata": {}}
{"timestamp": 1785774387, "type": "safe_tx", "device": "node-2-clean", "metadata": {}}
{"timestamp": 1785774388, "type": "time_anomaly", "device": "node-7-timespoof", "metadata": {}}
{"timestamp": 1785774387, "type": "safe_tx", "device": "node-9-stealth", "metadata": {}}
{"timestamp": 1785774388, "type": "safe_tx", "device": "node-10-fuzzer", "metadata": {}}
{"timestamp": 1785774388, "type": "safe_tx", "device": "node-3-clean", "metadata": {}}
{"timestamp": 1785774389, "type": "time_anomaly", "device": "node-14-mixed", "metadata": {}}
{"timestamp": 1785774388, "type": "safe_tx", "device": "node-4-clean", "metadata": {}}
{"timestamp": 1785774389, "type": "safe_tx", "device": "node-8-spammer", "metadata": {}}
{"timestamp": 1785774389, "type": "safe_tx", "device": "node-8-spammer", "metadata": {}}
{"timestamp": 1785774389, "type": "safe_tx", "device": "node-5-clean", "metadata": {}}
{"timestamp": 1785774389, "type": "safe_tx", "device": "node-1-clean", "metadata": {}}
{"timestamp": 1785774389, "type": "safe_tx", "device": "node-15-mixed", "metadata": {}}
{"timestamp": 1785774389, "type": "fuzzing", "device": "node-10-fuzzer", "metadata": {}}
{"timestamp": 1785774389, "type": "safe_tx", "device": "node-4-clean", "metadata": {}}
{"timestamp": 1785774389, "type": "safe_tx", "device": "node-9-stealth", "metadata": {}}
{"timestamp": 1785774389, "type": "safe_tx", "device": "node-3-clean", "metadata": {}}
{"timestamp": 1785774389, "type": "safe_tx", "device": "node-1-clean", "metadata": {}}
{"timestamp": 1785774390, "type": "safe_tx", "device": "node-8-spammer", "metadata": {}}
{"timestamp": 1785774390, "type": "safe_tx", "device": "node-8-spammer", "metadata": {}}
{"timestamp": 1785774390, "type": "safe_tx", "device": "node-13-mixed", "metadata": {}}
{"timestamp": 1785774390, "type": "safe_tx", "device": "node-14-mixed", "metadata": {}}
{"timestamp": 1785774390, "type": "safe_tx", "device": "node-1-clean", "metadata": {}}
{"timestamp": 1785774390, "type": "safe_tx", "device": "node-15-mixed", "metadata": {}}
{"timestamp": 1785774391, "type": "time_anomaly", "device": "node-7-timespoof", "metadata": {}}
{"timestamp": 1785774391, "type": "safe_tx", "device": "node-2-clean", "metadata": {}}
{"timestamp": 1785774391, "type": "safe_tx", "device": "node-9-stealth", "metadata": {}}
{"timestamp": 1785774391, "type": "fuzzing", "device": "node-10-fuzzer", "metadata": {}}
{"timestamp": 1785774391, "type": "safe_tx", "device": "node-8-spammer", "metadata": {}}
{"timestamp": 1785774391, "type": "safe_tx", "device": "node-8-spammer", "metadata": {}}
{"timestamp": 1785774391, "type": "safe_tx", "device": "node-8-spammer", "metadata": {}}
{"timestamp": 1785774391, "type": "safe_tx", "device": "node-5-clean", "metadata": {}}
{"timestamp": 1785774391, "type": "safe_tx", "device": "node-8-spammer", "metadata": {}}
{"timestamp": 1785774391, "type": "safe_tx", "device": "node-8-spammer", "metadata": {}}
{"timestamp": 1785774391, "type": "safe_tx", "device": "node-8-spammer", "metadata": {}}
{"timestamp": 1785774391, "type": "safe_tx", "device": "node-8-spammer", "metadata": {}}
{"timestamp": 1785774391, "type": "safe_tx", "device": "node-1-clean", "metadata": {}}
{"timestamp": 1785774391, "type": "safe_tx", "device": "node-8-spammer", "metadata": {}}
{"timestamp": 1785774391, "type": "safe_tx", "device": "node-8-spammer", "metadata": {}}
{"timestamp": 1785774393, "type": "time_anomaly", "device": "node-13-mixed", "metadata": {}}
{"timestamp": 1785774392, "type": "safe_tx", "device": "node-8-spammer", "metadata": {}}
{"timestamp": 1785774392, "type": "safe_tx", "device": "node-8-spammer", "metadata": {}}
{"timestamp": 1785774392, "type": "safe_tx", "device": "node-8-spammer", "metadata": {}}
{"timestamp": 1785774392, "type": "safe_tx", "device": "node-8-spammer", "metadata": {}}
{"timestamp": 1785774392, "type": "dos_spam", "device": "node-8-spammer", "metadata": {}}
{"timestamp": 1785774392, "type": "safe_tx", "device": "node-8-spammer", "metadata": {}}
{"timestamp": 1785774393, "type": "safe_tx", "device": "node-4-clean", "metadata": {}}
{"timestamp": 1785774393, "type": "safe_tx", "device": "node-3-clean", "metadata": {}}
{"timestamp": 1785774393, "type": "safe_tx", "device": "node-10-fuzzer", "metadata": {}}
{"timestamp": 1785774393, "type": "safe_tx", "device": "node-15-mixed", "metadata": {}}
{"timestamp": 1785774393, "type": "safe_tx", "device": "node-4-clean", "metadata": {}}
{"timestamp": 1785774393, "type": "safe_tx", "device": "node-5-clean", "metadata": {}}
{"timestamp": 1785774393, "type": "safe_tx", "device": "node-9-stealth", "metadata": {}}
{"timestamp": 1785774394, "type": "safe_tx", "device": "node-12-mixed", "metadata": {}}
{"timestamp": 1785774394, "type": "fuzzing", "device": "node-10-fuzzer", "metadata": {}}
{"timestamp": 1785774394, "type": "safe_tx", "device": "node-2-clean", "metadata": {}}
{"timestamp": 1785774394, "type": "safe_tx", "device": "node-1-clean", "metadata": {}}
{"timestamp": 1785774395, "type": "time_anomaly", "device": "node-7-timespoof", "metadata": {}}
{"timestamp": 1785774395, "type": "time_anomaly", "device": "node-14-mixed", "metadata": {}}
{"timestamp": 1785774395, "type": "safe_tx", "device": "node-8-spammer", "metadata": {}}
{"timestamp": 1785774395, "type": "safe_tx", "device": "node-8-spammer", "metadata": {}}
{"timestamp": 1785774395, "type": "safe_tx", "device": "node-8-spammer", "metadata": {}}
{"timestamp": 1785774395, "type": "safe_tx", "device": "node-5-clean", "metadata": {}}
{"timestamp": 1785774395, "type": "safe_tx", "device": "node-15-mixed", "metadata": {}}
{"timestamp": 1785774395, "type": "safe_tx", "device": "node-13-mixed", "metadata": {}}
{"timestamp": 1785774396, "type": "safe_tx", "device": "node-9-stealth", "metadata": {}}
{"timestamp": 1785774396, "type": "safe_tx", "device": "node-8-spammer", "metadata": {}}
{"timestamp": 1785774396, "type": "safe_tx", "device": "node-5-clean", "metadata": {}}
{"timestamp": 1785774396, "type": "safe_tx", "device": "node-8-spammer", "metadata": {}}
{"timestamp": 1785774396, "type": "time_anomaly", "device": "node-14-mixed", "metadata": {}}
{"timestamp": 1785774396, "type": "safe_tx", "device": "node-8-spammer", "metadata": {}}
{"timestamp": 1785774396, "type": "safe_tx", "device": "node-8-spammer", "metadata": {}}
{"timestamp": 1785774396, "type": "safe_tx", "device": "node-8-spammer", "metadata": {}}
{"timestamp": 1785774396, "type": "safe_tx", "device": "node-8-spammer", "metadata": {}}
{"timestamp": 1785774396, "type": "safe_tx", "device": "node-8-spammer", "metadata": {}}
{"timestamp": 1785774396, "type": "safe_tx", "device": "node-8-spammer", "metadata": {}}
{"timestamp": 1785774396, "type": "safe_tx", "device": "node-10-fuzzer", "metadata": {}}
{"timestamp": 1785774396, "type": "safe_tx", "device": "node-8-spammer", "metadata": {}}
{"timestamp": 1785774396, "type": "safe_tx", "device": "node-8-spammer", "metadata": {}}
{"timestamp": 1785774396, "type": "safe_tx", "device": "node-4-clean", "metadata": {}}
{"timestamp": 1785774396, "type": "safe_tx", "device": "node-3-clean", "metadata": {}}
{"timestamp": 1785774396, "type": "safe_tx", "device": "node-9-stealth", "metadata": {}}
{"timestamp": 1785774396, "type": "safe_tx", "device": "node-5-clean", "metadata": {}}
{"timestamp": 1785774396, "type": "safe_tx", "device": "node-12-mixed", "metadata": {}}
{"timestamp": 1785774397, "type": "safe_tx", "device": "node-14-mixed", "metadata": {}}
{"timestamp": 1785774397, "type": "fuzzing", "device": "node-10-fuzzer", "metadata": {}}
{"timestamp": 1785774398, "type": "time_anomaly", "device": "node-7-timespoof", "metadata": {}}
{"timestamp": 1785774397, "type": "safe_tx", "device": "node-1-clean", "metadata": {}}
{"timestamp": 1785774397, "type": "safe_tx", "device": "node-14-mixed", "metadata": {}}
{"timestamp": 1785774397, "type": "safe_tx", "device": "node-2-clean", "metadata": {}}
{"timestamp": 1785774397, "type": "safe_tx", "device": "node-3-clean", "metadata": {}}
{"timestamp": 1785774397, "type": "safe_tx", "device": "node-8-spammer", "metadata": {}}
{"timestamp": 1785774397, "type": "safe_tx", "device": "node-8-spammer", "metadata": {}}
{"timestamp": 1785774397, "type": "dos_spam", "device": "node-8-spammer", "metadata": {}}
{"timestamp": 1785774397, "type": "safe_tx", "device": "node-8-spammer", "metadata": {}}
{"timestamp": 1785774397, "type": "safe_tx", "device": "node-8-spammer", "metadata": {}}
{"timestamp": 1785774397, "type": "safe_tx", "device": "node-8-spammer", "metadata": {}}
{"timestamp": 1785774398, "type": "safe_tx", "device": "node-8-spammer", "metadata": {}}
{"timestamp": 1785774398, "type": "safe_tx", "device": "node-8-spammer", "metadata": {}}
{"timestamp": 1785774398, "type": "safe_tx", "device": "node-8-spammer", "metadata": {}}
{"timestamp": 1785774398, "type": "safe_tx", "device": "node-8-spammer", "metadata": {}}
{"timestamp": 1785774398, "type": "safe_tx", "device": "node-8-spammer", "metadata": {}}
{"timestamp": 1785774398, "type": "safe_tx", "device": "node-8-spammer", "metadata": {}}
{"timestamp": 1785774398, "type": "safe_tx", "device": "node-8-spammer", "metadata": {}}
{"timestamp": 1785774398, "type": "safe_tx", "device": "node-8-spammer", "metadata": {}}
{"timestamp": 1785774398, "type": "safe_tx", "device": "node-8-spammer", "metadata": {}}
{"timestamp": 1785774398, "type": "safe_tx", "device": "node-8-spammer", "metadata": {}}
{"timestamp": 1785774398, "type": "safe_tx", "device": "node-8-spammer", "metadata": {}}
{"timestamp": 1785774398, "type": "safe_tx", "device": "node-8-spammer", "metadata": {}}
{"timestamp": 1785774398, "type": "dos_spam", "device": "node-8-spammer", "metadata": {"count": 30, "window_sec": 5}}
{"timestamp": 1785774398, "type": "dos_spam", "device": "node-8-spammer", "metadata": {}}
{"timestamp": 1785774398, "type": "safe_tx", "device": "node-8-spammer", "metadata": {}}
{"timestamp": 1785774398, "type": "safe_tx", "device": "node-8-spammer", "metadata": {}}
{"timestamp": 1785774398, "type": "safe_tx", "device": "node-8-spammer", "metadata": {}}
{"timestamp": 1785774398, "type": "safe_tx", "device": "node-8-spammer", "metadata": {}}
{"timestamp": 1785774398, "type": "safe_tx", "device": "node-8-spammer", "metadata": {}}
{"timestamp": 1785774398, "type": "safe_tx", "device": "node-8-spammer", "metadata": {}}
{"timestamp": 1785774398, "type": "safe_tx", "device": "node-8-spammer", "metadata": {}}
{"timestamp": 1785774398, "type": "safe_tx", "device": "node-8-spammer", "metadata": {}}
{"timestamp": 1785774399, "type": "safe_tx", "device": "node-9-stealth", "metadata": {}}
{"timestamp": 1785774399, "type": "fuzzing", "device": "node-10-fuzzer", "metadata": {}}
{"timestamp": 1785774400, "type": "time_anomaly", "device": "node-13-mixed", "metadata": {}}
{"timestamp": 1785774399, "type": "safe_tx", "device": "node-1-clean", "metadata": {}}
{"timestamp": 1785774399, "type": "overflow", "device": "node-15-mixed", "metadata": {"count": 3, "window_sec": 30}}
{"timestamp": 1785774399, "type": "safe_tx", "device": "node-14-mixed", "metadata": {}}
{"timestamp": 1785774399, "type": "safe_tx", "device": "node-1-clean", "metadata": {}}
{"timestamp": 1785774399, "type": "safe_tx", "device": "node-3-clean", "metadata": {}}
{"timestamp": 1785774399, "type": "safe_tx", "device": "node-8-spammer", "metadata": {}}
{"timestamp": 1785774399, "type": "safe_tx", "device": "node-8-spammer", "metadata": {}}
{"timestamp": 1785774400, "type": "safe_tx", "device": "node-10-fuzzer", "metadata": {}}
{"timestamp": 1785774400, "type": "safe_tx", "device": "node-15-mixed", "metadata": {}}
{"timestamp": 1785774401, "type": "time_anomaly", "device": "node-12-mixed", "metadata": {}}
{"timestamp": 1785774400, "type": "safe_tx", "device": "node-2-clean", "metadata": {}}
{"timestamp": 1785774400, "type": "safe_tx", "device": "node-5-clean", "metadata": {}}
{"timestamp": 1785774401, "type": "time_anomaly", "device": "node-7-timespoof", "metadata": {}}
{"timestamp": 1785774401, "type": "safe_tx", "device": "node-13-mixed", "metadata": {}}
{"timestamp": 1785774401, "type": "time_anomaly", "device": "node-15-mixed", "metadata": {}}
{"timestamp": 1785774401, "type": "safe_tx", "device": "node-8-spammer", "metadata": {}}
{"timestamp": 1785774401, "type": "fuzzing", "device": "node-10-fuzzer", "metadata": {}}
{"timestamp": 1785774402, "type": "safe_tx", "device": "node-1-clean", "metadata": {}}
{"timestamp": 1785774402, "type": "safe_tx", "device": "node-3-clean", "metadata": {}}
{"timestamp": 1785774402, "type": "safe_tx", "device": "node-5-clean", "metadata": {}}
{"timestamp": 1785774402, "type": "safe_tx", "device": "node-4-clean", "metadata": {}}
{"timestamp": 1785774402, "type": "safe_tx", "device": "node-9-stealth", "metadata": {}}
{"timestamp": 1785774402, "type": "safe_tx", "device": "node-8-spammer", "metadata": {}}
{"timestamp": 1785774402, "type": "safe_tx", "device": "node-8-spammer", "metadata": {}}
{"timestamp": 1785774402, "type": "safe_tx", "device": "node-8-spammer", "metadata": {}}
{"timestamp": 1785774402, "type": "safe_tx", "device": "node-8-spammer", "metadata": {}}
{"timestamp": 1785774402, "type": "safe_tx", "device": "node-8-spammer", "metadata": {}}
{"timestamp": 1785774402, "type": "safe_tx", "device": "node-8-spammer", "metadata": {}}
{"timestamp": 1785774402, "type": "safe_tx", "device": "node-8-spammer", "metadata": {}}
{"timestamp": 1785774402, "type": "safe_tx", "device": "node-8-spammer", "metadata": {}}
{"timestamp": 1785774402, "type": "safe_tx", "device": "node-8-spammer", "metadata": {}}
{"timestamp": 1785774402, "type": "safe_tx", "device": "node-8-spammer", "metadata": {}}
{"timestamp": 1785774402, "type": "safe_tx", "device": "node-8-spammer", "metadata": {}}
{"timestamp": 1785774402, "type": "safe_tx", "device": "node-13-mixed", "metadata": {}}
{"timestamp": 1785774402, "type": "safe_tx", "device": "node-8-spammer", "metadata": {}}
{"timestamp": 1785774402, "type": "safe_tx", "device": "node-8-spammer", "metadata": {}}
{"timestamp": 1785774402, "type": "safe_tx", "device": "node-8-spammer", "metadata": {}}
{"timestamp": 1785774402, "type": "dos_spam", "device": "node-8-spammer", "metadata": {}}
{"timestamp": 1785774402, "type": "safe_tx", "device": "node-8-spammer", "metadata": {}}
{"timestamp": 1785774402, "type": "safe_tx", "device": "node-14-mixed", "metadata": {}}
{"timestamp": 1785774402, "type": "safe_tx", "device": "node-10-fuzzer", "metadata": {}}
{"timestamp": 1785774403, "type": "safe_tx", "device": "node-5-clean", "metadata": {}}
{"timestamp": 1785774403, "type": "safe_tx", "device": "node-3-clean", "metadata": {}}
{"timestamp": 1785774403, "type": "fuzzing", "device": "node-10-fuzzer", "metadata": {}}
{"timestamp": 1785774403, "type": "safe_tx", "device": "node-12-mixed", "metadata": {}}
{"timestamp": 1785774403, "type": "safe_tx", "device": "node-2-clean", "metadata": {}}
{"timestamp": 1785774403, "type": "safe_tx", "device": "node-4-clean", "metadata": {}}
{"timestamp": 1785774403, "type": "safe_tx", "device": "node-3-clean", "metadata": {}}
{"timestamp": 1785774404, "type": "safe_tx", "device": "node-15-mixed", "metadata": {}}
{"timestamp": 1785774404, "type": "safe_tx", "device": "node-8-spammer", "metadata": {}}
{"timestamp": 1785774404, "type": "safe_tx", "device": "node-8-spammer", "metadata": {}}
{"timestamp": 1785774404, "type": "safe_tx", "device": "node-8-spammer", "metadata": {}}
{"timestamp": 1785774404, "type": "safe_tx", "device": "node-8-spammer", "metadata": {}}
{"timestamp": 1785774404, "type": "safe_tx", "device": "node-9-stealth", "metadata": {}}
{"timestamp": 1785774404, "type": "safe_tx", "device": "node-1-clean", "metadata": {}}
{"timestamp": 1785774404, "type": "fuzzing", "device": "node-10-fuzzer", "metadata": {}}
{"timestamp": 1785774404, "type": "safe_tx", "device": "node-12-mixed", "metadata": {}}
{"timestamp": 1785774405, "type": "safe_tx", "device": "node-1-clean", "metadata": {}}
{"timestamp": 1785774405, "type": "safe_tx", "device": "node-11-pulsing", "metadata": {}}
{"timestamp": 1785774405, "type": "safe_tx", "device": "node-11-pulsing", "metadata": {}}
{"timestamp": 1785774405, "type": "safe_tx", "device": "node-11-pulsing", "metadata": {}}
{"timestamp": 1785774405, "type": "safe_tx", "device": "node-11-pulsing", "metadata": {}}
{"timestamp": 1785774405, "type": "safe_tx", "device": "node-11-pulsing", "metadata": {}}
{"timestamp": 1785774405, "type": "safe_tx", "device": "node-11-pulsing", "metadata": {}}
{"timestamp": 1785774405, "type": "safe_tx", "device": "node-11-pulsing", "metadata": {}}
{"timestamp": 1785774405, "type": "safe_tx", "device": "node-9-stealth", "metadata": {}}
{"timestamp": 1785774405, "type": "safe_tx", "device": "node-11-pulsing", "metadata": {}}
{"timestamp": 1785774405, "type": "safe_tx", "device": "node-11-pulsing", "metadata": {}}
{"timestamp": 1785774405, "type": "safe_tx", "device": "node-11-pulsing", "metadata": {}}
{"timestamp": 1785774405, "type": "safe_tx", "device": "node-11-pulsing", "metadata": {}}
{"timestamp": 1785774405, "type": "safe_tx", "device": "node-3-clean", "metadata": {}}
{"timestamp": 1785774405, "type": "safe_tx", "device": "node-11-pulsing", "metadata": {}}
{"timestamp": 1785774406, "type": "time_anomaly", "device": "node-14-mixed", "metadata": {}}
{"timestamp": 1785774405, "type": "safe_tx", "device": "node-11-pulsing", "metadata": {}}
{"timestamp": 1785774405, "type": "safe_tx", "device": "node-11-pulsing", "metadata": {}}
{"timestamp": 1785774405, "type": "safe_tx", "device": "node-11-pulsing", "metadata": {}}
{"timestamp": 1785774405, "type": "dos_spam", "device": "node-11-pulsing", "metadata": {}}
{"timestamp": 1785774405, "type": "safe_tx", "device": "node-8-spammer", "metadata": {}}
{"timestamp": 1785774405, "type": "safe_tx", "device": "node-8-spammer", "metadata": {}}
{"timestamp": 1785774405, "type": "safe_tx", "device": "node-11-pulsing", "metadata": {}}
{"timestamp": 1785774405, "type": "safe_tx", "device": "node-8-spammer", "metadata": {}}
{"timestamp": 1785774406, "type": "time_anomaly", "device": "node-13-mixed", "metadata": {}}
{"timestamp": 1785774405, "type": "safe_tx", "device": "node-11-pulsing", "metadata": {}}
{"timestamp": 1785774405, "type": "safe_tx", "device": "node-8-spammer", "metadata": {}}
{"timestamp": 1785774405, "type": "safe_tx", "device": "node-8-spammer", "metadata": {}}
{"timestamp": 1785774405, "type": "safe_tx", "device": "node-8-spammer", "metadata": {}}
{"timestamp": 1785774405, "type": "safe_tx", "device": "node-11-pulsing", "metadata": {}}
{"timestamp": 1785774406, "type": "safe_tx", "device": "node-11-pulsing", "metadata": {}}
{"timestamp": 1785774406, "type": "safe_tx", "device": "node-11-pulsing", "metadata": {}}
{"timestamp": 1785774406, "type": "safe_tx", "device": "node-14-mixed", "metadata": {}}
{"timestamp": 1785774406, "type": "safe_tx", "device": "node-10-fuzzer", "metadata": {}}
{"timestamp": 1785774406, "type": "safe_tx", "device": "node-6-overflow", "metadata": {}}
{"timestamp": 1785774407, "type": "time_anomaly", "device": "node-7-timespoof", "metadata": {}}
{"timestamp": 1785774406, "type": "safe_tx", "device": "node-4-clean", "metadata": {}}
{"timestamp": 1785774406, "type": "safe_tx", "device": "node-5-clean", "metadata": {}}
{"timestamp": 1785774406, "type": "safe_tx", "device": "node-2-clean", "metadata": {}}
{"timestamp": 1785774406, "type": "safe_tx", "device": "node-12-mixed", "metadata": {}}
{"timestamp": 1785774406, "type": "safe_tx", "device": "node-1-clean", "metadata": {}}
{"timestamp": 1785774406, "type": "fuzzing", "device": "node-10-fuzzer", "metadata": {}}
{"timestamp": 1785774407, "type": "safe_tx", "device": "node-8-spammer", "metadata": {}}
{"timestamp": 1785774407, "type": "safe_tx", "device": "node-8-spammer", "metadata": {}}
{"timestamp": 1785774407, "type": "safe_tx", "device": "node-3-clean", "metadata": {}}
{"timestamp": 1785774408, "type": "time_anomaly", "device": "node-12-mixed", "metadata": {}}
{"timestamp": 1785774408, "type": "safe_tx", "device": "node-8-spammer", "metadata": {}}
{"timestamp": 1785774408, "type": "safe_tx", "device": "node-9-stealth", "metadata": {}}
{"timestamp": 1785774408, "type": "safe_tx", "device": "node-8-spammer", "metadata": {}}
{"timestamp": 1785774408, "type": "overflow", "device": "node-12-mixed", "metadata": {"count": 3, "window_sec": 30}}
{"timestamp": 1785774408, "type": "fuzzing", "device": "node-10-fuzzer", "metadata": {}}
{"timestamp": 1785774409, "type": "time_anomaly", "device": "node-15-mixed", "metadata": {}}
{"timestamp": 1785774408, "type": "safe_tx", "device": "node-3-clean", "metadata": {}}
{"timestamp": 1785774408, "type": "safe_tx", "device": "node-4-clean", "metadata": {}}
{"timestamp": 1785774409, "type": "safe_tx", "device": "node-1-clean", "metadata": {}}
{"timestamp": 1785774409, "type": "safe_tx", "device": "node-5-clean", "metadata": {}}
{"timestamp": 1785774409, "type": "safe_tx", "device": "node-13-mixed", "metadata": {}}
{"timestamp": 1785774409, "type": "safe_tx", "device": "node-9-stealth", "metadata": {}}
{"timestamp": 1785774409, "type": "safe_tx", "device": "node-15-mixed", "metadata": {}}
{"timestamp": 1785774409, "type": "safe_tx", "device": "node-8-spammer", "metadata": {}}
{"timestamp": 1785774409, "type": "safe_tx", "device": "node-8-spammer", "metadata": {}}
{"timestamp": 1785774409, "type": "safe_tx", "device": "node-8-spammer", "metadata": {}}
{"timestamp": 1785774409, "type": "safe_tx", "device": "node-8-spammer", "metadata": {}}
{"timestamp": 1785774409, "type": "fuzzing", "device": "node-10-fuzzer", "metadata": {}}
{"timestamp": 1785774411, "type": "time_anomaly", "device": "node-12-mixed", "metadata": {}}
{"timestamp": 1785774410, "type": "safe_tx", "device": "node-9-stealth", "metadata": {}}
{"timestamp": 1785774410, "type": "safe_tx", "device": "node-2-clean", "metadata": {}}
{"timestamp": 1785774410, "type": "safe_tx", "device": "node-14-mixed", "metadata": {}}
{"timestamp": 1785774410, "type": "safe_tx", "device": "node-4-clean", "metadata": {}}
{"timestamp": 1785774411, "type": "time_anomaly", "device": "node-15-mixed", "metadata": {}}
{"timestamp": 1785774411, "type": "safe_tx", "device": "node-3-clean", "metadata": {}}
{"timestamp": 1785774411, "type": "safe_tx", "device": "node-8-spammer", "metadata": {}}
{"timestamp": 1785774411, "type": "safe_tx", "device": "node-8-spammer", "metadata": {}}
{"timestamp": 1785774411, "type": "safe_tx", "device": "node-8-spammer", "metadata": {}}
{"timestamp": 1785774411, "type": "fuzzing", "device": "node-10-fuzzer", "metadata": {}}
{"timestamp": 1785774411, "type": "safe_tx", "device": "node-5-clean", "metadata": {}}
{"timestamp": 1785774411, "type": "safe_tx", "device": "node-13-mixed", "metadata": {}}
{"timestamp": 1785774412, "type": "safe_tx", "device": "node-1-clean", "metadata": {}}
{"timestamp": 1785774412, "type": "safe_tx", "device": "node-1-clean", "metadata": {}}
{"timestamp": 1785774413, "type": "time_anomaly", "device": "node-7-timespoof", "metadata": {}}
{"timestamp": 1785774412, "type": "safe_tx", "device": "node-8-spammer", "metadata": {}}
{"timestamp": 1785774412, "type": "safe_tx", "device": "node-8-spammer", "metadata": {}}
{"timestamp": 1785774412, "type": "safe_tx", "device": "node-9-stealth", "metadata": {}}
{"timestamp": 1785774412, "type": "safe_tx", "device": "node-8-spammer", "metadata": {}}
{"timestamp": 1785774412, "type": "fuzzing", "device": "node-10-fuzzer", "metadata": {}}
{"timestamp": 1785774412, "type": "safe_tx", "device": "node-8-spammer", "metadata": {}}
{"timestamp": 1785774412, "type": "safe_tx", "device": "node-8-spammer", "metadata": {}}
{"timestamp": 1785774412, "type": "safe_tx", "device": "node-8-spammer", "metadata": {}}
{"timestamp": 1785774412, "type": "safe_tx", "device": "node-3-clean", "metadata": {}}
{"timestamp": 1785774412, "type": "overflow", "device": "node-14-mixed", "metadata": {"count": 3, "window_sec": 30}}
{"timestamp": 1785774413, "type": "safe_tx", "device": "node-4-clean", "metadata": {}}
{"timestamp": 1785774413, "type": "safe_tx", "device": "node-12-mixed", "metadata": {}}
{"timestamp": 1785774413, "type": "safe_tx", "device": "node-5-clean", "metadata": {}}
{"timestamp": 1785774413, "type": "safe_tx", "device": "node-13-mixed", "metadata": {}}
{"timestamp": 1785774413, "type": "safe_tx", "device": "node-8-spammer", "metadata": {}}
{"timestamp": 1785774413, "type": "safe_tx", "device": "node-8-spammer", "metadata": {}}
{"timestamp": 1785774413, "type": "safe_tx", "device": "node-8-spammer", "metadata": {}}
{"timestamp": 1785774413, "type": "safe_tx", "device": "node-1-clean", "metadata": {}}
{"timestamp": 1785774414, "type": "safe_tx", "device": "node-15-mixed", "metadata": {}}
{"timestamp": 1785774414, "type": "fuzzing", "device": "node-10-fuzzer", "metadata": {}}
{"timestamp": 1785774414, "type": "safe_tx", "device": "node-8-spammer", "metadata": {}}
{"timestamp": 1785774414, "type": "safe_tx", "device": "node-2-clean", "metadata": {}}
{"timestamp": 1785774414, "type": "overflow", "device": "node-6-overflow", "metadata": {"count": 3, "window_sec": 30}}
{"timestamp": 1785774414, "type": "safe_tx", "device": "node-4-clean", "metadata": {}}
{"timestamp": 1785774415, "type": "safe_tx", "device": "node-1-clean", "metadata": {}}
{"timestamp": 1785774416, "type": "time_anomaly", "device": "node-12-mixed", "metadata": {}}
{"timestamp": 1785774416, "type": "time_anomaly", "device": "node-15-mixed", "metadata": {}}
{"timestamp": 1785774415, "type": "safe_tx", "device": "node-9-stealth", "metadata": {}}
{"timestamp": 1785774416, "type": "time_anomaly", "device": "node-7-timespoof", "metadata": {}}
{"timestamp": 1785774415, "type": "safe_tx", "device": "node-1-clean", "metadata": {}}
{"timestamp": 1785774415, "type": "safe_tx", "device": "node-2-clean", "metadata": {}}
{"timestamp": 1785774415, "type": "safe_tx", "device": "node-8-spammer", "metadata": {}}
{"timestamp": 1785774415, "type": "fuzzing", "device": "node-10-fuzzer", "metadata": {}}
{"timestamp": 1785774415, "type": "safe_tx", "device": "node-8-spammer", "metadata": {}}
{"timestamp": 1785774415, "type": "safe_tx", "device": "node-5-clean", "metadata": {}}
{"timestamp": 1785774415, "type": "safe_tx", "device": "node-8-spammer", "metadata": {}}
{"timestamp": 1785774416, "type": "safe_tx", "device": "node-2-clean", "metadata": {}}
{"timestamp": 1785774416, "type": "safe_tx", "device": "node-14-mixed", "metadata": {}}
{"timestamp": 1785774416, "type": "safe_tx", "device": "node-5-clean", "metadata": {}}
{"timestamp": 1785774416, "type": "overflow", "device": "node-9-stealth", "metadata": {"count": 3, "window_sec": 30}}
{"timestamp": 1785774417, "type": "time_anomaly", "device": "node-12-mixed", "metadata": {}}
{"timestamp": 1785774416, "type": "safe_tx", "device": "node-2-clean", "metadata": {}}
{"timestamp": 1785774416, "type": "safe_tx", "device": "node-10-fuzzer", "metadata": {}}
{"timestamp": 1785774416, "type": "safe_tx", "device": "node-3-clean", "metadata": {}}
{"timestamp": 1785774416, "type": "safe_tx", "device": "node-1-clean", "metadata": {}}
{"timestamp": 1785774417, "type": "safe_tx", "device": "node-8-spammer", "metadata": {}}
{"timestamp": 1785774417, "type": "safe_tx", "device": "node-8-spammer", "metadata": {}}
{"timestamp": 1785774417, "type": "safe_tx", "device": "node-8-spammer", "metadata": {}}
{"timestamp": 1785774417, "type": "safe_tx", "device": "node-8-spammer", "metadata": {}}
{"timestamp": 1785774417, "type": "safe_tx", "device": "node-8-spammer", "metadata": {}}
{"timestamp": 1785774417, "type": "fuzzing", "device": "node-10-fuzzer", "metadata": {}}
{"timestamp": 1785774417, "type": "safe_tx", "device": "node-8-spammer", "metadata": {}}
{"timestamp": 1785774417, "type": "safe_tx", "device": "node-14-mixed", "metadata": {}}
{"timestamp": 1785774418, "type": "overflow", "device": "node-13-mixed", "metadata": {"count": 3, "window_sec": 30}}
{"timestamp": 1785774418, "type": "safe_tx", "device": "node-9-stealth", "metadata": {}}
{"timestamp": 1785774418, "type": "safe_tx", "device": "node-4-clean", "metadata": {}}
{"timestamp": 1785774418, "type": "safe_tx", "device": "node-8-spammer", "metadata": {}}
{"timestamp": 1785774418, "type": "safe_tx", "device": "node-8-spammer", "metadata": {}}
{"timestamp": 1785774418, "type": "safe_tx", "device": "node-8-spammer", "metadata": {}}
{"timestamp": 1785774418, "type": "safe_tx", "device": "node-8-spammer", "metadata": {}}
{"timestamp": 1785774418, "type": "safe_tx", "device": "node-8-spammer", "metadata": {}}
{"timestamp": 1785774418, "type": "safe_tx", "device": "node-8-spammer", "metadata": {}}
{"timestamp": 1785774418, "type": "safe_tx", "device": "node-8-spammer", "metadata": {}}
{"timestamp": 1785774418, "type": "safe_tx", "device": "node-8-spammer", "metadata": {}}
{"timestamp": 1785774418, "type": "fuzzing", "device": "node-10-fuzzer", "metadata": {}}
{"timestamp": 1785774418, "type": "safe_tx", "device": "node-12-mixed", "metadata": {}}
{"timestamp": 1785774418, "type": "safe_tx", "device": "node-15-mixed", "metadata": {}}
{"timestamp": 1785774419, "type": "safe_tx", "device": "node-1-clean", "metadata": {}}
{"timestamp": 1785774419, "type": "safe_tx", "device": "node-9-stealth", "metadata": {}}
{"timestamp": 1785774419, "type": "safe_tx", "device": "node-2-clean", "metadata": {}}
{"timestamp": 1785774419, "type": "safe_tx", "device": "node-3-clean", "metadata": {}}
{"timestamp": 1785774419, "type": "safe_tx", "device": "node-14-mixed", "metadata": {}}
{"timestamp": 1785774419, "type": "safe_tx", "device": "node-1-clean", "metadata": {}}
{"timestamp": 1785774419, "type": "safe_tx", "device": "node-5-clean", "metadata": {}}
{"timestamp": 1785774419, "type": "safe_tx", "device": "node-8-spammer", "metadata": {}}
{"timestamp": 1785774419, "type": "dos_spam", "device": "node-8-spammer", "metadata": {}}
{"timestamp": 1785774419, "type": "safe_tx", "device": "node-8-spammer", "metadata": {}}
{"timestamp": 1785774419, "type": "safe_tx", "device": "node-8-spammer", "metadata": {}}
{"timestamp": 1785774420, "type": "time_anomaly", "device": "node-7-timespoof", "metadata": {}}
{"timestamp": 1785774419, "type": "safe_tx", "device": "node-8-spammer", "metadata": {}}
{"timestamp": 1785774420, "type": "time_anomaly", "device": "node-12-mixed", "metadata": {}}
{"timestamp": 1785774419, "type": "safe_tx", "device": "node-8-spammer", "metadata": {}}
{"timestamp": 1785774419, "type": "safe_tx", "device": "node-8-spammer", "metadata": {}}
{"timestamp": 1785774420, "type": "fuzzing", "device": "node-10-fuzzer", "metadata": {}}
{"timestamp": 1785774421, "type": "time_anomaly", "device": "node-12-mixed", "metadata": {}}
{"timestamp": 1785774421, "type": "time_anomaly", "device": "node-14-mixed", "metadata": {}}
{"timestamp": 1785774420, "type": "safe_tx", "device": "node-3-clean", "metadata": {}}
{"timestamp": 1785774420, "type": "safe_tx", "device": "node-8-spammer", "metadata": {}}
{"timestamp": 1785774420, "type": "safe_tx", "device": "node-8-spammer", "metadata": {}}
{"timestamp": 1785774421, "type": "safe_tx", "device": "node-8-spammer", "metadata": {}}
{"timestamp": 1785774421, "type": "safe_tx", "device": "node-8-spammer", "metadata": {}}
{"timestamp": 1785774421, "type": "safe_tx", "device": "node-9-stealth", "metadata": {}}
{"timestamp": 1785774421, "type": "safe_tx", "device": "node-8-spammer", "metadata": {}}
{"timestamp": 1785774421, "type": "safe_tx", "device": "node-8-spammer", "metadata": {}}
{"timestamp": 1785774421, "type": "safe_tx", "device": "node-8-spammer", "metadata": {}}
{"timestamp": 1785774421, "type": "safe_tx", "device": "node-8-spammer", "metadata": {}}
{"timestamp": 1785774421, "type": "safe_tx", "device": "node-8-spammer", "metadata": {}}
{"timestamp": 1785774421, "type": "safe_tx", "device": "node-1-clean", "metadata": {}}
{"timestamp": 1785774421, "type": "safe_tx", "device": "node-8-spammer", "metadata": {}}
{"timestamp": 1785774421, "type": "dos_spam", "device": "node-8-spammer", "metadata": {"count": 30, "window_sec": 5}}
{"timestamp": 1785774421, "type": "dos_spam", "device": "node-8-spammer", "metadata": {}}
{"timestamp": 1785774421, "type": "safe_tx", "device": "node-8-spammer", "metadata": {}}
{"timestamp": 1785774421, "type": "safe_tx", "device": "node-8-spammer", "metadata": {}}
{"timestamp": 1785774421, "type": "safe_tx", "device": "node-8-spammer", "metadata": {}}
{"timestamp": 1785774421, "type": "safe_tx", "device": "node-8-spammer", "metadata": {}}
{"timestamp": 1785774421, "type": "safe_tx", "device": "node-4-clean", "metadata": {}}
{"timestamp": 1785774421, "type": "safe_tx", "device": "node-8-spammer", "metadata": {}}
{"timestamp": 1785774421, "type": "safe_tx", "device": "node-8-spammer", "metadata": {}}
{"timestamp": 1785774421, "type": "safe_tx", "device": "node-8-spammer", "metadata": {}}
{"timestamp": 1785774421, "type": "safe_tx", "device": "node-8-spammer", "metadata": {}}
{"timestamp": 1785774421, "type": "safe_tx", "device": "node-8-spammer", "metadata": {}}
{"timestamp": 1785774421, "type": "safe_tx", "device": "node-13-mixed", "metadata": {}}
{"timestamp": 1785774422, "type": "safe_tx", "device": "node-15-mixed", "metadata": {}}
{"timestamp": 1785774422, "type": "safe_tx", "device": "node-9-stealth", "metadata": {}}
{"timestamp": 1785774422, "type": "safe_tx", "device": "node-13-mixed", "metadata": {}}
{"timestamp": 1785774422, "type": "safe_tx", "device": "node-1-clean", "metadata": {}}
{"timestamp": 1785774422, "type": "fuzzing", "device": "node-10-fuzzer", "metadata": {}}
{"timestamp": 1785774422, "type": "safe_tx", "device": "node-4-clean", "metadata": {}}
{"timestamp": 1785774422, "type": "safe_tx", "device": "node-3-clean", "metadata": {}}
{"timestamp": 1785774422, "type": "safe_tx", "device": "node-15-mixed", "metadata": {}}
{"timestamp": 1785774422, "type": "safe_tx", "device": "node-8-spammer", "metadata": {}}
{"timestamp": 1785774422, "type": "safe_tx", "device": "node-8-spammer", "metadata": {}}
{"timestamp": 1785774422, "type": "safe_tx", "device": "node-8-spammer", "metadata": {}}
{"timestamp": 1785774422, "type": "safe_tx", "device": "node-8-spammer", "metadata": {}}
{"timestamp": 1785774423, "type": "safe_tx", "device": "node-8-spammer", "metadata": {}}
{"timestamp": 1785774423, "type": "safe_tx", "device": "node-8-spammer", "metadata": {}}
{"timestamp": 1785774423, "type": "dos_spam", "device": "node-8-spammer", "metadata": {}}
{"timestamp": 1785774423, "type": "safe_tx", "device": "node-8-spammer", "metadata": {}}
{"timestamp": 1785774423, "type": "safe_tx", "device": "node-8-spammer", "metadata": {}}
{"timestamp": 1785774423, "type": "safe_tx", "device": "node-10-fuzzer", "metadata": {}}
{"timestamp": 1785774423, "type": "safe_tx", "device": "node-8-spammer", "metadata": {}}
{"timestamp": 1785774423, "type": "safe_tx", "device": "node-12-mixed", "metadata": {}}
{"timestamp": 1785774423, "type": "safe_tx", "device": "node-8-spammer", "metadata": {}}
{"timestamp": 1785774423, "type": "safe_tx", "device": "node-8-spammer", "metadata": {}}
{"timestamp": 1785774423, "type": "safe_tx", "device": "node-8-spammer", "metadata": {}}
{"timestamp": 1785774423, "type": "safe_tx", "device": "node-14-mixed", "metadata": {}}
{"timestamp": 1785774423, "type": "safe_tx", "device": "node-8-spammer", "metadata": {}}
{"timestamp": 1785774423, "type": "safe_tx", "device": "node-5-clean", "metadata": {}}
{"timestamp": 1785774423, "type": "safe_tx", "device": "node-2-clean", "metadata": {}}
{"timestamp": 1785774423, "type": "safe_tx", "device": "node-3-clean", "metadata": {}}
{"timestamp": 1785774424, "type": "safe_tx", "device": "node-8-spammer", "metadata": {}}
{"timestamp": 1785774424, "type": "fuzzing", "device": "node-10-fuzzer", "metadata": {}}
{"timestamp": 1785774425, "type": "time_anomaly", "device": "node-13-mixed", "metadata": {}}
{"timestamp": 1785774424, "type": "safe_tx", "device": "node-9-stealth", "metadata": {}}
{"timestamp": 1785774424, "type": "safe_tx", "device": "node-12-mixed", "metadata": {}}
{"timestamp": 1785774426, "type": "time_anomaly", "device": "node-15-mixed", "metadata": {}}
{"timestamp": 1785774425, "type": "fuzzing", "device": "node-10-fuzzer", "metadata": {}}
{"timestamp": 1785774425, "type": "safe_tx", "device": "node-4-clean", "metadata": {}}
{"timestamp": 1785774425, "type": "safe_tx", "device": "node-8-spammer", "metadata": {}}
{"timestamp": 1785774426, "type": "time_anomaly", "device": "node-7-timespoof", "metadata": {}}
{"timestamp": 1785774425, "type": "safe_tx", "device": "node-1-clean", "metadata": {}}
{"timestamp": 1785774426, "type": "time_anomaly", "device": "node-14-mixed", "metadata": {}}
{"timestamp": 1785774426, "type": "safe_tx", "device": "node-5-clean", "metadata": {}}
{"timestamp": 1785774426, "type": "safe_tx", "device": "node-8-spammer", "metadata": {}}
{"timestamp": 1785774426, "type": "safe_tx", "device": "node-8-spammer", "metadata": {}}
{"timestamp": 1785774426, "type": "safe_tx", "device": "node-8-spammer", "metadata": {}}
{"timestamp": 1785774426, "type": "safe_tx", "device": "node-8-spammer", "metadata": {}}
{"timestamp": 1785774426, "type": "safe_tx", "device": "node-8-spammer", "metadata": {}}
{"timestamp": 1785774426, "type": "safe_tx", "device": "node-8-spammer", "metadata": {}}
{"timestamp": 1785774426, "type": "dos_spam", "device": "node-8-spammer", "metadata": {"count": 30, "window_sec": 5}}
{"timestamp": 1785774426, "type": "fuzzing", "device": "node-10-fuzzer", "metadata": {}}
{"timestamp": 1785774427, "type": "time_anomaly", "device": "node-14-mixed", "metadata": {}}
{"timestamp": 1785774428, "type": "time_anomaly", "device": "node-13-mixed", "metadata": {}}
{"timestamp": 1785774427, "type": "safe_tx", "device": "node-9-stealth", "metadata": {}}
{"timestamp": 1785774427, "type": "safe_tx", "device": "node-2-clean", "metadata": {}}
{"timestamp": 1785774427, "type": "fuzzing", "device": "node-10-fuzzer", "metadata": {}}
{"timestamp": 1785774427, "type": "safe_tx", "device": "node-11-pulsing", "metadata": {}}
{"timestamp": 1785774427, "type": "safe_tx", "device": "node-11-pulsing", "metadata": {}}
{"timestamp": 1785774427, "type": "safe_tx", "device": "node-11-pulsing", "metadata": {}}
{"timestamp": 1785774427, "type": "safe_tx", "device": "node-11-pulsing", "metadata": {}}
{"timestamp": 1785774427, "type": "safe_tx", "device": "node-3-clean", "metadata": {}}
{"timestamp": 1785774427, "type": "safe_tx", "device": "node-12-mixed", "metadata": {}}
{"timestamp": 1785774427, "type": "safe_tx", "device": "node-11-pulsing", "metadata": {}}
{"timestamp": 1785774427, "type": "safe_tx", "device": "node-11-pulsing", "metadata": {}}
{"timestamp": 1785774428, "type": "time_anomaly", "device": "node-14-mixed", "metadata": {}}
{"timestamp": 1785774427, "type": "safe_tx", "device": "node-11-pulsing", "metadata": {}}
{"timestamp": 1785774427, "type": "safe_tx", "device": "node-11-pulsing", "metadata": {}}
{"timestamp": 1785774427, "type": "safe_tx", "device": "node-11-pulsing", "metadata": {}}
{"timestamp": 1785774427, "type": "safe_tx", "device": "node-11-pulsing", "metadata": {}}
{"timestamp": 1785774428, "type": "safe_tx", "device": "node-11-pulsing", "metadata": {}}
{"timestamp": 1785774428, "type": "safe_tx", "device": "node-11-pulsing", "metadata": {}}
{"timestamp": 1785774428, "type": "safe_tx", "device": "node-11-pulsing", "metadata": {}}
{"timestamp": 1785774428, "type": "safe_tx", "device": "node-11-pulsing", "metadata": {}}
{"timestamp": 1785774428, "type": "safe_tx", "device": "node-11-pulsing", "metadata": {}}
{"timestamp": 1785774428, "type": "dos_spam", "device": "node-11-pulsing", "metadata": {}}
{"timestamp": 1785774428, "type": "safe_tx", "device": "node-11-pulsing", "metadata": {}}
{"timestamp": 1785774428, "type": "safe_tx", "device": "node-11-pulsing", "metadata": {}}
{"timestamp": 1785774428, "type": "safe_tx", "device": "node-8-spammer", "metadata": {}}
{"timestamp": 1785774428, "type": "safe_tx", "device": "node-11-pulsing", "metadata": {}}
{"timestamp": 1785774428, "type": "safe_tx", "device": "node-5-clean", "metadata": {}}
{"timestamp": 1785774428, "type": "safe_tx", "device": "node-4-clean", "metadata": {}}
{"timestamp": 1785774428, "type": "safe_tx", "device": "node-11-pulsing", "metadata": {}}
{"timestamp": 1785774428, "type": "safe_tx", "device": "node-11-pulsing", "metadata": {}}
{"timestamp": 1785774428, "type": "safe_tx", "device": "node-13-mixed", "metadata": {}}
{"timestamp": 1785774429, "type": "time_anomaly", "device": "node-7-timespoof", "metadata": {}}
{"timestamp": 1785774428, "type": "safe_tx", "device": "node-1-clean", "metadata": {}}
{"timestamp": 1785774428, "type": "safe_tx", "device": "node-9-stealth", "metadata": {}}
{"timestamp": 1785774429, "type": "safe_tx", "device": "node-10-fuzzer", "metadata": {}}
{"timestamp": 1785774429, "type": "safe_tx", "device": "node-5-clean", "metadata": {}}
{"timestamp": 1785774430, "type": "time_anomaly", "device": "node-14-mixed", "metadata": {}}
{"timestamp": 1785774429, "type": "safe_tx", "device": "node-8-spammer", "metadata": {}}
{"timestamp": 1785774429, "type": "safe_tx", "device": "node-8-spammer", "metadata": {}}
{"timestamp": 1785774429, "type": "safe_tx", "device": "node-8-spammer", "metadata": {}}
{"timestamp": 1785774429, "type": "safe_tx", "device": "node-8-spammer", "metadata": {}}
{"timestamp": 1785774429, "type": "safe_tx", "device": "node-8-spammer", "metadata": {}}
{"timestamp": 1785774429, "type": "safe_tx", "device": "node-8-spammer", "metadata": {}}
{"timestamp": 1785774429, "type": "safe_tx", "device": "node-13-mixed", "metadata": {}}
{"timestamp": 1785774429, "type": "safe_tx", "device": "node-8-spammer", "metadata": {}}
{"timestamp": 1785774429, "type": "safe_tx", "device": "node-8-spammer", "metadata": {}}
{"timestamp": 1785774429, "type": "safe_tx", "device": "node-8-spammer", "metadata": {}}
{"timestamp": 1785774429, "type": "safe_tx", "device": "node-8-spammer", "metadata": {}}
{"timestamp": 1785774430, "type": "safe_tx", "device": "node-8-spammer", "metadata": {}}
{"timestamp": 1785774430, "type": "safe_tx", "device": "node-8-spammer", "metadata": {}}
{"timestamp": 1785774430, "type": "safe_tx", "device": "node-15-mixed", "metadata": {}}
{"timestamp": 1785774430, "type": "safe_tx", "device": "node-8-spammer", "metadata": {}}
{"timestamp": 1785774430, "type": "safe_tx", "device": "node-3-clean", "metadata": {}}
{"timestamp": 1785774430, "type": "safe_tx", "device": "node-8-spammer", "metadata": {}}
{"timestamp": 1785774430, "type": "dos_spam", "device": "node-8-spammer", "metadata": {}}
{"timestamp": 1785774430, "type": "safe_tx", "device": "node-8-spammer", "metadata": {}}
{"timestamp": 1785774430, "type": "safe_tx", "device": "node-12-mixed", "metadata": {}}
{"timestamp": 1785774430, "type": "safe_tx", "device": "node-10-fuzzer", "metadata": {}}
{"timestamp": 1785774431, "type": "safe_tx", "device": "node-9-stealth", "metadata": {}}
{"timestamp": 1785774431, "type": "safe_tx", "device": "node-2-clean", "metadata": {}}
{"timestamp": 1785774431, "type": "safe_tx", "device": "node-13-mixed", "metadata": {}}
{"timestamp": 1785774431, "type": "safe_tx", "device": "node-5-clean", "metadata": {}}
{"timestamp": 1785774431, "type": "safe_tx", "device": "node-8-spammer", "metadata": {}}
{"timestamp": 1785774431, "type": "safe_tx", "device": "node-8-spammer", "metadata": {}}
{"timestamp": 1785774431, "type": "safe_tx", "device": "node-8-spammer", "metadata": {}}
{"timestamp": 1785774431, "type": "safe_tx", "device": "node-8-spammer", "metadata": {}}
{"timestamp": 1785774431, "type": "safe_tx", "device": "node-8-spammer", "metadata": {}}
{"timestamp": 1785774431, "type": "safe_tx", "device": "node-10-fuzzer", "metadata": {}}
{"timestamp": 1785774431, "type": "safe_tx", "device": "node-8-spammer", "metadata": {}}
{"timestamp": 1785774431, "type": "safe_tx", "device": "node-8-spammer", "metadata": {}}
{"timestamp": 1785774431, "type": "safe_tx", "device": "node-8-spammer", "metadata": {}}
{"timestamp": 1785774431, "type": "safe_tx", "device": "node-8-spammer", "metadata": {}}
{"timestamp": 1785774431, "type": "safe_tx", "device": "node-8-spammer", "metadata": {}}
{"timestamp": 1785774431, "type": "safe_tx", "device": "node-8-spammer", "metadata": {}}
{"timestamp": 1785774431, "type": "safe_tx", "device": "node-8-spammer", "metadata": {}}
{"timestamp": 1785774431, "type": "safe_tx", "device": "node-8-spammer", "metadata": {}}
{"timestamp": 1785774432, "type": "safe_tx", "device": "node-3-clean", "metadata": {}}
{"timestamp": 1785774432, "type": "safe_tx", "device": "node-4-clean", "metadata": {}}
{"timestamp": 1785774432, "type": "safe_tx", "device": "node-8-spammer", "metadata": {}}
{"timestamp": 1785774432, "type": "dos_spam", "device": "node-8-spammer", "metadata": {"count": 30, "window_sec": 5}}
{"timestamp": 1785774432, "type": "dos_spam", "device": "node-8-spammer", "metadata": {}}
{"timestamp": 1785774432, "type": "safe_tx", "device": "node-8-spammer", "metadata": {}}
{"timestamp": 1785774432, "type": "safe_tx", "device": "node-15-mixed", "metadata": {}}
{"timestamp": 1785774432, "type": "safe_tx", "device": "node-14-mixed", "metadata": {}}
{"timestamp": 1785774432, "type": "fuzzing", "device": "node-10-fuzzer", "metadata": {}}
{"timestamp": 1785774432, "type": "safe_tx", "device": "node-13-mixed", "metadata": {}}
{"timestamp": 1785774433, "type": "overflow", "device": "node-15-mixed", "metadata": {"count": 3, "window_sec": 30}}
{"timestamp": 1785774433, "type": "safe_tx", "device": "node-15-mixed", "metadata": {}}
{"timestamp": 1785774433, "type": "safe_tx", "device": "node-1-clean", "metadata": {}}
{"timestamp": 1785774433, "type": "safe_tx", "device": "node-8-spammer", "metadata": {}}
{"timestamp": 1785774433, "type": "safe_tx", "device": "node-8-spammer", "metadata": {}}
{"timestamp": 1785774433, "type": "safe_tx", "device": "node-8-spammer", "metadata": {}}
{"timestamp": 1785774433, "type": "safe_tx", "device": "node-2-clean", "metadata": {}}
{"timestamp": 1785774433, "type": "safe_tx", "device": "node-8-spammer", "metadata": {}}
{"timestamp": 1785774433, "type": "safe_tx", "device": "node-10-fuzzer", "metadata": {}}
{"timestamp": 1785774433, "type": "safe_tx", "device": "node-8-spammer", "metadata": {}}
{"timestamp": 1785774435, "type": "time_anomaly", "device": "node-7-timespoof", "metadata": {}}
{"timestamp": 1785774434, "type": "safe_tx", "device": "node-8-spammer", "metadata": {}}
{"timestamp": 1785774434, "type": "safe_tx", "device": "node-8-spammer", "metadata": {}}
{"timestamp": 1785774434, "type": "safe_tx", "device": "node-8-spammer", "metadata": {}}
{"timestamp": 1785774434, "type": "safe_tx", "device": "node-8-spammer", "metadata": {}}
{"timestamp": 1785774434, "type": "safe_tx", "device": "node-8-spammer", "metadata": {}}
{"timestamp": 1785774434, "type": "safe_tx", "device": "node-8-spammer", "metadata": {}}
{"timestamp": 1785774434, "type": "safe_tx", "device": "node-5-clean", "metadata": {}}
{"timestamp": 1785774434, "type": "safe_tx", "device": "node-2-clean", "metadata": {}}
{"timestamp": 1785774434, "type": "safe_tx", "device": "node-4-clean", "metadata": {}}
{"timestamp": 1785774435, "type": "fuzzing", "device": "node-10-fuzzer", "metadata": {}}
{"timestamp": 1785774435, "type": "safe_tx", "device": "node-3-clean", "metadata": {}}
{"timestamp": 1785774435, "type": "safe_tx", "device": "node-9-stealth", "metadata": {}}
{"timestamp": 1785774435, "type": "safe_tx", "device": "node-1-clean", "metadata": {}}
{"timestamp": 1785774435, "type": "safe_tx", "device": "node-12-mixed", "metadata": {}}
{"timestamp": 1785774435, "type": "safe_tx", "device": "node-13-mixed", "metadata": {}}
{"timestamp": 1785774435, "type": "safe_tx", "device": "node-15-mixed", "metadata": {}}
{"timestamp": 1785774435, "type": "safe_tx", "device": "node-3-clean", "metadata": {}}
{"timestamp": 1785774435, "type": "safe_tx", "device": "node-13-mixed", "metadata": {}}
{"timestamp": 1785774436, "type": "time_anomaly", "device": "node-14-mixed", "metadata": {}}
{"timestamp": 1785774436, "type": "safe_tx", "device": "node-10-fuzzer", "metadata": {}}
{"timestamp": 1785774436, "type": "safe_tx", "device": "node-2-clean", "metadata": {}}
{"timestamp": 1785774436, "type": "safe_tx", "device": "node-4-clean", "metadata": {}}
{"timestamp": 1785774437, "type": "safe_tx", "device": "node-14-mixed", "metadata": {}}
{"timestamp": 1785774437, "type": "safe_tx", "device": "node-8-spammer", "metadata": {}}
{"timestamp": 1785774437, "type": "safe_tx", "device": "node-8-spammer", "metadata": {}}
{"timestamp": 1785774437, "type": "safe_tx", "device": "node-8-spammer", "metadata": {}}
{"timestamp": 1785774437, "type": "safe_tx", "device": "node-8-spammer", "metadata": {}}
{"timestamp": 1785774437, "type": "safe_tx", "device": "node-5-clean", "metadata": {}}
{"timestamp": 1785774438, "type": "time_anomaly", "device": "node-13-mixed", "metadata": {}}
{"timestamp": 1785774438, "type": "safe_tx", "device": "node-1-clean", "metadata": {}}
{"timestamp": 1785774438, "type": "safe_tx", "device": "node-14-mixed", "metadata": {}}
{"timestamp": 1785774438, "type": "safe_tx", "device": "node-1-clean", "metadata": {}}
{"timestamp": 1785774438, "type": "safe_tx", "device": "node-3-clean", "metadata": {}}
{"timestamp": 1785774438, "type": "safe_tx", "device": "node-9-stealth", "metadata": {}}
{"timestamp": 1785774439, "type": "time_anomaly", "device": "node-7-timespoof", "metadata": {}}
{"timestamp": 1785774438, "type": "safe_tx", "device": "node-4-clean", "metadata": {}}
{"timestamp": 1785774438, "type": "safe_tx", "device": "node-8-spammer", "metadata": {}}
{"timestamp": 1785774438, "type": "safe_tx", "device": "node-8-spammer", "metadata": {}}
{"timestamp": 1785774438, "type": "safe_tx", "device": "node-8-spammer", "metadata": {}}
{"timestamp": 1785774438, "type": "safe_tx", "device": "node-15-mixed", "metadata": {}}
{"timestamp": 1785774438, "type": "safe_tx", "device": "node-8-spammer", "metadata": {}}
{"timestamp": 1785774438, "type": "safe_tx", "device": "node-6-overflow", "metadata": {}}
{"timestamp": 1785774438, "type": "safe_tx", "device": "node-8-spammer", "metadata": {}}
{"timestamp": 1785774439, "type": "safe_tx", "device": "node-12-mixed", "metadata": {}}
{"timestamp": 1785774439, "type": "safe_tx", "device": "node-5-clean", "metadata": {}}
{"timestamp": 1785774439, "type": "safe_tx", "device": "node-9-stealth", "metadata": {}}
{"timestamp": 1785774440, "type": "time_anomaly", "device": "node-15-mixed", "metadata": {}}
{"timestamp": 1785774439, "type": "safe_tx", "device": "node-1-clean", "metadata": {}}
{"timestamp": 1785774439, "type": "safe_tx", "device": "node-8-spammer", "metadata": {}}
{"timestamp": 1785774439, "type": "safe_tx", "device": "node-8-spammer", "metadata": {}}
{"timestamp": 1785774439, "type": "safe_tx", "device": "node-5-clean", "metadata": {}}
{"timestamp": 1785774440, "type": "safe_tx", "device": "node-8-spammer", "metadata": {}}
{"timestamp": 1785774440, "type": "safe_tx", "device": "node-10-fuzzer", "metadata": {}}
{"timestamp": 1785774440, "type": "safe_tx", "device": "node-3-clean", "metadata": {}}
{"timestamp": 1785774440, "type": "safe_tx", "device": "node-2-clean", "metadata": {}}
{"timestamp": 1785774440, "type": "safe_tx", "device": "node-2-clean", "metadata": {}}
{"timestamp": 1785774440, "type": "safe_tx", "device": "node-4-clean", "metadata": {}}
{"timestamp": 1785774440, "type": "safe_tx", "device": "node-13-mixed", "metadata": {}}
{"timestamp": 1785774440, "type": "safe_tx", "device": "node-12-mixed", "metadata": {}}
{"timestamp": 1785774440, "type": "safe_tx", "device": "node-14-mixed", "metadata": {}}
{"timestamp": 1785774441, "type": "fuzzing", "device": "node-10-fuzzer", "metadata": {}}
{"timestamp": 1785774441, "type": "time_anomaly", "device": "node-12-mixed", "metadata": {}}
{"timestamp": 1785774441, "type": "safe_tx", "device": "node-8-spammer", "metadata": {}}
{"timestamp": 1785774441, "type": "safe_tx", "device": "node-8-spammer", "metadata": {}}
{"timestamp": 1785774441, "type": "safe_tx", "device": "node-1-clean", "metadata": {}}
{"timestamp": 1785774441, "type": "safe_tx", "device": "node-3-clean", "metadata": {}}
{"timestamp": 1785774441, "type": "safe_tx", "device": "node-8-spammer", "metadata": {}}
{"timestamp": 1785774441, "type": "safe_tx", "device": "node-8-spammer", "metadata": {}}
{"timestamp": 1785774441, "type": "safe_tx", "device": "node-8-spammer", "metadata": {}}
{"timestamp": 1785774441, "type": "safe_tx", "device": "node-8-spammer", "metadata": {}}
{"timestamp": 1785774441, "type": "safe_tx", "device": "node-8-spammer", "metadata": {}}
{"timestamp": 1785774441, "type": "safe_tx", "device": "node-4-clean", "metadata": {}}
{"timestamp": 1785774442, "type": "safe_tx", "device": "node-9-stealth", "metadata": {}}
{"timestamp": 1785774442, "type": "fuzzing", "device": "node-10-fuzzer", "metadata": {}}
{"timestamp": 1785774442, "type": "safe_tx", "device": "node-8-spammer", "metadata": {}}
{"timestamp": 1785774442, "type": "safe_tx", "device": "node-2-clean", "metadata": {}}
{"timestamp": 1785774443, "type": "time_anomaly", "device": "node-7-timespoof", "metadata": {}}
{"timestamp": 1785774442, "type": "safe_tx", "device": "node-8-spammer", "metadata": {}}
{"timestamp": 1785774442, "type": "safe_tx", "device": "node-8-spammer", "metadata": {}}
{"timestamp": 1785774442, "type": "safe_tx", "device": "node-8-spammer", "metadata": {}}
{"timestamp": 1785774442, "type": "safe_tx", "device": "node-8-spammer", "metadata": {}}
{"timestamp": 1785774442, "type": "safe_tx", "device": "node-8-spammer", "metadata": {}}
{"timestamp": 1785774442, "type": "safe_tx", "device": "node-8-spammer", "metadata": {}}
{"timestamp": 1785774442, "type": "dos_spam", "device": "node-8-spammer", "metadata": {}}
{"timestamp": 1785774442, "type": "safe_tx", "device": "node-8-spammer", "metadata": {}}
{"timestamp": 1785774442, "type": "safe_tx", "device": "node-8-spammer", "metadata": {}}
{"timestamp": 1785774443, "type": "safe_tx", "device": "node-4-clean", "metadata": {}}
{"timestamp": 1785774443, "type": "safe_tx", "device": "node-10-fuzzer", "metadata": {}}
{"timestamp": 1785774443, "type": "safe_tx", "device": "node-4-clean", "metadata": {}}
{"timestamp": 1785774443, "type": "safe_tx", "device": "node-5-clean", "metadata": {}}
{"timestamp": 1785774443, "type": "safe_tx", "device": "node-4-clean", "metadata": {}}
{"timestamp": 1785774443, "type": "safe_tx", "device": "node-1-clean", "metadata": {}}
{"timestamp": 1785774443, "type": "safe_tx", "device": "node-13-mixed", "metadata": {}}
{"timestamp": 1785774444, "type": "safe_tx", "device": "node-12-mixed", "metadata": {}}
{"timestamp": 1785774444, "type": "safe_tx", "device": "node-3-clean", "metadata": {}}
{"timestamp": 1785774444, "type": "safe_tx", "device": "node-8-spammer", "metadata": {}}
{"timestamp": 1785774444, "type": "safe_tx", "device": "node-8-spammer", "metadata": {}}
{"timestamp": 1785774444, "type": "safe_tx", "device": "node-8-spammer", "metadata": {}}
{"timestamp": 1785774444, "type": "safe_tx", "device": "node-4-clean", "metadata": {}}
{"timestamp": 1785774444, "type": "safe_tx", "device": "node-8-spammer", "metadata": {}}
{"timestamp": 1785774444, "type": "safe_tx", "device": "node-8-spammer", "metadata": {}}
{"timestamp": 1785774444, "type": "safe_tx", "device": "node-8-spammer", "metadata": {}}
{"timestamp": 1785774444, "type": "safe_tx", "device": "node-8-spammer", "metadata": {}}
{"timestamp": 1785774444, "type": "safe_tx", "device": "node-8-spammer", "metadata": {}}
{"timestamp": 1785774444, "type": "safe_tx", "device": "node-8-spammer", "metadata": {}}
{"timestamp": 1785774444, "type": "safe_tx", "device": "node-8-spammer", "metadata": {}}
{"timestamp": 1785774444, "type": "safe_tx", "device": "node-8-spammer", "metadata": {}}
{"timestamp": 1785774444, "type": "dos_spam", "device": "node-8-spammer", "metadata": {"count": 30, "window_sec": 5}}
{"timestamp": 1785774444, "type": "safe_tx", "device": "node-10-fuzzer", "metadata": {}}
{"timestamp": 1785774444, "type": "safe_tx", "device": "node-9-stealth", "metadata": {}}
{"timestamp": 1785774444, "type": "safe_tx", "device": "node-1-clean", "metadata": {}}
{"timestamp": 1785774445, "type": "time_anomaly", "device": "node-13-mixed", "metadata": {}}
{"timestamp": 1785774444, "type": "safe_tx", "device": "node-3-clean", "metadata": {}}
{"timestamp": 1785774445, "type": "time_anomaly", "device": "node-7-timespoof", "metadata": {}}
{"timestamp": 1785774445, "type": "overflow", "device": "node-14-mixed", "metadata": {"count": 3, "window_sec": 30}}
{"timestamp": 1785774445, "type": "safe_tx", "device": "node-15-mixed", "metadata": {}}
{"timestamp": 1785774446, "type": "safe_tx", "device": "node-8-spammer", "metadata": {}}
{"timestamp": 1785774446, "type": "safe_tx", "device": "node-8-spammer", "metadata": {}}
{"timestamp": 1785774446, "type": "safe_tx", "device": "node-8-spammer", "metadata": {}}
{"timestamp": 1785774446, "type": "time_anomaly", "device": "node-15-mixed", "metadata": {}}
{"timestamp": 1785774446, "type": "safe_tx", "device": "node-2-clean", "metadata": {}}
{"timestamp": 1785774446, "type": "safe_tx", "device": "node-4-clean", "metadata": {}}
{"timestamp": 1785774446, "type": "safe_tx", "device": "node-2-clean", "metadata": {}}
{"timestamp": 1785774446, "type": "safe_tx", "device": "node-8-spammer", "metadata": {}}
{"timestamp": 1785774446, "type": "dos_spam", "device": "node-8-spammer", "metadata": {}}
{"timestamp": 1785774446, "type": "safe_tx", "device": "node-8-spammer", "metadata": {}}
{"timestamp": 1785774446, "type": "safe_tx", "device": "node-9-stealth", "metadata": {}}
{"timestamp": 1785774447, "type": "safe_tx", "device": "node-1-clean", "metadata": {}}
{"timestamp": 1785774447, "type": "overflow", "device": "node-6-overflow", "metadata": {"count": 3, "window_sec": 30}}
{"timestamp": 1785774447, "type": "safe_tx", "device": "node-13-mixed", "metadata": {}}
{"timestamp": 1785774447, "type": "safe_tx", "device": "node-10-fuzzer", "metadata": {}}
{"timestamp": 1785774447, "type": "safe_tx", "device": "node-5-clean", "metadata": {}}
{"timestamp": 1785774447, "type": "overflow", "device": "node-12-mixed", "metadata": {"count": 3, "window_sec": 30}}
{"timestamp": 1785774447, "type": "safe_tx", "device": "node-15-mixed", "metadata": {}}
{"timestamp": 1785774447, "type": "safe_tx", "device": "node-14-mixed", "metadata": {}}
{"timestamp": 1785774448, "type": "time_anomaly", "device": "node-7-timespoof", "metadata": {}}
{"timestamp": 1785774448, "type": "safe_tx", "device": "node-3-clean", "metadata": {}}
{"timestamp": 1785774448, "type": "fuzzing", "device": "node-10-fuzzer", "metadata": {}}
{"timestamp": 1785774448, "type": "safe_tx", "device": "node-9-stealth", "metadata": {}}
{"timestamp": 1785774448, "type": "safe_tx", "device": "node-4-clean", "metadata": {}}
{"timestamp": 1785774448, "type": "safe_tx", "device": "node-1-clean", "metadata": {}}
{"timestamp": 1785774448, "type": "safe_tx", "device": "node-13-mixed", "metadata": {}}
{"timestamp": 1785774449, "type": "safe_tx", "device": "node-10-fuzzer", "metadata": {}}
{"timestamp": 1785774449, "type": "safe_tx", "device": "node-3-clean", "metadata": {}}
{"timestamp": 1785774449, "type": "safe_tx", "device": "node-8-spammer", "metadata": {}}
{"timestamp": 1785774449, "type": "safe_tx", "device": "node-8-spammer", "metadata": {}}
{"timestamp": 1785774449, "type": "safe_tx", "device": "node-8-spammer", "metadata": {}}
{"timestamp": 1785774449, "type": "safe_tx", "device": "node-8-spammer", "metadata": {}}
{"timestamp": 1785774449, "type": "safe_tx", "device": "node-8-spammer", "metadata": {}}
{"timestamp": 1785774449, "type": "safe_tx", "device": "node-8-spammer", "metadata": {}}
{"timestamp": 1785774449, "type": "safe_tx", "device": "node-2-clean", "metadata": {}}
{"timestamp": 1785774449, "type": "fuzzing", "device": "node-10-fuzzer", "metadata": {}}
{"timestamp": 1785774450, "type": "time_anomaly", "device": "node-14-mixed", "metadata": {}}
{"timestamp": 1785774450, "type": "safe_tx", "device": "node-3-clean", "metadata": {}}
{"timestamp": 1785774451, "type": "time_anomaly", "device": "node-7-timespoof", "metadata": {}}
{"timestamp": 1785774450, "type": "safe_tx", "device": "node-4-clean", "metadata": {}}
{"timestamp": 1785774450, "type": "safe_tx", "device": "node-3-clean", "metadata": {}}
{"timestamp": 1785774450, "type": "safe_tx", "device": "node-5-clean", "metadata": {}}
{"timestamp": 1785774450, "type": "safe_tx", "device": "node-1-clean", "metadata": {}}
{"timestamp": 1785774450, "type": "safe_tx", "device": "node-15-mixed", "metadata": {}}
{"timestamp": 1785774450, "type": "safe_tx", "device": "node-9-stealth", "metadata": {}}
{"timestamp": 1785774451, "type": "safe_tx", "device": "node-2-clean", "metadata": {}}
{"timestamp": 1785774451, "type": "safe_tx", "device": "node-5-clean", "metadata": {}}
{"timestamp": 1785774451, "type": "safe_tx", "device": "node-8-spammer", "metadata": {}}
{"timestamp": 1785774451, "type": "safe_tx", "device": "node-8-spammer", "metadata": {}}
{"timestamp": 1785774451, "type": "safe_tx", "device": "node-8-spammer", "metadata": {}}
{"timestamp": 1785774451, "type": "safe_tx", "device": "node-8-spammer", "metadata": {}}
{"timestamp": 1785774451, "type": "safe_tx", "device": "node-8-spammer", "metadata": {}}
{"timestamp": 1785774451, "type": "fuzzing", "device": "node-10-fuzzer", "metadata": {}}
{"timestamp": 1785774451, "type": "safe_tx", "device": "node-8-spammer", "metadata": {}}
{"timestamp": 1785774451, "type": "safe_tx", "device": "node-8-spammer", "metadata": {}}
{"timestamp": 1785774451, "type": "safe_tx", "device": "node-13-mixed", "metadata": {}}
{"timestamp": 1785774452, "type": "time_anomaly", "device": "node-14-mixed", "metadata": {}}
{"timestamp": 1785774452, "type": "safe_tx", "device": "node-11-pulsing", "metadata": {}}
{"timestamp": 1785774452, "type": "safe_tx", "device": "node-5-clean", "metadata": {}}
{"timestamp": 1785774452, "type": "safe_tx", "device": "node-11-pulsing", "metadata": {}}
{"timestamp": 1785774452, "type": "safe_tx", "device": "node-1-clean", "metadata": {}}
{"timestamp": 1785774452, "type": "safe_tx", "device": "node-8-spammer", "metadata": {}}
{"timestamp": 1785774452, "type": "safe_tx", "device": "node-8-spammer", "metadata": {}}
{"timestamp": 1785774452, "type": "safe_tx", "device": "node-11-pulsing", "metadata": {}}
{"timestamp": 1785774452, "type": "safe_tx", "device": "node-8-spammer", "metadata": {}}
{"timestamp": 1785774452, "type": "safe_tx", "device": "node-11-pulsing", "metadata": {}}
{"timestamp": 1785774452, "type": "safe_tx", "device": "node-8-spammer", "metadata": {}}
{"timestamp": 1785774452, "type": "safe_tx", "device": "node-8-spammer", "metadata": {}}
{"timestamp": 1785774452, "type": "safe_tx", "device": "node-11-pulsing", "metadata": {}}
{"timestamp": 1785774452, "type": "safe_tx", "device": "node-8-spammer", "metadata": {}}
{"timestamp": 1785774452, "type": "safe_tx", "device": "node-11-pulsing", "metadata": {}}
{"timestamp": 1785774452, "type": "safe_tx", "device": "node-8-spammer", "metadata": {}}
{"timestamp": 1785774452, "type": "safe_tx", "device": "node-8-spammer", "metadata": {}}
{"timestamp": 1785774452, "type": "dos_spam", "device": "node-8-spammer", "metadata": {}}
{"timestamp": 1785774452, "type": "safe_tx", "device": "node-11-pulsing", "metadata": {}}
{"timestamp": 1785774452, "type": "safe_tx", "device": "node-4-clean", "metadata": {}}
{"timestamp": 1785774452, "type": "safe_tx", "device": "node-8-spammer", "metadata": {}}
{"timestamp": 1785774452, "type": "safe_tx", "device": "node-11-pulsing", "metadata": {}}
{"timestamp": 1785774453, "type": "safe_tx", "device": "node-11-pulsing", "metadata": {}}
{"timestamp": 1785774453, "type": "safe_tx", "device": "node-11-pulsing", "metadata": {}}
{"timestamp": 1785774453, "type": "safe_tx", "device": "node-9-stealth", "metadata": {}}
{"timestamp": 1785774453, "type": "safe_tx", "device": "node-11-pulsing", "metadata": {}}
{"timestamp": 1785774453, "type": "safe_tx", "device": "node-11-pulsing", "metadata": {}}
{"timestamp": 1785774453, "type": "safe_tx", "device": "node-11-pulsing", "metadata": {}}
{"timestamp": 1785774453, "type": "safe_tx", "device": "node-11-pulsing", "metadata": {}}
{"timestamp": 1785774453, "type": "safe_tx", "device": "node-3-clean", "metadata": {}}
{"timestamp": 1785774453, "type": "safe_tx", "device": "node-15-mixed", "metadata": {}}
{"timestamp": 1785774453, "type": "safe_tx", "device": "node-11-pulsing", "metadata": {}}
{"timestamp": 1785774453, "type": "dos_spam", "device": "node-11-pulsing", "metadata": {}}
{"timestamp": 1785774453, "type": "safe_tx", "device": "node-11-pulsing", "metadata": {}}
{"timestamp": 1785774453, "type": "fuzzing", "device": "node-10-fuzzer", "metadata": {}}
{"timestamp": 1785774453, "type": "safe_tx", "device": "node-11-pulsing", "metadata": {}}
{"timestamp": 1785774453, "type": "safe_tx", "device": "node-12-mixed", "metadata": {}}
{"timestamp": 1785774453, "type": "safe_tx", "device": "node-11-pulsing", "metadata": {}}
{"timestamp": 1785774453, "type": "safe_tx", "device": "node-11-pulsing", "metadata": {}}
{"timestamp": 1785774453, "type": "safe_tx", "device": "node-11-pulsing", "metadata": {}}
{"timestamp": 1785774453, "type": "safe_tx", "device": "node-13-mixed", "metadata": {}}
{"timestamp": 1785774453, "type": "safe_tx", "device": "node-14-mixed", "metadata": {}}
{"timestamp": 1785774454, "type": "safe_tx", "device": "node-9-stealth", "metadata": {}}
{"timestamp": 1785774454, "type": "safe_tx", "device": "node-8-spammer", "metadata": {}}
{"timestamp": 1785774454, "type": "safe_tx", "device": "node-8-spammer", "metadata": {}}
{"timestamp": 1785774454, "type": "safe_tx", "device": "node-8-spammer", "metadata": {}}
{"timestamp": 1785774454, "type": "safe_tx", "device": "node-4-clean", "metadata": {}}
{"timestamp": 1785774454, "type": "fuzzing", "device": "node-10-fuzzer", "metadata": {}}
{"timestamp": 1785774455, "type": "safe_tx", "device": "node-13-mixed", "metadata": {}}
{"timestamp": 1785774455, "type": "safe_tx", "device": "node-14-mixed", "metadata": {}}
{"timestamp": 1785774455, "type": "safe_tx", "device": "node-8-spammer", "metadata": {}}
{"timestamp": 1785774455, "type": "safe_tx", "device": "node-8-spammer", "metadata": {}}
{"timestamp": 1785774455, "type": "safe_tx", "device": "node-8-spammer", "metadata": {}}
{"timestamp": 1785774456, "type": "time_anomaly", "device": "node-15-mixed", "metadata": {}}
{"timestamp": 1785774455, "type": "safe_tx", "device": "node-8-spammer", "metadata": {}}
{"timestamp": 1785774455, "type": "safe_tx", "device": "node-5-clean", "metadata": {}}
{"timestamp": 1785774455, "type": "safe_tx", "device": "node-8-spammer", "metadata": {}}
{"timestamp": 1785774455, "type": "safe_tx", "device": "node-8-spammer", "metadata": {}}
{"timestamp": 1785774455, "type": "safe_tx", "device": "node-10-fuzzer", "metadata": {}}
{"timestamp": 1785774455, "type": "safe_tx", "device": "node-1-clean", "metadata": {}}
{"timestamp": 1785774455, "type": "safe_tx", "device": "node-2-clean", "metadata": {}}
{"timestamp": 1785774456, "type": "time_anomaly", "device": "node-7-timespoof", "metadata": {}}
{"timestamp": 1785774456, "type": "safe_tx", "device": "node-3-clean", "metadata": {}}
{"timestamp": 1785774456, "type": "safe_tx", "device": "node-9-stealth", "metadata": {}}
{"timestamp": 1785774456, "type": "safe_tx", "device": "node-8-spammer", "metadata": {}}
{"timestamp": 1785774456, "type": "safe_tx", "device": "node-8-spammer", "metadata": {}}
{"timestamp": 1785774456, "type": "safe_tx", "device": "node-8-spammer", "metadata": {}}
{"timestamp": 1785774456, "type": "safe_tx", "device": "node-8-spammer", "metadata": {}}
{"timestamp": 1785774456, "type": "safe_tx", "device": "node-8-spammer", "metadata": {}}
{"timestamp": 1785774456, "type": "dos_spam", "device": "node-8-spammer", "metadata": {"count": 30, "window_sec": 5}}
{"timestamp": 1785774456, "type": "fuzzing", "device": "node-10-fuzzer", "metadata": {}}
{"timestamp": 1785774456, "type": "safe_tx", "device": "node-8-spammer", "metadata": {}}
{"timestamp": 1785774456, "type": "dos_spam", "device": "node-8-spammer", "metadata": {}}
{"timestamp": 1785774456, "type": "safe_tx", "device": "node-8-spammer", "metadata": {}}
{"timestamp": 1785774457, "type": "safe_tx", "device": "node-1-clean", "metadata": {}}
{"timestamp": 1785774457, "type": "safe_tx", "device": "node-13-mixed", "metadata": {}}
{"timestamp": 1785774457, "type": "fuzzing", "device": "node-10-fuzzer", "metadata": {}}
{"timestamp": 1785774457, "type": "safe_tx", "device": "node-1-clean", "metadata": {}}
{"timestamp": 1785774457, "type": "safe_tx", "device": "node-4-clean", "metadata": {}}
{"timestamp": 1785774457, "type": "safe_tx", "device": "node-8-spammer", "metadata": {}}
{"timestamp": 1785774457, "type": "safe_tx", "device": "node-8-spammer", "metadata": {}}
{"timestamp": 1785774457, "type": "safe_tx", "device": "node-8-spammer", "metadata": {}}
{"timestamp": 1785774457, "type": "safe_tx", "device": "node-8-spammer", "metadata": {}}
{"timestamp": 1785774457, "type": "safe_tx", "device": "node-8-spammer", "metadata": {}}
{"timestamp": 1785774457, "type": "safe_tx", "device": "node-9-stealth", "metadata": {}}
{"timestamp": 1785774458, "type": "fuzzing", "device": "node-10-fuzzer", "metadata": {}}
{"timestamp": 1785774458, "type": "safe_tx", "device": "node-4-clean", "metadata": {}}
{"timestamp": 1785774458, "type": "safe_tx", "device": "node-1-clean", "metadata": {}}
{"timestamp": 1785774458, "type": "fuzzing", "device": "node-10-fuzzer", "metadata": {}}
{"timestamp": 1785774458, "type": "safe_tx", "device": "node-15-mixed", "metadata": {}}
{"timestamp": 1785774458, "type": "safe_tx", "device": "node-12-mixed", "metadata": {}}
{"timestamp": 1785774458, "type": "safe_tx", "device": "node-2-clean", "metadata": {}}
{"timestamp": 1785774459, "type": "safe_tx", "device": "node-5-clean", "metadata": {}}
{"timestamp": 1785774459, "type": "safe_tx", "device": "node-8-spammer", "metadata": {}}
{"timestamp": 1785774459, "type": "safe_tx", "device": "node-9-stealth", "metadata": {}}
{"timestamp": 1785774459, "type": "safe_tx", "device": "node-3-clean", "metadata": {}}
{"timestamp": 1785774459, "type": "safe_tx", "device": "node-15-mixed", "metadata": {}}
{"timestamp": 1785774459, "type": "safe_tx", "device": "node-10-fuzzer", "metadata": {}}
{"timestamp": 1785774460, "type": "safe_tx", "device": "node-8-spammer", "metadata": {}}
{"timestamp": 1785774460, "type": "safe_tx", "device": "node-8-spammer", "metadata": {}}
{"timestamp": 1785774460, "type": "safe_tx", "device": "node-8-spammer", "metadata": {}}
{"timestamp": 1785774460, "type": "safe_tx", "device": "node-1-clean", "metadata": {}}
{"timestamp": 1785774460, "type": "safe_tx", "device": "node-5-clean", "metadata": {}}
{"timestamp": 1785774460, "type": "safe_tx", "device": "node-8-spammer", "metadata": {}}
{"timestamp": 1785774460, "type": "safe_tx", "device": "node-13-mixed", "metadata": {}}
{"timestamp": 1785774460, "type": "safe_tx", "device": "node-8-spammer", "metadata": {}}
{"timestamp": 1785774460, "type": "safe_tx", "device": "node-15-mixed", "metadata": {}}
{"timestamp": 1785774460, "type": "safe_tx", "device": "node-8-spammer", "metadata": {}}
{"timestamp": 1785774460, "type": "safe_tx", "device": "node-8-spammer", "metadata": {}}
{"timestamp": 1785774460, "type": "safe_tx", "device": "node-9-stealth", "metadata": {}}
{"timestamp": 1785774460, "type": "safe_tx", "device": "node-4-clean", "metadata": {}}
{"timestamp": 1785774460, "type": "safe_tx", "device": "node-1-clean", "metadata": {}}
{"timestamp": 1785774461, "type": "safe_tx", "device": "node-2-clean", "metadata": {}}
{"timestamp": 1785774461, "type": "safe_tx", "device": "node-8-spammer", "metadata": {}}
{"timestamp": 1785774461, "type": "safe_tx", "device": "node-8-spammer", "metadata": {}}
{"timestamp": 1785774461, "type": "safe_tx", "device": "node-12-mixed", "metadata": {}}
{"timestamp": 1785774461, "type": "safe_tx", "device": "node-5-clean", "metadata": {}}
{"timestamp": 1785774461, "type": "safe_tx", "device": "node-14-mixed", "metadata": {}}
{"timestamp": 1785774461, "type": "safe_tx", "device": "node-3-clean", "metadata": {}}
{"timestamp": 1785774462, "type": "time_anomaly", "device": "node-7-timespoof", "metadata": {}}
{"timestamp": 1785774461, "type": "fuzzing", "device": "node-10-fuzzer", "metadata": {}}
{"timestamp": 1785774462, "type": "safe_tx", "device": "node-13-mixed", "metadata": {}}
{"timestamp": 1785774462, "type": "safe_tx", "device": "node-9-stealth", "metadata": {}}
{"timestamp": 1785774462, "type": "safe_tx", "device": "node-8-spammer", "metadata": {}}
{"timestamp": 1785774462, "type": "safe_tx", "device": "node-8-spammer", "metadata": {}}
{"timestamp": 1785774462, "type": "safe_tx", "device": "node-8-spammer", "metadata": {}}
{"timestamp": 1785774462, "type": "safe_tx", "device": "node-8-spammer", "metadata": {}}
{"timestamp": 1785774462, "type": "safe_tx", "device": "node-8-spammer", "metadata": {}}
{"timestamp": 1785774462, "type": "safe_tx", "device": "node-8-spammer", "metadata": {}}
{"timestamp": 1785774462, "type": "dos_spam", "device": "node-8-spammer", "metadata": {}}
{"timestamp": 1785774462, "type": "safe_tx", "device": "node-15-mixed", "metadata": {}}
{"timestamp": 1785774462, "type": "safe_tx", "device": "node-8-spammer", "metadata": {}}
{"timestamp": 1785774462, "type": "safe_tx", "device": "node-8-spammer", "metadata": {}}
{"timestamp": 1785774462, "type": "safe_tx", "device": "node-2-clean", "metadata": {}}
{"timestamp": 1785774462, "type": "safe_tx", "device": "node-10-fuzzer", "metadata": {}}
{"timestamp": 1785774463, "type": "safe_tx", "device": "node-12-mixed", "metadata": {}}
{"timestamp": 1785774463, "type": "safe_tx", "device": "node-12-mixed", "metadata": {}}
{"timestamp": 1785774463, "type": "safe_tx", "device": "node-4-clean", "metadata": {}}
{"timestamp": 1785774463, "type": "safe_tx", "device": "node-3-clean", "metadata": {}}
{"timestamp": 1785774463, "type": "safe_tx", "device": "node-8-spammer", "metadata": {}}
{"timestamp": 1785774463, "type": "safe_tx", "device": "node-8-spammer", "metadata": {}}
{"timestamp": 1785774463, "type": "safe_tx", "device": "node-8-spammer", "metadata": {}}
{"timestamp": 1785774463, "type": "safe_tx", "device": "node-8-spammer", "metadata": {}}
{"timestamp": 1785774464, "type": "safe_tx", "device": "node-1-clean", "metadata": {}}
{"timestamp": 1785774464, "type": "safe_tx", "device": "node-8-spammer", "metadata": {}}
{"timestamp": 1785774464, "type": "safe_tx", "device": "node-8-spammer", "metadata": {}}
{"timestamp": 1785774464, "type": "safe_tx", "device": "node-8-spammer", "metadata": {}}
{"timestamp": 1785774464, "type": "safe_tx", "device": "node-8-spammer", "metadata": {}}
{"timestamp": 1785774464, "type": "safe_tx", "device": "node-8-spammer", "metadata": {}}
{"timestamp": 1785774464, "type": "safe_tx", "device": "node-12-mixed", "metadata": {}}
{"timestamp": 1785774464, "type": "safe_tx", "device": "node-8-spammer", "metadata": {}}
{"timestamp": 1785774464, "type": "safe_tx", "device": "node-9-stealth", "metadata": {}}
{"timestamp": 1785774464, "type": "safe_tx", "device": "node-5-clean", "metadata": {}}
{"timestamp": 1785774464, "type": "safe_tx", "device": "node-8-spammer", "metadata": {}}
{"timestamp": 1785774464, "type": "safe_tx", "device": "node-8-spammer", "metadata": {}}
{"timestamp": 1785774464, "type": "dos_spam", "device": "node-8-spammer", "metadata": {"count": 30, "window_sec": 5}}
{"timestamp": 1785774464, "type": "safe_tx", "device": "node-8-spammer", "metadata": {}}
{"timestamp": 1785774464, "type": "dos_spam", "device": "node-8-spammer", "metadata": {}}
{"timestamp": 1785774464, "type": "safe_tx", "device": "node-8-spammer", "metadata": {}}
{"timestamp": 1785774464, "type": "safe_tx", "device": "node-15-mixed", "metadata": {}}
{"timestamp": 1785774465, "type": "time_anomaly", "device": "node-7-timespoof", "metadata": {}}
{"timestamp": 1785774464, "type": "safe_tx", "device": "node-8-spammer", "metadata": {}}
{"timestamp": 1785774464, "type": "fuzzing", "device": "node-10-fuzzer", "metadata": {}}
{"timestamp": 1785774464, "type": "safe_tx", "device": "node-8-spammer", "metadata": {}}
{"timestamp": 1785774464, "type": "safe_tx", "device": "node-13-mixed", "metadata": {}}
{"timestamp": 1785774464, "type": "safe_tx", "device": "node-8-spammer", "metadata": {}}
{"timestamp": 1785774464, "type": "safe_tx", "device": "node-8-spammer", "metadata": {}}
{"timestamp": 1785774465, "type": "safe_tx", "device": "node-15-mixed", "metadata": {}}
{"timestamp": 1785774465, "type": "safe_tx", "device": "node-6-overflow", "metadata": {}}
{"timestamp": 1785774465, "type": "safe_tx", "device": "node-2-clean", "metadata": {}}
{"timestamp": 1785774465, "type": "safe_tx", "device": "node-8-spammer", "metadata": {}}
{"timestamp": 1785774465, "type": "safe_tx", "device": "node-8-spammer", "metadata": {}}
{"timestamp": 1785774465, "type": "safe_tx", "device": "node-8-spammer", "metadata": {}}
{"timestamp": 1785774465, "type": "safe_tx", "device": "node-13-mixed", "metadata": {}}
{"timestamp": 1785774465, "type": "safe_tx", "device": "node-8-spammer", "metadata": {}}
{"timestamp": 1785774466, "type": "safe_tx", "device": "node-12-mixed", "metadata": {}}
{"timestamp": 1785774466, "type": "safe_tx", "device": "node-3-clean", "metadata": {}}
{"timestamp": 1785774466, "type": "safe_tx", "device": "node-3-clean", "metadata": {}}
{"timestamp": 1785774466, "type": "safe_tx", "device": "node-10-fuzzer", "metadata": {}}
{"timestamp": 1785774466, "type": "safe_tx", "device": "node-5-clean", "metadata": {}}
{"timestamp": 1785774466, "type": "safe_tx", "device": "node-8-spammer", "metadata": {}}
{"timestamp": 1785774466, "type": "safe_tx", "device": "node-9-stealth", "metadata": {}}
{"timestamp": 1785774466, "type": "safe_tx", "device": "node-8-spammer", "metadata": {}}
{"timestamp": 1785774466, "type": "safe_tx", "device": "node-8-spammer", "metadata": {}}
{"timestamp": 1785774467, "type": "safe_tx", "device": "node-8-spammer", "metadata": {}}
{"timestamp": 1785774467, "type": "safe_tx", "device": "node-1-clean", "metadata": {}}
{"timestamp": 1785774467, "type": "overflow", "device": "node-15-mixed", "metadata": {"count": 3, "window_sec": 30}}
{"timestamp": 1785774467, "type": "safe_tx", "device": "node-4-clean", "metadata": {}}
{"timestamp": 1785774467, "type": "overflow", "device": "node-14-mixed", "metadata": {"count": 3, "window_sec": 30}}
{"timestamp": 1785774467, "type": "safe_tx", "device": "node-9-stealth", "metadata": {}}
{"timestamp": 1785774467, "type": "safe_tx", "device": "node-3-clean", "metadata": {}}
{"timestamp": 1785774468, "type": "time_anomaly", "device": "node-7-timespoof", "metadata": {}}
{"timestamp": 1785774468, "type": "fuzzing", "device": "node-10-fuzzer", "metadata": {}}
{"timestamp": 1785774468, "type": "safe_tx", "device": "node-13-mixed", "metadata": {}}
{"timestamp": 1785774468, "type": "time_anomaly", "device": "node-12-mixed", "metadata": {}}
{"timestamp": 1785774468, "type": "safe_tx", "device": "node-8-spammer", "metadata": {}}
{"timestamp": 1785774468, "type": "safe_tx", "device": "node-8-spammer", "metadata": {}}
{"timestamp": 1785774468, "type": "safe_tx", "device": "node-8-spammer", "metadata": {}}
{"timestamp": 1785774468, "type": "safe_tx", "device": "node-8-spammer", "metadata": {}}
{"timestamp": 1785774468, "type": "safe_tx", "device": "node-8-spammer", "metadata": {}}
{"timestamp": 1785774468, "type": "safe_tx", "device": "node-3-clean", "metadata": {}}
{"timestamp": 1785774468, "type": "safe_tx", "device": "node-8-spammer", "metadata": {}}
{"timestamp": 1785774468, "type": "safe_tx", "device": "node-8-spammer", "metadata": {}}
{"timestamp": 1785774468, "type": "safe_tx", "device": "node-8-spammer", "metadata": {}}
{"timestamp": 1785774468, "type": "safe_tx", "device": "node-8-spammer", "metadata": {}}
{"timestamp": 1785774468, "type": "safe_tx", "device": "node-8-spammer", "metadata": {}}
{"timestamp": 1785774468, "type": "safe_tx", "device": "node-8-spammer", "metadata": {}}
{"timestamp": 1785774468, "type": "dos_spam", "device": "node-8-spammer", "metadata": {}}
{"timestamp": 1785774468, "type": "safe_tx", "device": "node-8-spammer", "metadata": {}}
{"timestamp": 1785774468, "type": "safe_tx", "device": "node-8-spammer", "metadata": {}}
{"timestamp": 1785774468, "type": "safe_tx", "device": "node-2-clean", "metadata": {}}
{"timestamp": 1785774468, "type": "safe_tx", "device": "node-8-spammer", "metadata": {}}
{"timestamp": 1785774468, "type": "safe_tx", "device": "node-8-spammer", "metadata": {}}
{"timestamp": 1785774468, "type": "safe_tx", "device": "node-8-spammer", "metadata": {}}
{"timestamp": 1785774468, "type": "dos_spam", "device": "node-8-spammer", "metadata": {"count": 30, "window_sec": 5}}
{"timestamp": 1785774468, "type": "safe_tx", "device": "node-8-spammer", "metadata": {}}
{"timestamp": 1785774468, "type": "safe_tx", "device": "node-8-spammer", "metadata": {}}
{"timestamp": 1785774468, "type": "safe_tx", "device": "node-8-spammer", "metadata": {}}
{"timestamp": 1785774468, "type": "safe_tx", "device": "node-8-spammer", "metadata": {}}
{"timestamp": 1785774468, "type": "safe_tx", "device": "node-8-spammer", "metadata": {}}
{"timestamp": 1785774468, "type": "safe_tx", "device": "node-8-spammer", "metadata": {}}
{"timestamp": 1785774468, "type": "safe_tx", "device": "node-8-spammer", "metadata": {}}
{"timestamp": 1785774469, "type": "time_anomaly", "device": "node-15-mixed", "metadata": {}}
{"timestamp": 1785774469, "type": "safe_tx", "device": "node-5-clean", "metadata": {}}
{"timestamp": 1785774469, "type": "safe_tx", "device": "node-14-mixed", "metadata": {}}
{"timestamp": 1785774469, "type": "fuzzing", "device": "node-10-fuzzer", "metadata": {}}
{"timestamp": 1785774470, "type": "safe_tx", "device": "node-1-clean", "metadata": {}}
{"timestamp": 1785774470, "type": "safe_tx", "device": "node-4-clean", "metadata": {}}
{"timestamp": 1785774470, "type": "safe_tx", "device": "node-3-clean", "metadata": {}}
{"timestamp": 1785774470, "type": "safe_tx", "device": "node-8-spammer", "metadata": {}}
{"timestamp": 1785774470, "type": "safe_tx", "device": "node-8-spammer", "metadata": {}}
{"timestamp": 1785774470, "type": "safe_tx", "device": "node-8-spammer", "metadata": {}}
{"timestamp": 1785774470, "type": "dos_spam", "device": "node-8-spammer", "metadata": {}}
{"timestamp": 1785774470, "type": "safe_tx", "device": "node-13-mixed", "metadata": {}}
{"timestamp": 1785774470, "type": "safe_tx", "device": "node-2-clean", "metadata": {}}
{"timestamp": 1785774470, "type": "safe_tx", "device": "node-9-stealth", "metadata": {}}
{"timestamp": 1785774471, "type": "safe_tx", "device": "node-3-clean", "metadata": {}}
{"timestamp": 1785774471, "type": "safe_tx", "device": "node-8-spammer", "metadata": {}}
{"timestamp": 1785774471, "type": "safe_tx", "device": "node-8-spammer", "metadata": {}}
{"timestamp": 1785774471, "type": "fuzzing", "device": "node-10-fuzzer", "metadata": {}}
{"timestamp": 1785774471, "type": "safe_tx", "device": "node-5-clean", "metadata": {}}
{"timestamp": 1785774471, "type": "safe_tx", "device": "node-12-mixed", "metadata": {}}
{"timestamp": 1785774472, "type": "safe_tx", "device": "node-14-mixed", "metadata": {}}
{"timestamp": 1785774472, "type": "safe_tx", "device": "node-1-clean", "metadata": {}}
{"timestamp": 1785774472, "type": "safe_tx", "device": "node-8-spammer", "metadata": {}}
{"timestamp": 1785774472, "type": "safe_tx", "device": "node-8-spammer", "metadata": {}}
{"timestamp": 1785774472, "type": "safe_tx", "device": "node-10-fuzzer", "metadata": {}}
{"timestamp": 1785774472, "type": "safe_tx", "device": "node-15-mixed", "metadata": {}}
{"timestamp": 1785774473, "type": "safe_tx", "device": "node-9-stealth", "metadata": {}}
{"timestamp": 1785774473, "type": "safe_tx", "device": "node-4-clean", "metadata": {}}
{"timestamp": 1785774473, "type": "safe_tx", "device": "node-13-mixed", "metadata": {}}
{"timestamp": 1785774474, "type": "time_anomaly", "device": "node-7-timespoof", "metadata": {}}
{"timestamp": 1785774473, "type": "safe_tx", "device": "node-2-clean", "metadata": {}}
{"timestamp": 1785774473, "type": "safe_tx", "device": "node-10-fuzzer", "metadata": {}}
{"timestamp": 1785774473, "type": "safe_tx", "device": "node-8-spammer", "metadata": {}}
{"timestamp": 1785774473, "type": "safe_tx", "device": "node-8-spammer", "metadata": {}}
{"timestamp": 1785774474, "type": "safe_tx", "device": "node-8-spammer", "metadata": {}}
{"timestamp": 1785774474, "type": "safe_tx", "device": "node-8-spammer", "metadata": {}}
{"timestamp": 1785774474, "type": "safe_tx", "device": "node-8-spammer", "metadata": {}}
{"timestamp": 1785774474, "type": "safe_tx", "device": "node-8-spammer", "metadata": {}}
{"timestamp": 1785774474, "type": "safe_tx", "device": "node-8-spammer", "metadata": {}}
{"timestamp": 1785774474, "type": "safe_tx", "device": "node-8-spammer", "metadata": {}}
{"timestamp": 1785774474, "type": "safe_tx", "device": "node-8-spammer", "metadata": {}}
{"timestamp": 1785774474, "type": "safe_tx", "device": "node-8-spammer", "metadata": {}}
{"timestamp": 1785774474, "type": "safe_tx", "device": "node-8-spammer", "metadata": {}}
{"timestamp": 1785774474, "type": "safe_tx", "device": "node-8-spammer", "metadata": {}}
{"timestamp": 1785774474, "type": "safe_tx", "device": "node-8-spammer", "metadata": {}}
{"timestamp": 1785774474, "type": "dos_spam", "device": "node-8-spammer", "metadata": {}}
{"timestamp": 1785774474, "type": "safe_tx", "device": "node-3-clean", "metadata": {}}
{"timestamp": 1785774474, "type": "safe_tx", "device": "node-15-mixed", "metadata": {}}
{"timestamp": 1785774474, "type": "fuzzing", "device": "node-10-fuzzer", "metadata": {}}
{"timestamp": 1785774474, "type": "safe_tx", "device": "node-1-clean", "metadata": {}}
{"timestamp": 1785774474, "type": "safe_tx", "device": "node-12-mixed", "metadata": {}}
{"timestamp": 1785774474, "type": "safe_tx", "device": "node-13-mixed", "metadata": {}}
{"timestamp": 1785774474, "type": "safe_tx", "device": "node-5-clean", "metadata": {}}
{"timestamp": 1785774475, "type": "safe_tx", "device": "node-14-mixed", "metadata": {}}
{"timestamp": 1785774475, "type": "safe_tx", "device": "node-8-spammer", "metadata": {}}
{"timestamp": 1785774475, "type": "safe_tx", "device": "node-8-spammer", "metadata": {}}
{"timestamp": 1785774475, "type": "safe_tx", "device": "node-8-spammer", "metadata": {}}
{"timestamp": 1785774475, "type": "overflow", "device": "node-12-mixed", "metadata": {"count": 3, "window_sec": 30}}
{"timestamp": 1785774475, "type": "safe_tx", "device": "node-5-clean", "metadata": {}}
{"timestamp": 1785774476, "type": "safe_tx", "device": "node-8-spammer", "metadata": {}}
{"timestamp": 1785774476, "type": "fuzzing", "device": "node-10-fuzzer", "metadata": {}}
{"timestamp": 1785774476, "type": "safe_tx", "device": "node-3-clean", "metadata": {}}
{"timestamp": 1785774476, "type": "safe_tx", "device": "node-4-clean", "metadata": {}}
{"timestamp": 1785774476, "type": "safe_tx", "device": "node-11-pulsing", "metadata": {}}
{"timestamp": 1785774476, "type": "safe_tx", "device": "node-11-pulsing", "metadata": {}}
{"timestamp": 1785774477, "type": "time_anomaly", "device": "node-7-timespoof", "metadata": {}}
{"timestamp": 1785774476, "type": "safe_tx", "device": "node-11-pulsing", "metadata": {}}
{"timestamp": 1785774476, "type": "safe_tx", "device": "node-11-pulsing", "metadata": {}}
{"timestamp": 1785774476, "type": "safe_tx", "device": "node-11-pulsing", "metadata": {}}
{"timestamp": 1785774476, "type": "safe_tx", "device": "node-11-pulsing", "metadata": {}}
{"timestamp": 1785774476, "type": "safe_tx", "device": "node-11-pulsing", "metadata": {}}
{"timestamp": 1785774477, "type": "safe_tx", "device": "node-2-clean", "metadata": {}}
{"timestamp": 1785774477, "type": "safe_tx", "device": "node-11-pulsing", "metadata": {}}
{"timestamp": 1785774477, "type": "safe_tx", "device": "node-11-pulsing", "metadata": {}}
{"timestamp": 1785774477, "type": "safe_tx", "device": "node-11-pulsing", "metadata": {}}
{"timestamp": 1785774477, "type": "safe_tx", "device": "node-11-pulsing", "metadata": {}}
{"timestamp": 1785774477, "type": "safe_tx", "device": "node-11-pulsing", "metadata": {}}
{"timestamp": 1785774477, "type": "safe_tx", "device": "node-11-pulsing", "metadata": {}}
{"timestamp": 1785774477, "type": "safe_tx", "device": "node-11-pulsing", "metadata": {}}
{"timestamp": 1785774477, "type": "safe_tx", "device": "node-11-pulsing", "metadata": {}}
{"timestamp": 1785774477, "type": "dos_spam", "device": "node-11-pulsing", "metadata": {}}
{"timestamp": 1785774477, "type": "safe_tx", "device": "node-11-pulsing", "metadata": {}}
{"timestamp": 1785774477, "type": "safe_tx", "device": "node-11-pulsing", "metadata": {}}
{"timestamp": 1785774477, "type": "safe_tx", "device": "node-13-mixed", "metadata": {}}
{"timestamp": 1785774477, "type": "safe_tx", "device": "node-11-pulsing", "metadata": {}}
{"timestamp": 1785774477, "type": "safe_tx", "device": "node-11-pulsing", "metadata": {}}
{"timestamp": 1785774477, "type": "safe_tx", "device": "node-8-spammer", "metadata": {}}
{"timestamp": 1785774477, "type": "safe_tx", "device": "node-11-pulsing", "metadata": {}}
{"timestamp": 1785774477, "type": "safe_tx", "device": "node-10-fuzzer", "metadata": {}}
{"timestamp": 1785774477, "type": "safe_tx", "device": "node-15-mixed", "metadata": {}}
{"timestamp": 1785774478, "type": "safe_tx", "device": "node-1-clean", "metadata": {}}
{"timestamp": 1785774478, "type": "safe_tx", "device": "node-15-mixed", "metadata": {}}
{"timestamp": 1785774478, "type": "safe_tx", "device": "node-8-spammer", "metadata": {}}
{"timestamp": 1785774478, "type": "safe_tx", "device": "node-8-spammer", "metadata": {}}
{"timestamp": 1785774478, "type": "safe_tx", "device": "node-8-spammer", "metadata": {}}
{"timestamp": 1785774478, "type": "safe_tx", "device": "node-5-clean", "metadata": {}}
{"timestamp": 1785774478, "type": "safe_tx", "device": "node-12-mixed", "metadata": {}}
{"timestamp": 1785774478, "type": "safe_tx", "device": "node-8-spammer", "metadata": {}}
{"timestamp": 1785774478, "type": "safe_tx", "device": "node-9-stealth", "metadata": {}}
{"timestamp": 1785774478, "type": "safe_tx", "device": "node-8-spammer", "metadata": {}}
{"timestamp": 1785774478, "type": "safe_tx", "device": "node-8-spammer", "metadata": {}}
{"timestamp": 1785774478, "type": "safe_tx", "device": "node-8-spammer", "metadata": {}}
{"timestamp": 1785774478, "type": "safe_tx", "device": "node-4-clean", "metadata": {}}
{"timestamp": 1785774478, "type": "safe_tx", "device": "node-8-spammer", "metadata": {}}
{"timestamp": 1785774478, "type": "safe_tx", "device": "node-8-spammer", "metadata": {}}
{"timestamp": 1785774478, "type": "safe_tx", "device": "node-8-spammer", "metadata": {}}
{"timestamp": 1785774478, "type": "safe_tx", "device": "node-8-spammer", "metadata": {}}
{"timestamp": 1785774479, "type": "safe_tx", "device": "node-3-clean", "metadata": {}}
{"timestamp": 1785774479, "type": "safe_tx", "device": "node-13-mixed", "metadata": {}}
{"timestamp": 1785774479, "type": "fuzzing", "device": "node-10-fuzzer", "metadata": {}}
{"timestamp": 1785774479, "type": "overflow", "device": "node-6-overflow", "metadata": {"count": 3, "window_sec": 30}}
{"timestamp": 1785774479, "type": "safe_tx", "device": "node-8-spammer", "metadata": {}}
{"timestamp": 1785774479, "type": "safe_tx", "device": "node-8-spammer", "metadata": {}}
{"timestamp": 1785774479, "type": "safe_tx", "device": "node-8-spammer", "metadata": {}}
{"timestamp": 1785774479, "type": "dos_spam", "device": "node-8-spammer", "metadata": {"count": 30, "window_sec": 5}}
{"timestamp": 1785774479, "type": "dos_spam", "device": "node-8-spammer", "metadata": {}}
{"timestamp": 1785774479, "type": "safe_tx", "device": "node-9-stealth", "metadata": {}}
{"timestamp": 1785774479, "type": "safe_tx", "device": "node-8-spammer", "metadata": {}}
{"timestamp": 1785774479, "type": "safe_tx", "device": "node-8-spammer", "metadata": {}}
{"timestamp": 1785774479, "type": "safe_tx", "device": "node-8-spammer", "metadata": {}}
{"timestamp": 1785774479, "type": "safe_tx", "device": "node-8-spammer", "metadata": {}}
{"timestamp": 1785774480, "type": "safe_tx", "device": "node-1-clean", "metadata": {}}
{"timestamp": 1785774480, "type": "safe_tx", "device": "node-15-mixed", "metadata": {}}
{"timestamp": 1785774480, "type": "safe_tx", "device": "node-9-stealth", "metadata": {}}
{"timestamp": 1785774480, "type": "safe_tx", "device": "node-3-clean", "metadata": {}}
{"timestamp": 1785774480, "type": "safe_tx", "device": "node-8-spammer", "metadata": {}}
{"timestamp": 1785774480, "type": "safe_tx", "device": "node-8-spammer", "metadata": {}}
{"timestamp": 1785774480, "type": "safe_tx", "device": "node-8-spammer", "metadata": {}}
{"timestamp": 1785774480, "type": "safe_tx", "device": "node-8-spammer", "metadata": {}}
{"timestamp": 1785774480, "type": "safe_tx", "device": "node-4-clean", "metadata": {}}
{"timestamp": 1785774480, "type": "safe_tx", "device": "node-4-clean", "metadata": {}}
{"timestamp": 1785774481, "type": "safe_tx", "device": "node-12-mixed", "metadata": {}}
{"timestamp": 1785774481, "type": "safe_tx", "device": "node-10-fuzzer", "metadata": {}}
{"timestamp": 1785774481, "type": "safe_tx", "device": "node-8-spammer", "metadata": {}}
{"timestamp": 1785774481, "type": "safe_tx", "device": "node-8-spammer", "metadata": {}}
{"timestamp": 1785774481, "type": "safe_tx", "device": "node-8-spammer", "metadata": {}}
{"timestamp": 1785774481, "type": "safe_tx", "device": "node-8-spammer", "metadata": {}}
{"timestamp": 1785774481, "type": "safe_tx", "device": "node-13-mixed", "metadata": {}}
{"timestamp": 1785774481, "type": "safe_tx", "device": "node-2-clean", "metadata": {}}
{"timestamp": 1785774481, "type": "safe_tx", "device": "node-8-spammer", "metadata": {}}
{"timestamp": 1785774481, "type": "safe_tx", "device": "node-8-spammer", "metadata": {}}
{"timestamp": 1785774481, "type": "safe_tx", "device": "node-14-mixed", "metadata": {}}
{"timestamp": 1785774481, "type": "safe_tx", "device": "node-2-clean", "metadata": {}}
{"timestamp": 1785774482, "type": "time_anomaly", "device": "node-12-mixed", "metadata": {}}
{"timestamp": 1785774482, "type": "fuzzing", "device": "node-10-fuzzer", "metadata": {}}
{"timestamp": 1785774482, "type": "safe_tx", "device": "node-5-clean", "metadata": {}}
{"timestamp": 1785774482, "type": "safe_tx", "device": "node-9-stealth", "metadata": {}}
{"timestamp": 1785774482, "type": "safe_tx", "device": "node-14-mixed", "metadata": {}}
{"timestamp": 1785774483, "type": "time_anomaly", "device": "node-7-timespoof", "metadata": {}}
{"timestamp": 1785774483, "type": "fuzzing", "device": "node-10-fuzzer", "metadata": {}}
{"timestamp": 1785774483, "type": "safe_tx", "device": "node-15-mixed", "metadata": {}}
{"timestamp": 1785774483, "type": "safe_tx", "device": "node-3-clean", "metadata": {}}
{"timestamp": 1785774483, "type": "safe_tx", "device": "node-5-clean", "metadata": {}}
{"timestamp": 1785774483, "type": "safe_tx", "device": "node-1-clean", "metadata": {}}
{"timestamp": 1785774483, "type": "safe_tx", "device": "node-8-spammer", "metadata": {}}
{"timestamp": 1785774483, "type": "safe_tx", "device": "node-8-spammer", "metadata": {}}
{"timestamp": 1785774483, "type": "safe_tx", "device": "node-5-clean", "metadata": {}}
{"timestamp": 1785774483, "type": "fuzzing", "device": "node-10-fuzzer", "metadata": {}}
{"timestamp": 1785774484, "type": "safe_tx", "device": "node-12-mixed", "metadata": {}}
{"timestamp": 1785774484, "type": "overflow", "device": "node-15-mixed", "metadata": {"count": 3, "window_sec": 30}}
{"timestamp": 1785774484, "type": "safe_tx", "device": "node-4-clean", "metadata": {}}
{"timestamp": 1785774484, "type": "safe_tx", "device": "node-8-spammer", "metadata": {}}
{"timestamp": 1785774484, "type": "safe_tx", "device": "node-8-spammer", "metadata": {}}
{"timestamp": 1785774484, "type": "safe_tx", "device": "node-8-spammer", "metadata": {}}
{"timestamp": 1785774484, "type": "safe_tx", "device": "node-8-spammer", "metadata": {}}
{"timestamp": 1785774484, "type": "safe_tx", "device": "node-8-spammer", "metadata": {}}
{"timestamp": 1785774485, "type": "time_anomaly", "device": "node-15-mixed", "metadata": {}}
{"timestamp": 1785774484, "type": "safe_tx", "device": "node-8-spammer", "metadata": {}}
{"timestamp": 1785774484, "type": "safe_tx", "device": "node-8-spammer", "metadata": {}}
{"timestamp": 1785774484, "type": "safe_tx", "device": "node-8-spammer", "metadata": {}}
{"timestamp": 1785774484, "type": "safe_tx", "device": "node-8-spammer", "metadata": {}}
{"timestamp": 1785774484, "type": "safe_tx", "device": "node-8-spammer", "metadata": {}}
{"timestamp": 1785774484, "type": "safe_tx", "device": "node-9-stealth", "metadata": {}}
{"timestamp": 1785774485, "type": "safe_tx", "device": "node-2-clean", "metadata": {}}
{"timestamp": 1785774485, "type": "safe_tx", "device": "node-1-clean", "metadata": {}}
{"timestamp": 1785774485, "type": "fuzzing", "device": "node-10-fuzzer", "metadata": {}}
{"timestamp": 1785774485, "type": "safe_tx", "device": "node-3-clean", "metadata": {}}
{"timestamp": 1785774486, "type": "time_anomaly", "device": "node-14-mixed", "metadata": {}}
{"timestamp": 1785774485, "type": "safe_tx", "device": "node-12-mixed", "metadata": {}}
{"timestamp": 1785774486, "type": "safe_tx", "device": "node-8-spammer", "metadata": {}}
{"timestamp": 1785774486, "type": "safe_tx", "device": "node-13-mixed", "metadata": {}}
{"timestamp": 1785774486, "type": "safe_tx", "device": "node-10-fuzzer", "metadata": {}}
{"timestamp": 1785774486, "type": "safe_tx", "device": "node-8-spammer", "metadata": {}}
{"timestamp": 1785774486, "type": "safe_tx", "device": "node-2-clean", "metadata": {}}
{"timestamp": 1785774486, "type": "safe_tx", "device": "node-6-overflow", "metadata": {}}
{"timestamp": 1785774486, "type": "safe_tx", "device": "node-8-spammer", "metadata": {}}
{"timestamp": 1785774486, "type": "safe_tx", "device": "node-8-spammer", "metadata": {}}
{"timestamp": 1785774486, "type": "safe_tx", "device": "node-8-spammer", "metadata": {}}
{"timestamp": 1785774486, "type": "dos_spam", "device": "node-8-spammer", "metadata": {}}
{"timestamp": 1785774486, "type": "safe_tx", "device": "node-8-spammer", "metadata": {}}
{"timestamp": 1785774486, "type": "safe_tx", "device": "node-8-spammer", "metadata": {}}
{"timestamp": 1785774487, "type": "safe_tx", "device": "node-4-clean", "metadata": {}}
{"timestamp": 1785774487, "type": "safe_tx", "device": "node-1-clean", "metadata": {}}
{"timestamp": 1785774487, "type": "time_anomaly", "device": "node-7-timespoof", "metadata": {}}
{"timestamp": 1785774487, "type": "safe_tx", "device": "node-5-clean", "metadata": {}}
{"timestamp": 1785774487, "type": "safe_tx", "device": "node-9-stealth", "metadata": {}}
{"timestamp": 1785774487, "type": "safe_tx", "device": "node-10-fuzzer", "metadata": {}}
{"timestamp": 1785774487, "type": "safe_tx", "device": "node-3-clean", "metadata": {}}
{"timestamp": 1785774487, "type": "safe_tx", "device": "node-14-mixed", "metadata": {}}
{"timestamp": 1785774488, "type": "safe_tx", "device": "node-10-fuzzer", "metadata": {}}
{"timestamp": 1785774488, "type": "safe_tx", "device": "node-8-spammer", "metadata": {}}
{"timestamp": 1785774488, "type": "safe_tx", "device": "node-8-spammer", "metadata": {}}
{"timestamp": 1785774488, "type": "safe_tx", "device": "node-8-spammer", "metadata": {}}
{"timestamp": 1785774488, "type": "safe_tx", "device": "node-8-spammer", "metadata": {}}
{"timestamp": 1785774488, "type": "safe_tx", "device": "node-8-spammer", "metadata": {}}
{"timestamp": 1785774488, "type": "safe_tx", "device": "node-8-spammer", "metadata": {}}
{"timestamp": 1785774488, "type": "safe_tx", "device": "node-8-spammer", "metadata": {}}
{"timestamp": 1785774488, "type": "safe_tx", "device": "node-8-spammer", "metadata": {}}
{"timestamp": 1785774488, "type": "safe_tx", "device": "node-8-spammer", "metadata": {}}
{"timestamp": 1785774488, "type": "safe_tx", "device": "node-8-spammer", "metadata": {}}
{"timestamp": 1785774489, "type": "time_anomaly", "device": "node-15-mixed", "metadata": {}}
{"timestamp": 1785774488, "type": "safe_tx", "device": "node-14-mixed", "metadata": {}}
{"timestamp": 1785774489, "type": "fuzzing", "device": "node-10-fuzzer", "metadata": {}}
{"timestamp": 1785774489, "type": "safe_tx", "device": "node-8-spammer", "metadata": {}}
{"timestamp": 1785774489, "type": "safe_tx", "device": "node-8-spammer", "metadata": {}}
{"timestamp": 1785774489, "type": "safe_tx", "device": "node-8-spammer", "metadata": {}}
{"timestamp": 1785774489, "type": "dos_spam", "device": "node-8-spammer", "metadata": {"count": 30, "window_sec": 5}}
{"timestamp": 1785774489, "type": "safe_tx", "device": "node-8-spammer", "metadata": {}}
{"timestamp": 1785774489, "type": "safe_tx", "device": "node-13-mixed", "metadata": {}}
{"timestamp": 1785774489, "type": "safe_tx", "device": "node-8-spammer", "metadata": {}}
{"timestamp": 1785774489, "type": "dos_spam", "device": "node-8-spammer", "metadata": {}}
{"timestamp": 1785774489, "type": "time_anomaly", "device": "node-12-mixed", "metadata": {}}
{"timestamp": 1785774489, "type": "safe_tx", "device": "node-8-spammer", "metadata": {}}
{"timestamp": 1785774489, "type": "safe_tx", "device": "node-8-spammer", "metadata": {}}
{"timestamp": 1785774489, "type": "safe_tx", "device": "node-8-spammer", "metadata": {}}
{"timestamp": 1785774489, "type": "safe_tx", "device": "node-8-spammer", "metadata": {}}
{"timestamp": 1785774489, "type": "safe_tx", "device": "node-3-clean", "metadata": {}}
{"timestamp": 1785774490, "type": "time_anomaly", "device": "node-14-mixed", "metadata": {}}
{"timestamp": 1785774489, "type": "safe_tx", "device": "node-5-clean", "metadata": {}}
{"timestamp": 1785774489, "type": "safe_tx", "device": "node-10-fuzzer", "metadata": {}}
{"timestamp": 1785774490, "type": "safe_tx", "device": "node-4-clean", "metadata": {}}
{"timestamp": 1785774490, "type": "safe_tx", "device": "node-1-clean", "metadata": {}}
{"timestamp": 1785774490, "type": "safe_tx", "device": "node-3-clean", "metadata": {}}
{"timestamp": 1785774490, "type": "safe_tx", "device": "node-8-spammer", "metadata": {}}
{"timestamp": 1785774490, "type": "safe_tx", "device": "node-8-spammer", "metadata": {}}
{"timestamp": 1785774490, "type": "safe_tx", "device": "node-2-clean", "metadata": {}}
{"timestamp": 1785774490, "type": "safe_tx", "device": "node-8-spammer", "metadata": {}}
{"timestamp": 1785774490, "type": "safe_tx", "device": "node-8-spammer", "metadata": {}}
{"timestamp": 1785774490, "type": "safe_tx", "device": "node-8-spammer", "metadata": {}}
{"timestamp": 1785774490, "type": "safe_tx", "device": "node-8-spammer", "metadata": {}}
{"timestamp": 1785774490, "type": "safe_tx", "device": "node-8-spammer", "metadata": {}}
{"timestamp": 1785774490, "type": "safe_tx", "device": "node-8-spammer", "metadata": {}}
{"timestamp": 1785774490, "type": "safe_tx", "device": "node-8-spammer", "metadata": {}}
{"timestamp": 1785774491, "type": "safe_tx", "device": "node-8-spammer", "metadata": {}}
{"timestamp": 1785774491, "type": "safe_tx", "device": "node-8-spammer", "metadata": {}}
{"timestamp": 1785774491, "type": "dos_spam", "device": "node-8-spammer", "metadata": {}}
{"timestamp": 1785774491, "type": "safe_tx", "device": "node-8-spammer", "metadata": {}}
{"timestamp": 1785774491, "type": "safe_tx", "device": "node-8-spammer", "metadata": {}}
{"timestamp": 1785774491, "type": "safe_tx", "device": "node-8-spammer", "metadata": {}}
{"timestamp": 1785774491, "type": "safe_tx", "device": "node-15-mixed", "metadata": {}}
{"timestamp": 1785774491, "type": "safe_tx", "device": "node-5-clean", "metadata": {}}
{"timestamp": 1785774491, "type": "safe_tx", "device": "node-9-stealth", "metadata": {}}
{"timestamp": 1785774491, "type": "safe_tx", "device": "node-2-clean", "metadata": {}}
{"timestamp": 1785774491, "type": "fuzzing", "device": "node-10-fuzzer", "metadata": {}}
{"timestamp": 1785774492, "type": "time_anomaly", "device": "node-7-timespoof", "metadata": {}}
{"timestamp": 1785774492, "type": "overflow", "device": "node-13-mixed", "metadata": {"count": 3, "window_sec": 30}}
{"timestamp": 1785774492, "type": "safe_tx", "device": "node-5-clean", "metadata": {}}
{"timestamp": 1785774492, "type": "safe_tx", "device": "node-14-mixed", "metadata": {}}
{"timestamp": 1785774492, "type": "safe_tx", "device": "node-1-clean", "metadata": {}}
{"timestamp": 1785774493, "type": "safe_tx", "device": "node-9-stealth", "metadata": {}}
{"timestamp": 1785774493, "type": "safe_tx", "device": "node-13-mixed", "metadata": {}}
{"timestamp": 1785774493, "type": "safe_tx", "device": "node-15-mixed", "metadata": {}}
{"timestamp": 1785774493, "type": "safe_tx", "device": "node-3-clean", "metadata": {}}
{"timestamp": 1785774493, "type": "safe_tx", "device": "node-4-clean", "metadata": {}}
{"timestamp": 1785774493, "type": "safe_tx", "device": "node-14-mixed", "metadata": {}}
{"timestamp": 1785774493, "type": "fuzzing", "device": "node-10-fuzzer", "metadata": {}}
{"timestamp": 1785774493, "type": "safe_tx", "device": "node-8-spammer", "metadata": {}}
{"timestamp": 1785774493, "type": "safe_tx", "device": "node-8-spammer", "metadata": {}}
{"timestamp": 1785774494, "type": "safe_tx", "device": "node-2-clean", "metadata": {}}
{"timestamp": 1785774494, "type": "time_anomaly", "device": "node-7-timespoof", "metadata": {}}
{"timestamp": 1785774494, "type": "safe_tx", "device": "node-4-clean", "metadata": {}}
{"timestamp": 1785774494, "type": "safe_tx", "device": "node-9-stealth", "metadata": {}}
{"timestamp": 1785774494, "type": "overflow", "device": "node-12-mixed", "metadata": {"count": 3, "window_sec": 30}}
{"timestamp": 1785774495, "type": "safe_tx", "device": "node-5-clean", "metadata": {}}
{"timestamp": 1785774495, "type": "safe_tx", "device": "node-8-spammer", "metadata": {}}
{"timestamp": 1785774495, "type": "safe_tx", "device": "node-8-spammer", "metadata": {}}
{"timestamp": 1785774495, "type": "safe_tx", "device": "node-14-mixed", "metadata": {}}
{"timestamp": 1785774495, "type": "fuzzing", "device": "node-10-fuzzer", "metadata": {}}
{"timestamp": 1785774495, "type": "safe_tx", "device": "node-9-stealth", "metadata": {}}
{"timestamp": 1785774496, "type": "safe_tx", "device": "node-15-mixed", "metadata": {}}
{"timestamp": 1785774496, "type": "safe_tx", "device": "node-8-spammer", "metadata": {}}
{"timestamp": 1785774496, "type": "safe_tx", "device": "node-8-spammer", "metadata": {}}
{"timestamp": 1785774496, "type": "safe_tx", "device": "node-8-spammer", "metadata": {}}
{"timestamp": 1785774496, "type": "safe_tx", "device": "node-13-mixed", "metadata": {}}
{"timestamp": 1785774496, "type": "safe_tx", "device": "node-5-clean", "metadata": {}}
{"timestamp": 1785774496, "type": "safe_tx", "device": "node-3-clean", "metadata": {}}
{"timestamp": 1785774496, "type": "safe_tx", "device": "node-4-clean", "metadata": {}}
{"timestamp": 1785774496, "type": "safe_tx", "device": "node-5-clean", "metadata": {}}
{"timestamp": 1785774496, "type": "safe_tx", "device": "node-1-clean", "metadata": {}}
{"timestamp": 1785774496, "type": "fuzzing", "device": "node-10-fuzzer", "metadata": {}}
{"timestamp": 1785774497, "type": "safe_tx", "device": "node-4-clean", "metadata": {}}
{"timestamp": 1785774497, "type": "safe_tx", "device": "node-1-clean", "metadata": {}}
{"timestamp": 1785774497, "type": "safe_tx", "device": "node-2-clean", "metadata": {}}
{"timestamp": 1785774497, "type": "safe_tx", "device": "node-15-mixed", "metadata": {}}
{"timestamp": 1785774497, "type": "safe_tx", "device": "node-8-spammer", "metadata": {}}
{"timestamp": 1785774497, "type": "safe_tx", "device": "node-8-spammer", "metadata": {}}
{"timestamp": 1785774497, "type": "safe_tx", "device": "node-8-spammer", "metadata": {}}
{"timestamp": 1785774497, "type": "safe_tx", "device": "node-8-spammer", "metadata": {}}
{"timestamp": 1785774497, "type": "safe_tx", "device": "node-8-spammer", "metadata": {}}
{"timestamp": 1785774497, "type": "safe_tx", "device": "node-8-spammer", "metadata": {}}
{"timestamp": 1785774497, "type": "safe_tx", "device": "node-12-mixed", "metadata": {}}
{"timestamp": 1785774497, "type": "safe_tx", "device": "node-9-stealth", "metadata": {}}
{"timestamp": 1785774498, "type": "time_anomaly", "device": "node-7-timespoof", "metadata": {}}
{"timestamp": 1785774498, "type": "safe_tx", "device": "node-3-clean", "metadata": {}}
{"timestamp": 1785774498, "type": "safe_tx", "device": "node-4-clean", "metadata": {}}
{"timestamp": 1785774499, "type": "fuzzing", "device": "node-10-fuzzer", "metadata": {}}
{"timestamp": 1785774499, "type": "safe_tx", "device": "node-13-mixed", "metadata": {}}
{"timestamp": 1785774499, "type": "safe_tx", "device": "node-3-clean", "metadata": {}}
{"timestamp": 1785774499, "type": "safe_tx", "device": "node-14-mixed", "metadata": {}}
{"timestamp": 1785774499, "type": "safe_tx", "device": "node-11-pulsing", "metadata": {}}
{"timestamp": 1785774500, "type": "safe_tx", "device": "node-11-pulsing", "metadata": {}}
{"timestamp": 1785774500, "type": "safe_tx", "device": "node-11-pulsing", "metadata": {}}
{"timestamp": 1785774500, "type": "safe_tx", "device": "node-5-clean", "metadata": {}}
{"timestamp": 1785774500, "type": "safe_tx", "device": "node-11-pulsing", "metadata": {}}
{"timestamp": 1785774500, "type": "safe_tx", "device": "node-11-pulsing", "metadata": {}}
{"timestamp": 1785774500, "type": "safe_tx", "device": "node-11-pulsing", "metadata": {}}
{"timestamp": 1785774500, "type": "safe_tx", "device": "node-8-spammer", "metadata": {}}
{"timestamp": 1785774500, "type": "safe_tx", "device": "node-11-pulsing", "metadata": {}}
{"timestamp": 1785774500, "type": "safe_tx", "device": "node-11-pulsing", "metadata": {}}
{"timestamp": 1785774500, "type": "safe_tx", "device": "node-15-mixed", "metadata": {}}
{"timestamp": 1785774500, "type": "fuzzing", "device": "node-10-fuzzer", "metadata": {}}
{"timestamp": 1785774500, "type": "safe_tx", "device": "node-4-clean", "metadata": {}}
{"timestamp": 1785774500, "type": "safe_tx", "device": "node-11-pulsing", "metadata": {}}
{"timestamp": 1785774500, "type": "safe_tx", "device": "node-13-mixed", "metadata": {}}
{"timestamp": 1785774500, "type": "safe_tx", "device": "node-11-pulsing", "metadata": {}}
{"timestamp": 1785774500, "type": "safe_tx", "device": "node-9-stealth", "metadata": {}}
{"timestamp": 1785774500, "type": "safe_tx", "device": "node-11-pulsing", "metadata": {}}
{"timestamp": 1785774500, "type": "safe_tx", "device": "node-11-pulsing", "metadata": {}}
{"timestamp": 1785774500, "type": "safe_tx", "device": "node-11-pulsing", "metadata": {}}
{"timestamp": 1785774500, "type": "safe_tx", "device": "node-11-pulsing", "metadata": {}}
{"timestamp": 1785774500, "type": "safe_tx", "device": "node-1-clean", "metadata": {}}
{"timestamp": 1785774500, "type": "safe_tx", "device": "node-11-pulsing", "metadata": {}}
{"timestamp": 1785774500, "type": "dos_spam", "device": "node-11-pulsing", "metadata": {}}
{"timestamp": 1785774500, "type": "safe_tx", "device": "node-11-pulsing", "metadata": {}}
{"timestamp": 1785774500, "type": "safe_tx", "device": "node-11-pulsing", "metadata": {}}
{"timestamp": 1785774500, "type": "safe_tx", "device": "node-11-pulsing", "metadata": {}}
{"timestamp": 1785774500, "type": "safe_tx", "device": "node-11-pulsing", "metadata": {}}
{"timestamp": 1785774501, "type": "safe_tx", "device": "node-11-pulsing", "metadata": {}}
{"timestamp": 1785774501, "type": "safe_tx", "device": "node-5-clean", "metadata": {}}
{"timestamp": 1785774501, "type": "safe_tx", "device": "node-2-clean", "metadata": {}}
{"timestamp": 1785774501, "type": "safe_tx", "device": "node-8-spammer", "metadata": {}}
{"timestamp": 1785774501, "type": "safe_tx", "device": "node-8-spammer", "metadata": {}}
{"timestamp": 1785774501, "type": "safe_tx", "device": "node-8-spammer", "metadata": {}}
{"timestamp": 1785774501, "type": "safe_tx", "device": "node-13-mixed", "metadata": {}}
{"timestamp": 1785774501, "type": "safe_tx", "device": "node-8-spammer", "metadata": {}}
{"timestamp": 1785774501, "type": "safe_tx", "device": "node-8-spammer", "metadata": {}}
{"timestamp": 1785774501, "type": "safe_tx", "device": "node-8-spammer", "metadata": {}}
{"timestamp": 1785774501, "type": "safe_tx", "device": "node-8-spammer", "metadata": {}}
{"timestamp": 1785774501, "type": "safe_tx", "device": "node-8-spammer", "metadata": {}}
{"timestamp": 1785774501, "type": "safe_tx", "device": "node-12-mixed", "metadata": {}}
{"timestamp": 1785774502, "type": "safe_tx", "device": "node-3-clean", "metadata": {}}
{"timestamp": 1785774502, "type": "time_anomaly", "device": "node-15-mixed", "metadata": {}}
{"timestamp": 1785774502, "type": "fuzzing", "device": "node-10-fuzzer", "metadata": {}}
{"timestamp": 1785774502, "type": "safe_tx", "device": "node-1-clean", "metadata": {}}
{"timestamp": 1785774502, "type": "safe_tx", "device": "node-8-spammer", "metadata": {}}
{"timestamp": 1785774502, "type": "safe_tx", "device": "node-8-spammer", "metadata": {}}
{"timestamp": 1785774502, "type": "safe_tx", "device": "node-8-spammer", "metadata": {}}
{"timestamp": 1785774502, "type": "safe_tx", "device": "node-3-clean", "metadata": {}}
{"timestamp": 1785774503, "type": "safe_tx", "device": "node-14-mixed", "metadata": {}}
{"timestamp": 1785774503, "type": "safe_tx", "device": "node-1-clean", "metadata": {}}
{"timestamp": 1785774503, "type": "time_anomaly", "device": "node-7-timespoof", "metadata": {}}
{"timestamp": 1785774503, "type": "safe_tx", "device": "node-9-stealth", "metadata": {}}
{"timestamp": 1785774504, "type": "time_anomaly", "device": "node-15-mixed", "metadata": {}}
{"timestamp": 1785774503, "type": "safe_tx", "device": "node-4-clean", "metadata": {}}
{"timestamp": 1785774503, "type": "fuzzing", "device": "node-10-fuzzer", "metadata": {}}
{"timestamp": 1785774504, "type": "safe_tx", "device": "node-8-spammer", "metadata": {}}
{"timestamp": 1785774504, "type": "safe_tx", "device": "node-8-spammer", "metadata": {}}
{"timestamp": 1785774504, "type": "safe_tx", "device": "node-8-spammer", "metadata": {}}
{"timestamp": 1785774504, "type": "safe_tx", "device": "node-8-spammer", "metadata": {}}
{"timestamp": 1785774504, "type": "safe_tx", "device": "node-8-spammer", "metadata": {}}
{"timestamp": 1785774504, "type": "overflow", "device": "node-12-mixed", "metadata": {"count": 3, "window_sec": 30}}
{"timestamp": 1785774504, "type": "safe_tx", "device": "node-8-spammer", "metadata": {}}
{"timestamp": 1785774504, "type": "safe_tx", "device": "node-8-spammer", "metadata": {}}
{"timestamp": 1785774504, "type": "safe_tx", "device": "node-2-clean", "metadata": {}}
{"timestamp": 1785774504, "type": "safe_tx", "device": "node-8-spammer", "metadata": {}}
{"timestamp": 1785774504, "type": "safe_tx", "device": "node-8-spammer", "metadata": {}}
{"timestamp": 1785774504, "type": "safe_tx", "device": "node-5-clean", "metadata": {}}
{"timestamp": 1785774504, "type": "safe_tx", "device": "node-2-clean", "metadata": {}}
{"timestamp": 1785774504, "type": "safe_tx", "device": "node-12-mixed", "metadata": {}}
{"timestamp": 1785774505, "type": "safe_tx", "device": "node-8-spammer", "metadata": {}}
{"timestamp": 1785774505, "type": "safe_tx", "device": "node-8-spammer", "metadata": {}}
{"timestamp": 1785774505, "type": "safe_tx", "device": "node-8-spammer", "metadata": {}}
{"timestamp": 1785774505, "type": "safe_tx", "device": "node-8-spammer", "metadata": {}}
{"timestamp": 1785774505, "type": "safe_tx", "device": "node-15-mixed", "metadata": {}}
{"timestamp": 1785774505, "type": "safe_tx", "device": "node-8-spammer", "metadata": {}}
{"timestamp": 1785774505, "type": "safe_tx", "device": "node-2-clean", "metadata": {}}
{"timestamp": 1785774505, "type": "time_anomaly", "device": "node-7-timespoof", "metadata": {}}
{"timestamp": 1785774505, "type": "safe_tx", "device": "node-8-spammer", "metadata": {}}
{"timestamp": 1785774505, "type": "dos_spam", "device": "node-8-spammer", "metadata": {}}
{"timestamp": 1785774505, "type": "safe_tx", "device": "node-8-spammer", "metadata": {}}
{"timestamp": 1785774505, "type": "safe_tx", "device": "node-8-spammer", "metadata": {}}
{"timestamp": 1785774505, "type": "safe_tx", "device": "node-8-spammer", "metadata": {}}
{"timestamp": 1785774505, "type": "dos_spam", "device": "node-8-spammer", "metadata": {"count": 30, "window_sec": 5}}
{"timestamp": 1785774505, "type": "safe_tx", "device": "node-8-spammer", "metadata": {}}
{"timestamp": 1785774505, "type": "safe_tx", "device": "node-8-spammer", "metadata": {}}
{"timestamp": 1785774505, "type": "safe_tx", "device": "node-9-stealth", "metadata": {}}
{"timestamp": 1785774505, "type": "safe_tx", "device": "node-8-spammer", "metadata": {}}
{"timestamp": 1785774505, "type": "safe_tx", "device": "node-8-spammer", "metadata": {}}
{"timestamp": 1785774505, "type": "safe_tx", "device": "node-8-spammer", "metadata": {}}
{"timestamp": 1785774505, "type": "safe_tx", "device": "node-8-spammer", "metadata": {}}
{"timestamp": 1785774505, "type": "safe_tx", "device": "node-8-spammer", "metadata": {}}
{"timestamp": 1785774505, "type": "safe_tx", "device": "node-8-spammer", "metadata": {}}
{"timestamp": 1785774505, "type": "safe_tx", "device": "node-8-spammer", "metadata": {}}
{"timestamp": 1785774505, "type": "safe_tx", "device": "node-8-spammer", "metadata": {}}
{"timestamp": 1785774505, "type": "safe_tx", "device": "node-8-spammer", "metadata": {}}
{"timestamp": 1785774505, "type": "safe_tx", "device": "node-8-spammer", "metadata": {}}
{"timestamp": 1785774505, "type": "dos_spam", "device": "node-8-spammer", "metadata": {}}
{"timestamp": 1785774505, "type": "safe_tx", "device": "node-8-spammer", "metadata": {}}
{"timestamp": 1785774505, "type": "safe_tx", "device": "node-8-spammer", "metadata": {}}
{"timestamp": 1785774505, "type": "safe_tx", "device": "node-8-spammer", "metadata": {}}
{"timestamp": 1785774506, "type": "safe_tx", "device": "node-3-clean", "metadata": {}}
{"timestamp": 1785774506, "type": "safe_tx", "device": "node-8-spammer", "metadata": {}}
{"timestamp": 1785774506, "type": "safe_tx", "device": "node-8-spammer", "metadata": {}}
{"timestamp": 1785774506, "type": "safe_tx", "device": "node-8-spammer", "metadata": {}}
{"timestamp": 1785774506, "type": "time_anomaly", "device": "node-14-mixed", "metadata": {}}
{"timestamp": 1785774506, "type": "safe_tx", "device": "node-8-spammer", "metadata": {}}
{"timestamp": 1785774506, "type": "safe_tx", "device": "node-8-spammer", "metadata": {}}
{"timestamp": 1785774506, "type": "safe_tx", "device": "node-8-spammer", "metadata": {}}
{"timestamp": 1785774506, "type": "safe_tx", "device": "node-8-spammer", "metadata": {}}
{"timestamp": 1785774506, "type": "safe_tx", "device": "node-8-spammer", "metadata": {}}
{"timestamp": 1785774506, "type": "safe_tx", "device": "node-8-spammer", "metadata": {}}
{"timestamp": 1785774506, "type": "safe_tx", "device": "node-8-spammer", "metadata": {}}
{"timestamp": 1785774506, "type": "safe_tx", "device": "node-8-spammer", "metadata": {}}
{"timestamp": 1785774506, "type": "safe_tx", "device": "node-12-mixed", "metadata": {}}
{"timestamp": 1785774506, "type": "safe_tx", "device": "node-10-fuzzer", "metadata": {}}
{"timestamp": 1785774506, "type": "safe_tx", "device": "node-8-spammer", "metadata": {}}
{"timestamp": 1785774506, "type": "dos_spam", "device": "node-8-spammer", "metadata": {}}
{"timestamp": 1785774506, "type": "safe_tx", "device": "node-8-spammer", "metadata": {}}
{"timestamp": 1785774506, "type": "safe_tx", "device": "node-8-spammer", "metadata": {}}
{"timestamp": 1785774506, "type": "safe_tx", "device": "node-4-clean", "metadata": {}}
{"timestamp": 1785774506, "type": "safe_tx", "device": "node-8-spammer", "metadata": {}}
{"timestamp": 1785774506, "type": "dos_spam", "device": "node-8-spammer", "metadata": {"count": 30, "window_sec": 5}}
{"timestamp": 1785774506, "type": "safe_tx", "device": "node-8-spammer", "metadata": {}}
{"timestamp": 1785774506, "type": "safe_tx", "device": "node-8-spammer", "metadata": {}}
{"timestamp": 1785774506, "type": "safe_tx", "device": "node-8-spammer", "metadata": {}}
{"timestamp": 1785774506, "type": "safe_tx", "device": "node-8-spammer", "metadata": {}}
{"timestamp": 1785774506, "type": "safe_tx", "device": "node-8-spammer", "metadata": {}}
{"timestamp": 1785774506, "type": "safe_tx", "device": "node-15-mixed", "metadata": {}}
{"timestamp": 1785774507, "type": "safe_tx", "device": "node-2-clean", "metadata": {}}
{"timestamp": 1785774507, "type": "safe_tx", "device": "node-1-clean", "metadata": {}}
{"timestamp": 1785774507, "type": "safe_tx", "device": "node-9-stealth", "metadata": {}}
{"timestamp": 1785774507, "type": "safe_tx", "device": "node-8-spammer", "metadata": {}}
{"timestamp": 1785774508, "type": "time_anomaly", "device": "node-14-mixed", "metadata": {}}
{"timestamp": 1785774507, "type": "fuzzing", "device": "node-10-fuzzer", "metadata": {}}
{"timestamp": 1785774507, "type": "safe_tx", "device": "node-13-mixed", "metadata": {}}
{"timestamp": 1785774508, "type": "safe_tx", "device": "node-13-mixed", "metadata": {}}
{"timestamp": 1785774508, "type": "safe_tx", "device": "node-3-clean", "metadata": {}}
{"timestamp": 1785774508, "type": "safe_tx", "device": "node-9-stealth", "metadata": {}}
{"timestamp": 1785774508, "type": "fuzzing", "device": "node-10-fuzzer", "metadata": {}}
{"timestamp": 1785774508, "type": "safe_tx", "device": "node-5-clean", "metadata": {}}
{"timestamp": 1785774508, "type": "safe_tx", "device": "node-12-mixed", "metadata": {}}
{"timestamp": 1785774509, "type": "time_anomaly", "device": "node-7-timespoof", "metadata": {}}
{"timestamp": 1785774509, "type": "safe_tx", "device": "node-8-spammer", "metadata": {}}
{"timestamp": 1785774509, "type": "safe_tx", "device": "node-8-spammer", "metadata": {}}
{"timestamp": 1785774509, "type": "safe_tx", "device": "node-8-spammer", "metadata": {}}
{"timestamp": 1785774509, "type": "safe_tx", "device": "node-4-clean", "metadata": {}}
{"timestamp": 1785774509, "type": "safe_tx", "device": "node-2-clean", "metadata": {}}
{"timestamp": 1785774509, "type": "safe_tx", "device": "node-10-fuzzer", "metadata": {}}
{"timestamp": 1785774509, "type": "safe_tx", "device": "node-8-spammer", "metadata": {}}
{"timestamp": 1785774509, "type": "safe_tx", "device": "node-8-spammer", "metadata": {}}
{"timestamp": 1785774509, "type": "safe_tx", "device": "node-8-spammer", "metadata": {}}
{"timestamp": 1785774510, "type": "safe_tx", "device": "node-8-spammer", "metadata": {}}
{"timestamp": 1785774510, "type": "safe_tx", "device": "node-8-spammer", "metadata": {}}
{"timestamp": 1785774510, "type": "safe_tx", "device": "node-8-spammer", "metadata": {}}
{"timestamp": 1785774510, "type": "safe_tx", "device": "node-8-spammer", "metadata": {}}
{"timestamp": 1785774510, "type": "safe_tx", "device": "node-15-mixed", "metadata": {}}
{"timestamp": 1785774510, "type": "safe_tx", "device": "node-8-spammer", "metadata": {}}
{"timestamp": 1785774510, "type": "safe_tx", "device": "node-8-spammer", "metadata": {}}
{"timestamp": 1785774510, "type": "safe_tx", "device": "node-1-clean", "metadata": {}}
{"timestamp": 1785774510, "type": "safe_tx", "device": "node-8-spammer", "metadata": {}}
{"timestamp": 1785774510, "type": "safe_tx", "device": "node-8-spammer", "metadata": {}}
{"timestamp": 1785774510, "type": "safe_tx", "device": "node-8-spammer", "metadata": {}}
{"timestamp": 1785774510, "type": "dos_spam", "device": "node-8-spammer", "metadata": {}}
{"timestamp": 1785774510, "type": "safe_tx", "device": "node-8-spammer", "metadata": {}}
{"timestamp": 1785774510, "type": "safe_tx", "device": "node-8-spammer", "metadata": {}}
{"timestamp": 1785774510, "type": "safe_tx", "device": "node-13-mixed", "metadata": {}}
{"timestamp": 1785774510, "type": "safe_tx", "device": "node-2-clean", "metadata": {}}
{"timestamp": 1785774510, "type": "safe_tx", "device": "node-9-stealth", "metadata": {}}
{"timestamp": 1785774511, "type": "fuzzing", "device": "node-10-fuzzer", "metadata": {}}
{"timestamp": 1785774511, "type": "safe_tx", "device": "node-3-clean", "metadata": {}}
{"timestamp": 1785774511, "type": "safe_tx", "device": "node-8-spammer", "metadata": {}}
{"timestamp": 1785774511, "type": "safe_tx", "device": "node-8-spammer", "metadata": {}}
{"timestamp": 1785774511, "type": "safe_tx", "device": "node-8-spammer", "metadata": {}}
{"timestamp": 1785774511, "type": "safe_tx", "device": "node-8-spammer", "metadata": {}}
{"timestamp": 1785774511, "type": "safe_tx", "device": "node-8-spammer", "metadata": {}}
{"timestamp": 1785774511, "type": "safe_tx", "device": "node-8-spammer", "metadata": {}}
{"timestamp": 1785774512, "type": "time_anomaly", "device": "node-15-mixed", "metadata": {}}
{"timestamp": 1785774512, "type": "safe_tx", "device": "node-14-mixed", "metadata": {}}
{"timestamp": 1785774512, "type": "safe_tx", "device": "node-13-mixed", "metadata": {}}
{"timestamp": 1785774512, "type": "safe_tx", "device": "node-4-clean", "metadata": {}}
{"timestamp": 1785774512, "type": "time_anomaly", "device": "node-12-mixed", "metadata": {}}
{"timestamp": 1785774512, "type": "safe_tx", "device": "node-2-clean", "metadata": {}}
{"timestamp": 1785774512, "type": "safe_tx", "device": "node-5-clean", "metadata": {}}
{"timestamp": 1785774513, "type": "safe_tx", "device": "node-14-mixed", "metadata": {}}
{"timestamp": 1785774513, "type": "safe_tx", "device": "node-10-fuzzer", "metadata": {}}
{"timestamp": 1785774513, "type": "overflow", "device": "node-6-overflow", "metadata": {"count": 3, "window_sec": 30}}
{"timestamp": 1785774513, "type": "safe_tx", "device": "node-9-stealth", "metadata": {}}
{"timestamp": 1785774514, "type": "time_anomaly", "device": "node-7-timespoof", "metadata": {}}
{"timestamp": 1785774513, "type": "safe_tx", "device": "node-15-mixed", "metadata": {}}
{"timestamp": 1785774513, "type": "safe_tx", "device": "node-13-mixed", "metadata": {}}
{"timestamp": 1785774514, "type": "safe_tx", "device": "node-1-clean", "metadata": {}}
{"timestamp": 1785774514, "type": "safe_tx", "device": "node-8-spammer", "metadata": {}}
{"timestamp": 1785774514, "type": "safe_tx", "device": "node-8-spammer", "metadata": {}}
{"timestamp": 1785774514, "type": "safe_tx", "device": "node-8-spammer", "metadata": {}}
{"timestamp": 1785774514, "type": "safe_tx", "device": "node-8-spammer", "metadata": {}}
{"timestamp": 1785774514, "type": "safe_tx", "device": "node-8-spammer", "metadata": {}}
{"timestamp": 1785774514, "type": "safe_tx", "device": "node-4-clean", "metadata": {}}
{"timestamp": 1785774514, "type": "overflow", "device": "node-14-mixed", "metadata": {"count": 3, "window_sec": 30}}
{"timestamp": 1785774514, "type": "safe_tx", "device": "node-10-fuzzer", "metadata": {}}
{"timestamp": 1785774514, "type": "safe_tx", "device": "node-2-clean", "metadata": {}}
{"timestamp": 1785774515, "type": "safe_tx", "device": "node-13-mixed", "metadata": {}}
{"timestamp": 1785774515, "type": "safe_tx", "device": "node-8-spammer", "metadata": {}}
{"timestamp": 1785774515, "type": "safe_tx", "device": "node-8-spammer", "metadata": {}}
{"timestamp": 1785774515, "type": "safe_tx", "device": "node-3-clean", "metadata": {}}
{"timestamp": 1785774516, "type": "safe_tx", "device": "node-3-clean", "metadata": {}}
{"timestamp": 1785774516, "type": "safe_tx", "device": "node-1-clean", "metadata": {}}
{"timestamp": 1785774516, "type": "fuzzing", "device": "node-10-fuzzer", "metadata": {}}
{"timestamp": 1785774516, "type": "safe_tx", "device": "node-8-spammer", "metadata": {}}
{"timestamp": 1785774516, "type": "safe_tx", "device": "node-8-spammer", "metadata": {}}
{"timestamp": 1785774516, "type": "safe_tx", "device": "node-8-spammer", "metadata": {}}
{"timestamp": 1785774516, "type": "safe_tx", "device": "node-3-clean", "metadata": {}}
{"timestamp": 1785774517, "type": "time_anomaly", "device": "node-15-mixed", "metadata": {}}
{"timestamp": 1785774516, "type": "safe_tx", "device": "node-9-stealth", "metadata": {}}
{"timestamp": 1785774516, "type": "safe_tx", "device": "node-14-mixed", "metadata": {}}
{"timestamp": 1785774517, "type": "time_anomaly", "device": "node-7-timespoof", "metadata": {}}
{"timestamp": 1785774517, "type": "safe_tx", "device": "node-5-clean", "metadata": {}}
{"timestamp": 1785774517, "type": "fuzzing", "device": "node-10-fuzzer", "metadata": {}}
{"timestamp": 1785774517, "type": "safe_tx", "device": "node-2-clean", "metadata": {}}
{"timestamp": 1785774517, "type": "safe_tx", "device": "node-4-clean", "metadata": {}}
{"timestamp": 1785774517, "type": "safe_tx", "device": "node-1-clean", "metadata": {}}
{"timestamp": 1785774518, "type": "safe_tx", "device": "node-1-clean", "metadata": {}}
{"timestamp": 1785774518, "type": "safe_tx", "device": "node-8-spammer", "metadata": {}}
{"timestamp": 1785774518, "type": "safe_tx", "device": "node-8-spammer", "metadata": {}}
{"timestamp": 1785774518, "type": "safe_tx", "device": "node-1-clean", "metadata": {}}
{"timestamp": 1785774518, "type": "safe_tx", "device": "node-12-mixed", "metadata": {}}
{"timestamp": 1785774519, "type": "time_anomaly", "device": "node-15-mixed", "metadata": {}}
{"timestamp": 1785774518, "type": "fuzzing", "device": "node-10-fuzzer", "metadata": {}}
{"timestamp": 1785774518, "type": "safe_tx", "device": "node-5-clean", "metadata": {}}
{"timestamp": 1785774519, "type": "safe_tx", "device": "node-4-clean", "metadata": {}}
{"timestamp": 1785774519, "type": "safe_tx", "device": "node-3-clean", "metadata": {}}
{"timestamp": 1785774519, "type": "safe_tx", "device": "node-13-mixed", "metadata": {}}
{"timestamp": 1785774519, "type": "safe_tx", "device": "node-9-stealth", "metadata": {}}
{"timestamp": 1785774519, "type": "safe_tx", "device": "node-10-fuzzer", "metadata": {}}
{"timestamp": 1785774519, "type": "safe_tx", "device": "node-1-clean", "metadata": {}}
{"timestamp": 1785774520, "type": "safe_tx", "device": "node-14-mixed", "metadata": {}}
{"timestamp": 1785774520, "type": "safe_tx", "device": "node-2-clean", "metadata": {}}
{"timestamp": 1785774520, "type": "overflow", "device": "node-12-mixed", "metadata": {"count": 3, "window_sec": 30}}
{"timestamp": 1785774520, "type": "safe_tx", "device": "node-5-clean", "metadata": {}}
{"timestamp": 1785774521, "type": "safe_tx", "device": "node-2-clean", "metadata": {}}
{"timestamp": 1785774521, "type": "safe_tx", "device": "node-10-fuzzer", "metadata": {}}
{"timestamp": 1785774521, "type": "safe_tx", "device": "node-12-mixed", "metadata": {}}
{"timestamp": 1785774522, "type": "time_anomaly", "device": "node-15-mixed", "metadata": {}}
{"timestamp": 1785774521, "type": "safe_tx", "device": "node-8-spammer", "metadata": {}}
{"timestamp": 1785774521, "type": "safe_tx", "device": "node-14-mixed", "metadata": {}}
{"timestamp": 1785774521, "type": "safe_tx", "device": "node-8-spammer", "metadata": {}}
{"timestamp": 1785774521, "type": "safe_tx", "device": "node-8-spammer", "metadata": {}}
{"timestamp": 1785774521, "type": "safe_tx", "device": "node-8-spammer", "metadata": {}}
{"timestamp": 1785774521, "type": "safe_tx", "device": "node-3-clean", "metadata": {}}
{"timestamp": 1785774521, "type": "safe_tx", "device": "node-12-mixed", "metadata": {}}
{"timestamp": 1785774521, "type": "safe_tx", "device": "node-4-clean", "metadata": {}}
{"timestamp": 1785774522, "type": "safe_tx", "device": "node-13-mixed", "metadata": {}}
{"timestamp": 1785774522, "type": "safe_tx", "device": "node-1-clean", "metadata": {}}
{"timestamp": 1785774522, "type": "safe_tx", "device": "node-10-fuzzer", "metadata": {}}
{"timestamp": 1785774522, "type": "time_anomaly", "device": "node-7-timespoof", "metadata": {}}
{"timestamp": 1785774522, "type": "safe_tx", "device": "node-9-stealth", "metadata": {}}
{"timestamp": 1785774522, "type": "safe_tx", "device": "node-12-mixed", "metadata": {}}
{"timestamp": 1785774522, "type": "safe_tx", "device": "node-14-mixed", "metadata": {}}
{"timestamp": 1785774523, "type": "safe_tx", "device": "node-6-overflow", "metadata": {}}
{"timestamp": 1785774523, "type": "safe_tx", "device": "node-8-spammer", "metadata": {}}
{"timestamp": 1785774523, "type": "safe_tx", "device": "node-8-spammer", "metadata": {}}
{"timestamp": 1785774523, "type": "safe_tx", "device": "node-4-clean", "metadata": {}}
{"timestamp": 1785774523, "type": "safe_tx", "device": "node-5-clean", "metadata": {}}
{"timestamp": 1785774523, "type": "safe_tx", "device": "node-14-mixed", "metadata": {}}
{"timestamp": 1785774523, "type": "safe_tx", "device": "node-13-mixed", "metadata": {}}
{"timestamp": 1785774523, "type": "safe_tx", "device": "node-3-clean", "metadata": {}}
{"timestamp": 1785774523, "type": "fuzzing", "device": "node-10-fuzzer", "metadata": {}}
{"timestamp": 1785774524, "type": "safe_tx", "device": "node-9-stealth", "metadata": {}}
{"timestamp": 1785774524, "type": "safe_tx", "device": "node-14-mixed", "metadata": {}}
{"timestamp": 1785774524, "type": "safe_tx", "device": "node-15-mixed", "metadata": {}}
{"timestamp": 1785774524, "type": "safe_tx", "device": "node-8-spammer", "metadata": {}}
{"timestamp": 1785774524, "type": "safe_tx", "device": "node-8-spammer", "metadata": {}}
{"timestamp": 1785774524, "type": "safe_tx", "device": "node-14-mixed", "metadata": {}}
{"timestamp": 1785774524, "type": "safe_tx", "device": "node-8-spammer", "metadata": {}}
{"timestamp": 1785774524, "type": "safe_tx", "device": "node-8-spammer", "metadata": {}}
{"timestamp": 1785774524, "type": "safe_tx", "device": "node-1-clean", "metadata": {}}
{"timestamp": 1785774524, "type": "safe_tx", "device": "node-4-clean", "metadata": {}}
{"timestamp": 1785774524, "type": "safe_tx", "device": "node-2-clean", "metadata": {}}
{"timestamp": 1785774525, "type": "safe_tx", "device": "node-12-mixed", "metadata": {}}
{"timestamp": 1785774525, "type": "safe_tx", "device": "node-8-spammer", "metadata": {}}
{"timestamp": 1785774525, "type": "safe_tx", "device": "node-8-spammer", "metadata": {}}
{"timestamp": 1785774525, "type": "safe_tx", "device": "node-8-spammer", "metadata": {}}
{"timestamp": 1785774525, "type": "safe_tx", "device": "node-8-spammer", "metadata": {}}
{"timestamp": 1785774525, "type": "safe_tx", "device": "node-8-spammer", "metadata": {}}
{"timestamp": 1785774525, "type": "safe_tx", "device": "node-8-spammer", "metadata": {}}
{"timestamp": 1785774525, "type": "safe_tx", "device": "node-3-clean", "metadata": {}}
{"timestamp": 1785774525, "type": "overflow", "device": "node-15-mixed", "metadata": {"count": 3, "window_sec": 30}}
{"timestamp": 1785774525, "type": "safe_tx", "device": "node-13-mixed", "metadata": {}}
{"timestamp": 1785774525, "type": "safe_tx", "device": "node-8-spammer", "metadata": {}}
{"timestamp": 1785774525, "type": "safe_tx", "device": "node-9-stealth", "metadata": {}}
{"timestamp": 1785774525, "type": "safe_tx", "device": "node-8-spammer", "metadata": {}}
{"timestamp": 1785774525, "type": "safe_tx", "device": "node-3-clean", "metadata": {}}
{"timestamp": 1785774525, "type": "safe_tx", "device": "node-8-spammer", "metadata": {}}
{"timestamp": 1785774525, "type": "dos_spam", "device": "node-8-spammer", "metadata": {}}
{"timestamp": 1785774525, "type": "safe_tx", "device": "node-8-spammer", "metadata": {}}
{"timestamp": 1785774526, "type": "time_anomaly", "device": "node-7-timespoof", "metadata": {}}
{"timestamp": 1785774526, "type": "safe_tx", "device": "node-8-spammer", "metadata": {}}
{"timestamp": 1785774526, "type": "safe_tx", "device": "node-8-spammer", "metadata": {}}
{"timestamp": 1785774526, "type": "safe_tx", "device": "node-8-spammer", "metadata": {}}
{"timestamp": 1785774526, "type": "safe_tx", "device": "node-8-spammer", "metadata": {}}
{"timestamp": 1785774526, "type": "safe_tx", "device": "node-8-spammer", "metadata": {}}
{"timestamp": 1785774526, "type": "safe_tx", "device": "node-8-spammer", "metadata": {}}
{"timestamp": 1785774526, "type": "safe_tx", "device": "node-8-spammer", "metadata": {}}
{"timestamp": 1785774526, "type": "safe_tx", "device": "node-8-spammer", "metadata": {}}
{"timestamp": 1785774526, "type": "safe_tx", "device": "node-8-spammer", "metadata": {}}
{"timestamp": 1785774526, "type": "safe_tx", "device": "node-8-spammer", "metadata": {}}
{"timestamp": 1785774526, "type": "dos_spam", "device": "node-8-spammer", "metadata": {"count": 30, "window_sec": 5}}
{"timestamp": 1785774526, "type": "fuzzing", "device": "node-10-fuzzer", "metadata": {}}
{"timestamp": 1785774526, "type": "safe_tx", "device": "node-8-spammer", "metadata": {}}
{"timestamp": 1785774526, "type": "safe_tx", "device": "node-8-spammer", "metadata": {}}
{"timestamp": 1785774526, "type": "safe_tx", "device": "node-8-spammer", "metadata": {}}
{"timestamp": 1785774526, "type": "safe_tx", "device": "node-8-spammer", "metadata": {}}
{"timestamp": 1785774526, "type": "dos_spam", "device": "node-8-spammer", "metadata": {}}
{"timestamp": 1785774526, "type": "safe_tx", "device": "node-8-spammer", "metadata": {}}
{"timestamp": 1785774526, "type": "safe_tx", "device": "node-8-spammer", "metadata": {}}
{"timestamp": 1785774526, "type": "safe_tx", "device": "node-8-spammer", "metadata": {}}
{"timestamp": 1785774526, "type": "safe_tx", "device": "node-8-spammer", "metadata": {}}
{"timestamp": 1785774526, "type": "safe_tx", "device": "node-8-spammer", "metadata": {}}
{"timestamp": 1785774526, "type": "safe_tx", "device": "node-8-spammer", "metadata": {}}
{"timestamp": 1785774526, "type": "safe_tx", "device": "node-5-clean", "metadata": {}}
{"timestamp": 1785774526, "type": "safe_tx", "device": "node-8-spammer", "metadata": {}}
{"timestamp": 1785774526, "type": "safe_tx", "device": "node-8-spammer", "metadata": {}}
{"timestamp": 1785774526, "type": "safe_tx", "device": "node-8-spammer", "metadata": {}}
{"timestamp": 1785774526, "type": "safe_tx", "device": "node-10-fuzzer", "metadata": {}}
{"timestamp": 1785774526, "type": "safe_tx", "device": "node-1-clean", "metadata": {}}
{"timestamp": 1785774527, "type": "safe_tx", "device": "node-9-stealth", "metadata": {}}
{"timestamp": 1785774527, "type": "safe_tx", "device": "node-13-mixed", "metadata": {}}
{"timestamp": 1785774527, "type": "safe_tx", "device": "node-3-clean", "metadata": {}}
{"timestamp": 1785774527, "type": "safe_tx", "device": "node-14-mixed", "metadata": {}}
{"timestamp": 1785774527, "type": "safe_tx", "device": "node-15-mixed", "metadata": {}}
{"timestamp": 1785774528, "type": "safe_tx", "device": "node-2-clean", "metadata": {}}
{"timestamp": 1785774528, "type": "safe_tx", "device": "node-9-stealth", "metadata": {}}
{"timestamp": 1785774528, "type": "safe_tx", "device": "node-8-spammer", "metadata": {}}
{"timestamp": 1785774528, "type": "safe_tx", "device": "node-4-clean", "metadata": {}}
{"timestamp": 1785774528, "type": "safe_tx", "device": "node-8-spammer", "metadata": {}}
{"timestamp": 1785774528, "type": "safe_tx", "device": "node-8-spammer", "metadata": {}}
{"timestamp": 1785774528, "type": "safe_tx", "device": "node-8-spammer", "metadata": {}}
{"timestamp": 1785774528, "type": "safe_tx", "device": "node-8-spammer", "metadata": {}}
{"timestamp": 1785774528, "type": "safe_tx", "device": "node-8-spammer", "metadata": {}}
{"timestamp": 1785774528, "type": "dos_spam", "device": "node-8-spammer", "metadata": {}}
{"timestamp": 1785774528, "type": "safe_tx", "device": "node-8-spammer", "metadata": {}}
{"timestamp": 1785774528, "type": "safe_tx", "device": "node-8-spammer", "metadata": {}}
{"timestamp": 1785774528, "type": "safe_tx", "device": "node-8-spammer", "metadata": {}}
{"timestamp": 1785774528, "type": "safe_tx", "device": "node-8-spammer", "metadata": {}}
{"timestamp": 1785774528, "type": "safe_tx", "device": "node-8-spammer", "metadata": {}}
{"timestamp": 1785774528, "type": "safe_tx", "device": "node-8-spammer", "metadata": {}}
{"timestamp": 1785774528, "type": "safe_tx", "device": "node-8-spammer", "metadata": {}}
{"timestamp": 1785774528, "type": "safe_tx", "device": "node-8-spammer", "metadata": {}}
{"timestamp": 1785774528, "type": "safe_tx", "device": "node-8-spammer", "metadata": {}}
{"timestamp": 1785774529, "type": "time_anomaly", "device": "node-7-timespoof", "metadata": {}}
{"timestamp": 1785774528, "type": "safe_tx", "device": "node-8-spammer", "metadata": {}}
{"timestamp": 1785774528, "type": "safe_tx", "device": "node-8-spammer", "metadata": {}}
{"timestamp": 1785774528, "type": "dos_spam", "device": "node-8-spammer", "metadata": {"count": 30, "window_sec": 5}}
{"timestamp": 1785774528, "type": "safe_tx", "device": "node-8-spammer", "metadata": {}}
{"timestamp": 1785774528, "type": "safe_tx", "device": "node-8-spammer", "metadata": {}}
{"timestamp": 1785774528, "type": "safe_tx", "device": "node-8-spammer", "metadata": {}}
{"timestamp": 1785774528, "type": "safe_tx", "device": "node-8-spammer", "metadata": {}}
{"timestamp": 1785774528, "type": "dos_spam", "device": "node-8-spammer", "metadata": {}}
{"timestamp": 1785774528, "type": "safe_tx", "device": "node-8-spammer", "metadata": {}}
{"timestamp": 1785774528, "type": "safe_tx", "device": "node-8-spammer", "metadata": {}}
{"timestamp": 1785774528, "type": "safe_tx", "device": "node-8-spammer", "metadata": {}}
{"timestamp": 1785774528, "type": "fuzzing", "device": "node-10-fuzzer", "metadata": {}}
{"timestamp": 1785774528, "type": "safe_tx", "device": "node-4-clean", "metadata": {}}
{"timestamp": 1785774529, "type": "safe_tx", "device": "node-8-spammer", "metadata": {}}
{"timestamp": 1785774529, "type": "safe_tx", "device": "node-5-clean", "metadata": {}}
{"timestamp": 1785774529, "type": "safe_tx", "device": "node-8-spammer", "metadata": {}}
{"timestamp": 1785774529, "type": "safe_tx", "device": "node-8-spammer", "metadata": {}}
{"timestamp": 1785774529, "type": "safe_tx", "device": "node-1-clean", "metadata": {}}
{"timestamp": 1785774529, "type": "safe_tx", "device": "node-8-spammer", "metadata": {}}
{"timestamp": 1785774529, "type": "safe_tx", "device": "node-8-spammer", "metadata": {}}
{"timestamp": 1785774529, "type": "safe_tx", "device": "node-3-clean", "metadata": {}}
{"timestamp": 1785774529, "type": "safe_tx", "device": "node-8-spammer", "metadata": {}}
{"timestamp": 1785774529, "type": "safe_tx", "device": "node-13-mixed", "metadata": {}}
{"timestamp": 1785774529, "type": "safe_tx", "device": "node-8-spammer", "metadata": {}}
{"timestamp": 1785774529, "type": "safe_tx", "device": "node-8-spammer", "metadata": {}}
{"timestamp": 1785774530, "type": "safe_tx", "device": "node-14-mixed", "metadata": {}}
{"timestamp": 1785774530, "type": "safe_tx", "device": "node-5-clean", "metadata": {}}
{"timestamp": 1785774530, "type": "safe_tx", "device": "node-2-clean", "metadata": {}}
{"timestamp": 1785774530, "type": "safe_tx", "device": "node-3-clean", "metadata": {}}
{"timestamp": 1785774530, "type": "safe_tx", "device": "node-5-clean", "metadata": {}}
{"timestamp": 1785774530, "type": "safe_tx", "device": "node-11-pulsing", "metadata": {}}
{"timestamp": 1785774530, "type": "safe_tx", "device": "node-10-fuzzer", "metadata": {}}
{"timestamp": 1785774530, "type": "safe_tx", "device": "node-11-pulsing", "metadata": {}}
{"timestamp": 1785774530, "type": "safe_tx", "device": "node-8-spammer", "metadata": {}}
{"timestamp": 1785774530, "type": "safe_tx", "device": "node-11-pulsing", "metadata": {}}
{"timestamp": 1785774530, "type": "safe_tx", "device": "node-11-pulsing", "metadata": {}}
{"timestamp": 1785774530, "type": "safe_tx", "device": "node-11-pulsing", "metadata": {}}
{"timestamp": 1785774530, "type": "safe_tx", "device": "node-11-pulsing", "metadata": {}}
{"timestamp": 1785774531, "type": "safe_tx", "device": "node-11-pulsing", "metadata": {}}
{"timestamp": 1785774531, "type": "safe_tx", "device": "node-12-mixed", "metadata": {}}
{"timestamp": 1785774531, "type": "safe_tx", "device": "node-11-pulsing", "metadata": {}}
{"timestamp": 1785774531, "type": "safe_tx", "device": "node-4-clean", "metadata": {}}
{"timestamp": 1785774531, "type": "safe_tx", "device": "node-9-stealth", "metadata": {}}
{"timestamp": 1785774531, "type": "safe_tx", "device": "node-11-pulsing", "metadata": {}}
{"timestamp": 1785774531, "type": "safe_tx", "device": "node-11-pulsing", "metadata": {}}
{"timestamp": 1785774531, "type": "safe_tx", "device": "node-3-clean", "metadata": {}}
{"timestamp": 1785774531, "type": "safe_tx", "device": "node-11-pulsing", "metadata": {}}
{"timestamp": 1785774531, "type": "safe_tx", "device": "node-6-overflow", "metadata": {}}
{"timestamp": 1785774531, "type": "safe_tx", "device": "node-11-pulsing", "metadata": {}}
{"timestamp": 1785774531, "type": "safe_tx", "device": "node-11-pulsing", "metadata": {}}
{"timestamp": 1785774531, "type": "safe_tx", "device": "node-11-pulsing", "metadata": {}}
{"timestamp": 1785774531, "type": "safe_tx", "device": "node-11-pulsing", "metadata": {}}
{"timestamp": 1785774531, "type": "dos_spam", "device": "node-11-pulsing", "metadata": {}}
{"timestamp": 1785774531, "type": "safe_tx", "device": "node-11-pulsing", "metadata": {}}
{"timestamp": 1785774531, "type": "safe_tx", "device": "node-3-clean", "metadata": {}}
{"timestamp": 1785774531, "type": "safe_tx", "device": "node-11-pulsing", "metadata": {}}
{"timestamp": 1785774531, "type": "safe_tx", "device": "node-11-pulsing", "metadata": {}}
{"timestamp": 1785774531, "type": "safe_tx", "device": "node-11-pulsing", "metadata": {}}
{"timestamp": 1785774531, "type": "safe_tx", "device": "node-11-pulsing", "metadata": {}}
{"timestamp": 1785774531, "type": "safe_tx", "device": "node-15-mixed", "metadata": {}}
{"timestamp": 1785774531, "type": "safe_tx", "device": "node-8-spammer", "metadata": {}}
{"timestamp": 1785774531, "type": "safe_tx", "device": "node-8-spammer", "metadata": {}}
{"timestamp": 1785774531, "type": "safe_tx", "device": "node-8-spammer", "metadata": {}}
{"timestamp": 1785774531, "type": "fuzzing", "device": "node-10-fuzzer", "metadata": {}}
{"timestamp": 1785774532, "type": "overflow", "device": "node-15-mixed", "metadata": {"count": 3, "window_sec": 30}}
{"timestamp": 1785774532, "type": "time_anomaly", "device": "node-7-timespoof", "metadata": {}}
{"timestamp": 1785774532, "type": "safe_tx", "device": "node-13-mixed", "metadata": {}}
{"timestamp": 1785774532, "type": "safe_tx", "device": "node-1-clean", "metadata": {}}
{"timestamp": 1785774532, "type": "safe_tx", "device": "node-8-spammer", "metadata": {}}
{"timestamp": 1785774532, "type": "safe_tx", "device": "node-5-clean", "metadata": {}}
{"timestamp": 1785774532, "type": "safe_tx", "device": "node-5-clean", "metadata": {}}
{"timestamp": 1785774533, "type": "safe_tx", "device": "node-15-mixed", "metadata": {}}
{"timestamp": 1785774533, "type": "time_anomaly", "device": "node-14-mixed", "metadata": {}}
{"timestamp": 1785774533, "type": "safe_tx", "device": "node-8-spammer", "metadata": {}}
{"timestamp": 1785774533, "type": "safe_tx", "device": "node-8-spammer", "metadata": {}}
{"timestamp": 1785774533, "type": "fuzzing", "device": "node-10-fuzzer", "metadata": {}}
{"timestamp": 1785774533, "type": "safe_tx", "device": "node-2-clean", "metadata": {}}
{"timestamp": 1785774533, "type": "safe_tx", "device": "node-12-mixed", "metadata": {}}
{"timestamp": 1785774533, "type": "safe_tx", "device": "node-9-stealth", "metadata": {}}
{"timestamp": 1785774534, "type": "safe_tx", "device": "node-3-clean", "metadata": {}}
{"timestamp": 1785774534, "type": "safe_tx", "device": "node-15-mixed", "metadata": {}}
{"timestamp": 1785774534, "type": "safe_tx", "device": "node-14-mixed", "metadata": {}}
{"timestamp": 1785774534, "type": "safe_tx", "device": "node-4-clean", "metadata": {}}
{"timestamp": 1785774534, "type": "safe_tx", "device": "node-13-mixed", "metadata": {}}
{"timestamp": 1785774534, "type": "safe_tx", "device": "node-8-spammer", "metadata": {}}
{"timestamp": 1785774534, "type": "safe_tx", "device": "node-8-spammer", "metadata": {}}
{"timestamp": 1785774534, "type": "safe_tx", "device": "node-8-spammer", "metadata": {}}
{"timestamp": 1785774534, "type": "safe_tx", "device": "node-8-spammer", "metadata": {}}
{"timestamp": 1785774534, "type": "safe_tx", "device": "node-8-spammer", "metadata": {}}
{"timestamp": 1785774534, "type": "safe_tx", "device": "node-15-mixed", "metadata": {}}
{"timestamp": 1785774534, "type": "safe_tx", "device": "node-8-spammer", "metadata": {}}
{"timestamp": 1785774534, "type": "safe_tx", "device": "node-8-spammer", "metadata": {}}
{"timestamp": 1785774535, "type": "safe_tx", "device": "node-8-spammer", "metadata": {}}
{"timestamp": 1785774535, "type": "safe_tx", "device": "node-8-spammer", "metadata": {}}
{"timestamp": 1785774535, "type": "safe_tx", "device": "node-8-spammer", "metadata": {}}
{"timestamp": 1785774535, "type": "safe_tx", "device": "node-8-spammer", "metadata": {}}
{"timestamp": 1785774535, "type": "safe_tx", "device": "node-8-spammer", "metadata": {}}
{"timestamp": 1785774535, "type": "safe_tx", "device": "node-9-stealth", "metadata": {}}
{"timestamp": 1785774535, "type": "safe_tx", "device": "node-8-spammer", "metadata": {}}
{"timestamp": 1785774535, "type": "dos_spam", "device": "node-8-spammer", "metadata": {}}
{"timestamp": 1785774535, "type": "safe_tx", "device": "node-8-spammer", "metadata": {}}
{"timestamp": 1785774535, "type": "safe_tx", "device": "node-8-spammer", "metadata": {}}
{"timestamp": 1785774535, "type": "safe_tx", "device": "node-8-spammer", "metadata": {}}
{"timestamp": 1785774535, "type": "safe_tx", "device": "node-14-mixed", "metadata": {}}
{"timestamp": 1785774535, "type": "safe_tx", "device": "node-8-spammer", "metadata": {}}
{"timestamp": 1785774535, "type": "fuzzing", "device": "node-10-fuzzer", "metadata": {}}
{"timestamp": 1785774535, "type": "safe_tx", "device": "node-8-spammer", "metadata": {}}
{"timestamp": 1785774535, "type": "safe_tx", "device": "node-8-spammer", "metadata": {}}
{"timestamp": 1785774535, "type": "safe_tx", "device": "node-8-spammer", "metadata": {}}
{"timestamp": 1785774535, "type": "safe_tx", "device": "node-12-mixed", "metadata": {}}
{"timestamp": 1785774535, "type": "safe_tx", "device": "node-8-spammer", "metadata": {}}
{"timestamp": 1785774535, "type": "safe_tx", "device": "node-1-clean", "metadata": {}}
{"timestamp": 1785774535, "type": "safe_tx", "device": "node-15-mixed", "metadata": {}}
{"timestamp": 1785774535, "type": "safe_tx", "device": "node-4-clean", "metadata": {}}
{"timestamp": 1785774536, "type": "fuzzing", "device": "node-10-fuzzer", "metadata": {}}
{"timestamp": 1785774536, "type": "safe_tx", "device": "node-8-spammer", "metadata": {}}
{"timestamp": 1785774536, "type": "safe_tx", "device": "node-2-clean", "metadata": {}}
{"timestamp": 1785774536, "type": "safe_tx", "device": "node-15-mixed", "metadata": {}}
{"timestamp": 1785774536, "type": "safe_tx", "device": "node-4-clean", "metadata": {}}
{"timestamp": 1785774537, "type": "safe_tx", "device": "node-10-fuzzer", "metadata": {}}
{"timestamp": 1785774537, "type": "safe_tx", "device": "node-5-clean", "metadata": {}}
{"timestamp": 1785774537, "type": "time_anomaly", "device": "node-7-timespoof", "metadata": {}}
{"timestamp": 1785774537, "type": "overflow", "device": "node-12-mixed", "metadata": {"count": 3, "window_sec": 30}}
{"timestamp": 1785774537, "type": "safe_tx", "device": "node-3-clean", "metadata": {}}
{"timestamp": 1785774538, "type": "time_anomaly", "device": "node-13-mixed", "metadata": {}}
{"timestamp": 1785774537, "type": "safe_tx", "device": "node-12-mixed", "metadata": {}}
{"timestamp": 1785774538, "type": "safe_tx", "device": "node-9-stealth", "metadata": {}}
{"timestamp": 1785774538, "type": "safe_tx", "device": "node-14-mixed", "metadata": {}}
{"timestamp": 1785774538, "type": "safe_tx", "device": "node-5-clean", "metadata": {}}
{"timestamp": 1785774538, "type": "fuzzing", "device": "node-10-fuzzer", "metadata": {}}
{"timestamp": 1785774538, "type": "safe_tx", "device": "node-15-mixed", "metadata": {}}
{"timestamp": 1785774538, "type": "safe_tx", "device": "node-5-clean", "metadata": {}}
{"timestamp": 1785774538, "type": "safe_tx", "device": "node-9-stealth", "metadata": {}}
{"timestamp": 1785774538, "type": "safe_tx", "device": "node-8-spammer", "metadata": {}}
{"timestamp": 1785774538, "type": "safe_tx", "device": "node-8-spammer", "metadata": {}}
{"timestamp": 1785774538, "type": "safe_tx", "device": "node-8-spammer", "metadata": {}}
{"timestamp": 1785774538, "type": "safe_tx", "device": "node-8-spammer", "metadata": {}}
{"timestamp": 1785774538, "type": "safe_tx", "device": "node-8-spammer", "metadata": {}}
{"timestamp": 1785774538, "type": "safe_tx", "device": "node-3-clean", "metadata": {}}
{"timestamp": 1785774538, "type": "safe_tx", "device": "node-8-spammer", "metadata": {}}
{"timestamp": 1785774538, "type": "dos_spam", "device": "node-8-spammer", "metadata": {"count": 30, "window_sec": 5}}
{"timestamp": 1785774538, "type": "safe_tx", "device": "node-8-spammer", "metadata": {}}
{"timestamp": 1785774539, "type": "safe_tx", "device": "node-8-spammer", "metadata": {}}
{"timestamp": 1785774539, "type": "safe_tx", "device": "node-8-spammer", "metadata": {}}
{"timestamp": 1785774539, "type": "safe_tx", "device": "node-8-spammer", "metadata": {}}
{"timestamp": 1785774539, "type": "safe_tx", "device": "node-9-stealth", "metadata": {}}
{"timestamp": 1785774539, "type": "fuzzing", "device": "node-10-fuzzer", "metadata": {}}
{"timestamp": 1785774539, "type": "safe_tx", "device": "node-4-clean", "metadata": {}}
{"timestamp": 1785774539, "type": "safe_tx", "device": "node-8-spammer", "metadata": {}}
{"timestamp": 1785774539, "type": "safe_tx", "device": "node-1-clean", "metadata": {}}
{"timestamp": 1785774539, "type": "safe_tx", "device": "node-2-clean", "metadata": {}}
{"timestamp": 1785774540, "type": "safe_tx", "device": "node-5-clean", "metadata": {}}
{"timestamp": 1785774540, "type": "time_anomaly", "device": "node-15-mixed", "metadata": {}}
{"timestamp": 1785774540, "type": "safe_tx", "device": "node-10-fuzzer", "metadata": {}}
{"timestamp": 1785774540, "type": "safe_tx", "device": "node-6-overflow", "metadata": {}}
{"timestamp": 1785774540, "type": "safe_tx", "device": "node-14-mixed", "metadata": {}}
{"timestamp": 1785774541, "type": "safe_tx", "device": "node-8-spammer", "metadata": {}}
{"timestamp": 1785774541, "type": "safe_tx", "device": "node-9-stealth", "metadata": {}}
{"timestamp": 1785774541, "type": "time_anomaly", "device": "node-12-mixed", "metadata": {}}
{"timestamp": 1785774541, "type": "safe_tx", "device": "node-3-clean", "metadata": {}}
{"timestamp": 1785774541, "type": "safe_tx", "device": "node-1-clean", "metadata": {}}
{"timestamp": 1785774541, "type": "safe_tx", "device": "node-8-spammer", "metadata": {}}
{"timestamp": 1785774542, "type": "safe_tx", "device": "node-8-spammer", "metadata": {}}
{"timestamp": 1785774542, "type": "safe_tx", "device": "node-8-spammer", "metadata": {}}
{"timestamp": 1785774542, "type": "safe_tx", "device": "node-8-spammer", "metadata": {}}
{"timestamp": 1785774542, "type": "safe_tx", "device": "node-15-mixed", "metadata": {}}
{"timestamp": 1785774542, "type": "safe_tx", "device": "node-8-spammer", "metadata": {}}
{"timestamp": 1785774542, "type": "safe_tx", "device": "node-8-spammer", "metadata": {}}
{"timestamp": 1785774542, "type": "safe_tx", "device": "node-8-spammer", "metadata": {}}
{"timestamp": 1785774542, "type": "safe_tx", "device": "node-8-spammer", "metadata": {}}
{"timestamp": 1785774542, "type": "safe_tx", "device": "node-8-spammer", "metadata": {}}
{"timestamp": 1785774542, "type": "safe_tx", "device": "node-1-clean", "metadata": {}}
{"timestamp": 1785774542, "type": "fuzzing", "device": "node-10-fuzzer", "metadata": {}}
{"timestamp": 1785774542, "type": "safe_tx", "device": "node-8-spammer", "metadata": {}}
{"timestamp": 1785774542, "type": "safe_tx", "device": "node-8-spammer", "metadata": {}}
{"timestamp": 1785774542, "type": "safe_tx", "device": "node-8-spammer", "metadata": {}}
{"timestamp": 1785774542, "type": "safe_tx", "device": "node-8-spammer", "metadata": {}}
{"timestamp": 1785774542, "type": "safe_tx", "device": "node-8-spammer", "metadata": {}}
{"timestamp": 1785774542, "type": "dos_spam", "device": "node-8-spammer", "metadata": {}}
{"timestamp": 1785774542, "type": "safe_tx", "device": "node-8-spammer", "metadata": {}}
{"timestamp": 1785774542, "type": "safe_tx", "device": "node-4-clean", "metadata": {}}
{"timestamp": 1785774542, "type": "overflow", "device": "node-13-mixed", "metadata": {"count": 3, "window_sec": 30}}
{"timestamp": 1785774543, "type": "time_anomaly", "device": "node-7-timespoof", "metadata": {}}
{"timestamp": 1785774543, "type": "safe_tx", "device": "node-9-stealth", "metadata": {}}
{"timestamp": 1785774543, "type": "safe_tx", "device": "node-2-clean", "metadata": {}}
{"timestamp": 1785774543, "type": "safe_tx", "device": "node-4-clean", "metadata": {}}
{"timestamp": 1785774543, "type": "safe_tx", "device": "node-8-spammer", "metadata": {}}
{"timestamp": 1785774543, "type": "safe_tx", "device": "node-5-clean", "metadata": {}}
{"timestamp": 1785774543, "type": "safe_tx", "device": "node-8-spammer", "metadata": {}}
{"timestamp": 1785774543, "type": "safe_tx", "device": "node-8-spammer", "metadata": {}}
{"timestamp": 1785774543, "type": "safe_tx", "device": "node-8-spammer", "metadata": {}}
{"timestamp": 1785774543, "type": "safe_tx", "device": "node-8-spammer", "metadata": {}}
{"timestamp": 1785774543, "type": "safe_tx", "device": "node-8-spammer", "metadata": {}}
{"timestamp": 1785774544, "type": "safe_tx", "device": "node-10-fuzzer", "metadata": {}}
{"timestamp": 1785774545, "type": "time_anomaly", "device": "node-12-mixed", "metadata": {}}
{"timestamp": 1785774544, "type": "safe_tx", "device": "node-2-clean", "metadata": {}}
{"timestamp": 1785774544, "type": "safe_tx", "device": "node-3-clean", "metadata": {}}
{"timestamp": 1785774545, "type": "safe_tx", "device": "node-9-stealth", "metadata": {}}
{"timestamp": 1785774545, "type": "safe_tx", "device": "node-4-clean", "metadata": {}}
{"timestamp": 1785774545, "type": "safe_tx", "device": "node-8-spammer", "metadata": {}}
{"timestamp": 1785774545, "type": "safe_tx", "device": "node-8-spammer", "metadata": {}}
{"timestamp": 1785774545, "type": "safe_tx", "device": "node-1-clean", "metadata": {}}
{"timestamp": 1785774545, "type": "safe_tx", "device": "node-15-mixed", "metadata": {}}
{"timestamp": 1785774545, "type": "safe_tx", "device": "node-14-mixed", "metadata": {}}
{"timestamp": 1785774545, "type": "safe_tx", "device": "node-5-clean", "metadata": {}}
{"timestamp": 1785774546, "type": "safe_tx", "device": "node-13-mixed", "metadata": {}}
{"timestamp": 1785774546, "type": "safe_tx", "device": "node-12-mixed", "metadata": {}}
{"timestamp": 1785774546, "type": "safe_tx", "device": "node-8-spammer", "metadata": {}}
{"timestamp": 1785774547, "type": "safe_tx", "device": "node-8-spammer", "metadata": {}}
{"timestamp": 1785774547, "type": "safe_tx", "device": "node-8-spammer", "metadata": {}}
{"timestamp": 1785774547, "type": "safe_tx", "device": "node-8-spammer", "metadata": {}}
{"timestamp": 1785774547, "type": "safe_tx", "device": "node-8-spammer", "metadata": {}}
{"timestamp": 1785774547, "type": "safe_tx", "device": "node-8-spammer", "metadata": {}}
{"timestamp": 1785774547, "type": "safe_tx", "device": "node-8-spammer", "metadata": {}}
{"timestamp": 1785774547, "type": "time_anomaly", "device": "node-7-timespoof", "metadata": {}}
{"timestamp": 1785774547, "type": "safe_tx", "device": "node-8-spammer", "metadata": {}}
{"timestamp": 1785774547, "type": "dos_spam", "device": "node-8-spammer", "metadata": {"count": 30, "window_sec": 5}}
{"timestamp": 1785774547, "type": "safe_tx", "device": "node-5-clean", "metadata": {}}
{"timestamp": 1785774547, "type": "safe_tx", "device": "node-10-fuzzer", "metadata": {}}
{"timestamp": 1785774548, "type": "safe_tx", "device": "node-2-clean", "metadata": {}}
{"timestamp": 1785774548, "type": "safe_tx", "device": "node-12-mixed", "metadata": {}}
{"timestamp": 1785774548, "type": "safe_tx", "device": "node-15-mixed", "metadata": {}}
{"timestamp": 1785774548, "type": "safe_tx", "device": "node-4-clean", "metadata": {}}
{"timestamp": 1785774548, "type": "safe_tx", "device": "node-8-spammer", "metadata": {}}
{"timestamp": 1785774548, "type": "safe_tx", "device": "node-8-spammer", "metadata": {}}
{"timestamp": 1785774548, "type": "safe_tx", "device": "node-8-spammer", "metadata": {}}
{"timestamp": 1785774548, "type": "safe_tx", "device": "node-8-spammer", "metadata": {}}
{"timestamp": 1785774549, "type": "time_anomaly", "device": "node-13-mixed", "metadata": {}}
{"timestamp": 1785774549, "type": "safe_tx", "device": "node-10-fuzzer", "metadata": {}}
{"timestamp": 1785774549, "type": "safe_tx", "device": "node-3-clean", "metadata": {}}
{"timestamp": 1785774549, "type": "safe_tx", "device": "node-2-clean", "metadata": {}}
{"timestamp": 1785774549, "type": "safe_tx", "device": "node-1-clean", "metadata": {}}
{"timestamp": 1785774549, "type": "safe_tx", "device": "node-9-stealth", "metadata": {}}
{"timestamp": 1785774549, "type": "time_anomaly", "device": "node-7-timespoof", "metadata": {}}
{"timestamp": 1785774549, "type": "safe_tx", "device": "node-3-clean", "metadata": {}}
{"timestamp": 1785774549, "type": "safe_tx", "device": "node-8-spammer", "metadata": {}}
{"timestamp": 1785774550, "type": "safe_tx", "device": "node-5-clean", "metadata": {}}
{"timestamp": 1785774550, "type": "time_anomaly", "device": "node-12-mixed", "metadata": {}}
{"timestamp": 1785774550, "type": "safe_tx", "device": "node-9-stealth", "metadata": {}}
{"timestamp": 1785774550, "type": "fuzzing", "device": "node-10-fuzzer", "metadata": {}}
{"timestamp": 1785774550, "type": "safe_tx", "device": "node-14-mixed", "metadata": {}}
{"timestamp": 1785774551, "type": "safe_tx", "device": "node-12-mixed", "metadata": {}}
{"timestamp": 1785774551, "type": "safe_tx", "device": "node-2-clean", "metadata": {}}
{"timestamp": 1785774551, "type": "safe_tx", "device": "node-5-clean", "metadata": {}}
{"timestamp": 1785774552, "type": "time_anomaly", "device": "node-14-mixed", "metadata": {}}
{"timestamp": 1785774551, "type": "safe_tx", "device": "node-8-spammer", "metadata": {}}
{"timestamp": 1785774551, "type": "safe_tx", "device": "node-8-spammer", "metadata": {}}
{"timestamp": 1785774551, "type": "safe_tx", "device": "node-8-spammer", "metadata": {}}
{"timestamp": 1785774552, "type": "fuzzing", "device": "node-10-fuzzer", "metadata": {}}
{"timestamp": 1785774552, "type": "safe_tx", "device": "node-2-clean", "metadata": {}}
{"timestamp": 1785774552, "type": "safe_tx", "device": "node-1-clean", "metadata": {}}
{"timestamp": 1785774552, "type": "safe_tx", "device": "node-4-clean", "metadata": {}}
{"timestamp": 1785774552, "type": "safe_tx", "device": "node-8-spammer", "metadata": {}}
{"timestamp": 1785774552, "type": "safe_tx", "device": "node-8-spammer", "metadata": {}}
{"timestamp": 1785774552, "type": "safe_tx", "device": "node-8-spammer", "metadata": {}}
{"timestamp": 1785774552, "type": "safe_tx", "device": "node-8-spammer", "metadata": {}}
{"timestamp": 1785774552, "type": "safe_tx", "device": "node-8-spammer", "metadata": {}}
{"timestamp": 1785774552, "type": "safe_tx", "device": "node-8-spammer", "metadata": {}}
{"timestamp": 1785774552, "type": "safe_tx", "device": "node-13-mixed", "metadata": {}}
{"timestamp": 1785774553, "type": "safe_tx", "device": "node-4-clean", "metadata": {}}
{"timestamp": 1785774553, "type": "safe_tx", "device": "node-8-spammer", "metadata": {}}
{"timestamp": 1785774553, "type": "safe_tx", "device": "node-9-stealth", "metadata": {}}
{"timestamp": 1785774553, "type": "safe_tx", "device": "node-8-spammer", "metadata": {}}
{"timestamp": 1785774553, "type": "safe_tx", "device": "node-8-spammer", "metadata": {}}
{"timestamp": 1785774553, "type": "safe_tx", "device": "node-8-spammer", "metadata": {}}
{"timestamp": 1785774553, "type": "safe_tx", "device": "node-8-spammer", "metadata": {}}
{"timestamp": 1785774553, "type": "safe_tx", "device": "node-8-spammer", "metadata": {}}
{"timestamp": 1785774553, "type": "dos_spam", "device": "node-8-spammer", "metadata": {}}
{"timestamp": 1785774553, "type": "safe_tx", "device": "node-8-spammer", "metadata": {}}
{"timestamp": 1785774553, "type": "safe_tx", "device": "node-8-spammer", "metadata": {}}
{"timestamp": 1785774553, "type": "safe_tx", "device": "node-8-spammer", "metadata": {}}
{"timestamp": 1785774553, "type": "safe_tx", "device": "node-8-spammer", "metadata": {}}
{"timestamp": 1785774553, "type": "safe_tx", "device": "node-8-spammer", "metadata": {}}
{"timestamp": 1785774554, "type": "time_anomaly", "device": "node-7-timespoof", "metadata": {}}
{"timestamp": 1785774553, "type": "safe_tx", "device": "node-10-fuzzer", "metadata": {}}
{"timestamp": 1785774554, "type": "safe_tx", "device": "node-12-mixed", "metadata": {}}
{"timestamp": 1785774554, "type": "safe_tx", "device": "node-9-stealth", "metadata": {}}
{"timestamp": 1785774554, "type": "safe_tx", "device": "node-14-mixed", "metadata": {}}
{"timestamp": 1785774554, "type": "safe_tx", "device": "node-5-clean", "metadata": {}}
{"timestamp": 1785774554, "type": "safe_tx", "device": "node-3-clean", "metadata": {}}
{"timestamp": 1785774554, "type": "safe_tx", "device": "node-8-spammer", "metadata": {}}
{"timestamp": 1785774554, "type": "safe_tx", "device": "node-8-spammer", "metadata": {}}
{"timestamp": 1785774554, "type": "safe_tx", "device": "node-8-spammer", "metadata": {}}
{"timestamp": 1785774554, "type": "safe_tx", "device": "node-5-clean", "metadata": {}}
{"timestamp": 1785774554, "type": "safe_tx", "device": "node-8-spammer", "metadata": {}}
{"timestamp": 1785774555, "type": "safe_tx", "device": "node-8-spammer", "metadata": {}}
{"timestamp": 1785774555, "type": "safe_tx", "device": "node-12-mixed", "metadata": {}}
{"timestamp": 1785774555, "type": "fuzzing", "device": "node-10-fuzzer", "metadata": {}}
{"timestamp": 1785774555, "type": "safe_tx", "device": "node-2-clean", "metadata": {}}
{"timestamp": 1785774555, "type": "safe_tx", "device": "node-9-stealth", "metadata": {}}
{"timestamp": 1785774556, "type": "safe_tx", "device": "node-1-clean", "metadata": {}}
{"timestamp": 1785774556, "type": "time_anomaly", "device": "node-14-mixed", "metadata": {}}
{"timestamp": 1785774556, "type": "safe_tx", "device": "node-4-clean", "metadata": {}}
{"timestamp": 1785774556, "type": "safe_tx", "device": "node-8-spammer", "metadata": {}}
{"timestamp": 1785774556, "type": "safe_tx", "device": "node-8-spammer", "metadata": {}}
{"timestamp": 1785774556, "type": "safe_tx", "device": "node-8-spammer", "metadata": {}}
{"timestamp": 1785774556, "type": "safe_tx", "device": "node-8-spammer", "metadata": {}}
{"timestamp": 1785774556, "type": "safe_tx", "device": "node-8-spammer", "metadata": {}}
{"timestamp": 1785774556, "type": "dos_spam", "device": "node-8-spammer", "metadata": {"count": 30, "window_sec": 5}}
{"timestamp": 1785774556, "type": "safe_tx", "device": "node-8-spammer", "metadata": {}}
{"timestamp": 1785774556, "type": "safe_tx", "device": "node-8-spammer", "metadata": {}}
{"timestamp": 1785774556, "type": "safe_tx", "device": "node-8-spammer", "metadata": {}}
{"timestamp": 1785774556, "type": "safe_tx", "device": "node-3-clean", "metadata": {}}
{"timestamp": 1785774557, "type": "time_anomaly", "device": "node-7-timespoof", "metadata": {}}
{"timestamp": 1785774556, "type": "safe_tx", "device": "node-4-clean", "metadata": {}}
{"timestamp": 1785774557, "type": "fuzzing", "device": "node-10-fuzzer", "metadata": {}}
{"timestamp": 1785774557, "type": "time_anomaly", "device": "node-12-mixed", "metadata": {}}
{"timestamp": 1785774557, "type": "safe_tx", "device": "node-13-mixed", "metadata": {}}
{"timestamp": 1785774557, "type": "safe_tx", "device": "node-5-clean", "metadata": {}}
{"timestamp": 1785774558, "type": "safe_tx", "device": "node-11-pulsing", "metadata": {}}
{"timestamp": 1785774558, "type": "overflow", "device": "node-15-mixed", "metadata": {"count": 3, "window_sec": 30}}
{"timestamp": 1785774558, "type": "safe_tx", "device": "node-11-pulsing", "metadata": {}}
{"timestamp": 1785774558, "type": "safe_tx", "device": "node-11-pulsing", "metadata": {}}
{"timestamp": 1785774558, "type": "safe_tx", "device": "node-11-pulsing", "metadata": {}}
{"timestamp": 1785774558, "type": "safe_tx", "device": "node-11-pulsing", "metadata": {}}
{"timestamp": 1785774558, "type": "safe_tx", "device": "node-11-pulsing", "metadata": {}}
{"timestamp": 1785774558, "type": "safe_tx", "device": "node-11-pulsing", "metadata": {}}
{"timestamp": 1785774558, "type": "safe_tx", "device": "node-9-stealth", "metadata": {}}
{"timestamp": 1785774558, "type": "safe_tx", "device": "node-11-pulsing", "metadata": {}}
{"timestamp": 1785774558, "type": "safe_tx", "device": "node-11-pulsing", "metadata": {}}
{"timestamp": 1785774558, "type": "safe_tx", "device": "node-11-pulsing", "metadata": {}}
{"timestamp": 1785774558, "type": "safe_tx", "device": "node-11-pulsing", "metadata": {}}
{"timestamp": 1785774558, "type": "safe_tx", "device": "node-11-pulsing", "metadata": {}}
{"timestamp": 1785774558, "type": "safe_tx", "device": "node-8-spammer", "metadata": {}}
{"timestamp": 1785774559, "type": "safe_tx", "device": "node-8-spammer", "metadata": {}}
{"timestamp": 1785774559, "type": "safe_tx", "device": "node-11-pulsing", "metadata": {}}
{"timestamp": 1785774559, "type": "safe_tx", "device": "node-11-pulsing", "metadata": {}}
{"timestamp": 1785774559, "type": "time_anomaly", "device": "node-7-timespoof", "metadata": {}}
{"timestamp": 1785774559, "type": "safe_tx", "device": "node-11-pulsing", "metadata": {}}
{"timestamp": 1785774559, "type": "dos_spam", "device": "node-11-pulsing", "metadata": {}}
{"timestamp": 1785774559, "type": "safe_tx", "device": "node-14-mixed", "metadata": {}}
{"timestamp": 1785774559, "type": "safe_tx", "device": "node-3-clean", "metadata": {}}
{"timestamp": 1785774559, "type": "safe_tx", "device": "node-11-pulsing", "metadata": {}}
{"timestamp": 1785774559, "type": "fuzzing", "device": "node-10-fuzzer", "metadata": {}}
{"timestamp": 1785774559, "type": "safe_tx", "device": "node-11-pulsing", "metadata": {}}
{"timestamp": 1785774559, "type": "safe_tx", "device": "node-11-pulsing", "metadata": {}}
{"timestamp": 1785774559, "type": "safe_tx", "device": "node-11-pulsing", "metadata": {}}
{"timestamp": 1785774559, "type": "safe_tx", "device": "node-11-pulsing", "metadata": {}}
{"timestamp": 1785774559, "type": "safe_tx", "device": "node-8-spammer", "metadata": {}}
{"timestamp": 1785774559, "type": "safe_tx", "device": "node-8-spammer", "metadata": {}}
{"timestamp": 1785774559, "type": "safe_tx", "device": "node-8-spammer", "metadata": {}}
{"timestamp": 1785774559, "type": "safe_tx", "device": "node-8-spammer", "metadata": {}}
{"timestamp": 1785774559, "type": "safe_tx", "device": "node-8-spammer", "metadata": {}}
{"timestamp": 1785774559, "type": "safe_tx", "device": "node-8-spammer", "metadata": {}}
{"timestamp": 1785774559, "type": "safe_tx", "device": "node-8-spammer", "metadata": {}}
{"timestamp": 1785774559, "type": "safe_tx", "device": "node-1-clean", "metadata": {}}
{"timestamp": 1785774559, "type": "safe_tx", "device": "node-8-spammer", "metadata": {}}
{"timestamp": 1785774559, "type": "safe_tx", "device": "node-8-spammer", "metadata": {}}
{"timestamp": 1785774559, "type": "safe_tx", "device": "node-8-spammer", "metadata": {}}
{"timestamp": 1785774559, "type": "safe_tx", "device": "node-8-spammer", "metadata": {}}
{"timestamp": 1785774559, "type": "safe_tx", "device": "node-8-spammer", "metadata": {}}
{"timestamp": 1785774560, "type": "safe_tx", "device": "node-13-mixed", "metadata": {}}
{"timestamp": 1785774560, "type": "fuzzing", "device": "node-10-fuzzer", "metadata": {}}
{"timestamp": 1785774560, "type": "safe_tx", "device": "node-4-clean", "metadata": {}}
{"timestamp": 1785774560, "type": "safe_tx", "device": "node-2-clean", "metadata": {}}
{"timestamp": 1785774560, "type": "safe_tx", "device": "node-8-spammer", "metadata": {}}
{"timestamp": 1785774560, "type": "dos_spam", "device": "node-8-spammer", "metadata": {}}
{"timestamp": 1785774560, "type": "safe_tx", "device": "node-8-spammer", "metadata": {}}
{"timestamp": 1785774560, "type": "safe_tx", "device": "node-8-spammer", "metadata": {}}
{"timestamp": 1785774560, "type": "safe_tx", "device": "node-8-spammer", "metadata": {}}
{"timestamp": 1785774561, "type": "time_anomaly", "device": "node-12-mixed", "metadata": {}}
{"timestamp": 1785774560, "type": "safe_tx", "device": "node-8-spammer", "metadata": {}}
{"timestamp": 1785774561, "type": "safe_tx", "device": "node-8-spammer", "metadata": {}}
{"timestamp": 1785774561, "type": "safe_tx", "device": "node-5-clean", "metadata": {}}
{"timestamp": 1785774561, "type": "safe_tx", "device": "node-8-spammer", "metadata": {}}
{"timestamp": 1785774561, "type": "safe_tx", "device": "node-8-spammer", "metadata": {}}
{"timestamp": 1785774561, "type": "safe_tx", "device": "node-8-spammer", "metadata": {}}
{"timestamp": 1785774561, "type": "safe_tx", "device": "node-8-spammer", "metadata": {}}
{"timestamp": 1785774561, "type": "safe_tx", "device": "node-9-stealth", "metadata": {}}
{"timestamp": 1785774561, "type": "safe_tx", "device": "node-8-spammer", "metadata": {}}
{"timestamp": 1785774561, "type": "safe_tx", "device": "node-8-spammer", "metadata": {}}
{"timestamp": 1785774561, "type": "safe_tx", "device": "node-14-mixed", "metadata": {}}
{"timestamp": 1785774561, "type": "safe_tx", "device": "node-8-spammer", "metadata": {}}
{"timestamp": 1785774561, "type": "dos_spam", "device": "node-8-spammer", "metadata": {"count": 30, "window_sec": 5}}
{"timestamp": 1785774561, "type": "safe_tx", "device": "node-8-spammer", "metadata": {}}
{"timestamp": 1785774561, "type": "safe_tx", "device": "node-8-spammer", "metadata": {}}
{"timestamp": 1785774561, "type": "safe_tx", "device": "node-8-spammer", "metadata": {}}
{"timestamp": 1785774561, "type": "dos_spam", "device": "node-8-spammer", "metadata": {}}
{"timestamp": 1785774561, "type": "safe_tx", "device": "node-8-spammer", "metadata": {}}
{"timestamp": 1785774561, "type": "safe_tx", "device": "node-8-spammer", "metadata": {}}
{"timestamp": 1785774561, "type": "safe_tx", "device": "node-8-spammer", "metadata": {}}
{"timestamp": 1785774561, "type": "safe_tx", "device": "node-8-spammer", "metadata": {}}
{"timestamp": 1785774561, "type": "safe_tx", "device": "node-8-spammer", "metadata": {}}
{"timestamp": 1785774561, "type": "safe_tx", "device": "node-8-spammer", "metadata": {}}
{"timestamp": 1785774561, "type": "safe_tx", "device": "node-8-spammer", "metadata": {}}
{"timestamp": 1785774561, "type": "fuzzing", "device": "node-10-fuzzer", "metadata": {}}
{"timestamp": 1785774562, "type": "safe_tx", "device": "node-4-clean", "metadata": {}}
{"timestamp": 1785774562, "type": "safe_tx", "device": "node-4-clean", "metadata": {}}
{"timestamp": 1785774562, "type": "safe_tx", "device": "node-8-spammer", "metadata": {}}
{"timestamp": 1785774562, "type": "safe_tx", "device": "node-3-clean", "metadata": {}}
{"timestamp": 1785774563, "type": "safe_tx", "device": "node-13-mixed", "metadata": {}}
{"timestamp": 1785774563, "type": "safe_tx", "device": "node-9-stealth", "metadata": {}}
{"timestamp": 1785774563, "type": "safe_tx", "device": "node-10-fuzzer", "metadata": {}}
{"timestamp": 1785774563, "type": "safe_tx", "device": "node-8-spammer", "metadata": {}}
{"timestamp": 1785774563, "type": "safe_tx", "device": "node-8-spammer", "metadata": {}}
{"timestamp": 1785774563, "type": "safe_tx", "device": "node-4-clean", "metadata": {}}
{"timestamp": 1785774563, "type": "safe_tx", "device": "node-8-spammer", "metadata": {}}
{"timestamp": 1785774563, "type": "safe_tx", "device": "node-8-spammer", "metadata": {}}
{"timestamp": 1785774563, "type": "safe_tx", "device": "node-8-spammer", "metadata": {}}
{"timestamp": 1785774563, "type": "safe_tx", "device": "node-2-clean", "metadata": {}}
{"timestamp": 1785774563, "type": "safe_tx", "device": "node-1-clean", "metadata": {}}
{"timestamp": 1785774564, "type": "safe_tx", "device": "node-8-spammer", "metadata": {}}
{"timestamp": 1785774564, "type": "safe_tx", "device": "node-8-spammer", "metadata": {}}
{"timestamp": 1785774564, "type": "safe_tx", "device": "node-8-spammer", "metadata": {}}
{"timestamp": 1785774564, "type": "safe_tx", "device": "node-8-spammer", "metadata": {}}
{"timestamp": 1785774564, "type": "safe_tx", "device": "node-13-mixed", "metadata": {}}
{"timestamp": 1785774564, "type": "safe_tx", "device": "node-8-spammer", "metadata": {}}
{"timestamp": 1785774564, "type": "safe_tx", "device": "node-8-spammer", "metadata": {}}
{"timestamp": 1785774564, "type": "safe_tx", "device": "node-12-mixed", "metadata": {}}
{"timestamp": 1785774564, "type": "safe_tx", "device": "node-1-clean", "metadata": {}}
{"timestamp": 1785774564, "type": "safe_tx", "device": "node-5-clean", "metadata": {}}
{"timestamp": 1785774564, "type": "time_anomaly", "device": "node-7-timespoof", "metadata": {}}
{"timestamp": 1785774564, "type": "safe_tx", "device": "node-8-spammer", "metadata": {}}
{"timestamp": 1785774564, "type": "safe_tx", "device": "node-8-spammer", "metadata": {}}
{"timestamp": 1785774564, "type": "safe_tx", "device": "node-8-spammer", "metadata": {}}
{"timestamp": 1785774564, "type": "dos_spam", "device": "node-8-spammer", "metadata": {}}
{"timestamp": 1785774564, "type": "safe_tx", "device": "node-8-spammer", "metadata": {}}
{"timestamp": 1785774564, "type": "safe_tx", "device": "node-8-spammer", "metadata": {}}
{"timestamp": 1785774564, "type": "safe_tx", "device": "node-8-spammer", "metadata": {}}
{"timestamp": 1785774564, "type": "safe_tx", "device": "node-8-spammer", "metadata": {}}
{"timestamp": 1785774565, "type": "safe_tx", "device": "node-8-spammer", "metadata": {}}
{"timestamp": 1785774565, "type": "dos_spam", "device": "node-8-spammer", "metadata": {"count": 30, "window_sec": 5}}
{"timestamp": 1785774565, "type": "safe_tx", "device": "node-8-spammer", "metadata": {}}
{"timestamp": 1785774565, "type": "safe_tx", "device": "node-8-spammer", "metadata": {}}
{"timestamp": 1785774565, "type": "fuzzing", "device": "node-10-fuzzer", "metadata": {}}
{"timestamp": 1785774565, "type": "safe_tx", "device": "node-8-spammer", "metadata": {}}
{"timestamp": 1785774565, "type": "safe_tx", "device": "node-8-spammer", "metadata": {}}
{"timestamp": 1785774565, "type": "safe_tx", "device": "node-8-spammer", "metadata": {}}
{"timestamp": 1785774565, "type": "safe_tx", "device": "node-8-spammer", "metadata": {}}
{"timestamp": 1785774565, "type": "safe_tx", "device": "node-8-spammer", "metadata": {}}
{"timestamp": 1785774565, "type": "safe_tx", "device": "node-8-spammer", "metadata": {}}
{"timestamp": 1785774565, "type": "safe_tx", "device": "node-8-spammer", "metadata": {}}
{"timestamp": 1785774565, "type": "safe_tx", "device": "node-8-spammer", "metadata": {}}
{"timestamp": 1785774565, "type": "dos_spam", "device": "node-8-spammer", "metadata": {}}
{"timestamp": 1785774565, "type": "safe_tx", "device": "node-14-mixed", "metadata": {}}
{"timestamp": 1785774565, "type": "safe_tx", "device": "node-1-clean", "metadata": {}}
{"timestamp": 1785774565, "type": "safe_tx", "device": "node-5-clean", "metadata": {}}
{"timestamp": 1785774565, "type": "safe_tx", "device": "node-10-fuzzer", "metadata": {}}
{"timestamp": 1785774565, "type": "safe_tx", "device": "node-12-mixed", "metadata": {}}
{"timestamp": 1785774565, "type": "safe_tx", "device": "node-9-stealth", "metadata": {}}
{"timestamp": 1785774566, "type": "overflow", "device": "node-6-overflow", "metadata": {"count": 3, "window_sec": 30}}
{"timestamp": 1785774566, "type": "safe_tx", "device": "node-8-spammer", "metadata": {}}
{"timestamp": 1785774566, "type": "safe_tx", "device": "node-8-spammer", "metadata": {}}
{"timestamp": 1785774566, "type": "safe_tx", "device": "node-8-spammer", "metadata": {}}
{"timestamp": 1785774566, "type": "safe_tx", "device": "node-14-mixed", "metadata": {}}
{"timestamp": 1785774566, "type": "safe_tx", "device": "node-8-spammer", "metadata": {}}
{"timestamp": 1785774566, "type": "safe_tx", "device": "node-2-clean", "metadata": {}}
{"timestamp": 1785774566, "type": "fuzzing", "device": "node-10-fuzzer", "metadata": {}}
{"timestamp": 1785774567, "type": "time_anomaly", "device": "node-7-timespoof", "metadata": {}}
{"timestamp": 1785774567, "type": "safe_tx", "device": "node-4-clean", "metadata": {}}
{"timestamp": 1785774567, "type": "time_anomaly", "device": "node-14-mixed", "metadata": {}}
{"timestamp": 1785774567, "type": "safe_tx", "device": "node-9-stealth", "metadata": {}}
{"timestamp": 1785774567, "type": "safe_tx", "device": "node-8-spammer", "metadata": {}}
{"timestamp": 1785774567, "type": "safe_tx", "device": "node-13-mixed", "metadata": {}}
{"timestamp": 1785774567, "type": "safe_tx", "device": "node-8-spammer", "metadata": {}}
{"timestamp": 1785774567, "type": "safe_tx", "device": "node-8-spammer", "metadata": {}}
{"timestamp": 1785774567, "type": "safe_tx", "device": "node-8-spammer", "metadata": {}}
{"timestamp": 1785774567, "type": "safe_tx", "device": "node-8-spammer", "metadata": {}}
{"timestamp": 1785774567, "type": "safe_tx", "device": "node-8-spammer", "metadata": {}}
{"timestamp": 1785774567, "type": "safe_tx", "device": "node-8-spammer", "metadata": {}}
{"timestamp": 1785774567, "type": "safe_tx", "device": "node-8-spammer", "metadata": {}}
{"timestamp": 1785774567, "type": "safe_tx", "device": "node-8-spammer", "metadata": {}}
{"timestamp": 1785774567, "type": "safe_tx", "device": "node-3-clean", "metadata": {}}
{"timestamp": 1785774567, "type": "safe_tx", "device": "node-8-spammer", "metadata": {}}
{"timestamp": 1785774567, "type": "safe_tx", "device": "node-8-spammer", "metadata": {}}
{"timestamp": 1785774567, "type": "dos_spam", "device": "node-8-spammer", "metadata": {}}
{"timestamp": 1785774567, "type": "safe_tx", "device": "node-8-spammer", "metadata": {}}
{"timestamp": 1785774567, "type": "safe_tx", "device": "node-8-spammer", "metadata": {}}
{"timestamp": 1785774567, "type": "safe_tx", "device": "node-8-spammer", "metadata": {}}
{"timestamp": 1785774568, "type": "safe_tx", "device": "node-8-spammer", "metadata": {}}
{"timestamp": 1785774568, "type": "time_anomaly", "device": "node-13-mixed", "metadata": {}}
{"timestamp": 1785774568, "type": "fuzzing", "device": "node-10-fuzzer", "metadata": {}}
{"timestamp": 1785774568, "type": "safe_tx", "device": "node-4-clean", "metadata": {}}
{"timestamp": 1785774568, "type": "safe_tx", "device": "node-9-stealth", "metadata": {}}
{"timestamp": 1785774568, "type": "safe_tx", "device": "node-8-spammer", "metadata": {}}
{"timestamp": 1785774568, "type": "dos_spam", "device": "node-8-spammer", "metadata": {"count": 30, "window_sec": 5}}
{"timestamp": 1785774568, "type": "safe_tx", "device": "node-8-spammer", "metadata": {}}
{"timestamp": 1785774568, "type": "safe_tx", "device": "node-8-spammer", "metadata": {}}
{"timestamp": 1785774568, "type": "safe_tx", "device": "node-8-spammer", "metadata": {}}
{"timestamp": 1785774568, "type": "safe_tx", "device": "node-8-spammer", "metadata": {}}
{"timestamp": 1785774568, "type": "safe_tx", "device": "node-8-spammer", "metadata": {}}
{"timestamp": 1785774568, "type": "safe_tx", "device": "node-8-spammer", "metadata": {}}
{"timestamp": 1785774568, "type": "safe_tx", "device": "node-8-spammer", "metadata": {}}
{"timestamp": 1785774568, "type": "safe_tx", "device": "node-8-spammer", "metadata": {}}
{"timestamp": 1785774569, "type": "safe_tx", "device": "node-1-clean", "metadata": {}}
{"timestamp": 1785774569, "type": "time_anomaly", "device": "node-14-mixed", "metadata": {}}
{"timestamp": 1785774569, "type": "safe_tx", "device": "node-12-mixed", "metadata": {}}
{"timestamp": 1785774569, "type": "safe_tx", "device": "node-1-clean", "metadata": {}}
{"timestamp": 1785774569, "type": "overflow", "device": "node-15-mixed", "metadata": {"count": 3, "window_sec": 30}}
{"timestamp": 1785774569, "type": "safe_tx", "device": "node-2-clean", "metadata": {}}
{"timestamp": 1785774570, "type": "safe_tx", "device": "node-8-spammer", "metadata": {}}
{"timestamp": 1785774570, "type": "safe_tx", "device": "node-8-spammer", "metadata": {}}
{"timestamp": 1785774570, "type": "safe_tx", "device": "node-5-clean", "metadata": {}}
{"timestamp": 1785774570, "type": "fuzzing", "device": "node-10-fuzzer", "metadata": {}}
{"timestamp": 1785774571, "type": "safe_tx", "device": "node-13-mixed", "metadata": {}}
{"timestamp": 1785774571, "type": "safe_tx", "device": "node-1-clean", "metadata": {}}
{"timestamp": 1785774571, "type": "safe_tx", "device": "node-12-mixed", "metadata": {}}
{"timestamp": 1785774571, "type": "safe_tx", "device": "node-9-stealth", "metadata": {}}
{"timestamp": 1785774571, "type": "safe_tx", "device": "node-8-spammer", "metadata": {}}
{"timestamp": 1785774571, "type": "safe_tx", "device": "node-8-spammer", "metadata": {}}
{"timestamp": 1785774571, "type": "safe_tx", "device": "node-8-spammer", "metadata": {}}
{"timestamp": 1785774571, "type": "safe_tx", "device": "node-4-clean", "metadata": {}}
{"timestamp": 1785774571, "type": "fuzzing", "device": "node-10-fuzzer", "metadata": {}}
{"timestamp": 1785774571, "type": "safe_tx", "device": "node-3-clean", "metadata": {}}
{"timestamp": 1785774572, "type": "time_anomaly", "device": "node-7-timespoof", "metadata": {}}
{"timestamp": 1785774572, "type": "safe_tx", "device": "node-8-spammer", "metadata": {}}
{"timestamp": 1785774572, "type": "safe_tx", "device": "node-8-spammer", "metadata": {}}
{"timestamp": 1785774572, "type": "time_anomaly", "device": "node-14-mixed", "metadata": {}}
{"timestamp": 1785774572, "type": "safe_tx", "device": "node-2-clean", "metadata": {}}
{"timestamp": 1785774572, "type": "safe_tx", "device": "node-1-clean", "metadata": {}}
{"timestamp": 1785774573, "type": "time_anomaly", "device": "node-15-mixed", "metadata": {}}
{"timestamp": 1785774573, "type": "safe_tx", "device": "node-10-fuzzer", "metadata": {}}
{"timestamp": 1785774573, "type": "safe_tx", "device": "node-2-clean", "metadata": {}}
{"timestamp": 1785774573, "type": "safe_tx", "device": "node-9-stealth", "metadata": {}}
{"timestamp": 1785774573, "type": "overflow", "device": "node-13-mixed", "metadata": {"count": 3, "window_sec": 30}}
{"timestamp": 1785774573, "type": "safe_tx", "device": "node-8-spammer", "metadata": {}}
{"timestamp": 1785774573, "type": "safe_tx", "device": "node-12-mixed", "metadata": {}}
{"timestamp": 1785774573, "type": "safe_tx", "device": "node-8-spammer", "metadata": {}}
{"timestamp": 1785774573, "type": "safe_tx", "device": "node-8-spammer", "metadata": {}}
{"timestamp": 1785774573, "type": "safe_tx", "device": "node-8-spammer", "metadata": {}}
{"timestamp": 1785774573, "type": "safe_tx", "device": "node-8-spammer", "metadata": {}}
{"timestamp": 1785774573, "type": "safe_tx", "device": "node-8-spammer", "metadata": {}}
{"timestamp": 1785774573, "type": "safe_tx", "device": "node-8-spammer", "metadata": {}}
{"timestamp": 1785774573, "type": "safe_tx", "device": "node-8-spammer", "metadata": {}}
{"timestamp": 1785774573, "type": "safe_tx", "device": "node-8-spammer", "metadata": {}}
{"timestamp": 1785774573, "type": "safe_tx", "device": "node-14-mixed", "metadata": {}}
{"timestamp": 1785774573, "type": "safe_tx", "device": "node-8-spammer", "metadata": {}}
{"timestamp": 1785774573, "type": "dos_spam", "device": "node-8-spammer", "metadata": {}}
{"timestamp": 1785774574, "type": "safe_tx", "device": "node-9-stealth", "metadata": {}}
{"timestamp": 1785774574, "type": "fuzzing", "device": "node-10-fuzzer", "metadata": {}}
{"timestamp": 1785774574, "type": "safe_tx", "device": "node-4-clean", "metadata": {}}
{"timestamp": 1785774574, "type": "safe_tx", "device": "node-1-clean", "metadata": {}}
{"timestamp": 1785774574, "type": "safe_tx", "device": "node-15-mixed", "metadata": {}}
{"timestamp": 1785774574, "type": "safe_tx", "device": "node-8-spammer", "metadata": {}}
{"timestamp": 1785774574, "type": "safe_tx", "device": "node-5-clean", "metadata": {}}
{"timestamp": 1785774574, "type": "safe_tx", "device": "node-8-spammer", "metadata": {}}
{"timestamp": 1785774574, "type": "safe_tx", "device": "node-8-spammer", "metadata": {}}
{"timestamp": 1785774574, "type": "safe_tx", "device": "node-3-clean", "metadata": {}}
{"timestamp": 1785774574, "type": "safe_tx", "device": "node-8-spammer", "metadata": {}}
{"timestamp": 1785774574, "type": "safe_tx", "device": "node-8-spammer", "metadata": {}}
{"timestamp": 1785774575, "type": "safe_tx", "device": "node-1-clean", "metadata": {}}
{"timestamp": 1785774575, "type": "safe_tx", "device": "node-8-spammer", "metadata": {}}
{"timestamp": 1785774575, "type": "safe_tx", "device": "node-8-spammer", "metadata": {}}
{"timestamp": 1785774575, "type": "safe_tx", "device": "node-8-spammer", "metadata": {}}
{"timestamp": 1785774576, "type": "safe_tx", "device": "node-10-fuzzer", "metadata": {}}
{"timestamp": 1785774576, "type": "safe_tx", "device": "node-9-stealth", "metadata": {}}
{"timestamp": 1785774576, "type": "time_anomaly", "device": "node-15-mixed", "metadata": {}}
{"timestamp": 1785774576, "type": "overflow", "device": "node-12-mixed", "metadata": {"count": 3, "window_sec": 30}}
{"timestamp": 1785774576, "type": "safe_tx", "device": "node-2-clean", "metadata": {}}
{"timestamp": 1785774576, "type": "safe_tx", "device": "node-14-mixed", "metadata": {}}
{"timestamp": 1785774576, "type": "safe_tx", "device": "node-5-clean", "metadata": {}}
{"timestamp": 1785774576, "type": "safe_tx", "device": "node-13-mixed", "metadata": {}}
{"timestamp": 1785774577, "type": "safe_tx", "device": "node-3-clean", "metadata": {}}
{"timestamp": 1785774577, "type": "safe_tx", "device": "node-4-clean", "metadata": {}}
{"timestamp": 1785774577, "type": "time_anomaly", "device": "node-7-timespoof", "metadata": {}}
{"timestamp": 1785774577, "type": "safe_tx", "device": "node-5-clean", "metadata": {}}
{"timestamp": 1785774577, "type": "safe_tx", "device": "node-8-spammer", "metadata": {}}
{"timestamp": 1785774577, "type": "safe_tx", "device": "node-8-spammer", "metadata": {}}
{"timestamp": 1785774577, "type": "safe_tx", "device": "node-8-spammer", "metadata": {}}
{"timestamp": 1785774578, "type": "safe_tx", "device": "node-8-spammer", "metadata": {}}
{"timestamp": 1785774578, "type": "fuzzing", "device": "node-10-fuzzer", "metadata": {}}
{"timestamp": 1785774578, "type": "safe_tx", "device": "node-8-spammer", "metadata": {}}
{"timestamp": 1785774578, "type": "safe_tx", "device": "node-8-spammer", "metadata": {}}
{"timestamp": 1785774578, "type": "safe_tx", "device": "node-8-spammer", "metadata": {}}
{"timestamp": 1785774578, "type": "safe_tx", "device": "node-8-spammer", "metadata": {}}
{"timestamp": 1785774578, "type": "safe_tx", "device": "node-8-spammer", "metadata": {}}
{"timestamp": 1785774578, "type": "safe_tx", "device": "node-8-spammer", "metadata": {}}
{"timestamp": 1785774578, "type": "safe_tx", "device": "node-8-spammer", "metadata": {}}
{"timestamp": 1785774578, "type": "safe_tx", "device": "node-8-spammer", "metadata": {}}
{"timestamp": 1785774578, "type": "dos_spam", "device": "node-8-spammer", "metadata": {"count": 30, "window_sec": 5}}
{"timestamp": 1785774578, "type": "safe_tx", "device": "node-8-spammer", "metadata": {}}
{"timestamp": 1785774578, "type": "safe_tx", "device": "node-8-spammer", "metadata": {}}
{"timestamp": 1785774578, "type": "safe_tx", "device": "node-8-spammer", "metadata": {}}
{"timestamp": 1785774578, "type": "dos_spam", "device": "node-8-spammer", "metadata": {}}
{"timestamp": 1785774578, "type": "safe_tx", "device": "node-8-spammer", "metadata": {}}
{"timestamp": 1785774578, "type": "safe_tx", "device": "node-8-spammer", "metadata": {}}
{"timestamp": 1785774578, "type": "safe_tx", "device": "node-8-spammer", "metadata": {}}
{"timestamp": 1785774578, "type": "safe_tx", "device": "node-8-spammer", "metadata": {}}
{"timestamp": 1785774578, "type": "safe_tx", "device": "node-14-mixed", "metadata": {}}
{"timestamp": 1785774578, "type": "safe_tx", "device": "node-1-clean", "metadata": {}}
{"timestamp": 1785774578, "type": "safe_tx", "device": "node-5-clean", "metadata": {}}
{"timestamp": 1785774579, "type": "time_anomaly", "device": "node-14-mixed", "metadata": {}}
{"timestamp": 1785774579, "type": "time_anomaly", "device": "node-12-mixed", "metadata": {}}
{"timestamp": 1785774579, "type": "safe_tx", "device": "node-2-clean", "metadata": {}}
{"timestamp": 1785774579, "type": "safe_tx", "device": "node-10-fuzzer", "metadata": {}}
{"timestamp": 1785774579, "type": "safe_tx", "device": "node-9-stealth", "metadata": {}}
{"timestamp": 1785774580, "type": "time_anomaly", "device": "node-12-mixed", "metadata": {}}
{"timestamp": 1785774580, "type": "safe_tx", "device": "node-3-clean", "metadata": {}}
{"timestamp": 1785774580, "type": "safe_tx", "device": "node-8-spammer", "metadata": {}}
{"timestamp": 1785774580, "type": "safe_tx", "device": "node-8-spammer", "metadata": {}}
{"timestamp": 1785774580, "type": "time_anomaly", "device": "node-12-mixed", "metadata": {}}
{"timestamp": 1785774581, "type": "safe_tx", "device": "node-10-fuzzer", "metadata": {}}
{"timestamp": 1785774581, "type": "safe_tx", "device": "node-9-stealth", "metadata": {}}
{"timestamp": 1785774581, "type": "safe_tx", "device": "node-5-clean", "metadata": {}}
{"timestamp": 1785774581, "type": "safe_tx", "device": "node-12-mixed", "metadata": {}}
{"timestamp": 1785774581, "type": "safe_tx", "device": "node-2-clean", "metadata": {}}
{"timestamp": 1785774581, "type": "safe_tx", "device": "node-13-mixed", "metadata": {}}
{"timestamp": 1785774581, "type": "safe_tx", "device": "node-9-stealth", "metadata": {}}
{"timestamp": 1785774581, "type": "safe_tx", "device": "node-3-clean", "metadata": {}}
{"timestamp": 1785774581, "type": "safe_tx", "device": "node-8-spammer", "metadata": {}}
{"timestamp": 1785774582, "type": "safe_tx", "device": "node-8-spammer", "metadata": {}}
{"timestamp": 1785774582, "type": "safe_tx", "device": "node-8-spammer", "metadata": {}}
{"timestamp": 1785774582, "type": "safe_tx", "device": "node-4-clean", "metadata": {}}
{"timestamp": 1785774582, "type": "safe_tx", "device": "node-8-spammer", "metadata": {}}
{"timestamp": 1785774582, "type": "time_anomaly", "device": "node-7-timespoof", "metadata": {}}
{"timestamp": 1785774582, "type": "safe_tx", "device": "node-8-spammer", "metadata": {}}
{"timestamp": 1785774582, "type": "safe_tx", "device": "node-8-spammer", "metadata": {}}
{"timestamp": 1785774582, "type": "safe_tx", "device": "node-8-spammer", "metadata": {}}
{"timestamp": 1785774582, "type": "safe_tx", "device": "node-8-spammer", "metadata": {}}
{"timestamp": 1785774582, "type": "safe_tx", "device": "node-1-clean", "metadata": {}}
{"timestamp": 1785774582, "type": "safe_tx", "device": "node-5-clean", "metadata": {}}
{"timestamp": 1785774582, "type": "safe_tx", "device": "node-8-spammer", "metadata": {}}
{"timestamp": 1785774582, "type": "safe_tx", "device": "node-8-spammer", "metadata": {}}
{"timestamp": 1785774582, "type": "safe_tx", "device": "node-8-spammer", "metadata": {}}
{"timestamp": 1785774583, "type": "safe_tx", "device": "node-15-mixed", "metadata": {}}
{"timestamp": 1785774583, "type": "safe_tx", "device": "node-14-mixed", "metadata": {}}
{"timestamp": 1785774583, "type": "safe_tx", "device": "node-10-fuzzer", "metadata": {}}
{"timestamp": 1785774583, "type": "safe_tx", "device": "node-1-clean", "metadata": {}}
{"timestamp": 1785774583, "type": "safe_tx", "device": "node-13-mixed", "metadata": {}}
{"timestamp": 1785774584, "type": "safe_tx", "device": "node-9-stealth", "metadata": {}}
{"timestamp": 1785774584, "type": "safe_tx", "device": "node-8-spammer", "metadata": {}}
{"timestamp": 1785774584, "type": "safe_tx", "device": "node-8-spammer", "metadata": {}}
{"timestamp": 1785774584, "type": "safe_tx", "device": "node-14-mixed", "metadata": {}}
{"timestamp": 1785774584, "type": "safe_tx", "device": "node-13-mixed", "metadata": {}}
{"timestamp": 1785774584, "type": "safe_tx", "device": "node-12-mixed", "metadata": {}}
{"timestamp": 1785774585, "type": "fuzzing", "device": "node-10-fuzzer", "metadata": {}}
{"timestamp": 1785774585, "type": "safe_tx", "device": "node-2-clean", "metadata": {}}
{"timestamp": 1785774585, "type": "safe_tx", "device": "node-9-stealth", "metadata": {}}
{"timestamp": 1785774585, "type": "safe_tx", "device": "node-3-clean", "metadata": {}}
{"timestamp": 1785774585, "type": "time_anomaly", "device": "node-15-mixed", "metadata": {}}
{"timestamp": 1785774585, "type": "safe_tx", "device": "node-8-spammer", "metadata": {}}
{"timestamp": 1785774585, "type": "safe_tx", "device": "node-8-spammer", "metadata": {}}
{"timestamp": 1785774585, "type": "safe_tx", "device": "node-8-spammer", "metadata": {}}
{"timestamp": 1785774585, "type": "safe_tx", "device": "node-4-clean", "metadata": {}}
{"timestamp": 1785774586, "type": "time_anomaly", "device": "node-7-timespoof", "metadata": {}}
{"timestamp": 1785774586, "type": "safe_tx", "device": "node-8-spammer", "metadata": {}}
{"timestamp": 1785774586, "type": "safe_tx", "device": "node-8-spammer", "metadata": {}}
{"timestamp": 1785774586, "type": "safe_tx", "device": "node-11-pulsing", "metadata": {}}
{"timestamp": 1785774586, "type": "safe_tx", "device": "node-9-stealth", "metadata": {}}
{"timestamp": 1785774586, "type": "safe_tx", "device": "node-11-pulsing", "metadata": {}}
{"timestamp": 1785774586, "type": "safe_tx", "device": "node-11-pulsing", "metadata": {}}
{"timestamp": 1785774586, "type": "safe_tx", "device": "node-1-clean", "metadata": {}}
{"timestamp": 1785774586, "type": "safe_tx", "device": "node-12-mixed", "metadata": {}}
{"timestamp": 1785774586, "type": "safe_tx", "device": "node-11-pulsing", "metadata": {}}
{"timestamp": 1785774586, "type": "time_anomaly", "device": "node-13-mixed", "metadata": {}}
{"timestamp": 1785774586, "type": "safe_tx", "device": "node-11-pulsing", "metadata": {}}
{"timestamp": 1785774586, "type": "safe_tx", "device": "node-11-pulsing", "metadata": {}}
{"timestamp": 1785774586, "type": "safe_tx", "device": "node-2-clean", "metadata": {}}
{"timestamp": 1785774586, "type": "safe_tx", "device": "node-11-pulsing", "metadata": {}}
{"timestamp": 1785774586, "type": "safe_tx", "device": "node-11-pulsing", "metadata": {}}
{"timestamp": 1785774586, "type": "safe_tx", "device": "node-11-pulsing", "metadata": {}}
{"timestamp": 1785774586, "type": "safe_tx", "device": "node-8-spammer", "metadata": {}}
{"timestamp": 1785774586, "type": "safe_tx", "device": "node-11-pulsing", "metadata": {}}
{"timestamp": 1785774586, "type": "fuzzing", "device": "node-10-fuzzer", "metadata": {}}
{"timestamp": 1785774586, "type": "safe_tx", "device": "node-8-spammer", "metadata": {}}
{"timestamp": 1785774586, "type": "safe_tx", "device": "node-8-spammer", "metadata": {}}
{"timestamp": 1785774586, "type": "safe_tx", "device": "node-11-pulsing", "metadata": {}}
{"timestamp": 1785774587, "type": "safe_tx", "device": "node-11-pulsing", "metadata": {}}
{"timestamp": 1785774587, "type": "safe_tx", "device": "node-11-pulsing", "metadata": {}}
{"timestamp": 1785774587, "type": "safe_tx", "device": "node-11-pulsing", "metadata": {}}
{"timestamp": 1785774587, "type": "safe_tx", "device": "node-11-pulsing", "metadata": {}}
{"timestamp": 1785774587, "type": "dos_spam", "device": "node-11-pulsing", "metadata": {}}
{"timestamp": 1785774587, "type": "safe_tx", "device": "node-9-stealth", "metadata": {}}
{"timestamp": 1785774587, "type": "safe_tx", "device": "node-11-pulsing", "metadata": {}}
{"timestamp": 1785774587, "type": "safe_tx", "device": "node-11-pulsing", "metadata": {}}
{"timestamp": 1785774587, "type": "safe_tx", "device": "node-11-pulsing", "metadata": {}}
{"timestamp": 1785774587, "type": "safe_tx", "device": "node-11-pulsing", "metadata": {}}
{"timestamp": 1785774587, "type": "safe_tx", "device": "node-11-pulsing", "metadata": {}}
{"timestamp": 1785774587, "type": "safe_tx", "device": "node-4-clean", "metadata": {}}
{"timestamp": 1785774587, "type": "safe_tx", "device": "node-8-spammer", "metadata": {}}
{"timestamp": 1785774587, "type": "safe_tx", "device": "node-8-spammer", "metadata": {}}
{"timestamp": 1785774587, "type": "safe_tx", "device": "node-8-spammer", "metadata": {}}
{"timestamp": 1785774587, "type": "safe_tx", "device": "node-8-spammer", "metadata": {}}
{"timestamp": 1785774587, "type": "safe_tx", "device": "node-8-spammer", "metadata": {}}
{"timestamp": 1785774587, "type": "safe_tx", "device": "node-8-spammer", "metadata": {}}
{"timestamp": 1785774587, "type": "safe_tx", "device": "node-8-spammer", "metadata": {}}
{"timestamp": 1785774587, "type": "dos_spam", "device": "node-8-spammer", "metadata": {}}
{"timestamp": 1785774588, "type": "safe_tx", "device": "node-8-spammer", "metadata": {}}
{"timestamp": 1785774588, "type": "safe_tx", "device": "node-4-clean", "metadata": {}}
{"timestamp": 1785774588, "type": "safe_tx", "device": "node-8-spammer", "metadata": {}}
{"timestamp": 1785774588, "type": "safe_tx", "device": "node-8-spammer", "metadata": {}}
{"timestamp": 1785774588, "type": "safe_tx", "device": "node-8-spammer", "metadata": {}}
{"timestamp": 1785774588, "type": "safe_tx", "device": "node-8-spammer", "metadata": {}}
{"timestamp": 1785774588, "type": "safe_tx", "device": "node-8-spammer", "metadata": {}}
{"timestamp": 1785774588, "type": "safe_tx", "device": "node-10-fuzzer", "metadata": {}}
{"timestamp": 1785774588, "type": "safe_tx", "device": "node-14-mixed", "metadata": {}}
{"timestamp": 1785774588, "type": "safe_tx", "device": "node-8-spammer", "metadata": {}}
{"timestamp": 1785774588, "type": "safe_tx", "device": "node-5-clean", "metadata": {}}
{"timestamp": 1785774588, "type": "safe_tx", "device": "node-8-spammer", "metadata": {}}
{"timestamp": 1785774588, "type": "safe_tx", "device": "node-15-mixed", "metadata": {}}
{"timestamp": 1785774588, "type": "safe_tx", "device": "node-3-clean", "metadata": {}}
{"timestamp": 1785774588, "type": "safe_tx", "device": "node-5-clean", "metadata": {}}
{"timestamp": 1785774588, "type": "safe_tx", "device": "node-4-clean", "metadata": {}}
{"timestamp": 1785774589, "type": "time_anomaly", "device": "node-12-mixed", "metadata": {}}
{"timestamp": 1785774589, "type": "safe_tx", "device": "node-2-clean", "metadata": {}}
{"timestamp": 1785774589, "type": "safe_tx", "device": "node-13-mixed", "metadata": {}}
{"timestamp": 1785774589, "type": "safe_tx", "device": "node-8-spammer", "metadata": {}}
{"timestamp": 1785774589, "type": "safe_tx", "device": "node-8-spammer", "metadata": {}}
{"timestamp": 1785774589, "type": "safe_tx", "device": "node-8-spammer", "metadata": {}}
{"timestamp": 1785774589, "type": "safe_tx", "device": "node-8-spammer", "metadata": {}}
{"timestamp": 1785774589, "type": "safe_tx", "device": "node-3-clean", "metadata": {}}
{"timestamp": 1785774590, "type": "time_anomaly", "device": "node-7-timespoof", "metadata": {}}
{"timestamp": 1785774590, "type": "safe_tx", "device": "node-1-clean", "metadata": {}}
{"timestamp": 1785774590, "type": "safe_tx", "device": "node-13-mixed", "metadata": {}}
{"timestamp": 1785774590, "type": "overflow", "device": "node-15-mixed", "metadata": {"count": 3, "window_sec": 30}}
{"timestamp": 1785774590, "type": "overflow", "device": "node-6-overflow", "metadata": {"count": 3, "window_sec": 30}}
{"timestamp": 1785774590, "type": "safe_tx", "device": "node-9-stealth", "metadata": {}}
{"timestamp": 1785774590, "type": "safe_tx", "device": "node-5-clean", "metadata": {}}
{"timestamp": 1785774590, "type": "safe_tx", "device": "node-3-clean", "metadata": {}}
{"timestamp": 1785774591, "type": "safe_tx", "device": "node-8-spammer", "metadata": {}}
{"timestamp": 1785774591, "type": "safe_tx", "device": "node-8-spammer", "metadata": {}}
{"timestamp": 1785774591, "type": "safe_tx", "device": "node-8-spammer", "metadata": {}}
{"timestamp": 1785774591, "type": "safe_tx", "device": "node-8-spammer", "metadata": {}}
{"timestamp": 1785774591, "type": "safe_tx", "device": "node-8-spammer", "metadata": {}}
{"timestamp": 1785774591, "type": "safe_tx", "device": "node-8-spammer", "metadata": {}}
{"timestamp": 1785774591, "type": "dos_spam", "device": "node-8-spammer", "metadata": {"count": 30, "window_sec": 5}}
{"timestamp": 1785774591, "type": "safe_tx", "device": "node-5-clean", "metadata": {}}
{"timestamp": 1785774591, "type": "safe_tx", "device": "node-8-spammer", "metadata": {}}
{"timestamp": 1785774591, "type": "safe_tx", "device": "node-2-clean", "metadata": {}}
{"timestamp": 1785774591, "type": "safe_tx", "device": "node-8-spammer", "metadata": {}}
{"timestamp": 1785774591, "type": "safe_tx", "device": "node-8-spammer", "metadata": {}}
{"timestamp": 1785774591, "type": "safe_tx", "device": "node-8-spammer", "metadata": {}}
{"timestamp": 1785774591, "type": "safe_tx", "device": "node-8-spammer", "metadata": {}}
{"timestamp": 1785774591, "type": "dos_spam", "device": "node-8-spammer", "metadata": {}}
{"timestamp": 1785774591, "type": "safe_tx", "device": "node-8-spammer", "metadata": {}}
{"timestamp": 1785774591, "type": "safe_tx", "device": "node-8-spammer", "metadata": {}}
{"timestamp": 1785774591, "type": "safe_tx", "device": "node-14-mixed", "metadata": {}}
{"timestamp": 1785774591, "type": "safe_tx", "device": "node-4-clean", "metadata": {}}
{"timestamp": 1785774591, "type": "overflow", "device": "node-13-mixed", "metadata": {"count": 3, "window_sec": 30}}
{"timestamp": 1785774591, "type": "safe_tx", "device": "node-8-spammer", "metadata": {}}
{"timestamp": 1785774591, "type": "safe_tx", "device": "node-8-spammer", "metadata": {}}
{"timestamp": 1785774591, "type": "safe_tx", "device": "node-8-spammer", "metadata": {}}
{"timestamp": 1785774591, "type": "safe_tx", "device": "node-8-spammer", "metadata": {}}
{"timestamp": 1785774591, "type": "safe_tx", "device": "node-8-spammer", "metadata": {}}
{"timestamp": 1785774591, "type": "safe_tx", "device": "node-8-spammer", "metadata": {}}
{"timestamp": 1785774592, "type": "safe_tx", "device": "node-8-spammer", "metadata": {}}
{"timestamp": 1785774592, "type": "safe_tx", "device": "node-8-spammer", "metadata": {}}
{"timestamp": 1785774592, "type": "safe_tx", "device": "node-8-spammer", "metadata": {}}
{"timestamp": 1785774592, "type": "safe_tx", "device": "node-8-spammer", "metadata": {}}
{"timestamp": 1785774592, "type": "safe_tx", "device": "node-3-clean", "metadata": {}}
{"timestamp": 1785774592, "type": "safe_tx", "device": "node-10-fuzzer", "metadata": {}}
{"timestamp": 1785774592, "type": "safe_tx", "device": "node-8-spammer", "metadata": {}}
{"timestamp": 1785774592, "type": "safe_tx", "device": "node-12-mixed", "metadata": {}}
{"timestamp": 1785774592, "type": "time_anomaly", "device": "node-7-timespoof", "metadata": {}}
{"timestamp": 1785774592, "type": "time_anomaly", "device": "node-13-mixed", "metadata": {}}
{"timestamp": 1785774592, "type": "safe_tx", "device": "node-9-stealth", "metadata": {}}
{"timestamp": 1785774592, "type": "safe_tx", "device": "node-5-clean", "metadata": {}}
{"timestamp": 1785774592, "type": "safe_tx", "device": "node-14-mixed", "metadata": {}}
{"timestamp": 1785774593, "type": "fuzzing", "device": "node-10-fuzzer", "metadata": {}}
{"timestamp": 1785774593, "type": "safe_tx", "device": "node-15-mixed", "metadata": {}}
{"timestamp": 1785774593, "type": "safe_tx", "device": "node-1-clean", "metadata": {}}
{"timestamp": 1785774594, "type": "safe_tx", "device": "node-9-stealth", "metadata": {}}
{"timestamp": 1785774594, "type": "safe_tx", "device": "node-5-clean", "metadata": {}}
{"timestamp": 1785774594, "type": "safe_tx", "device": "node-3-clean", "metadata": {}}
{"timestamp": 1785774594, "type": "safe_tx", "device": "node-2-clean", "metadata": {}}
{"timestamp": 1785774594, "type": "safe_tx", "device": "node-9-stealth", "metadata": {}}
{"timestamp": 1785774595, "type": "safe_tx", "device": "node-13-mixed", "metadata": {}}
{"timestamp": 1785774595, "type": "safe_tx", "device": "node-4-clean", "metadata": {}}
{"timestamp": 1785774595, "type": "safe_tx", "device": "node-1-clean", "metadata": {}}
{"timestamp": 1785774595, "type": "time_anomaly", "device": "node-7-timespoof", "metadata": {}}
{"timestamp": 1785774595, "type": "time_anomaly", "device": "node-12-mixed", "metadata": {}}
{"timestamp": 1785774595, "type": "safe_tx", "device": "node-5-clean", "metadata": {}}
{"timestamp": 1785774595, "type": "safe_tx", "device": "node-8-spammer", "metadata": {}}
{"timestamp": 1785774595, "type": "safe_tx", "device": "node-8-spammer", "metadata": {}}
{"timestamp": 1785774595, "type": "safe_tx", "device": "node-8-spammer", "metadata": {}}
{"timestamp": 1785774595, "type": "safe_tx", "device": "node-10-fuzzer", "metadata": {}}
{"timestamp": 1785774595, "type": "safe_tx", "device": "node-12-mixed", "metadata": {}}
{"timestamp": 1785774595, "type": "safe_tx", "device": "node-8-spammer", "metadata": {}}
{"timestamp": 1785774596, "type": "safe_tx", "device": "node-8-spammer", "metadata": {}}
{"timestamp": 1785774596, "type": "safe_tx", "device": "node-14-mixed", "metadata": {}}
{"timestamp": 1785774596, "type": "safe_tx", "device": "node-9-stealth", "metadata": {}}
{"timestamp": 1785774596, "type": "safe_tx", "device": "node-5-clean", "metadata": {}}
{"timestamp": 1785774596, "type": "safe_tx", "device": "node-1-clean", "metadata": {}}
{"timestamp": 1785774597, "type": "safe_tx", "device": "node-2-clean", "metadata": {}}
{"timestamp": 1785774597, "type": "safe_tx", "device": "node-8-spammer", "metadata": {}}
{"timestamp": 1785774597, "type": "safe_tx", "device": "node-8-spammer", "metadata": {}}
{"timestamp": 1785774597, "type": "safe_tx", "device": "node-8-spammer", "metadata": {}}
{"timestamp": 1785774597, "type": "safe_tx", "device": "node-8-spammer", "metadata": {}}
{"timestamp": 1785774597, "type": "time_anomaly", "device": "node-15-mixed", "metadata": {}}
{"timestamp": 1785774597, "type": "safe_tx", "device": "node-8-spammer", "metadata": {}}
{"timestamp": 1785774597, "type": "safe_tx", "device": "node-3-clean", "metadata": {}}
{"timestamp": 1785774597, "type": "safe_tx", "device": "node-8-spammer", "metadata": {}}
{"timestamp": 1785774597, "type": "safe_tx", "device": "node-13-mixed", "metadata": {}}
{"timestamp": 1785774597, "type": "safe_tx", "device": "node-8-spammer", "metadata": {}}
{"timestamp": 1785774597, "type": "safe_tx", "device": "node-8-spammer", "metadata": {}}
{"timestamp": 1785774597, "type": "safe_tx", "device": "node-8-spammer", "metadata": {}}
{"timestamp": 1785774597, "type": "safe_tx", "device": "node-8-spammer", "metadata": {}}
{"timestamp": 1785774597, "type": "dos_spam", "device": "node-8-spammer", "metadata": {}}
{"timestamp": 1785774597, "type": "safe_tx", "device": "node-8-spammer", "metadata": {}}
{"timestamp": 1785774597, "type": "safe_tx", "device": "node-8-spammer", "metadata": {}}
{"timestamp": 1785774597, "type": "safe_tx", "device": "node-8-spammer", "metadata": {}}
{"timestamp": 1785774597, "type": "safe_tx", "device": "node-8-spammer", "metadata": {}}
{"timestamp": 1785774597, "type": "safe_tx", "device": "node-8-spammer", "metadata": {}}
{"timestamp": 1785774597, "type": "safe_tx", "device": "node-10-fuzzer", "metadata": {}}
{"timestamp": 1785774597, "type": "safe_tx", "device": "node-8-spammer", "metadata": {}}
{"timestamp": 1785774597, "type": "safe_tx", "device": "node-8-spammer", "metadata": {}}
{"timestamp": 1785774597, "type": "safe_tx", "device": "node-8-spammer", "metadata": {}}
{"timestamp": 1785774598, "type": "safe_tx", "device": "node-12-mixed", "metadata": {}}
{"timestamp": 1785774598, "type": "safe_tx", "device": "node-14-mixed", "metadata": {}}
{"timestamp": 1785774598, "type": "safe_tx", "device": "node-4-clean", "metadata": {}}
{"timestamp": 1785774598, "type": "safe_tx", "device": "node-9-stealth", "metadata": {}}
{"timestamp": 1785774599, "type": "safe_tx", "device": "node-8-spammer", "metadata": {}}
{"timestamp": 1785774599, "type": "safe_tx", "device": "node-8-spammer", "metadata": {}}
{"timestamp": 1785774599, "type": "safe_tx", "device": "node-8-spammer", "metadata": {}}
{"timestamp": 1785774599, "type": "safe_tx", "device": "node-8-spammer", "metadata": {}}
{"timestamp": 1785774599, "type": "safe_tx", "device": "node-5-clean", "metadata": {}}
{"timestamp": 1785774599, "type": "safe_tx", "device": "node-1-clean", "metadata": {}}
{"timestamp": 1785774600, "type": "time_anomaly", "device": "node-7-timespoof", "metadata": {}}
{"timestamp": 1785774600, "type": "safe_tx", "device": "node-14-mixed", "metadata": {}}
{"timestamp": 1785774600, "type": "fuzzing", "device": "node-10-fuzzer", "metadata": {}}
{"timestamp": 1785774600, "type": "safe_tx", "device": "node-12-mixed", "metadata": {}}
{"timestamp": 1785774600, "type": "safe_tx", "device": "node-15-mixed", "metadata": {}}
{"timestamp": 1785774600, "type": "safe_tx", "device": "node-9-stealth", "metadata": {}}
{"timestamp": 1785774600, "type": "safe_tx", "device": "node-8-spammer", "metadata": {}}
{"timestamp": 1785774600, "type": "safe_tx", "device": "node-2-clean", "metadata": {}}
{"timestamp": 1785774600, "type": "safe_tx", "device": "node-8-spammer", "metadata": {}}
{"timestamp": 1785774600, "type": "safe_tx", "device": "node-8-spammer", "metadata": {}}
{"timestamp": 1785774600, "type": "dos_spam", "device": "node-8-spammer", "metadata": {"count": 30, "window_sec": 5}}
{"timestamp": 1785774600, "type": "safe_tx", "device": "node-8-spammer", "metadata": {}}
{"timestamp": 1785774600, "type": "safe_tx", "device": "node-2-clean", "metadata": {}}
{"timestamp": 1785774600, "type": "safe_tx", "device": "node-8-spammer", "metadata": {}}
{"timestamp": 1785774600, "type": "safe_tx", "device": "node-8-spammer", "metadata": {}}
{"timestamp": 1785774600, "type": "safe_tx", "device": "node-8-spammer", "metadata": {}}
{"timestamp": 1785774600, "type": "safe_tx", "device": "node-4-clean", "metadata": {}}
{"timestamp": 1785774600, "type": "safe_tx", "device": "node-8-spammer", "metadata": {}}
{"timestamp": 1785774600, "type": "safe_tx", "device": "node-8-spammer", "metadata": {}}
{"timestamp": 1785774600, "type": "safe_tx", "device": "node-13-mixed", "metadata": {}}
{"timestamp": 1785774601, "type": "safe_tx", "device": "node-8-spammer", "metadata": {}}
{"timestamp": 1785774601, "type": "safe_tx", "device": "node-8-spammer", "metadata": {}}
{"timestamp": 1785774601, "type": "dos_spam", "device": "node-8-spammer", "metadata": {}}
{"timestamp": 1785774601, "type": "safe_tx", "device": "node-8-spammer", "metadata": {}}
{"timestamp": 1785774601, "type": "safe_tx", "device": "node-8-spammer", "metadata": {}}
{"timestamp": 1785774601, "type": "safe_tx", "device": "node-2-clean", "metadata": {}}
{"timestamp": 1785774601, "type": "safe_tx", "device": "node-8-spammer", "metadata": {}}
{"timestamp": 1785774601, "type": "safe_tx", "device": "node-3-clean", "metadata": {}}
{"timestamp": 1785774601, "type": "safe_tx", "device": "node-9-stealth", "metadata": {}}
{"timestamp": 1785774601, "type": "safe_tx", "device": "node-3-clean", "metadata": {}}
{"timestamp": 1785774601, "type": "safe_tx", "device": "node-5-clean", "metadata": {}}
{"timestamp": 1785774601, "type": "safe_tx", "device": "node-2-clean", "metadata": {}}
{"timestamp": 1785774602, "type": "time_anomaly", "device": "node-7-timespoof", "metadata": {}}
{"timestamp": 1785774602, "type": "time_anomaly", "device": "node-12-mixed", "metadata": {}}
{"timestamp": 1785774602, "type": "safe_tx", "device": "node-8-spammer", "metadata": {}}
{"timestamp": 1785774602, "type": "safe_tx", "device": "node-1-clean", "metadata": {}}
{"timestamp": 1785774602, "type": "safe_tx", "device": "node-3-clean", "metadata": {}}
{"timestamp": 1785774602, "type": "time_anomaly", "device": "node-13-mixed", "metadata": {}}
{"timestamp": 1785774602, "type": "safe_tx", "device": "node-4-clean", "metadata": {}}
{"timestamp": 1785774602, "type": "safe_tx", "device": "node-5-clean", "metadata": {}}
{"timestamp": 1785774602, "type": "safe_tx", "device": "node-15-mixed", "metadata": {}}
{"timestamp": 1785774602, "type": "safe_tx", "device": "node-3-clean", "metadata": {}}
{"timestamp": 1785774602, "type": "overflow", "device": "node-14-mixed", "metadata": {"count": 3, "window_sec": 30}}
{"timestamp": 1785774603, "type": "fuzzing", "device": "node-10-fuzzer", "metadata": {}}
{"timestamp": 1785774603, "type": "safe_tx", "device": "node-6-overflow", "metadata": {}}
{"timestamp": 1785774603, "type": "safe_tx", "device": "node-8-spammer", "metadata": {}}
{"timestamp": 1785774603, "type": "safe_tx", "device": "node-13-mixed", "metadata": {}}
{"timestamp": 1785774603, "type": "safe_tx", "device": "node-8-spammer", "metadata": {}}
{"timestamp": 1785774603, "type": "safe_tx", "device": "node-8-spammer", "metadata": {}}
{"timestamp": 1785774603, "type": "safe_tx", "device": "node-8-spammer", "metadata": {}}
{"timestamp": 1785774603, "type": "safe_tx", "device": "node-8-spammer", "metadata": {}}
{"timestamp": 1785774603, "type": "safe_tx", "device": "node-8-spammer", "metadata": {}}
{"timestamp": 1785774603, "type": "safe_tx", "device": "node-15-mixed", "metadata": {}}
{"timestamp": 1785774603, "type": "safe_tx", "device": "node-5-clean", "metadata": {}}
{"timestamp": 1785774603, "type": "safe_tx", "device": "node-10-fuzzer", "metadata": {}}
{"timestamp": 1785774603, "type": "safe_tx", "device": "node-14-mixed", "metadata": {}}
{"timestamp": 1785774603, "type": "safe_tx", "device": "node-2-clean", "metadata": {}}
{"timestamp": 1785774603, "type": "safe_tx", "device": "node-12-mixed", "metadata": {}}
{"timestamp": 1785774604, "type": "safe_tx", "device": "node-4-clean", "metadata": {}}
{"timestamp": 1785774604, "type": "safe_tx", "device": "node-8-spammer", "metadata": {}}
{"timestamp": 1785774604, "type": "safe_tx", "device": "node-8-spammer", "metadata": {}}
{"timestamp": 1785774604, "type": "safe_tx", "device": "node-8-spammer", "metadata": {}}
{"timestamp": 1785774604, "type": "safe_tx", "device": "node-8-spammer", "metadata": {}}
{"timestamp": 1785774605, "type": "time_anomaly", "device": "node-7-timespoof", "metadata": {}}
{"timestamp": 1785774605, "type": "safe_tx", "device": "node-8-spammer", "metadata": {}}
{"timestamp": 1785774605, "type": "safe_tx", "device": "node-2-clean", "metadata": {}}
{"timestamp": 1785774605, "type": "safe_tx", "device": "node-14-mixed", "metadata": {}}
{"timestamp": 1785774605, "type": "safe_tx", "device": "node-3-clean", "metadata": {}}
{"timestamp": 1785774605, "type": "safe_tx", "device": "node-10-fuzzer", "metadata": {}}
{"timestamp": 1785774605, "type": "safe_tx", "device": "node-9-stealth", "metadata": {}}
{"timestamp": 1785774605, "type": "safe_tx", "device": "node-1-clean", "metadata": {}}
{"timestamp": 1785774606, "type": "safe_tx", "device": "node-2-clean", "metadata": {}}
{"timestamp": 1785774606, "type": "safe_tx", "device": "node-14-mixed", "metadata": {}}
{"timestamp": 1785774606, "type": "safe_tx", "device": "node-4-clean", "metadata": {}}
{"timestamp": 1785774606, "type": "safe_tx", "device": "node-9-stealth", "metadata": {}}
{"timestamp": 1785774606, "type": "safe_tx", "device": "node-3-clean", "metadata": {}}
{"timestamp": 1785774606, "type": "safe_tx", "device": "node-8-spammer", "metadata": {}}
{"timestamp": 1785774606, "type": "safe_tx", "device": "node-8-spammer", "metadata": {}}
{"timestamp": 1785774606, "type": "safe_tx", "device": "node-8-spammer", "metadata": {}}
{"timestamp": 1785774606, "type": "safe_tx", "device": "node-8-spammer", "metadata": {}}
{"timestamp": 1785774606, "type": "safe_tx", "device": "node-8-spammer", "metadata": {}}
{"timestamp": 1785774607, "type": "safe_tx", "device": "node-8-spammer", "metadata": {}}
{"timestamp": 1785774607, "type": "safe_tx", "device": "node-8-spammer", "metadata": {}}
{"timestamp": 1785774607, "type": "safe_tx", "device": "node-8-spammer", "metadata": {}}
{"timestamp": 1785774607, "type": "safe_tx", "device": "node-5-clean", "metadata": {}}
{"timestamp": 1785774607, "type": "safe_tx", "device": "node-8-spammer", "metadata": {}}
{"timestamp": 1785774607, "type": "safe_tx", "device": "node-4-clean", "metadata": {}}
{"timestamp": 1785774607, "type": "safe_tx", "device": "node-10-fuzzer", "metadata": {}}
{"timestamp": 1785774607, "type": "time_anomaly", "device": "node-13-mixed", "metadata": {}}
{"timestamp": 1785774607, "type": "safe_tx", "device": "node-4-clean", "metadata": {}}
{"timestamp": 1785774607, "type": "safe_tx", "device": "node-3-clean", "metadata": {}}
{"timestamp": 1785774607, "type": "time_anomaly", "device": "node-12-mixed", "metadata": {}}
{"timestamp": 1785774607, "type": "fuzzing", "device": "node-10-fuzzer", "metadata": {}}
{"timestamp": 1785774607, "type": "safe_tx", "device": "node-15-mixed", "metadata": {}}
{"timestamp": 1785774608, "type": "safe_tx", "device": "node-2-clean", "metadata": {}}
{"timestamp": 1785774608, "type": "time_anomaly", "device": "node-14-mixed", "metadata": {}}
{"timestamp": 1785774608, "type": "safe_tx", "device": "node-8-spammer", "metadata": {}}
{"timestamp": 1785774608, "type": "safe_tx", "device": "node-8-spammer", "metadata": {}}
{"timestamp": 1785774608, "type": "safe_tx", "device": "node-8-spammer", "metadata": {}}
{"timestamp": 1785774608, "type": "safe_tx", "device": "node-8-spammer", "metadata": {}}
{"timestamp": 1785774608, "type": "safe_tx", "device": "node-8-spammer", "metadata": {}}
{"timestamp": 1785774608, "type": "safe_tx", "device": "node-8-spammer", "metadata": {}}
{"timestamp": 1785774608, "type": "dos_spam", "device": "node-8-spammer", "metadata": {}}
{"timestamp": 1785774608, "type": "safe_tx", "device": "node-8-spammer", "metadata": {}}
{"timestamp": 1785774608, "type": "safe_tx", "device": "node-8-spammer", "metadata": {}}
{"timestamp": 1785774609, "type": "safe_tx", "device": "node-9-stealth", "metadata": {}}
{"timestamp": 1785774609, "type": "safe_tx", "device": "node-14-mixed", "metadata": {}}
{"timestamp": 1785774609, "type": "safe_tx", "device": "node-15-mixed", "metadata": {}}
{"timestamp": 1785774609, "type": "safe_tx", "device": "node-1-clean", "metadata": {}}
{"timestamp": 1785774609, "type": "safe_tx", "device": "node-14-mixed", "metadata": {}}
{"timestamp": 1785774609, "type": "safe_tx", "device": "node-4-clean", "metadata": {}}
{"timestamp": 1785774609, "type": "safe_tx", "device": "node-8-spammer", "metadata": {}}
{"timestamp": 1785774609, "type": "safe_tx", "device": "node-8-spammer", "metadata": {}}
{"timestamp": 1785774609, "type": "safe_tx", "device": "node-10-fuzzer", "metadata": {}}
{"timestamp": 1785774609, "type": "safe_tx", "device": "node-8-spammer", "metadata": {}}
{"timestamp": 1785774609, "type": "safe_tx", "device": "node-8-spammer", "metadata": {}}
{"timestamp": 1785774609, "type": "safe_tx", "device": "node-8-spammer", "metadata": {}}
{"timestamp": 1785774610, "type": "safe_tx", "device": "node-14-mixed", "metadata": {}}
{"timestamp": 1785774610, "type": "safe_tx", "device": "node-3-clean", "metadata": {}}
{"timestamp": 1785774610, "type": "safe_tx", "device": "node-5-clean", "metadata": {}}
{"timestamp": 1785774610, "type": "safe_tx", "device": "node-15-mixed", "metadata": {}}
{"timestamp": 1785774610, "type": "safe_tx", "device": "node-2-clean", "metadata": {}}
{"timestamp": 1785774610, "type": "safe_tx", "device": "node-1-clean", "metadata": {}}
{"timestamp": 1785774611, "type": "time_anomaly", "device": "node-7-timespoof", "metadata": {}}
{"timestamp": 1785774610, "type": "fuzzing", "device": "node-10-fuzzer", "metadata": {}}
{"timestamp": 1785774611, "type": "time_anomaly", "device": "node-12-mixed", "metadata": {}}
{"timestamp": 1785774611, "type": "safe_tx", "device": "node-15-mixed", "metadata": {}}
{"timestamp": 1785774611, "type": "safe_tx", "device": "node-4-clean", "metadata": {}}
{"timestamp": 1785774611, "type": "safe_tx", "device": "node-9-stealth", "metadata": {}}
{"timestamp": 1785774611, "type": "fuzzing", "device": "node-10-fuzzer", "metadata": {}}
{"timestamp": 1785774611, "type": "safe_tx", "device": "node-5-clean", "metadata": {}}
{"timestamp": 1785774611, "type": "safe_tx", "device": "node-1-clean", "metadata": {}}
{"timestamp": 1785774612, "type": "time_anomaly", "device": "node-12-mixed", "metadata": {}}
{"timestamp": 1785774611, "type": "safe_tx", "device": "node-15-mixed", "metadata": {}}
{"timestamp": 1785774612, "type": "safe_tx", "device": "node-1-clean", "metadata": {}}
{"timestamp": 1785774612, "type": "safe_tx", "device": "node-9-stealth", "metadata": {}}
{"timestamp": 1785774612, "type": "safe_tx", "device": "node-14-mixed", "metadata": {}}
{"timestamp": 1785774612, "type": "safe_tx", "device": "node-8-spammer", "metadata": {}}
{"timestamp": 1785774612, "type": "safe_tx", "device": "node-12-mixed", "metadata": {}}
{"timestamp": 1785774612, "type": "safe_tx", "device": "node-8-spammer", "metadata": {}}
{"timestamp": 1785774612, "type": "safe_tx", "device": "node-8-spammer", "metadata": {}}
{"timestamp": 1785774612, "type": "safe_tx", "device": "node-8-spammer", "metadata": {}}
{"timestamp": 1785774612, "type": "safe_tx", "device": "node-8-spammer", "metadata": {}}
{"timestamp": 1785774612, "type": "safe_tx", "device": "node-8-spammer", "metadata": {}}
{"timestamp": 1785774612, "type": "safe_tx", "device": "node-2-clean", "metadata": {}}
{"timestamp": 1785774612, "type": "safe_tx", "device": "node-8-spammer", "metadata": {}}
{"timestamp": 1785774613, "type": "safe_tx", "device": "node-9-stealth", "metadata": {}}
{"timestamp": 1785774613, "type": "safe_tx", "device": "node-10-fuzzer", "metadata": {}}
{"timestamp": 1785774613, "type": "safe_tx", "device": "node-2-clean", "metadata": {}}
{"timestamp": 1785774613, "type": "safe_tx", "device": "node-13-mixed", "metadata": {}}
{"timestamp": 1785774613, "type": "time_anomaly", "device": "node-7-timespoof", "metadata": {}}
{"timestamp": 1785774613, "type": "safe_tx", "device": "node-3-clean", "metadata": {}}
{"timestamp": 1785774613, "type": "safe_tx", "device": "node-11-pulsing", "metadata": {}}
{"timestamp": 1785774613, "type": "safe_tx", "device": "node-14-mixed", "metadata": {}}
{"timestamp": 1785774613, "type": "safe_tx", "device": "node-3-clean", "metadata": {}}
{"timestamp": 1785774613, "type": "safe_tx", "device": "node-11-pulsing", "metadata": {}}
{"timestamp": 1785774613, "type": "safe_tx", "device": "node-11-pulsing", "metadata": {}}
{"timestamp": 1785774614, "type": "safe_tx", "device": "node-11-pulsing", "metadata": {}}
{"timestamp": 1785774614, "type": "safe_tx", "device": "node-4-clean", "metadata": {}}
{"timestamp": 1785774614, "type": "safe_tx", "device": "node-11-pulsing", "metadata": {}}
{"timestamp": 1785774614, "type": "safe_tx", "device": "node-11-pulsing", "metadata": {}}
{"timestamp": 1785774614, "type": "safe_tx", "device": "node-11-pulsing", "metadata": {}}
{"timestamp": 1785774614, "type": "safe_tx", "device": "node-11-pulsing", "metadata": {}}
{"timestamp": 1785774614, "type": "safe_tx", "device": "node-11-pulsing", "metadata": {}}
{"timestamp": 1785774614, "type": "safe_tx", "device": "node-11-pulsing", "metadata": {}}
{"timestamp": 1785774614, "type": "safe_tx", "device": "node-11-pulsing", "metadata": {}}
{"timestamp": 1785774614, "type": "safe_tx", "device": "node-11-pulsing", "metadata": {}}
{"timestamp": 1785774614, "type": "safe_tx", "device": "node-11-pulsing", "metadata": {}}
{"timestamp": 1785774614, "type": "overflow", "device": "node-6-overflow", "metadata": {"count": 3, "window_sec": 30}}
{"timestamp": 1785774614, "type": "safe_tx", "device": "node-11-pulsing", "metadata": {}}
{"timestamp": 1785774614, "type": "safe_tx", "device": "node-11-pulsing", "metadata": {}}
{"timestamp": 1785774614, "type": "dos_spam", "device": "node-11-pulsing", "metadata": {}}
{"timestamp": 1785774614, "type": "safe_tx", "device": "node-11-pulsing", "metadata": {}}
{"timestamp": 1785774614, "type": "safe_tx", "device": "node-11-pulsing", "metadata": {}}
{"timestamp": 1785774614, "type": "safe_tx", "device": "node-11-pulsing", "metadata": {}}
{"timestamp": 1785774614, "type": "fuzzing", "device": "node-10-fuzzer", "metadata": {}}
{"timestamp": 1785774614, "type": "safe_tx", "device": "node-11-pulsing", "metadata": {}}
{"timestamp": 1785774614, "type": "safe_tx", "device": "node-11-pulsing", "metadata": {}}
{"timestamp": 1785774615, "type": "safe_tx", "device": "node-8-spammer", "metadata": {}}
{"timestamp": 1785774615, "type": "safe_tx", "device": "node-13-mixed", "metadata": {}}
{"timestamp": 1785774615, "type": "safe_tx", "device": "node-3-clean", "metadata": {}}
{"timestamp": 1785774615, "type": "safe_tx", "device": "node-12-mixed", "metadata": {}}
{"timestamp": 1785774615, "type": "safe_tx", "device": "node-5-clean", "metadata": {}}
{"timestamp": 1785774615, "type": "safe_tx", "device": "node-9-stealth", "metadata": {}}
{"timestamp": 1785774615, "type": "safe_tx", "device": "node-2-clean", "metadata": {}}
{"timestamp": 1785774616, "type": "safe_tx", "device": "node-1-clean", "metadata": {}}
{"timestamp": 1785774616, "type": "safe_tx", "device": "node-10-fuzzer", "metadata": {}}
{"timestamp": 1785774616, "type": "safe_tx", "device": "node-8-spammer", "metadata": {}}
{"timestamp": 1785774616, "type": "safe_tx", "device": "node-5-clean", "metadata": {}}
{"timestamp": 1785774616, "type": "safe_tx", "device": "node-8-spammer", "metadata": {}}
{"timestamp": 1785774616, "type": "safe_tx", "device": "node-8-spammer", "metadata": {}}
{"timestamp": 1785774616, "type": "safe_tx", "device": "node-8-spammer", "metadata": {}}
{"timestamp": 1785774616, "type": "safe_tx", "device": "node-8-spammer", "metadata": {}}
{"timestamp": 1785774616, "type": "safe_tx", "device": "node-8-spammer", "metadata": {}}
{"timestamp": 1785774616, "type": "safe_tx", "device": "node-8-spammer", "metadata": {}}
{"timestamp": 1785774616, "type": "safe_tx", "device": "node-8-spammer", "metadata": {}}
{"timestamp": 1785774616, "type": "safe_tx", "device": "node-8-spammer", "metadata": {}}
{"timestamp": 1785774616, "type": "safe_tx", "device": "node-4-clean", "metadata": {}}
{"timestamp": 1785774616, "type": "safe_tx", "device": "node-14-mixed", "metadata": {}}
{"timestamp": 1785774617, "type": "safe_tx", "device": "node-2-clean", "metadata": {}}
{"timestamp": 1785774617, "type": "fuzzing", "device": "node-10-fuzzer", "metadata": {}}
{"timestamp": 1785774617, "type": "safe_tx", "device": "node-3-clean", "metadata": {}}
{"timestamp": 1785774617, "type": "safe_tx", "device": "node-5-clean", "metadata": {}}
{"timestamp": 1785774618, "type": "safe_tx", "device": "node-8-spammer", "metadata": {}}
{"timestamp": 1785774618, "type": "safe_tx", "device": "node-8-spammer", "metadata": {}}
{"timestamp": 1785774618, "type": "safe_tx", "device": "node-8-spammer", "metadata": {}}
{"timestamp": 1785774618, "type": "safe_tx", "device": "node-14-mixed", "metadata": {}}
{"timestamp": 1785774618, "type": "safe_tx", "device": "node-8-spammer", "metadata": {}}
{"timestamp": 1785774618, "type": "safe_tx", "device": "node-4-clean", "metadata": {}}
{"timestamp": 1785774618, "type": "safe_tx", "device": "node-10-fuzzer", "metadata": {}}
{"timestamp": 1785774619, "type": "safe_tx", "device": "node-3-clean", "metadata": {}}
{"timestamp": 1785774619, "type": "safe_tx", "device": "node-12-mixed", "metadata": {}}
{"timestamp": 1785774619, "type": "safe_tx", "device": "node-10-fuzzer", "metadata": {}}
{"timestamp": 1785774619, "type": "safe_tx", "device": "node-8-spammer", "metadata": {}}
{"timestamp": 1785774619, "type": "safe_tx", "device": "node-8-spammer", "metadata": {}}
{"timestamp": 1785774619, "type": "safe_tx", "device": "node-8-spammer", "metadata": {}}
{"timestamp": 1785774619, "type": "safe_tx", "device": "node-1-clean", "metadata": {}}
{"timestamp": 1785774619, "type": "safe_tx", "device": "node-8-spammer", "metadata": {}}
{"timestamp": 1785774619, "type": "safe_tx", "device": "node-8-spammer", "metadata": {}}
{"timestamp": 1785774619, "type": "safe_tx", "device": "node-15-mixed", "metadata": {}}
{"timestamp": 1785774619, "type": "safe_tx", "device": "node-8-spammer", "metadata": {}}
{"timestamp": 1785774619, "type": "time_anomaly", "device": "node-7-timespoof", "metadata": {}}
{"timestamp": 1785774619, "type": "safe_tx", "device": "node-8-spammer", "metadata": {}}
{"timestamp": 1785774619, "type": "safe_tx", "device": "node-8-spammer", "metadata": {}}
{"timestamp": 1785774619, "type": "safe_tx", "device": "node-2-clean", "metadata": {}}
{"timestamp": 1785774619, "type": "safe_tx", "device": "node-8-spammer", "metadata": {}}
{"timestamp": 1785774619, "type": "safe_tx", "device": "node-8-spammer", "metadata": {}}
{"timestamp": 1785774619, "type": "safe_tx", "device": "node-8-spammer", "metadata": {}}
{"timestamp": 1785774619, "type": "dos_spam", "device": "node-8-spammer", "metadata": {}}
{"timestamp": 1785774619, "type": "safe_tx", "device": "node-8-spammer", "metadata": {}}
{"timestamp": 1785774619, "type": "safe_tx", "device": "node-8-spammer", "metadata": {}}
{"timestamp": 1785774619, "type": "safe_tx", "device": "node-8-spammer", "metadata": {}}
{"timestamp": 1785774619, "type": "time_anomaly", "device": "node-13-mixed", "metadata": {}}
{"timestamp": 1785774619, "type": "safe_tx", "device": "node-8-spammer", "metadata": {}}
{"timestamp": 1785774619, "type": "safe_tx", "device": "node-8-spammer", "metadata": {}}
{"timestamp": 1785774619, "type": "dos_spam", "device": "node-8-spammer", "metadata": {"count": 30, "window_sec": 5}}
{"timestamp": 1785774619, "type": "safe_tx", "device": "node-8-spammer", "metadata": {}}
{"timestamp": 1785774619, "type": "safe_tx", "device": "node-8-spammer", "metadata": {}}
{"timestamp": 1785774619, "type": "safe_tx", "device": "node-8-spammer", "metadata": {}}
{"timestamp": 1785774619, "type": "safe_tx", "device": "node-8-spammer", "metadata": {}}
{"timestamp": 1785774619, "type": "safe_tx", "device": "node-14-mixed", "metadata": {}}
{"timestamp": 1785774620, "type": "safe_tx", "device": "node-2-clean", "metadata": {}}
{"timestamp": 1785774620, "type": "safe_tx", "device": "node-5-clean", "metadata": {}}
{"timestamp": 1785774620, "type": "safe_tx", "device": "node-8-spammer", "metadata": {}}
{"timestamp": 1785774620, "type": "safe_tx", "device": "node-8-spammer", "metadata": {}}
{"timestamp": 1785774620, "type": "safe_tx", "device": "node-8-spammer", "metadata": {}}
{"timestamp": 1785774620, "type": "safe_tx", "device": "node-10-fuzzer", "metadata": {}}
{"timestamp": 1785774620, "type": "safe_tx", "device": "node-4-clean", "metadata": {}}
{"timestamp": 1785774620, "type": "safe_tx", "device": "node-9-stealth", "metadata": {}}
{"timestamp": 1785774620, "type": "safe_tx", "device": "node-15-mixed", "metadata": {}}
{"timestamp": 1785774621, "type": "safe_tx", "device": "node-9-stealth", "metadata": {}}
{"timestamp": 1785774621, "type": "fuzzing", "device": "node-10-fuzzer", "metadata": {}}
{"timestamp": 1785774622, "type": "safe_tx", "device": "node-3-clean", "metadata": {}}
{"timestamp": 1785774622, "type": "safe_tx", "device": "node-1-clean", "metadata": {}}
{"timestamp": 1785774622, "type": "safe_tx", "device": "node-13-mixed", "metadata": {}}
{"timestamp": 1785774622, "type": "time_anomaly", "device": "node-7-timespoof", "metadata": {}}
{"timestamp": 1785774622, "type": "safe_tx", "device": "node-10-fuzzer", "metadata": {}}
{"timestamp": 1785774622, "type": "safe_tx", "device": "node-12-mixed", "metadata": {}}
{"timestamp": 1785774622, "type": "safe_tx", "device": "node-4-clean", "metadata": {}}
{"timestamp": 1785774623, "type": "time_anomaly", "device": "node-14-mixed", "metadata": {}}
{"timestamp": 1785774623, "type": "safe_tx", "device": "node-8-spammer", "metadata": {}}
{"timestamp": 1785774623, "type": "safe_tx", "device": "node-8-spammer", "metadata": {}}
{"timestamp": 1785774623, "type": "safe_tx", "device": "node-8-spammer", "metadata": {}}
{"timestamp": 1785774623, "type": "safe_tx", "device": "node-8-spammer", "metadata": {}}
{"timestamp": 1785774623, "type": "safe_tx", "device": "node-8-spammer", "metadata": {}}
{"timestamp": 1785774623, "type": "safe_tx", "device": "node-2-clean", "metadata": {}}
{"timestamp": 1785774623, "type": "safe_tx", "device": "node-5-clean", "metadata": {}}
{"timestamp": 1785774623, "type": "safe_tx", "device": "node-15-mixed", "metadata": {}}
{"timestamp": 1785774623, "type": "safe_tx", "device": "node-1-clean", "metadata": {}}
{"timestamp": 1785774624, "type": "safe_tx", "device": "node-9-stealth", "metadata": {}}
{"timestamp": 1785774624, "type": "safe_tx", "device": "node-10-fuzzer", "metadata": {}}
{"timestamp": 1785774624, "type": "safe_tx", "device": "node-4-clean", "metadata": {}}
{"timestamp": 1785774624, "type": "safe_tx", "device": "node-3-clean", "metadata": {}}
{"timestamp": 1785774624, "type": "safe_tx", "device": "node-8-spammer", "metadata": {}}
{"timestamp": 1785774624, "type": "safe_tx", "device": "node-8-spammer", "metadata": {}}
{"timestamp": 1785774624, "type": "safe_tx", "device": "node-8-spammer", "metadata": {}}
{"timestamp": 1785774624, "type": "safe_tx", "device": "node-8-spammer", "metadata": {}}
{"timestamp": 1785774624, "type": "safe_tx", "device": "node-8-spammer", "metadata": {}}
{"timestamp": 1785774624, "type": "safe_tx", "device": "node-8-spammer", "metadata": {}}
{"timestamp": 1785774624, "type": "safe_tx", "device": "node-8-spammer", "metadata": {}}
{"timestamp": 1785774624, "type": "safe_tx", "device": "node-13-mixed", "metadata": {}}
{"timestamp": 1785774624, "type": "safe_tx", "device": "node-1-clean", "metadata": {}}
{"timestamp": 1785774625, "type": "safe_tx", "device": "node-14-mixed", "metadata": {}}
{"timestamp": 1785774625, "type": "safe_tx", "device": "node-8-spammer", "metadata": {}}
{"timestamp": 1785774625, "type": "safe_tx", "device": "node-8-spammer", "metadata": {}}
{"timestamp": 1785774625, "type": "safe_tx", "device": "node-8-spammer", "metadata": {}}
{"timestamp": 1785774625, "type": "dos_spam", "device": "node-8-spammer", "metadata": {}}
{"timestamp": 1785774625, "type": "safe_tx", "device": "node-8-spammer", "metadata": {}}
{"timestamp": 1785774625, "type": "safe_tx", "device": "node-9-stealth", "metadata": {}}
{"timestamp": 1785774625, "type": "safe_tx", "device": "node-12-mixed", "metadata": {}}
{"timestamp": 1785774625, "type": "safe_tx", "device": "node-8-spammer", "metadata": {}}
{"timestamp": 1785774625, "type": "safe_tx", "device": "node-8-spammer", "metadata": {}}
{"timestamp": 1785774625, "type": "safe_tx", "device": "node-8-spammer", "metadata": {}}
{"timestamp": 1785774625, "type": "safe_tx", "device": "node-8-spammer", "metadata": {}}
{"timestamp": 1785774625, "type": "safe_tx", "device": "node-8-spammer", "metadata": {}}
{"timestamp": 1785774625, "type": "safe_tx", "device": "node-8-spammer", "metadata": {}}
{"timestamp": 1785774625, "type": "safe_tx", "device": "node-8-spammer", "metadata": {}}
{"timestamp": 1785774625, "type": "safe_tx", "device": "node-1-clean", "metadata": {}}
{"timestamp": 1785774625, "type": "safe_tx", "device": "node-8-spammer", "metadata": {}}
{"timestamp": 1785774625, "type": "safe_tx", "device": "node-14-mixed", "metadata": {}}
{"timestamp": 1785774625, "type": "safe_tx", "device": "node-8-spammer", "metadata": {}}
{"timestamp": 1785774626, "type": "safe_tx", "device": "node-2-clean", "metadata": {}}
{"timestamp": 1785774626, "type": "fuzzing", "device": "node-10-fuzzer", "metadata": {}}
{"timestamp": 1785774626, "type": "safe_tx", "device": "node-13-mixed", "metadata": {}}
{"timestamp": 1785774626, "type": "safe_tx", "device": "node-9-stealth", "metadata": {}}
{"timestamp": 1785774626, "type": "time_anomaly", "device": "node-7-timespoof", "metadata": {}}
{"timestamp": 1785774626, "type": "overflow", "device": "node-15-mixed", "metadata": {"count": 3, "window_sec": 30}}
{"timestamp": 1785774627, "type": "safe_tx", "device": "node-5-clean", "metadata": {}}
{"timestamp": 1785774627, "type": "safe_tx", "device": "node-8-spammer", "metadata": {}}
{"timestamp": 1785774627, "type": "safe_tx", "device": "node-8-spammer", "metadata": {}}
{"timestamp": 1785774627, "type": "safe_tx", "device": "node-8-spammer", "metadata": {}}
{"timestamp": 1785774627, "type": "safe_tx", "device": "node-13-mixed", "metadata": {}}
{"timestamp": 1785774627, "type": "safe_tx", "device": "node-2-clean", "metadata": {}}
{"timestamp": 1785774627, "type": "safe_tx", "device": "node-10-fuzzer", "metadata": {}}
{"timestamp": 1785774627, "type": "safe_tx", "device": "node-4-clean", "metadata": {}}
{"timestamp": 1785774627, "type": "safe_tx", "device": "node-3-clean", "metadata": {}}
{"timestamp": 1785774628, "type": "safe_tx", "device": "node-8-spammer", "metadata": {}}
{"timestamp": 1785774628, "type": "safe_tx", "device": "node-3-clean", "metadata": {}}
{"timestamp": 1785774628, "type": "safe_tx", "device": "node-13-mixed", "metadata": {}}
{"timestamp": 1785774628, "type": "overflow", "device": "node-12-mixed", "metadata": {"count": 3, "window_sec": 30}}
{"timestamp": 1785774628, "type": "safe_tx", "device": "node-8-spammer", "metadata": {}}
{"timestamp": 1785774628, "type": "dos_spam", "device": "node-8-spammer", "metadata": {"count": 30, "window_sec": 5}}
{"timestamp": 1785774628, "type": "safe_tx", "device": "node-4-clean", "metadata": {}}
{"timestamp": 1785774629, "type": "safe_tx", "device": "node-1-clean", "metadata": {}}
{"timestamp": 1785774629, "type": "safe_tx", "device": "node-3-clean", "metadata": {}}
{"timestamp": 1785774629, "type": "safe_tx", "device": "node-13-mixed", "metadata": {}}
{"timestamp": 1785774629, "type": "safe_tx", "device": "node-9-stealth", "metadata": {}}
{"timestamp": 1785774629, "type": "safe_tx", "device": "node-14-mixed", "metadata": {}}
{"timestamp": 1785774630, "type": "safe_tx", "device": "node-8-spammer", "metadata": {}}
{"timestamp": 1785774630, "type": "safe_tx", "device": "node-8-spammer", "metadata": {}}
{"timestamp": 1785774630, "type": "safe_tx", "device": "node-8-spammer", "metadata": {}}
{"timestamp": 1785774630, "type": "safe_tx", "device": "node-8-spammer", "metadata": {}}
{"timestamp": 1785774630, "type": "safe_tx", "device": "node-8-spammer", "metadata": {}}
{"timestamp": 1785774630, "type": "safe_tx", "device": "node-8-spammer", "metadata": {}}
{"timestamp": 1785774630, "type": "safe_tx", "device": "node-8-spammer", "metadata": {}}
{"timestamp": 1785774630, "type": "safe_tx", "device": "node-8-spammer", "metadata": {}}
{"timestamp": 1785774630, "type": "safe_tx", "device": "node-4-clean", "metadata": {}}
{"timestamp": 1785774630, "type": "safe_tx", "device": "node-8-spammer", "metadata": {}}
{"timestamp": 1785774630, "type": "safe_tx", "device": "node-8-spammer", "metadata": {}}
{"timestamp": 1785774630, "type": "safe_tx", "device": "node-8-spammer", "metadata": {}}
{"timestamp": 1785774630, "type": "safe_tx", "device": "node-8-spammer", "metadata": {}}
{"timestamp": 1785774630, "type": "safe_tx", "device": "node-8-spammer", "metadata": {}}
{"timestamp": 1785774630, "type": "dos_spam", "device": "node-8-spammer", "metadata": {}}
{"timestamp": 1785774630, "type": "safe_tx", "device": "node-8-spammer", "metadata": {}}
{"timestamp": 1785774630, "type": "safe_tx", "device": "node-8-spammer", "metadata": {}}
{"timestamp": 1785774630, "type": "safe_tx", "device": "node-8-spammer", "metadata": {}}
{"timestamp": 1785774630, "type": "safe_tx", "device": "node-8-spammer", "metadata": {}}
{"timestamp": 1785774630, "type": "safe_tx", "device": "node-8-spammer", "metadata": {}}
{"timestamp": 1785774630, "type": "safe_tx", "device": "node-8-spammer", "metadata": {}}
{"timestamp": 1785774630, "type": "safe_tx", "device": "node-8-spammer", "metadata": {}}
{"timestamp": 1785774630, "type": "safe_tx", "device": "node-8-spammer", "metadata": {}}
{"timestamp": 1785774630, "type": "safe_tx", "device": "node-8-spammer", "metadata": {}}
{"timestamp": 1785774630, "type": "safe_tx", "device": "node-8-spammer", "metadata": {}}
{"timestamp": 1785774630, "type": "safe_tx", "device": "node-8-spammer", "metadata": {}}
{"timestamp": 1785774630, "type": "safe_tx", "device": "node-8-spammer", "metadata": {}}
{"timestamp": 1785774631, "type": "safe_tx", "device": "node-14-mixed", "metadata": {}}
{"timestamp": 1785774631, "type": "time_anomaly", "device": "node-7-timespoof", "metadata": {}}
{"timestamp": 1785774631, "type": "safe_tx", "device": "node-2-clean", "metadata": {}}
{"timestamp": 1785774631, "type": "safe_tx", "device": "node-5-clean", "metadata": {}}
{"timestamp": 1785774631, "type": "fuzzing", "device": "node-10-fuzzer", "metadata": {}}
{"timestamp": 1785774631, "type": "safe_tx", "device": "node-1-clean", "metadata": {}}
{"timestamp": 1785774631, "type": "safe_tx", "device": "node-8-spammer", "metadata": {}}
{"timestamp": 1785774632, "type": "time_anomaly", "device": "node-12-mixed", "metadata": {}}
{"timestamp": 1785774632, "type": "safe_tx", "device": "node-1-clean", "metadata": {}}
{"timestamp": 1785774632, "type": "safe_tx", "device": "node-14-mixed", "metadata": {}}
{"timestamp": 1785774632, "type": "time_anomaly", "device": "node-13-mixed", "metadata": {}}
{"timestamp": 1785774632, "type": "safe_tx", "device": "node-9-stealth", "metadata": {}}
{"timestamp": 1785774632, "type": "safe_tx", "device": "node-8-spammer", "metadata": {}}
{"timestamp": 1785774633, "type": "safe_tx", "device": "node-3-clean", "metadata": {}}
{"timestamp": 1785774633, "type": "safe_tx", "device": "node-2-clean", "metadata": {}}
{"timestamp": 1785774633, "type": "safe_tx", "device": "node-3-clean", "metadata": {}}
{"timestamp": 1785774633, "type": "safe_tx", "device": "node-15-mixed", "metadata": {}}
{"timestamp": 1785774633, "type": "fuzzing", "device": "node-10-fuzzer", "metadata": {}}
{"timestamp": 1785774633, "type": "safe_tx", "device": "node-1-clean", "metadata": {}}
{"timestamp": 1785774633, "type": "safe_tx", "device": "node-2-clean", "metadata": {}}
{"timestamp": 1785774633, "type": "safe_tx", "device": "node-8-spammer", "metadata": {}}
{"timestamp": 1785774633, "type": "safe_tx", "device": "node-8-spammer", "metadata": {}}
{"timestamp": 1785774633, "type": "safe_tx", "device": "node-8-spammer", "metadata": {}}
{"timestamp": 1785774633, "type": "dos_spam", "device": "node-8-spammer", "metadata": {"count": 30, "window_sec": 5}}
{"timestamp": 1785774633, "type": "safe_tx", "device": "node-8-spammer", "metadata": {}}
{"timestamp": 1785774633, "type": "safe_tx", "device": "node-8-spammer", "metadata": {}}
{"timestamp": 1785774633, "type": "safe_tx", "device": "node-8-spammer", "metadata": {}}
{"timestamp": 1785774633, "type": "safe_tx", "device": "node-8-spammer", "metadata": {}}
{"timestamp": 1785774633, "type": "safe_tx", "device": "node-8-spammer", "metadata": {}}
{"timestamp": 1785774633, "type": "safe_tx", "device": "node-8-spammer", "metadata": {}}
{"timestamp": 1785774634, "type": "time_anomaly", "device": "node-13-mixed", "metadata": {}}
{"timestamp": 1785774634, "type": "time_anomaly", "device": "node-14-mixed", "metadata": {}}
{"timestamp": 1785774634, "type": "safe_tx", "device": "node-1-clean", "metadata": {}}
{"timestamp": 1785774634, "type": "safe_tx", "device": "node-4-clean", "metadata": {}}
{"timestamp": 1785774634, "type": "safe_tx", "device": "node-1-clean", "metadata": {}}
{"timestamp": 1785774634, "type": "safe_tx", "device": "node-2-clean", "metadata": {}}
{"timestamp": 1785774634, "type": "time_anomaly", "device": "node-14-mixed", "metadata": {}}
{"timestamp": 1785774634, "type": "safe_tx", "device": "node-8-spammer", "metadata": {}}
{"timestamp": 1785774635, "type": "time_anomaly", "device": "node-7-timespoof", "metadata": {}}
{"timestamp": 1785774634, "type": "safe_tx", "device": "node-5-clean", "metadata": {}}
{"timestamp": 1785774635, "type": "fuzzing", "device": "node-10-fuzzer", "metadata": {}}
{"timestamp": 1785774635, "type": "safe_tx", "device": "node-5-clean", "metadata": {}}
{"timestamp": 1785774635, "type": "safe_tx", "device": "node-1-clean", "metadata": {}}
{"timestamp": 1785774635, "type": "safe_tx", "device": "node-3-clean", "metadata": {}}
{"timestamp": 1785774636, "type": "safe_tx", "device": "node-8-spammer", "metadata": {}}
{"timestamp": 1785774636, "type": "safe_tx", "device": "node-9-stealth", "metadata": {}}
{"timestamp": 1785774636, "type": "safe_tx", "device": "node-8-spammer", "metadata": {}}
{"timestamp": 1785774636, "type": "safe_tx", "device": "node-12-mixed", "metadata": {}}
{"timestamp": 1785774636, "type": "time_anomaly", "device": "node-15-mixed", "metadata": {}}
{"timestamp": 1785774636, "type": "safe_tx", "device": "node-1-clean", "metadata": {}}
{"timestamp": 1785774636, "type": "safe_tx", "device": "node-12-mixed", "metadata": {}}
{"timestamp": 1785774636, "type": "safe_tx", "device": "node-11-pulsing", "metadata": {}}
{"timestamp": 1785774636, "type": "safe_tx", "device": "node-11-pulsing", "metadata": {}}
{"timestamp": 1785774636, "type": "safe_tx", "device": "node-11-pulsing", "metadata": {}}
{"timestamp": 1785774637, "type": "safe_tx", "device": "node-11-pulsing", "metadata": {}}
{"timestamp": 1785774637, "type": "safe_tx", "device": "node-8-spammer", "metadata": {}}
{"timestamp": 1785774637, "type": "safe_tx", "device": "node-2-clean", "metadata": {}}
{"timestamp": 1785774637, "type": "safe_tx", "device": "node-8-spammer", "metadata": {}}
{"timestamp": 1785774637, "type": "safe_tx", "device": "node-11-pulsing", "metadata": {}}
{"timestamp": 1785774637, "type": "safe_tx", "device": "node-8-spammer", "metadata": {}}
{"timestamp": 1785774637, "type": "safe_tx", "device": "node-11-pulsing", "metadata": {}}
{"timestamp": 1785774637, "type": "safe_tx", "device": "node-8-spammer", "metadata": {}}
{"timestamp": 1785774637, "type": "safe_tx", "device": "node-10-fuzzer", "metadata": {}}
{"timestamp": 1785774637, "type": "safe_tx", "device": "node-8-spammer", "metadata": {}}
{"timestamp": 1785774637, "type": "safe_tx", "device": "node-11-pulsing", "metadata": {}}
{"timestamp": 1785774637, "type": "safe_tx", "device": "node-8-spammer", "metadata": {}}
{"timestamp": 1785774637, "type": "safe_tx", "device": "node-8-spammer", "metadata": {}}
{"timestamp": 1785774637, "type": "safe_tx", "device": "node-11-pulsing", "metadata": {}}
{"timestamp": 1785774637, "type": "safe_tx", "device": "node-8-spammer", "metadata": {}}
{"timestamp": 1785774637, "type": "safe_tx", "device": "node-8-spammer", "metadata": {}}
{"timestamp": 1785774637, "type": "safe_tx", "device": "node-8-spammer", "metadata": {}}
{"timestamp": 1785774637, "type": "safe_tx", "device": "node-11-pulsing", "metadata": {}}
{"timestamp": 1785774637, "type": "safe_tx", "device": "node-8-spammer", "metadata": {}}
{"timestamp": 1785774637, "type": "safe_tx", "device": "node-11-pulsing", "metadata": {}}
{"timestamp": 1785774637, "type": "safe_tx", "device": "node-14-mixed", "metadata": {}}
{"timestamp": 1785774637, "type": "safe_tx", "device": "node-11-pulsing", "metadata": {}}
{"timestamp": 1785774637, "type": "safe_tx", "device": "node-11-pulsing", "metadata": {}}
{"timestamp": 1785774637, "type": "safe_tx", "device": "node-11-pulsing", "metadata": {}}
{"timestamp": 1785774637, "type": "safe_tx", "device": "node-11-pulsing", "metadata": {}}
{"timestamp": 1785774637, "type": "safe_tx", "device": "node-4-clean", "metadata": {}}
{"timestamp": 1785774637, "type": "safe_tx", "device": "node-11-pulsing", "metadata": {}}
{"timestamp": 1785774637, "type": "dos_spam", "device": "node-11-pulsing", "metadata": {}}
{"timestamp": 1785774637, "type": "safe_tx", "device": "node-11-pulsing", "metadata": {}}
{"timestamp": 1785774637, "type": "safe_tx", "device": "node-11-pulsing", "metadata": {}}
{"timestamp": 1785774637, "type": "safe_tx", "device": "node-11-pulsing", "metadata": {}}
{"timestamp": 1785774637, "type": "safe_tx", "device": "node-6-overflow", "metadata": {}}
{"timestamp": 1785774637, "type": "safe_tx", "device": "node-11-pulsing", "metadata": {}}
{"timestamp": 1785774637, "type": "safe_tx", "device": "node-11-pulsing", "metadata": {}}
{"timestamp": 1785774638, "type": "safe_tx", "device": "node-14-mixed", "metadata": {}}
{"timestamp": 1785774638, "type": "safe_tx", "device": "node-10-fuzzer", "metadata": {}}
{"timestamp": 1785774638, "type": "safe_tx", "device": "node-9-stealth", "metadata": {}}
{"timestamp": 1785774638, "type": "safe_tx", "device": "node-1-clean", "metadata": {}}
{"timestamp": 1785774638, "type": "safe_tx", "device": "node-8-spammer", "metadata": {}}
{"timestamp": 1785774638, "type": "safe_tx", "device": "node-2-clean", "metadata": {}}
{"timestamp": 1785774638, "type": "safe_tx", "device": "node-13-mixed", "metadata": {}}
{"timestamp": 1785774638, "type": "safe_tx", "device": "node-3-clean", "metadata": {}}
{"timestamp": 1785774638, "type": "safe_tx", "device": "node-14-mixed", "metadata": {}}
{"timestamp": 1785774639, "type": "safe_tx", "device": "node-15-mixed", "metadata": {}}
{"timestamp": 1785774639, "type": "safe_tx", "device": "node-5-clean", "metadata": {}}
{"timestamp": 1785774639, "type": "time_anomaly", "device": "node-7-timespoof", "metadata": {}}
{"timestamp": 1785774639, "type": "safe_tx", "device": "node-8-spammer", "metadata": {}}
{"timestamp": 1785774639, "type": "safe_tx", "device": "node-8-spammer", "metadata": {}}
{"timestamp": 1785774639, "type": "safe_tx", "device": "node-9-stealth", "metadata": {}}
{"timestamp": 1785774639, "type": "safe_tx", "device": "node-5-clean", "metadata": {}}
{"timestamp": 1785774639, "type": "safe_tx", "device": "node-4-clean", "metadata": {}}
{"timestamp": 1785774640, "type": "safe_tx", "device": "node-2-clean", "metadata": {}}
{"timestamp": 1785774640, "type": "safe_tx", "device": "node-1-clean", "metadata": {}}
{"timestamp": 1785774640, "type": "safe_tx", "device": "node-10-fuzzer", "metadata": {}}
{"timestamp": 1785774640, "type": "safe_tx", "device": "node-8-spammer", "metadata": {}}
{"timestamp": 1785774640, "type": "safe_tx", "device": "node-8-spammer", "metadata": {}}
{"timestamp": 1785774641, "type": "safe_tx", "device": "node-4-clean", "metadata": {}}
{"timestamp": 1785774641, "type": "time_anomaly", "device": "node-15-mixed", "metadata": {}}
{"timestamp": 1785774641, "type": "safe_tx", "device": "node-14-mixed", "metadata": {}}
{"timestamp": 1785774641, "type": "safe_tx", "device": "node-9-stealth", "metadata": {}}
{"timestamp": 1785774641, "type": "safe_tx", "device": "node-3-clean", "metadata": {}}
{"timestamp": 1785774641, "type": "safe_tx", "device": "node-8-spammer", "metadata": {}}
{"timestamp": 1785774641, "type": "time_anomaly", "device": "node-13-mixed", "metadata": {}}
{"timestamp": 1785774642, "type": "safe_tx", "device": "node-3-clean", "metadata": {}}
{"timestamp": 1785774642, "type": "safe_tx", "device": "node-8-spammer", "metadata": {}}
{"timestamp": 1785774642, "type": "safe_tx", "device": "node-8-spammer", "metadata": {}}
{"timestamp": 1785774642, "type": "safe_tx", "device": "node-8-spammer", "metadata": {}}
{"timestamp": 1785774642, "type": "safe_tx", "device": "node-10-fuzzer", "metadata": {}}
{"timestamp": 1785774642, "type": "safe_tx", "device": "node-8-spammer", "metadata": {}}
{"timestamp": 1785774642, "type": "safe_tx", "device": "node-8-spammer", "metadata": {}}
{"timestamp": 1785774642, "type": "safe_tx", "device": "node-8-spammer", "metadata": {}}
{"timestamp": 1785774642, "type": "safe_tx", "device": "node-8-spammer", "metadata": {}}
{"timestamp": 1785774642, "type": "safe_tx", "device": "node-8-spammer", "metadata": {}}
{"timestamp": 1785774642, "type": "safe_tx", "device": "node-9-stealth", "metadata": {}}
{"timestamp": 1785774642, "type": "safe_tx", "device": "node-8-spammer", "metadata": {}}
{"timestamp": 1785774642, "type": "safe_tx", "device": "node-1-clean", "metadata": {}}
{"timestamp": 1785774642, "type": "safe_tx", "device": "node-12-mixed", "metadata": {}}
{"timestamp": 1785774642, "type": "safe_tx", "device": "node-10-fuzzer", "metadata": {}}
{"timestamp": 1785774643, "type": "safe_tx", "device": "node-3-clean", "metadata": {}}
{"timestamp": 1785774643, "type": "safe_tx", "device": "node-4-clean", "metadata": {}}
{"timestamp": 1785774644, "type": "time_anomaly", "device": "node-7-timespoof", "metadata": {}}
{"timestamp": 1785774643, "type": "safe_tx", "device": "node-8-spammer", "metadata": {}}
{"timestamp": 1785774643, "type": "safe_tx", "device": "node-2-clean", "metadata": {}}
{"timestamp": 1785774643, "type": "safe_tx", "device": "node-8-spammer", "metadata": {}}
{"timestamp": 1785774643, "type": "safe_tx", "device": "node-8-spammer", "metadata": {}}
{"timestamp": 1785774643, "type": "safe_tx", "device": "node-8-spammer", "metadata": {}}
{"timestamp": 1785774643, "type": "safe_tx", "device": "node-8-spammer", "metadata": {}}
{"timestamp": 1785774643, "type": "dos_spam", "device": "node-8-spammer", "metadata": {}}
{"timestamp": 1785774643, "type": "safe_tx", "device": "node-8-spammer", "metadata": {}}
{"timestamp": 1785774643, "type": "safe_tx", "device": "node-5-clean", "metadata": {}}
{"timestamp": 1785774643, "type": "safe_tx", "device": "node-8-spammer", "metadata": {}}
{"timestamp": 1785774643, "type": "safe_tx", "device": "node-8-spammer", "metadata": {}}
{"timestamp": 1785774643, "type": "safe_tx", "device": "node-8-spammer", "metadata": {}}
{"timestamp": 1785774643, "type": "safe_tx", "device": "node-8-spammer", "metadata": {}}
{"timestamp": 1785774643, "type": "safe_tx", "device": "node-8-spammer", "metadata": {}}
{"timestamp": 1785774643, "type": "safe_tx", "device": "node-8-spammer", "metadata": {}}
{"timestamp": 1785774643, "type": "safe_tx", "device": "node-8-spammer", "metadata": {}}
{"timestamp": 1785774643, "type": "safe_tx", "device": "node-8-spammer", "metadata": {}}
{"timestamp": 1785774643, "type": "safe_tx", "device": "node-8-spammer", "metadata": {}}
{"timestamp": 1785774643, "type": "dos_spam", "device": "node-8-spammer", "metadata": {"count": 30, "window_sec": 5}}
{"timestamp": 1785774644, "type": "safe_tx", "device": "node-8-spammer", "metadata": {}}
{"timestamp": 1785774644, "type": "safe_tx", "device": "node-9-stealth", "metadata": {}}
{"timestamp": 1785774644, "type": "safe_tx", "device": "node-13-mixed", "metadata": {}}
{"timestamp": 1785774644, "type": "safe_tx", "device": "node-12-mixed", "metadata": {}}
{"timestamp": 1785774644, "type": "safe_tx", "device": "node-4-clean", "metadata": {}}
{"timestamp": 1785774645, "type": "time_anomaly", "device": "node-15-mixed", "metadata": {}}
{"timestamp": 1785774644, "type": "safe_tx", "device": "node-10-fuzzer", "metadata": {}}
{"timestamp": 1785774645, "type": "safe_tx", "device": "node-1-clean", "metadata": {}}
{"timestamp": 1785774645, "type": "safe_tx", "device": "node-8-spammer", "metadata": {}}
{"timestamp": 1785774645, "type": "safe_tx", "device": "node-8-spammer", "metadata": {}}
{"timestamp": 1785774645, "type": "safe_tx", "device": "node-8-spammer", "metadata": {}}
{"timestamp": 1785774645, "type": "safe_tx", "device": "node-8-spammer", "metadata": {}}
{"timestamp": 1785774645, "type": "dos_spam", "device": "node-8-spammer", "metadata": {}}
{"timestamp": 1785774645, "type": "safe_tx", "device": "node-8-spammer", "metadata": {}}
{"timestamp": 1785774645, "type": "safe_tx", "device": "node-14-mixed", "metadata": {}}
{"timestamp": 1785774645, "type": "safe_tx", "device": "node-10-fuzzer", "metadata": {}}
{"timestamp": 1785774645, "type": "safe_tx", "device": "node-15-mixed", "metadata": {}}
{"timestamp": 1785774645, "type": "safe_tx", "device": "node-8-spammer", "metadata": {}}
{"timestamp": 1785774645, "type": "safe_tx", "device": "node-8-spammer", "metadata": {}}
{"timestamp": 1785774645, "type": "safe_tx", "device": "node-8-spammer", "metadata": {}}
{"timestamp": 1785774645, "type": "safe_tx", "device": "node-8-spammer", "metadata": {}}
{"timestamp": 1785774645, "type": "safe_tx", "device": "node-8-spammer", "metadata": {}}
{"timestamp": 1785774645, "type": "safe_tx", "device": "node-8-spammer", "metadata": {}}
{"timestamp": 1785774645, "type": "overflow", "device": "node-6-overflow", "metadata": {"count": 3, "window_sec": 30}}
{"timestamp": 1785774645, "type": "safe_tx", "device": "node-9-stealth", "metadata": {}}
{"timestamp": 1785774646, "type": "safe_tx", "device": "node-3-clean", "metadata": {}}
{"timestamp": 1785774647, "type": "safe_tx", "device": "node-8-spammer", "metadata": {}}
{"timestamp": 1785774647, "type": "fuzzing", "device": "node-10-fuzzer", "metadata": {}}
{"timestamp": 1785774647, "type": "safe_tx", "device": "node-8-spammer", "metadata": {}}
{"timestamp": 1785774647, "type": "safe_tx", "device": "node-5-clean", "metadata": {}}
{"timestamp": 1785774647, "type": "safe_tx", "device": "node-2-clean", "metadata": {}}
{"timestamp": 1785774647, "type": "safe_tx", "device": "node-1-clean", "metadata": {}}
{"timestamp": 1785774648, "type": "safe_tx", "device": "node-8-spammer", "metadata": {}}
{"timestamp": 1785774648, "type": "safe_tx", "device": "node-8-spammer", "metadata": {}}
{"timestamp": 1785774648, "type": "safe_tx", "device": "node-8-spammer", "metadata": {}}
{"timestamp": 1785774648, "type": "safe_tx", "device": "node-8-spammer", "metadata": {}}
{"timestamp": 1785774648, "type": "safe_tx", "device": "node-8-spammer", "metadata": {}}
{"timestamp": 1785774648, "type": "safe_tx", "device": "node-8-spammer", "metadata": {}}
{"timestamp": 1785774648, "type": "safe_tx", "device": "node-8-spammer", "metadata": {}}
{"timestamp": 1785774648, "type": "safe_tx", "device": "node-8-spammer", "metadata": {}}
{"timestamp": 1785774648, "type": "safe_tx", "device": "node-2-clean", "metadata": {}}
{"timestamp": 1785774648, "type": "safe_tx", "device": "node-8-spammer", "metadata": {}}
{"timestamp": 1785774648, "type": "safe_tx", "device": "node-8-spammer", "metadata": {}}
{"timestamp": 1785774648, "type": "safe_tx", "device": "node-8-spammer", "metadata": {}}
{"timestamp": 1785774649, "type": "time_anomaly", "device": "node-15-mixed", "metadata": {}}
{"timestamp": 1785774648, "type": "safe_tx", "device": "node-8-spammer", "metadata": {}}
{"timestamp": 1785774648, "type": "safe_tx", "device": "node-8-spammer", "metadata": {}}
{"timestamp": 1785774648, "type": "dos_spam", "device": "node-8-spammer", "metadata": {}}
{"timestamp": 1785774648, "type": "safe_tx", "device": "node-8-spammer", "metadata": {}}
{"timestamp": 1785774648, "type": "safe_tx", "device": "node-8-spammer", "metadata": {}}
{"timestamp": 1785774648, "type": "safe_tx", "device": "node-8-spammer", "metadata": {}}
{"timestamp": 1785774648, "type": "dos_spam", "device": "node-8-spammer", "metadata": {"count": 30, "window_sec": 5}}
{"timestamp": 1785774648, "type": "safe_tx", "device": "node-8-spammer", "metadata": {}}
{"timestamp": 1785774648, "type": "safe_tx", "device": "node-8-spammer", "metadata": {}}
{"timestamp": 1785774648, "type": "safe_tx", "device": "node-3-clean", "metadata": {}}
{"timestamp": 1785774648, "type": "safe_tx", "device": "node-8-spammer", "metadata": {}}
{"timestamp": 1785774648, "type": "safe_tx", "device": "node-8-spammer", "metadata": {}}
{"timestamp": 1785774648, "type": "safe_tx", "device": "node-8-spammer", "metadata": {}}
{"timestamp": 1785774649, "type": "time_anomaly", "device": "node-15-mixed", "metadata": {}}
{"timestamp": 1785774648, "type": "safe_tx", "device": "node-8-spammer", "metadata": {}}
{"timestamp": 1785774648, "type": "safe_tx", "device": "node-14-mixed", "metadata": {}}
{"timestamp": 1785774648, "type": "safe_tx", "device": "node-8-spammer", "metadata": {}}
{"timestamp": 1785774649, "type": "time_anomaly", "device": "node-7-timespoof", "metadata": {}}
{"timestamp": 1785774649, "type": "safe_tx", "device": "node-10-fuzzer", "metadata": {}}
{"timestamp": 1785774649, "type": "safe_tx", "device": "node-13-mixed", "metadata": {}}
{"timestamp": 1785774649, "type": "safe_tx", "device": "node-8-spammer", "metadata": {}}
{"timestamp": 1785774649, "type": "safe_tx", "device": "node-8-spammer", "metadata": {}}
{"timestamp": 1785774649, "type": "safe_tx", "device": "node-8-spammer", "metadata": {}}
{"timestamp": 1785774649, "type": "safe_tx", "device": "node-8-spammer", "metadata": {}}
{"timestamp": 1785774649, "type": "safe_tx", "device": "node-8-spammer", "metadata": {}}
{"timestamp": 1785774649, "type": "dos_spam", "device": "node-8-spammer", "metadata": {}}
{"timestamp": 1785774649, "type": "safe_tx", "device": "node-8-spammer", "metadata": {}}
{"timestamp": 1785774649, "type": "safe_tx", "device": "node-8-spammer", "metadata": {}}
{"timestamp": 1785774649, "type": "safe_tx", "device": "node-8-spammer", "metadata": {}}
{"timestamp": 1785774649, "type": "safe_tx", "device": "node-4-clean", "metadata": {}}
{"timestamp": 1785774649, "type": "safe_tx", "device": "node-8-spammer", "metadata": {}}
{"timestamp": 1785774649, "type": "safe_tx", "device": "node-8-spammer", "metadata": {}}
{"timestamp": 1785774650, "type": "safe_tx", "device": "node-8-spammer", "metadata": {}}
{"timestamp": 1785774650, "type": "safe_tx", "device": "node-8-spammer", "metadata": {}}
{"timestamp": 1785774650, "type": "safe_tx", "device": "node-2-clean", "metadata": {}}
{"timestamp": 1785774650, "type": "safe_tx", "device": "node-8-spammer", "metadata": {}}
{"timestamp": 1785774650, "type": "safe_tx", "device": "node-8-spammer", "metadata": {}}
{"timestamp": 1785774650, "type": "safe_tx", "device": "node-8-spammer", "metadata": {}}
{"timestamp": 1785774650, "type": "safe_tx", "device": "node-8-spammer", "metadata": {}}
{"timestamp": 1785774650, "type": "safe_tx", "device": "node-8-spammer", "metadata": {}}
{"timestamp": 1785774650, "type": "safe_tx", "device": "node-8-spammer", "metadata": {}}
{"timestamp": 1785774650, "type": "safe_tx", "device": "node-12-mixed", "metadata": {}}
{"timestamp": 1785774650, "type": "safe_tx", "device": "node-5-clean", "metadata": {}}
{"timestamp": 1785774650, "type": "safe_tx", "device": "node-9-stealth", "metadata": {}}
{"timestamp": 1785774650, "type": "fuzzing", "device": "node-10-fuzzer", "metadata": {}}
{"timestamp": 1785774651, "type": "safe_tx", "device": "node-6-overflow", "metadata": {}}
{"timestamp": 1785774651, "type": "safe_tx", "device": "node-13-mixed", "metadata": {}}
{"timestamp": 1785774651, "type": "safe_tx", "device": "node-3-clean", "metadata": {}}
{"timestamp": 1785774651, "type": "safe_tx", "device": "node-1-clean", "metadata": {}}
{"timestamp": 1785774651, "type": "safe_tx", "device": "node-9-stealth", "metadata": {}}
{"timestamp": 1785774651, "type": "fuzzing", "device": "node-10-fuzzer", "metadata": {}}
{"timestamp": 1785774652, "type": "time_anomaly", "device": "node-7-timespoof", "metadata": {}}
{"timestamp": 1785774652, "type": "time_anomaly", "device": "node-15-mixed", "metadata": {}}
{"timestamp": 1785774651, "type": "safe_tx", "device": "node-1-clean", "metadata": {}}
{"timestamp": 1785774652, "type": "safe_tx", "device": "node-9-stealth", "metadata": {}}
{"timestamp": 1785774652, "type": "safe_tx", "device": "node-5-clean", "metadata": {}}
{"timestamp": 1785774652, "type": "safe_tx", "device": "node-1-clean", "metadata": {}}
{"timestamp": 1785774652, "type": "safe_tx", "device": "node-1-clean", "metadata": {}}
{"timestamp": 1785774652, "type": "safe_tx", "device": "node-2-clean", "metadata": {}}
{"timestamp": 1785774653, "type": "safe_tx", "device": "node-8-spammer", "metadata": {}}
{"timestamp": 1785774653, "type": "safe_tx", "device": "node-8-spammer", "metadata": {}}
{"timestamp": 1785774653, "type": "safe_tx", "device": "node-8-spammer", "metadata": {}}
{"timestamp": 1785774653, "type": "safe_tx", "device": "node-8-spammer", "metadata": {}}
{"timestamp": 1785774653, "type": "safe_tx", "device": "node-8-spammer", "metadata": {}}
{"timestamp": 1785774653, "type": "dos_spam", "device": "node-8-spammer", "metadata": {"count": 30, "window_sec": 5}}
{"timestamp": 1785774653, "type": "safe_tx", "device": "node-10-fuzzer", "metadata": {}}
{"timestamp": 1785774653, "type": "safe_tx", "device": "node-13-mixed", "metadata": {}}
{"timestamp": 1785774653, "type": "safe_tx", "device": "node-12-mixed", "metadata": {}}
{"timestamp": 1785774653, "type": "safe_tx", "device": "node-3-clean", "metadata": {}}
{"timestamp": 1785774653, "type": "safe_tx", "device": "node-4-clean", "metadata": {}}
{"timestamp": 1785774653, "type": "overflow", "device": "node-14-mixed", "metadata": {"count": 3, "window_sec": 30}}
{"timestamp": 1785774654, "type": "safe_tx", "device": "node-14-mixed", "metadata": {}}
{"timestamp": 1785774654, "type": "safe_tx", "device": "node-5-clean", "metadata": {}}
{"timestamp": 1785774654, "type": "safe_tx", "device": "node-12-mixed", "metadata": {}}
{"timestamp": 1785774654, "type": "fuzzing", "device": "node-10-fuzzer", "metadata": {}}
{"timestamp": 1785774655, "type": "safe_tx", "device": "node-9-stealth", "metadata": {}}
{"timestamp": 1785774655, "type": "safe_tx", "device": "node-1-clean", "metadata": {}}
{"timestamp": 1785774655, "type": "safe_tx", "device": "node-8-spammer", "metadata": {}}
{"timestamp": 1785774655, "type": "safe_tx", "device": "node-8-spammer", "metadata": {}}
{"timestamp": 1785774655, "type": "safe_tx", "device": "node-15-mixed", "metadata": {}}
{"timestamp": 1785774655, "type": "safe_tx", "device": "node-8-spammer", "metadata": {}}
{"timestamp": 1785774655, "type": "safe_tx", "device": "node-8-spammer", "metadata": {}}
{"timestamp": 1785774655, "type": "safe_tx", "device": "node-8-spammer", "metadata": {}}
{"timestamp": 1785774655, "type": "safe_tx", "device": "node-8-spammer", "metadata": {}}
{"timestamp": 1785774655, "type": "safe_tx", "device": "node-8-spammer", "metadata": {}}
{"timestamp": 1785774655, "type": "safe_tx", "device": "node-8-spammer", "metadata": {}}
{"timestamp": 1785774656, "type": "time_anomaly", "device": "node-13-mixed", "metadata": {}}
{"timestamp": 1785774656, "type": "fuzzing", "device": "node-10-fuzzer", "metadata": {}}
{"timestamp": 1785774656, "type": "safe_tx", "device": "node-4-clean", "metadata": {}}
{"timestamp": 1785774656, "type": "safe_tx", "device": "node-2-clean", "metadata": {}}
{"timestamp": 1785774656, "type": "safe_tx", "device": "node-1-clean", "metadata": {}}
{"timestamp": 1785774656, "type": "safe_tx", "device": "node-1-clean", "metadata": {}}
{"timestamp": 1785774656, "type": "safe_tx", "device": "node-8-spammer", "metadata": {}}
{"timestamp": 1785774656, "type": "safe_tx", "device": "node-8-spammer", "metadata": {}}
{"timestamp": 1785774656, "type": "safe_tx", "device": "node-8-spammer", "metadata": {}}
{"timestamp": 1785774656, "type": "safe_tx", "device": "node-8-spammer", "metadata": {}}
{"timestamp": 1785774656, "type": "safe_tx", "device": "node-14-mixed", "metadata": {}}
{"timestamp": 1785774656, "type": "safe_tx", "device": "node-8-spammer", "metadata": {}}
{"timestamp": 1785774656, "type": "safe_tx", "device": "node-8-spammer", "metadata": {}}
{"timestamp": 1785774656, "type": "safe_tx", "device": "node-8-spammer", "metadata": {}}
{"timestamp": 1785774656, "type": "dos_spam", "device": "node-8-spammer", "metadata": {}}
{"timestamp": 1785774656, "type": "safe_tx", "device": "node-8-spammer", "metadata": {}}
{"timestamp": 1785774656, "type": "safe_tx", "device": "node-8-spammer", "metadata": {}}
{"timestamp": 1785774656, "type": "safe_tx", "device": "node-8-spammer", "metadata": {}}
{"timestamp": 1785774656, "type": "safe_tx", "device": "node-8-spammer", "metadata": {}}
{"timestamp": 1785774656, "type": "safe_tx", "device": "node-8-spammer", "metadata": {}}
{"timestamp": 1785774656, "type": "safe_tx", "device": "node-3-clean", "metadata": {}}
{"timestamp": 1785774656, "type": "safe_tx", "device": "node-8-spammer", "metadata": {}}
{"timestamp": 1785774656, "type": "safe_tx", "device": "node-9-stealth", "metadata": {}}
{"timestamp": 1785774656, "type": "safe_tx", "device": "node-8-spammer", "metadata": {}}
{"timestamp": 1785774657, "type": "safe_tx", "device": "node-8-spammer", "metadata": {}}
{"timestamp": 1785774657, "type": "safe_tx", "device": "node-8-spammer", "metadata": {}}
{"timestamp": 1785774658, "type": "time_anomaly", "device": "node-7-timespoof", "metadata": {}}
{"timestamp": 1785774657, "type": "safe_tx", "device": "node-8-spammer", "metadata": {}}
{"timestamp": 1785774657, "type": "safe_tx", "device": "node-8-spammer", "metadata": {}}
{"timestamp": 1785774657, "type": "safe_tx", "device": "node-5-clean", "metadata": {}}
{"timestamp": 1785774657, "type": "fuzzing", "device": "node-10-fuzzer", "metadata": {}}
{"timestamp": 1785774657, "type": "safe_tx", "device": "node-8-spammer", "metadata": {}}
{"timestamp": 1785774657, "type": "safe_tx", "device": "node-8-spammer", "metadata": {}}
{"timestamp": 1785774658, "type": "safe_tx", "device": "node-8-spammer", "metadata": {}}
{"timestamp": 1785774658, "type": "safe_tx", "device": "node-8-spammer", "metadata": {}}
{"timestamp": 1785774658, "type": "dos_spam", "device": "node-8-spammer", "metadata": {"count": 30, "window_sec": 5}}
{"timestamp": 1785774658, "type": "dos_spam", "device": "node-8-spammer", "metadata": {}}
{"timestamp": 1785774658, "type": "safe_tx", "device": "node-8-spammer", "metadata": {}}
{"timestamp": 1785774658, "type": "safe_tx", "device": "node-3-clean", "metadata": {}}
{"timestamp": 1785774658, "type": "safe_tx", "device": "node-8-spammer", "metadata": {}}
{"timestamp": 1785774658, "type": "safe_tx", "device": "node-8-spammer", "metadata": {}}
{"timestamp": 1785774658, "type": "safe_tx", "device": "node-4-clean", "metadata": {}}
{"timestamp": 1785774658, "type": "safe_tx", "device": "node-2-clean", "metadata": {}}
{"timestamp": 1785774658, "type": "safe_tx", "device": "node-8-spammer", "metadata": {}}
{"timestamp": 1785774658, "type": "fuzzing", "device": "node-10-fuzzer", "metadata": {}}
{"timestamp": 1785774658, "type": "safe_tx", "device": "node-13-mixed", "metadata": {}}
{"timestamp": 1785774658, "type": "overflow", "device": "node-12-mixed", "metadata": {"count": 3, "window_sec": 30}}
{"timestamp": 1785774658, "type": "safe_tx", "device": "node-1-clean", "metadata": {}}
{"timestamp": 1785774658, "type": "safe_tx", "device": "node-9-stealth", "metadata": {}}
{"timestamp": 1785774659, "type": "safe_tx", "device": "node-3-clean", "metadata": {}}
{"timestamp": 1785774659, "type": "safe_tx", "device": "node-4-clean", "metadata": {}}
{"timestamp": 1785774660, "type": "time_anomaly", "device": "node-14-mixed", "metadata": {}}
{"timestamp": 1785774659, "type": "safe_tx", "device": "node-8-spammer", "metadata": {}}
{"timestamp": 1785774660, "type": "safe_tx", "device": "node-8-spammer", "metadata": {}}
{"timestamp": 1785774660, "type": "safe_tx", "device": "node-15-mixed", "metadata": {}}
{"timestamp": 1785774660, "type": "safe_tx", "device": "node-5-clean", "metadata": {}}
{"timestamp": 1785774660, "type": "fuzzing", "device": "node-10-fuzzer", "metadata": {}}
{"timestamp": 1785774660, "type": "safe_tx", "device": "node-12-mixed", "metadata": {}}
{"timestamp": 1785774660, "type": "safe_tx", "device": "node-9-stealth", "metadata": {}}
{"timestamp": 1785774660, "type": "safe_tx", "device": "node-8-spammer", "metadata": {}}
{"timestamp": 1785774660, "type": "safe_tx", "device": "node-1-clean", "metadata": {}}
{"timestamp": 1785774661, "type": "safe_tx", "device": "node-2-clean", "metadata": {}}
{"timestamp": 1785774661, "type": "overflow", "device": "node-13-mixed", "metadata": {"count": 3, "window_sec": 30}}
{"timestamp": 1785774662, "type": "time_anomaly", "device": "node-14-mixed", "metadata": {}}
{"timestamp": 1785774662, "type": "safe_tx", "device": "node-8-spammer", "metadata": {}}
{"timestamp": 1785774662, "type": "safe_tx", "device": "node-8-spammer", "metadata": {}}
{"timestamp": 1785774662, "type": "safe_tx", "device": "node-8-spammer", "metadata": {}}
{"timestamp": 1785774662, "type": "safe_tx", "device": "node-8-spammer", "metadata": {}}
{"timestamp": 1785774662, "type": "safe_tx", "device": "node-9-stealth", "metadata": {}}
{"timestamp": 1785774662, "type": "safe_tx", "device": "node-8-spammer", "metadata": {}}
{"timestamp": 1785774662, "type": "safe_tx", "device": "node-2-clean", "metadata": {}}
{"timestamp": 1785774663, "type": "time_anomaly", "device": "node-7-timespoof", "metadata": {}}
{"timestamp": 1785774662, "type": "safe_tx", "device": "node-10-fuzzer", "metadata": {}}
{"timestamp": 1785774662, "type": "safe_tx", "device": "node-2-clean", "metadata": {}}
{"timestamp": 1785774662, "type": "safe_tx", "device": "node-15-mixed", "metadata": {}}
{"timestamp": 1785774662, "type": "safe_tx", "device": "node-4-clean", "metadata": {}}
{"timestamp": 1785774662, "type": "safe_tx", "device": "node-3-clean", "metadata": {}}
{"timestamp": 1785774663, "type": "time_anomaly", "device": "node-12-mixed", "metadata": {}}
{"timestamp": 1785774663, "type": "safe_tx", "device": "node-5-clean", "metadata": {}}
{"timestamp": 1785774663, "type": "safe_tx", "device": "node-13-mixed", "metadata": {}}
{"timestamp": 1785774663, "type": "safe_tx", "device": "node-8-spammer", "metadata": {}}
{"timestamp": 1785774663, "type": "safe_tx", "device": "node-8-spammer", "metadata": {}}
{"timestamp": 1785774663, "type": "safe_tx", "device": "node-8-spammer", "metadata": {}}
{"timestamp": 1785774663, "type": "safe_tx", "device": "node-8-spammer", "metadata": {}}
{"timestamp": 1785774663, "type": "safe_tx", "device": "node-1-clean", "metadata": {}}
{"timestamp": 1785774663, "type": "safe_tx", "device": "node-8-spammer", "metadata": {}}
{"timestamp": 1785774663, "type": "safe_tx", "device": "node-8-spammer", "metadata": {}}
{"timestamp": 1785774663, "type": "safe_tx", "device": "node-8-spammer", "metadata": {}}
{"timestamp": 1785774663, "type": "safe_tx", "device": "node-8-spammer", "metadata": {}}
{"timestamp": 1785774663, "type": "safe_tx", "device": "node-8-spammer", "metadata": {}}
{"timestamp": 1785774663, "type": "safe_tx", "device": "node-8-spammer", "metadata": {}}
{"timestamp": 1785774663, "type": "dos_spam", "device": "node-8-spammer", "metadata": {}}
{"timestamp": 1785774663, "type": "safe_tx", "device": "node-8-spammer", "metadata": {}}
{"timestamp": 1785774663, "type": "safe_tx", "device": "node-8-spammer", "metadata": {}}
{"timestamp": 1785774663, "type": "safe_tx", "device": "node-8-spammer", "metadata": {}}
{"timestamp": 1785774663, "type": "safe_tx", "device": "node-8-spammer", "metadata": {}}
{"timestamp": 1785774663, "type": "safe_tx", "device": "node-8-spammer", "metadata": {}}
{"timestamp": 1785774663, "type": "safe_tx", "device": "node-8-spammer", "metadata": {}}
{"timestamp": 1785774663, "type": "safe_tx", "device": "node-8-spammer", "metadata": {}}
{"timestamp": 1785774664, "type": "safe_tx", "device": "node-3-clean", "metadata": {}}
{"timestamp": 1785774664, "type": "overflow", "device": "node-9-stealth", "metadata": {"count": 3, "window_sec": 30}}
{"timestamp": 1785774664, "type": "fuzzing", "device": "node-10-fuzzer", "metadata": {}}
{"timestamp": 1785774665, "type": "time_anomaly", "device": "node-7-timespoof", "metadata": {}}
{"timestamp": 1785774664, "type": "fuzzing", "device": "node-10-fuzzer", "metadata": {}}
{"timestamp": 1785774664, "type": "safe_tx", "device": "node-9-stealth", "metadata": {}}
{"timestamp": 1785774664, "type": "safe_tx", "device": "node-5-clean", "metadata": {}}
{"timestamp": 1785774665, "type": "safe_tx", "device": "node-12-mixed", "metadata": {}}
{"timestamp": 1785774665, "type": "safe_tx", "device": "node-14-mixed", "metadata": {}}
{"timestamp": 1785774665, "type": "safe_tx", "device": "node-8-spammer", "metadata": {}}
{"timestamp": 1785774665, "type": "safe_tx", "device": "node-11-pulsing", "metadata": {}}
{"timestamp": 1785774665, "type": "safe_tx", "device": "node-8-spammer", "metadata": {}}
{"timestamp": 1785774665, "type": "safe_tx", "device": "node-8-spammer", "metadata": {}}
{"timestamp": 1785774665, "type": "safe_tx", "device": "node-8-spammer", "metadata": {}}
{"timestamp": 1785774665, "type": "safe_tx", "device": "node-11-pulsing", "metadata": {}}
{"timestamp": 1785774665, "type": "safe_tx", "device": "node-8-spammer", "metadata": {}}
{"timestamp": 1785774665, "type": "safe_tx", "device": "node-11-pulsing", "metadata": {}}
{"timestamp": 1785774665, "type": "safe_tx", "device": "node-8-spammer", "metadata": {}}
{"timestamp": 1785774665, "type": "dos_spam", "device": "node-8-spammer", "metadata": {"count": 30, "window_sec": 5}}
{"timestamp": 1785774665, "type": "safe_tx", "device": "node-11-pulsing", "metadata": {}}
{"timestamp": 1785774665, "type": "safe_tx", "device": "node-11-pulsing", "metadata": {}}
{"timestamp": 1785774665, "type": "safe_tx", "device": "node-10-fuzzer", "metadata": {}}
{"timestamp": 1785774665, "type": "safe_tx", "device": "node-11-pulsing", "metadata": {}}
{"timestamp": 1785774665, "type": "safe_tx", "device": "node-11-pulsing", "metadata": {}}
{"timestamp": 1785774665, "type": "safe_tx", "device": "node-15-mixed", "metadata": {}}
{"timestamp": 1785774665, "type": "safe_tx", "device": "node-11-pulsing", "metadata": {}}
{"timestamp": 1785774665, "type": "safe_tx", "device": "node-11-pulsing", "metadata": {}}
{"timestamp": 1785774665, "type": "safe_tx", "device": "node-11-pulsing", "metadata": {}}
{"timestamp": 1785774665, "type": "safe_tx", "device": "node-12-mixed", "metadata": {}}
{"timestamp": 1785774665, "type": "safe_tx", "device": "node-11-pulsing", "metadata": {}}
{"timestamp": 1785774666, "type": "safe_tx", "device": "node-11-pulsing", "metadata": {}}
{"timestamp": 1785774666, "type": "safe_tx", "device": "node-11-pulsing", "metadata": {}}
{"timestamp": 1785774666, "type": "safe_tx", "device": "node-11-pulsing", "metadata": {}}
{"timestamp": 1785774666, "type": "safe_tx", "device": "node-11-pulsing", "metadata": {}}
{"timestamp": 1785774666, "type": "dos_spam", "device": "node-11-pulsing", "metadata": {}}
{"timestamp": 1785774666, "type": "safe_tx", "device": "node-11-pulsing", "metadata": {}}
{"timestamp": 1785774666, "type": "safe_tx", "device": "node-13-mixed", "metadata": {}}
{"timestamp": 1785774666, "type": "safe_tx", "device": "node-11-pulsing", "metadata": {}}
{"timestamp": 1785774666, "type": "safe_tx", "device": "node-15-mixed", "metadata": {}}
{"timestamp": 1785774666, "type": "safe_tx", "device": "node-11-pulsing", "metadata": {}}
{"timestamp": 1785774666, "type": "safe_tx", "device": "node-11-pulsing", "metadata": {}}
{"timestamp": 1785774666, "type": "safe_tx", "device": "node-3-clean", "metadata": {}}
{"timestamp": 1785774666, "type": "safe_tx", "device": "node-2-clean", "metadata": {}}
{"timestamp": 1785774666, "type": "safe_tx", "device": "node-11-pulsing", "metadata": {}}
{"timestamp": 1785774666, "type": "safe_tx", "device": "node-4-clean", "metadata": {}}
{"timestamp": 1785774666, "type": "safe_tx", "device": "node-5-clean", "metadata": {}}
{"timestamp": 1785774666, "type": "safe_tx", "device": "node-15-mixed", "metadata": {}}
{"timestamp": 1785774666, "type": "safe_tx", "device": "node-9-stealth", "metadata": {}}
{"timestamp": 1785774667, "type": "safe_tx", "device": "node-8-spammer", "metadata": {}}
{"timestamp": 1785774667, "type": "safe_tx", "device": "node-8-spammer", "metadata": {}}
{"timestamp": 1785774667, "type": "safe_tx", "device": "node-8-spammer", "metadata": {}}
{"timestamp": 1785774667, "type": "safe_tx", "device": "node-8-spammer", "metadata": {}}
{"timestamp": 1785774667, "type": "safe_tx", "device": "node-8-spammer", "metadata": {}}
{"timestamp": 1785774667, "type": "safe_tx", "device": "node-8-spammer", "metadata": {}}
{"timestamp": 1785774667, "type": "safe_tx", "device": "node-8-spammer", "metadata": {}}
{"timestamp": 1785774667, "type": "safe_tx", "device": "node-8-spammer", "metadata": {}}
{"timestamp": 1785774667, "type": "safe_tx", "device": "node-10-fuzzer", "metadata": {}}
{"timestamp": 1785774667, "type": "safe_tx", "device": "node-8-spammer", "metadata": {}}
{"timestamp": 1785774667, "type": "dos_spam", "device": "node-8-spammer", "metadata": {}}
{"timestamp": 1785774667, "type": "safe_tx", "device": "node-8-spammer", "metadata": {}}
{"timestamp": 1785774667, "type": "safe_tx", "device": "node-8-spammer", "metadata": {}}
{"timestamp": 1785774667, "type": "safe_tx", "device": "node-15-mixed", "metadata": {}}
{"timestamp": 1785774667, "type": "safe_tx", "device": "node-8-spammer", "metadata": {}}
{"timestamp": 1785774667, "type": "safe_tx", "device": "node-8-spammer", "metadata": {}}
{"timestamp": 1785774667, "type": "safe_tx", "device": "node-8-spammer", "metadata": {}}
{"timestamp": 1785774667, "type": "safe_tx", "device": "node-8-spammer", "metadata": {}}
{"timestamp": 1785774667, "type": "safe_tx", "device": "node-1-clean", "metadata": {}}
{"timestamp": 1785774668, "type": "fuzzing", "device": "node-10-fuzzer", "metadata": {}}
{"timestamp": 1785774668, "type": "safe_tx", "device": "node-1-clean", "metadata": {}}
{"timestamp": 1785774668, "type": "safe_tx", "device": "node-4-clean", "metadata": {}}
{"timestamp": 1785774668, "type": "safe_tx", "device": "node-5-clean", "metadata": {}}
{"timestamp": 1785774668, "type": "safe_tx", "device": "node-5-clean", "metadata": {}}
{"timestamp": 1785774668, "type": "safe_tx", "device": "node-4-clean", "metadata": {}}
{"timestamp": 1785774668, "type": "safe_tx", "device": "node-5-clean", "metadata": {}}
{"timestamp": 1785774670, "type": "time_anomaly", "device": "node-7-timespoof", "metadata": {}}
{"timestamp": 1785774670, "type": "time_anomaly", "device": "node-13-mixed", "metadata": {}}
{"timestamp": 1785774669, "type": "safe_tx", "device": "node-12-mixed", "metadata": {}}
{"timestamp": 1785774669, "type": "safe_tx", "device": "node-15-mixed", "metadata": {}}
{"timestamp": 1785774669, "type": "safe_tx", "device": "node-4-clean", "metadata": {}}
{"timestamp": 1785774669, "type": "safe_tx", "device": "node-3-clean", "metadata": {}}
{"timestamp": 1785774669, "type": "safe_tx", "device": "node-14-mixed", "metadata": {}}
{"timestamp": 1785774669, "type": "safe_tx", "device": "node-2-clean", "metadata": {}}
{"timestamp": 1785774669, "type": "safe_tx", "device": "node-3-clean", "metadata": {}}
{"timestamp": 1785774669, "type": "safe_tx", "device": "node-8-spammer", "metadata": {}}
{"timestamp": 1785774669, "type": "safe_tx", "device": "node-8-spammer", "metadata": {}}
{"timestamp": 1785774669, "type": "safe_tx", "device": "node-8-spammer", "metadata": {}}
{"timestamp": 1785774670, "type": "safe_tx", "device": "node-9-stealth", "metadata": {}}
{"timestamp": 1785774670, "type": "safe_tx", "device": "node-8-spammer", "metadata": {}}
{"timestamp": 1785774670, "type": "safe_tx", "device": "node-12-mixed", "metadata": {}}
{"timestamp": 1785774670, "type": "safe_tx", "device": "node-8-spammer", "metadata": {}}
{"timestamp": 1785774670, "type": "safe_tx", "device": "node-8-spammer", "metadata": {}}
{"timestamp": 1785774670, "type": "safe_tx", "device": "node-10-fuzzer", "metadata": {}}
{"timestamp": 1785774670, "type": "safe_tx", "device": "node-9-stealth", "metadata": {}}
{"timestamp": 1785774671, "type": "safe_tx", "device": "node-8-spammer", "metadata": {}}
{"timestamp": 1785774671, "type": "safe_tx", "device": "node-8-spammer", "metadata": {}}
{"timestamp": 1785774671, "type": "safe_tx", "device": "node-8-spammer", "metadata": {}}
{"timestamp": 1785774671, "type": "safe_tx", "device": "node-8-spammer", "metadata": {}}
{"timestamp": 1785774671, "type": "safe_tx", "device": "node-6-overflow", "metadata": {}}
{"timestamp": 1785774671, "type": "safe_tx", "device": "node-8-spammer", "metadata": {}}
{"timestamp": 1785774671, "type": "safe_tx", "device": "node-8-spammer", "metadata": {}}
{"timestamp": 1785774671, "type": "safe_tx", "device": "node-8-spammer", "metadata": {}}
{"timestamp": 1785774671, "type": "safe_tx", "device": "node-8-spammer", "metadata": {}}
{"timestamp": 1785774671, "type": "safe_tx", "device": "node-8-spammer", "metadata": {}}
{"timestamp": 1785774671, "type": "dos_spam", "device": "node-8-spammer", "metadata": {"count": 30, "window_sec": 5}}
{"timestamp": 1785774671, "type": "dos_spam", "device": "node-8-spammer", "metadata": {}}
{"timestamp": 1785774671, "type": "safe_tx", "device": "node-8-spammer", "metadata": {}}
{"timestamp": 1785774671, "type": "safe_tx", "device": "node-4-clean", "metadata": {}}
{"timestamp": 1785774671, "type": "safe_tx", "device": "node-8-spammer", "metadata": {}}
{"timestamp": 1785774671, "type": "safe_tx", "device": "node-15-mixed", "metadata": {}}
{"timestamp": 1785774671, "type": "safe_tx", "device": "node-2-clean", "metadata": {}}
{"timestamp": 1785774671, "type": "safe_tx", "device": "node-14-mixed", "metadata": {}}
{"timestamp": 1785774671, "type": "safe_tx", "device": "node-5-clean", "metadata": {}}
{"timestamp": 1785774672, "type": "safe_tx", "device": "node-1-clean", "metadata": {}}
{"timestamp": 1785774672, "type": "safe_tx", "device": "node-5-clean", "metadata": {}}
{"timestamp": 1785774672, "type": "safe_tx", "device": "node-2-clean", "metadata": {}}
{"timestamp": 1785774672, "type": "safe_tx", "device": "node-10-fuzzer", "metadata": {}}
{"timestamp": 1785774672, "type": "safe_tx", "device": "node-12-mixed", "metadata": {}}
{"timestamp": 1785774672, "type": "safe_tx", "device": "node-1-clean", "metadata": {}}
{"timestamp": 1785774672, "type": "safe_tx", "device": "node-15-mixed", "metadata": {}}
{"timestamp": 1785774672, "type": "safe_tx", "device": "node-8-spammer", "metadata": {}}
{"timestamp": 1785774673, "type": "safe_tx", "device": "node-13-mixed", "metadata": {}}
{"timestamp": 1785774673, "type": "safe_tx", "device": "node-3-clean", "metadata": {}}
{"timestamp": 1785774673, "type": "safe_tx", "device": "node-9-stealth", "metadata": {}}
{"timestamp": 1785774673, "type": "safe_tx", "device": "node-5-clean", "metadata": {}}
{"timestamp": 1785774673, "type": "safe_tx", "device": "node-8-spammer", "metadata": {}}
{"timestamp": 1785774673, "type": "safe_tx", "device": "node-8-spammer", "metadata": {}}
{"timestamp": 1785774673, "type": "safe_tx", "device": "node-8-spammer", "metadata": {}}
{"timestamp": 1785774673, "type": "safe_tx", "device": "node-8-spammer", "metadata": {}}
{"timestamp": 1785774673, "type": "safe_tx", "device": "node-8-spammer", "metadata": {}}
{"timestamp": 1785774673, "type": "safe_tx", "device": "node-3-clean", "metadata": {}}
{"timestamp": 1785774673, "type": "safe_tx", "device": "node-8-spammer", "metadata": {}}
{"timestamp": 1785774673, "type": "safe_tx", "device": "node-8-spammer", "metadata": {}}
{"timestamp": 1785774673, "type": "safe_tx", "device": "node-14-mixed", "metadata": {}}
{"timestamp": 1785774673, "type": "safe_tx", "device": "node-8-spammer", "metadata": {}}
{"timestamp": 1785774673, "type": "safe_tx", "device": "node-8-spammer", "metadata": {}}
{"timestamp": 1785774673, "type": "safe_tx", "device": "node-8-spammer", "metadata": {}}
{"timestamp": 1785774673, "type": "safe_tx", "device": "node-8-spammer", "metadata": {}}
{"timestamp": 1785774673, "type": "safe_tx", "device": "node-4-clean", "metadata": {}}
{"timestamp": 1785774674, "type": "safe_tx", "device": "node-10-fuzzer", "metadata": {}}
{"timestamp": 1785774674, "type": "safe_tx", "device": "node-13-mixed", "metadata": {}}
{"timestamp": 1785774675, "type": "safe_tx", "device": "node-10-fuzzer", "metadata": {}}
{"timestamp": 1785774675, "type": "safe_tx", "device": "node-8-spammer", "metadata": {}}
{"timestamp": 1785774675, "type": "safe_tx", "device": "node-8-spammer", "metadata": {}}
{"timestamp": 1785774676, "type": "time_anomaly", "device": "node-7-timespoof", "metadata": {}}
{"timestamp": 1785774675, "type": "safe_tx", "device": "node-1-clean", "metadata": {}}
{"timestamp": 1785774675, "type": "safe_tx", "device": "node-2-clean", "metadata": {}}
{"timestamp": 1785774676, "type": "time_anomaly", "device": "node-12-mixed", "metadata": {}}
{"timestamp": 1785774675, "type": "safe_tx", "device": "node-15-mixed", "metadata": {}}
{"timestamp": 1785774676, "type": "time_anomaly", "device": "node-14-mixed", "metadata": {}}
{"timestamp": 1785774675, "type": "safe_tx", "device": "node-9-stealth", "metadata": {}}
{"timestamp": 1785774676, "type": "safe_tx", "device": "node-8-spammer", "metadata": {}}
{"timestamp": 1785774676, "type": "safe_tx", "device": "node-8-spammer", "metadata": {}}
{"timestamp": 1785774676, "type": "safe_tx", "device": "node-3-clean", "metadata": {}}
{"timestamp": 1785774676, "type": "safe_tx", "device": "node-5-clean", "metadata": {}}
{"timestamp": 1785774676, "type": "safe_tx", "device": "node-10-fuzzer", "metadata": {}}
{"timestamp": 1785774676, "type": "safe_tx", "device": "node-5-clean", "metadata": {}}
{"timestamp": 1785774676, "type": "safe_tx", "device": "node-13-mixed", "metadata": {}}
{"timestamp": 1785774676, "type": "safe_tx", "device": "node-9-stealth", "metadata": {}}
{"timestamp": 1785774677, "type": "time_anomaly", "device": "node-15-mixed", "metadata": {}}
{"timestamp": 1785774678, "type": "time_anomaly", "device": "node-12-mixed", "metadata": {}}
{"timestamp": 1785774677, "type": "safe_tx", "device": "node-4-clean", "metadata": {}}
{"timestamp": 1785774677, "type": "fuzzing", "device": "node-10-fuzzer", "metadata": {}}
{"timestamp": 1785774677, "type": "safe_tx", "device": "node-8-spammer", "metadata": {}}
{"timestamp": 1785774677, "type": "safe_tx", "device": "node-8-spammer", "metadata": {}}
{"timestamp": 1785774677, "type": "safe_tx", "device": "node-8-spammer", "metadata": {}}
{"timestamp": 1785774678, "type": "time_anomaly", "device": "node-7-timespoof", "metadata": {}}
{"timestamp": 1785774678, "type": "safe_tx", "device": "node-8-spammer", "metadata": {}}
{"timestamp": 1785774678, "type": "safe_tx", "device": "node-8-spammer", "metadata": {}}
{"timestamp": 1785774678, "type": "safe_tx", "device": "node-8-spammer", "metadata": {}}
{"timestamp": 1785774678, "type": "safe_tx", "device": "node-8-spammer", "metadata": {}}
{"timestamp": 1785774678, "type": "safe_tx", "device": "node-8-spammer", "metadata": {}}
{"timestamp": 1785774678, "type": "safe_tx", "device": "node-8-spammer", "metadata": {}}
{"timestamp": 1785774678, "type": "safe_tx", "device": "node-8-spammer", "metadata": {}}
{"timestamp": 1785774678, "type": "safe_tx", "device": "node-8-spammer", "metadata": {}}
{"timestamp": 1785774678, "type": "safe_tx", "device": "node-8-spammer", "metadata": {}}
{"timestamp": 1785774678, "type": "safe_tx", "device": "node-8-spammer", "metadata": {}}
{"timestamp": 1785774678, "type": "dos_spam", "device": "node-8-spammer", "metadata": {}}
{"timestamp": 1785774678, "type": "safe_tx", "device": "node-8-spammer", "metadata": {}}
{"timestamp": 1785774678, "type": "safe_tx", "device": "node-3-clean", "metadata": {}}
{"timestamp": 1785774678, "type": "safe_tx", "device": "node-8-spammer", "metadata": {}}
{"timestamp": 1785774678, "type": "dos_spam", "device": "node-8-spammer", "metadata": {"count": 30, "window_sec": 5}}
{"timestamp": 1785774678, "type": "safe_tx", "device": "node-8-spammer", "metadata": {}}
{"timestamp": 1785774678, "type": "safe_tx", "device": "node-8-spammer", "metadata": {}}
{"timestamp": 1785774678, "type": "safe_tx", "device": "node-14-mixed", "metadata": {}}
{"timestamp": 1785774678, "type": "safe_tx", "device": "node-8-spammer", "metadata": {}}
{"timestamp": 1785774678, "type": "safe_tx", "device": "node-8-spammer", "metadata": {}}
{"timestamp": 1785774678, "type": "safe_tx", "device": "node-8-spammer", "metadata": {}}
{"timestamp": 1785774678, "type": "safe_tx", "device": "node-5-clean", "metadata": {}}
{"timestamp": 1785774678, "type": "safe_tx", "device": "node-1-clean", "metadata": {}}
{"timestamp": 1785774678, "type": "safe_tx", "device": "node-8-spammer", "metadata": {}}
{"timestamp": 1785774679, "type": "time_anomaly", "device": "node-12-mixed", "metadata": {}}
{"timestamp": 1785774678, "type": "safe_tx", "device": "node-8-spammer", "metadata": {}}
{"timestamp": 1785774678, "type": "safe_tx", "device": "node-8-spammer", "metadata": {}}
{"timestamp": 1785774678, "type": "safe_tx", "device": "node-8-spammer", "metadata": {}}
{"timestamp": 1785774678, "type": "safe_tx", "device": "node-8-spammer", "metadata": {}}
{"timestamp": 1785774678, "type": "safe_tx", "device": "node-8-spammer", "metadata": {}}
{"timestamp": 1785774678, "type": "safe_tx", "device": "node-8-spammer", "metadata": {}}
{"timestamp": 1785774679, "type": "safe_tx", "device": "node-14-mixed", "metadata": {}}
{"timestamp": 1785774679, "type": "safe_tx", "device": "node-2-clean", "metadata": {}}
{"timestamp": 1785774679, "type": "fuzzing", "device": "node-10-fuzzer", "metadata": {}}
{"timestamp": 1785774679, "type": "safe_tx", "device": "node-2-clean", "metadata": {}}
{"timestamp": 1785774679, "type": "safe_tx", "device": "node-9-stealth", "metadata": {}}
{"timestamp": 1785774679, "type": "overflow", "device": "node-15-mixed", "metadata": {"count": 3, "window_sec": 30}}
{"timestamp": 1785774680, "type": "safe_tx", "device": "node-13-mixed", "metadata": {}}
{"timestamp": 1785774680, "type": "safe_tx", "device": "node-12-mixed", "metadata": {}}
{"timestamp": 1785774680, "type": "safe_tx", "device": "node-4-clean", "metadata": {}}
{"timestamp": 1785774680, "type": "safe_tx", "device": "node-8-spammer", "metadata": {}}
{"timestamp": 1785774680, "type": "dos_spam", "device": "node-8-spammer", "metadata": {}}
{"timestamp": 1785774680, "type": "safe_tx", "device": "node-8-spammer", "metadata": {}}
{"timestamp": 1785774680, "type": "safe_tx", "device": "node-9-stealth", "metadata": {}}
{"timestamp": 1785774680, "type": "fuzzing", "device": "node-10-fuzzer", "metadata": {}}
{"timestamp": 1785774681, "type": "safe_tx", "device": "node-14-mixed", "metadata": {}}
{"timestamp": 1785774681, "type": "safe_tx", "device": "node-8-spammer", "metadata": {}}
{"timestamp": 1785774681, "type": "safe_tx", "device": "node-8-spammer", "metadata": {}}
{"timestamp": 1785774682, "type": "time_anomaly", "device": "node-7-timespoof", "metadata": {}}
{"timestamp": 1785774681, "type": "safe_tx", "device": "node-12-mixed", "metadata": {}}
{"timestamp": 1785774681, "type": "overflow", "device": "node-14-mixed", "metadata": {"count": 3, "window_sec": 30}}
{"timestamp": 1785774681, "type": "safe_tx", "device": "node-9-stealth", "metadata": {}}
{"timestamp": 1785774681, "type": "safe_tx", "device": "node-1-clean", "metadata": {}}
{"timestamp": 1785774682, "type": "safe_tx", "device": "node-4-clean", "metadata": {}}
{"timestamp": 1785774682, "type": "safe_tx", "device": "node-10-fuzzer", "metadata": {}}
{"timestamp": 1785774682, "type": "safe_tx", "device": "node-3-clean", "metadata": {}}
{"timestamp": 1785774682, "type": "safe_tx", "device": "node-5-clean", "metadata": {}}
{"timestamp": 1785774682, "type": "safe_tx", "device": "node-1-clean", "metadata": {}}
{"timestamp": 1785774682, "type": "safe_tx", "device": "node-10-fuzzer", "metadata": {}}
{"timestamp": 1785774683, "type": "time_anomaly", "device": "node-13-mixed", "metadata": {}}
{"timestamp": 1785774683, "type": "safe_tx", "device": "node-2-clean", "metadata": {}}
{"timestamp": 1785774684, "type": "time_anomaly", "device": "node-15-mixed", "metadata": {}}
{"timestamp": 1785774683, "type": "safe_tx", "device": "node-5-clean", "metadata": {}}
{"timestamp": 1785774684, "type": "safe_tx", "device": "node-9-stealth", "metadata": {}}
{"timestamp": 1785774684, "type": "safe_tx", "device": "node-8-spammer", "metadata": {}}
{"timestamp": 1785774684, "type": "safe_tx", "device": "node-8-spammer", "metadata": {}}
{"timestamp": 1785774684, "type": "safe_tx", "device": "node-8-spammer", "metadata": {}}
{"timestamp": 1785774684, "type": "safe_tx", "device": "node-8-spammer", "metadata": {}}
{"timestamp": 1785774684, "type": "safe_tx", "device": "node-8-spammer", "metadata": {}}
{"timestamp": 1785774684, "type": "safe_tx", "device": "node-8-spammer", "metadata": {}}
{"timestamp": 1785774684, "type": "safe_tx", "device": "node-8-spammer", "metadata": {}}
{"timestamp": 1785774684, "type": "safe_tx", "device": "node-1-clean", "metadata": {}}
{"timestamp": 1785774684, "type": "safe_tx", "device": "node-8-spammer", "metadata": {}}
{"timestamp": 1785774684, "type": "safe_tx", "device": "node-8-spammer", "metadata": {}}
{"timestamp": 1785774684, "type": "safe_tx", "device": "node-8-spammer", "metadata": {}}
{"timestamp": 1785774684, "type": "safe_tx", "device": "node-8-spammer", "metadata": {}}
{"timestamp": 1785774684, "type": "safe_tx", "device": "node-8-spammer", "metadata": {}}
{"timestamp": 1785774684, "type": "safe_tx", "device": "node-8-spammer", "metadata": {}}
{"timestamp": 1785774684, "type": "safe_tx", "device": "node-8-spammer", "metadata": {}}
{"timestamp": 1785774684, "type": "safe_tx", "device": "node-8-spammer", "metadata": {}}
{"timestamp": 1785774684, "type": "dos_spam", "device": "node-8-spammer", "metadata": {}}
{"timestamp": 1785774684, "type": "fuzzing", "device": "node-10-fuzzer", "metadata": {}}
{"timestamp": 1785774685, "type": "safe_tx", "device": "node-14-mixed", "metadata": {}}
{"timestamp": 1785774685, "type": "fuzzing", "device": "node-10-fuzzer", "metadata": {}}
{"timestamp": 1785774685, "type": "safe_tx", "device": "node-8-spammer", "metadata": {}}
{"timestamp": 1785774685, "type": "safe_tx", "device": "node-8-spammer", "metadata": {}}
{"timestamp": 1785774685, "type": "safe_tx", "device": "node-1-clean", "metadata": {}}
{"timestamp": 1785774685, "type": "safe_tx", "device": "node-8-spammer", "metadata": {}}
{"timestamp": 1785774685, "type": "safe_tx", "device": "node-8-spammer", "metadata": {}}
{"timestamp": 1785774685, "type": "safe_tx", "device": "node-3-clean", "metadata": {}}
{"timestamp": 1785774685, "type": "safe_tx", "device": "node-8-spammer", "metadata": {}}
{"timestamp": 1785774685, "type": "safe_tx", "device": "node-4-clean", "metadata": {}}
{"timestamp": 1785774685, "type": "safe_tx", "device": "node-5-clean", "metadata": {}}
{"timestamp": 1785774686, "type": "safe_tx", "device": "node-1-clean", "metadata": {}}
{"timestamp": 1785774686, "type": "safe_tx", "device": "node-12-mixed", "metadata": {}}
{"timestamp": 1785774686, "type": "safe_tx", "device": "node-13-mixed", "metadata": {}}
{"timestamp": 1785774686, "type": "safe_tx", "device": "node-3-clean", "metadata": {}}
{"timestamp": 1785774686, "type": "safe_tx", "device": "node-8-spammer", "metadata": {}}
{"timestamp": 1785774686, "type": "overflow", "device": "node-6-overflow", "metadata": {"count": 3, "window_sec": 30}}
{"timestamp": 1785774687, "type": "safe_tx", "device": "node-2-clean", "metadata": {}}
{"timestamp": 1785774687, "type": "time_anomaly", "device": "node-15-mixed", "metadata": {}}
{"timestamp": 1785774687, "type": "safe_tx", "device": "node-11-pulsing", "metadata": {}}
{"timestamp": 1785774687, "type": "fuzzing", "device": "node-10-fuzzer", "metadata": {}}
{"timestamp": 1785774687, "type": "safe_tx", "device": "node-11-pulsing", "metadata": {}}
{"timestamp": 1785774687, "type": "safe_tx", "device": "node-11-pulsing", "metadata": {}}
{"timestamp": 1785774687, "type": "safe_tx", "device": "node-11-pulsing", "metadata": {}}
{"timestamp": 1785774688, "type": "time_anomaly", "device": "node-7-timespoof", "metadata": {}}
{"timestamp": 1785774687, "type": "safe_tx", "device": "node-11-pulsing", "metadata": {}}
{"timestamp": 1785774687, "type": "safe_tx", "device": "node-12-mixed", "metadata": {}}
{"timestamp": 1785774687, "type": "safe_tx", "device": "node-11-pulsing", "metadata": {}}
{"timestamp": 1785774687, "type": "safe_tx", "device": "node-4-clean", "metadata": {}}
{"timestamp": 1785774687, "type": "safe_tx", "device": "node-11-pulsing", "metadata": {}}
{"timestamp": 1785774688, "type": "time_anomaly", "device": "node-15-mixed", "metadata": {}}
{"timestamp": 1785774687, "type": "safe_tx", "device": "node-11-pulsing", "metadata": {}}
{"timestamp": 1785774687, "type": "safe_tx", "device": "node-11-pulsing", "metadata": {}}
{"timestamp": 1785774688, "type": "safe_tx", "device": "node-11-pulsing", "metadata": {}}
{"timestamp": 1785774688, "type": "safe_tx", "device": "node-11-pulsing", "metadata": {}}
{"timestamp": 1785774688, "type": "safe_tx", "device": "node-11-pulsing", "metadata": {}}
{"timestamp": 1785774688, "type": "safe_tx", "device": "node-11-pulsing", "metadata": {}}
{"timestamp": 1785774688, "type": "safe_tx", "device": "node-11-pulsing", "metadata": {}}
{"timestamp": 1785774688, "type": "safe_tx", "device": "node-11-pulsing", "metadata": {}}
{"timestamp": 1785774688, "type": "dos_spam", "device": "node-11-pulsing", "metadata": {}}
{"timestamp": 1785774688, "type": "safe_tx", "device": "node-1-clean", "metadata": {}}
{"timestamp": 1785774688, "type": "safe_tx", "device": "node-11-pulsing", "metadata": {}}
{"timestamp": 1785774688, "type": "safe_tx", "device": "node-11-pulsing", "metadata": {}}
{"timestamp": 1785774688, "type": "safe_tx", "device": "node-11-pulsing", "metadata": {}}
{"timestamp": 1785774688, "type": "safe_tx", "device": "node-9-stealth", "metadata": {}}
{"timestamp": 1785774688, "type": "overflow", "device": "node-13-mixed", "metadata": {"count": 3, "window_sec": 30}}
{"timestamp": 1785774688, "type": "safe_tx", "device": "node-11-pulsing", "metadata": {}}
{"timestamp": 1785774688, "type": "safe_tx", "device": "node-11-pulsing", "metadata": {}}
{"timestamp": 1785774688, "type": "safe_tx", "device": "node-5-clean", "metadata": {}}
{"timestamp": 1785774688, "type": "safe_tx", "device": "node-8-spammer", "metadata": {}}
{"timestamp": 1785774688, "type": "safe_tx", "device": "node-8-spammer", "metadata": {}}
{"timestamp": 1785774688, "type": "safe_tx", "device": "node-8-spammer", "metadata": {}}
{"timestamp": 1785774689, "type": "time_anomaly", "device": "node-13-mixed", "metadata": {}}
{"timestamp": 1785774689, "type": "safe_tx", "device": "node-5-clean", "metadata": {}}
{"timestamp": 1785774689, "type": "safe_tx", "device": "node-12-mixed", "metadata": {}}
{"timestamp": 1785774689, "type": "safe_tx", "device": "node-10-fuzzer", "metadata": {}}
{"timestamp": 1785774689, "type": "safe_tx", "device": "node-2-clean", "metadata": {}}
{"timestamp": 1785774689, "type": "safe_tx", "device": "node-3-clean", "metadata": {}}
{"timestamp": 1785774690, "type": "safe_tx", "device": "node-10-fuzzer", "metadata": {}}
{"timestamp": 1785774690, "type": "safe_tx", "device": "node-8-spammer", "metadata": {}}
{"timestamp": 1785774690, "type": "safe_tx", "device": "node-8-spammer", "metadata": {}}
{"timestamp": 1785774690, "type": "safe_tx", "device": "node-8-spammer", "metadata": {}}
{"timestamp": 1785774690, "type": "safe_tx", "device": "node-8-spammer", "metadata": {}}
{"timestamp": 1785774690, "type": "safe_tx", "device": "node-8-spammer", "metadata": {}}
{"timestamp": 1785774690, "type": "safe_tx", "device": "node-8-spammer", "metadata": {}}
{"timestamp": 1785774690, "type": "safe_tx", "device": "node-8-spammer", "metadata": {}}
{"timestamp": 1785774690, "type": "safe_tx", "device": "node-8-spammer", "metadata": {}}
{"timestamp": 1785774690, "type": "safe_tx", "device": "node-4-clean", "metadata": {}}
{"timestamp": 1785774691, "type": "time_anomaly", "device": "node-7-timespoof", "metadata": {}}
{"timestamp": 1785774690, "type": "safe_tx", "device": "node-13-mixed", "metadata": {}}
{"timestamp": 1785774690, "type": "safe_tx", "device": "node-5-clean", "metadata": {}}
{"timestamp": 1785774691, "type": "safe_tx", "device": "node-8-spammer", "metadata": {}}
{"timestamp": 1785774691, "type": "safe_tx", "device": "node-14-mixed", "metadata": {}}
{"timestamp": 1785774691, "type": "safe_tx", "device": "node-15-mixed", "metadata": {}}
{"timestamp": 1785774691, "type": "safe_tx", "device": "node-8-spammer", "metadata": {}}
{"timestamp": 1785774691, "type": "safe_tx", "device": "node-3-clean", "metadata": {}}
{"timestamp": 1785774691, "type": "safe_tx", "device": "node-9-stealth", "metadata": {}}
{"timestamp": 1785774691, "type": "safe_tx", "device": "node-5-clean", "metadata": {}}
{"timestamp": 1785774691, "type": "fuzzing", "device": "node-10-fuzzer", "metadata": {}}
{"timestamp": 1785774691, "type": "safe_tx", "device": "node-5-clean", "metadata": {}}
{"timestamp": 1785774691, "type": "safe_tx", "device": "node-8-spammer", "metadata": {}}
{"timestamp": 1785774692, "type": "time_anomaly", "device": "node-12-mixed", "metadata": {}}
{"timestamp": 1785774691, "type": "safe_tx", "device": "node-4-clean", "metadata": {}}
{"timestamp": 1785774691, "type": "safe_tx", "device": "node-1-clean", "metadata": {}}
{"timestamp": 1785774693, "type": "time_anomaly", "device": "node-15-mixed", "metadata": {}}
{"timestamp": 1785774693, "type": "time_anomaly", "device": "node-7-timespoof", "metadata": {}}
{"timestamp": 1785774692, "type": "safe_tx", "device": "node-13-mixed", "metadata": {}}
{"timestamp": 1785774693, "type": "safe_tx", "device": "node-2-clean", "metadata": {}}
{"timestamp": 1785774693, "type": "safe_tx", "device": "node-9-stealth", "metadata": {}}
{"timestamp": 1785774693, "type": "safe_tx", "device": "node-5-clean", "metadata": {}}
{"timestamp": 1785774693, "type": "safe_tx", "device": "node-10-fuzzer", "metadata": {}}
{"timestamp": 1785774693, "type": "safe_tx", "device": "node-1-clean", "metadata": {}}
{"timestamp": 1785774693, "type": "safe_tx", "device": "node-1-clean", "metadata": {}}
{"timestamp": 1785774693, "type": "safe_tx", "device": "node-8-spammer", "metadata": {}}
{"timestamp": 1785774693, "type": "safe_tx", "device": "node-8-spammer", "metadata": {}}
{"timestamp": 1785774693, "type": "safe_tx", "device": "node-8-spammer", "metadata": {}}
{"timestamp": 1785774694, "type": "safe_tx", "device": "node-8-spammer", "metadata": {}}
{"timestamp": 1785774694, "type": "safe_tx", "device": "node-8-spammer", "metadata": {}}
{"timestamp": 1785774694, "type": "safe_tx", "device": "node-1-clean", "metadata": {}}
{"timestamp": 1785774694, "type": "safe_tx", "device": "node-2-clean", "metadata": {}}
{"timestamp": 1785774694, "type": "safe_tx", "device": "node-4-clean", "metadata": {}}
{"timestamp": 1785774695, "type": "time_anomaly", "device": "node-15-mixed", "metadata": {}}
{"timestamp": 1785774694, "type": "safe_tx", "device": "node-8-spammer", "metadata": {}}
{"timestamp": 1785774694, "type": "safe_tx", "device": "node-8-spammer", "metadata": {}}
{"timestamp": 1785774694, "type": "safe_tx", "device": "node-8-spammer", "metadata": {}}
{"timestamp": 1785774694, "type": "safe_tx", "device": "node-8-spammer", "metadata": {}}
{"timestamp": 1785774694, "type": "safe_tx", "device": "node-12-mixed", "metadata": {}}
{"timestamp": 1785774695, "type": "safe_tx", "device": "node-9-stealth", "metadata": {}}
{"timestamp": 1785774695, "type": "safe_tx", "device": "node-5-clean", "metadata": {}}
{"timestamp": 1785774695, "type": "safe_tx", "device": "node-13-mixed", "metadata": {}}
{"timestamp": 1785774695, "type": "safe_tx", "device": "node-4-clean", "metadata": {}}
{"timestamp": 1785774695, "type": "safe_tx", "device": "node-6-overflow", "metadata": {}}
{"timestamp": 1785774696, "type": "safe_tx", "device": "node-3-clean", "metadata": {}}
{"timestamp": 1785774696, "type": "safe_tx", "device": "node-8-spammer", "metadata": {}}
{"timestamp": 1785774696, "type": "safe_tx", "device": "node-8-spammer", "metadata": {}}
{"timestamp": 1785774696, "type": "safe_tx", "device": "node-8-spammer", "metadata": {}}
{"timestamp": 1785774696, "type": "safe_tx", "device": "node-8-spammer", "metadata": {}}
{"timestamp": 1785774696, "type": "safe_tx", "device": "node-8-spammer", "metadata": {}}
{"timestamp": 1785774696, "type": "safe_tx", "device": "node-8-spammer", "metadata": {}}
{"timestamp": 1785774696, "type": "safe_tx", "device": "node-8-spammer", "metadata": {}}
{"timestamp": 1785774696, "type": "safe_tx", "device": "node-1-clean", "metadata": {}}
{"timestamp": 1785774696, "type": "overflow", "device": "node-14-mixed", "metadata": {"count": 3, "window_sec": 30}}
{"timestamp": 1785774696, "type": "safe_tx", "device": "node-8-spammer", "metadata": {}}
{"timestamp": 1785774696, "type": "safe_tx", "device": "node-8-spammer", "metadata": {}}
{"timestamp": 1785774696, "type": "dos_spam", "device": "node-8-spammer", "metadata": {}}
{"timestamp": 1785774696, "type": "safe_tx", "device": "node-9-stealth", "metadata": {}}
{"timestamp": 1785774696, "type": "safe_tx", "device": "node-3-clean", "metadata": {}}
{"timestamp": 1785774697, "type": "time_anomaly", "device": "node-15-mixed", "metadata": {}}
{"timestamp": 1785774696, "type": "safe_tx", "device": "node-13-mixed", "metadata": {}}
{"timestamp": 1785774696, "type": "safe_tx", "device": "node-4-clean", "metadata": {}}
{"timestamp": 1785774696, "type": "safe_tx", "device": "node-8-spammer", "metadata": {}}
{"timestamp": 1785774697, "type": "safe_tx", "device": "node-8-spammer", "metadata": {}}
{"timestamp": 1785774697, "type": "safe_tx", "device": "node-15-mixed", "metadata": {}}
{"timestamp": 1785774697, "type": "safe_tx", "device": "node-8-spammer", "metadata": {}}
{"timestamp": 1785774697, "type": "safe_tx", "device": "node-8-spammer", "metadata": {}}
{"timestamp": 1785774697, "type": "fuzzing", "device": "node-10-fuzzer", "metadata": {}}
{"timestamp": 1785774697, "type": "safe_tx", "device": "node-8-spammer", "metadata": {}}
{"timestamp": 1785774697, "type": "safe_tx", "device": "node-8-spammer", "metadata": {}}
{"timestamp": 1785774697, "type": "safe_tx", "device": "node-5-clean", "metadata": {}}
{"timestamp": 1785774697, "type": "safe_tx", "device": "node-3-clean", "metadata": {}}
{"timestamp": 1785774697, "type": "safe_tx", "device": "node-1-clean", "metadata": {}}
{"timestamp": 1785774697, "type": "safe_tx", "device": "node-8-spammer", "metadata": {}}
{"timestamp": 1785774698, "type": "safe_tx", "device": "node-14-mixed", "metadata": {}}
{"timestamp": 1785774698, "type": "safe_tx", "device": "node-2-clean", "metadata": {}}
{"timestamp": 1785774698, "type": "safe_tx", "device": "node-3-clean", "metadata": {}}
{"timestamp": 1785774698, "type": "safe_tx", "device": "node-12-mixed", "metadata": {}}
{"timestamp": 1785774698, "type": "safe_tx", "device": "node-15-mixed", "metadata": {}}
{"timestamp": 1785774698, "type": "safe_tx", "device": "node-8-spammer", "metadata": {}}
{"timestamp": 1785774698, "type": "safe_tx", "device": "node-8-spammer", "metadata": {}}
{"timestamp": 1785774698, "type": "safe_tx", "device": "node-8-spammer", "metadata": {}}
{"timestamp": 1785774698, "type": "safe_tx", "device": "node-5-clean", "metadata": {}}
{"timestamp": 1785774698, "type": "safe_tx", "device": "node-8-spammer", "metadata": {}}
{"timestamp": 1785774699, "type": "fuzzing", "device": "node-10-fuzzer", "metadata": {}}
{"timestamp": 1785774699, "type": "safe_tx", "device": "node-8-spammer", "metadata": {}}
{"timestamp": 1785774699, "type": "safe_tx", "device": "node-8-spammer", "metadata": {}}
{"timestamp": 1785774699, "type": "safe_tx", "device": "node-5-clean", "metadata": {}}
{"timestamp": 1785774699, "type": "safe_tx", "device": "node-8-spammer", "metadata": {}}
{"timestamp": 1785774699, "type": "safe_tx", "device": "node-8-spammer", "metadata": {}}
{"timestamp": 1785774699, "type": "dos_spam", "device": "node-8-spammer", "metadata": {"count": 30, "window_sec": 5}}
{"timestamp": 1785774699, "type": "safe_tx", "device": "node-1-clean", "metadata": {}}
{"timestamp": 1785774699, "type": "safe_tx", "device": "node-9-stealth", "metadata": {}}
{"timestamp": 1785774700, "type": "time_anomaly", "device": "node-7-timespoof", "metadata": {}}
{"timestamp": 1785774700, "type": "overflow", "device": "node-13-mixed", "metadata": {"count": 3, "window_sec": 30}}
{"timestamp": 1785774700, "type": "safe_tx", "device": "node-8-spammer", "metadata": {}}
{"timestamp": 1785774700, "type": "safe_tx", "device": "node-9-stealth", "metadata": {}}
{"timestamp": 1785774700, "type": "safe_tx", "device": "node-8-spammer", "metadata": {}}
{"timestamp": 1785774700, "type": "safe_tx", "device": "node-8-spammer", "metadata": {}}
{"timestamp": 1785774700, "type": "safe_tx", "device": "node-8-spammer", "metadata": {}}
{"timestamp": 1785774700, "type": "fuzzing", "device": "node-10-fuzzer", "metadata": {}}
{"timestamp": 1785774701, "type": "time_anomaly", "device": "node-12-mixed", "metadata": {}}
{"timestamp": 1785774700, "type": "safe_tx", "device": "node-4-clean", "metadata": {}}
{"timestamp": 1785774700, "type": "safe_tx", "device": "node-5-clean", "metadata": {}}
{"timestamp": 1785774700, "type": "safe_tx", "device": "node-14-mixed", "metadata": {}}
{"timestamp": 1785774701, "type": "safe_tx", "device": "node-1-clean", "metadata": {}}
{"timestamp": 1785774701, "type": "safe_tx", "device": "node-8-spammer", "metadata": {}}
{"timestamp": 1785774701, "type": "safe_tx", "device": "node-8-spammer", "metadata": {}}
{"timestamp": 1785774701, "type": "safe_tx", "device": "node-10-fuzzer", "metadata": {}}
{"timestamp": 1785774701, "type": "safe_tx", "device": "node-8-spammer", "metadata": {}}
{"timestamp": 1785774701, "type": "safe_tx", "device": "node-2-clean", "metadata": {}}
{"timestamp": 1785774701, "type": "safe_tx", "device": "node-3-clean", "metadata": {}}
{"timestamp": 1785774702, "type": "time_anomaly", "device": "node-13-mixed", "metadata": {}}
{"timestamp": 1785774701, "type": "safe_tx", "device": "node-4-clean", "metadata": {}}
{"timestamp": 1785774702, "type": "time_anomaly", "device": "node-14-mixed", "metadata": {}}
{"timestamp": 1785774702, "type": "safe_tx", "device": "node-8-spammer", "metadata": {}}
{"timestamp": 1785774702, "type": "safe_tx", "device": "node-9-stealth", "metadata": {}}
{"timestamp": 1785774702, "type": "safe_tx", "device": "node-15-mixed", "metadata": {}}
{"timestamp": 1785774702, "type": "safe_tx", "device": "node-14-mixed", "metadata": {}}
{"timestamp": 1785774702, "type": "safe_tx", "device": "node-10-fuzzer", "metadata": {}}
{"timestamp": 1785774702, "type": "safe_tx", "device": "node-4-clean", "metadata": {}}
{"timestamp": 1785774703, "type": "fuzzing", "device": "node-10-fuzzer", "metadata": {}}
{"timestamp": 1785774703, "type": "safe_tx", "device": "node-10-fuzzer", "metadata": {}}
{"timestamp": 1785774703, "type": "safe_tx", "device": "node-5-clean", "metadata": {}}
{"timestamp": 1785774704, "type": "safe_tx", "device": "node-12-mixed", "metadata": {}}
{"timestamp": 1785774705, "type": "time_anomaly", "device": "node-13-mixed", "metadata": {}}
{"timestamp": 1785774704, "type": "safe_tx", "device": "node-8-spammer", "metadata": {}}
{"timestamp": 1785774704, "type": "safe_tx", "device": "node-1-clean", "metadata": {}}
{"timestamp": 1785774705, "type": "time_anomaly", "device": "node-7-timespoof", "metadata": {}}
{"timestamp": 1785774704, "type": "safe_tx", "device": "node-2-clean", "metadata": {}}
{"timestamp": 1785774704, "type": "safe_tx", "device": "node-9-stealth", "metadata": {}}
{"timestamp": 1785774704, "type": "safe_tx", "device": "node-3-clean", "metadata": {}}
{"timestamp": 1785774705, "type": "safe_tx", "device": "node-8-spammer", "metadata": {}}
{"timestamp": 1785774705, "type": "safe_tx", "device": "node-8-spammer", "metadata": {}}
{"timestamp": 1785774705, "type": "safe_tx", "device": "node-8-spammer", "metadata": {}}
{"timestamp": 1785774705, "type": "safe_tx", "device": "node-8-spammer", "metadata": {}}
{"timestamp": 1785774705, "type": "safe_tx", "device": "node-8-spammer", "metadata": {}}
{"timestamp": 1785774705, "type": "safe_tx", "device": "node-8-spammer", "metadata": {}}
{"timestamp": 1785774705, "type": "safe_tx", "device": "node-8-spammer", "metadata": {}}
{"timestamp": 1785774705, "type": "safe_tx", "device": "node-8-spammer", "metadata": {}}
{"timestamp": 1785774705, "type": "safe_tx", "device": "node-8-spammer", "metadata": {}}
{"timestamp": 1785774705, "type": "safe_tx", "device": "node-8-spammer", "metadata": {}}
{"timestamp": 1785774705, "type": "safe_tx", "device": "node-8-spammer", "metadata": {}}
{"timestamp": 1785774705, "type": "safe_tx", "device": "node-8-spammer", "metadata": {}}
{"timestamp": 1785774705, "type": "fuzzing", "device": "node-10-fuzzer", "metadata": {}}
{"timestamp": 1785774706, "type": "time_anomaly", "device": "node-12-mixed", "metadata": {}}
{"timestamp": 1785774706, "type": "safe_tx", "device": "node-13-mixed", "metadata": {}}
{"timestamp": 1785774706, "type": "safe_tx", "device": "node-5-clean", "metadata": {}}
{"timestamp": 1785774706, "type": "safe_tx", "device": "node-9-stealth", "metadata": {}}
{"timestamp": 1785774706, "type": "safe_tx", "device": "node-8-spammer", "metadata": {}}
{"timestamp": 1785774706, "type": "safe_tx", "device": "node-4-clean", "metadata": {}}
{"timestamp": 1785774706, "type": "safe_tx", "device": "node-8-spammer", "metadata": {}}
{"timestamp": 1785774706, "type": "dos_spam", "device": "node-8-spammer", "metadata": {}}
{"timestamp": 1785774706, "type": "safe_tx", "device": "node-1-clean", "metadata": {}}
{"timestamp": 1785774706, "type": "safe_tx", "device": "node-8-spammer", "metadata": {}}
{"timestamp": 1785774706, "type": "safe_tx", "device": "node-8-spammer", "metadata": {}}
{"timestamp": 1785774706, "type": "safe_tx", "device": "node-8-spammer", "metadata": {}}
{"timestamp": 1785774707, "type": "safe_tx", "device": "node-10-fuzzer", "metadata": {}}
{"timestamp": 1785774707, "type": "safe_tx", "device": "node-5-clean", "metadata": {}}
{"timestamp": 1785774707, "type": "safe_tx", "device": "node-2-clean", "metadata": {}}
{"timestamp": 1785774707, "type": "safe_tx", "device": "node-9-stealth", "metadata": {}}
{"timestamp": 1785774707, "type": "safe_tx", "device": "node-8-spammer", "metadata": {}}
{"timestamp": 1785774708, "type": "safe_tx", "device": "node-14-mixed", "metadata": {}}
{"timestamp": 1785774708, "type": "safe_tx", "device": "node-3-clean", "metadata": {}}
{"timestamp": 1785774709, "type": "safe_tx", "device": "node-8-spammer", "metadata": {}}
{"timestamp": 1785774709, "type": "safe_tx", "device": "node-15-mixed", "metadata": {}}
{"timestamp": 1785774709, "type": "safe_tx", "device": "node-8-spammer", "metadata": {}}
{"timestamp": 1785774709, "type": "safe_tx", "device": "node-8-spammer", "metadata": {}}
{"timestamp": 1785774709, "type": "safe_tx", "device": "node-8-spammer", "metadata": {}}
{"timestamp": 1785774709, "type": "safe_tx", "device": "node-8-spammer", "metadata": {}}
{"timestamp": 1785774709, "type": "time_anomaly", "device": "node-7-timespoof", "metadata": {}}
{"timestamp": 1785774709, "type": "safe_tx", "device": "node-8-spammer", "metadata": {}}
{"timestamp": 1785774709, "type": "safe_tx", "device": "node-13-mixed", "metadata": {}}
{"timestamp": 1785774709, "type": "safe_tx", "device": "node-9-stealth", "metadata": {}}
{"timestamp": 1785774710, "type": "time_anomaly", "device": "node-12-mixed", "metadata": {}}
{"timestamp": 1785774710, "type": "time_anomaly", "device": "node-14-mixed", "metadata": {}}
{"timestamp": 1785774709, "type": "fuzzing", "device": "node-10-fuzzer", "metadata": {}}
{"timestamp": 1785774709, "type": "safe_tx", "device": "node-1-clean", "metadata": {}}
{"timestamp": 1785774709, "type": "safe_tx", "device": "node-4-clean", "metadata": {}}
{"timestamp": 1785774709, "type": "safe_tx", "device": "node-5-clean", "metadata": {}}
{"timestamp": 1785774710, "type": "safe_tx", "device": "node-8-spammer", "metadata": {}}
{"timestamp": 1785774710, "type": "safe_tx", "device": "node-8-spammer", "metadata": {}}
{"timestamp": 1785774710, "type": "fuzzing", "device": "node-10-fuzzer", "metadata": {}}
{"timestamp": 1785774710, "type": "safe_tx", "device": "node-9-stealth", "metadata": {}}
{"timestamp": 1785774710, "type": "safe_tx", "device": "node-2-clean", "metadata": {}}
{"timestamp": 1785774711, "type": "safe_tx", "device": "node-11-pulsing", "metadata": {}}
{"timestamp": 1785774711, "type": "safe_tx", "device": "node-11-pulsing", "metadata": {}}
{"timestamp": 1785774711, "type": "fuzzing", "device": "node-10-fuzzer", "metadata": {}}
{"timestamp": 1785774711, "type": "safe_tx", "device": "node-11-pulsing", "metadata": {}}
{"timestamp": 1785774711, "type": "safe_tx", "device": "node-11-pulsing", "metadata": {}}
{"timestamp": 1785774711, "type": "time_anomaly", "device": "node-7-timespoof", "metadata": {}}
{"timestamp": 1785774711, "type": "safe_tx", "device": "node-11-pulsing", "metadata": {}}
{"timestamp": 1785774711, "type": "safe_tx", "device": "node-11-pulsing", "metadata": {}}
{"timestamp": 1785774711, "type": "safe_tx", "device": "node-11-pulsing", "metadata": {}}
{"timestamp": 1785774711, "type": "safe_tx", "device": "node-11-pulsing", "metadata": {}}
{"timestamp": 1785774711, "type": "safe_tx", "device": "node-11-pulsing", "metadata": {}}
{"timestamp": 1785774712, "type": "time_anomaly", "device": "node-14-mixed", "metadata": {}}
{"timestamp": 1785774711, "type": "safe_tx", "device": "node-11-pulsing", "metadata": {}}
{"timestamp": 1785774711, "type": "safe_tx", "device": "node-11-pulsing", "metadata": {}}
{"timestamp": 1785774711, "type": "safe_tx", "device": "node-11-pulsing", "metadata": {}}
{"timestamp": 1785774711, "type": "fuzzing", "device": "node-10-fuzzer", "metadata": {}}
{"timestamp": 1785774711, "type": "safe_tx", "device": "node-11-pulsing", "metadata": {}}
{"timestamp": 1785774711, "type": "safe_tx", "device": "node-12-mixed", "metadata": {}}
{"timestamp": 1785774711, "type": "safe_tx", "device": "node-11-pulsing", "metadata": {}}
{"timestamp": 1785774711, "type": "safe_tx", "device": "node-11-pulsing", "metadata": {}}
{"timestamp": 1785774711, "type": "dos_spam", "device": "node-11-pulsing", "metadata": {}}
{"timestamp": 1785774711, "type": "safe_tx", "device": "node-11-pulsing", "metadata": {}}
{"timestamp": 1785774712, "type": "safe_tx", "device": "node-11-pulsing", "metadata": {}}
{"timestamp": 1785774712, "type": "safe_tx", "device": "node-11-pulsing", "metadata": {}}
{"timestamp": 1785774712, "type": "safe_tx", "device": "node-6-overflow", "metadata": {}}
{"timestamp": 1785774712, "type": "safe_tx", "device": "node-11-pulsing", "metadata": {}}
{"timestamp": 1785774712, "type": "safe_tx", "device": "node-11-pulsing", "metadata": {}}
{"timestamp": 1785774712, "type": "safe_tx", "device": "node-4-clean", "metadata": {}}
{"timestamp": 1785774712, "type": "safe_tx", "device": "node-15-mixed", "metadata": {}}
{"timestamp": 1785774712, "type": "safe_tx", "device": "node-3-clean", "metadata": {}}
{"timestamp": 1785774712, "type": "safe_tx", "device": "node-5-clean", "metadata": {}}
{"timestamp": 1785774712, "type": "fuzzing", "device": "node-10-fuzzer", "metadata": {}}
{"timestamp": 1785774713, "type": "safe_tx", "device": "node-9-stealth", "metadata": {}}
{"timestamp": 1785774713, "type": "safe_tx", "device": "node-8-spammer", "metadata": {}}
{"timestamp": 1785774713, "type": "safe_tx", "device": "node-1-clean", "metadata": {}}
{"timestamp": 1785774713, "type": "safe_tx", "device": "node-8-spammer", "metadata": {}}
{"timestamp": 1785774713, "type": "safe_tx", "device": "node-2-clean", "metadata": {}}
{"timestamp": 1785774713, "type": "safe_tx", "device": "node-8-spammer", "metadata": {}}
{"timestamp": 1785774713, "type": "safe_tx", "device": "node-8-spammer", "metadata": {}}
{"timestamp": 1785774713, "type": "safe_tx", "device": "node-8-spammer", "metadata": {}}
{"timestamp": 1785774713, "type": "safe_tx", "device": "node-2-clean", "metadata": {}}
{"timestamp": 1785774713, "type": "safe_tx", "device": "node-8-spammer", "metadata": {}}
{"timestamp": 1785774713, "type": "safe_tx", "device": "node-8-spammer", "metadata": {}}
{"timestamp": 1785774713, "type": "safe_tx", "device": "node-8-spammer", "metadata": {}}
{"timestamp": 1785774713, "type": "safe_tx", "device": "node-4-clean", "metadata": {}}
{"timestamp": 1785774713, "type": "safe_tx", "device": "node-4-clean", "metadata": {}}
{"timestamp": 1785774714, "type": "time_anomaly", "device": "node-13-mixed", "metadata": {}}
{"timestamp": 1785774713, "type": "safe_tx", "device": "node-5-clean", "metadata": {}}
{"timestamp": 1785774714, "type": "safe_tx", "device": "node-15-mixed", "metadata": {}}
{"timestamp": 1785774714, "type": "safe_tx", "device": "node-1-clean", "metadata": {}}
{"timestamp": 1785774714, "type": "safe_tx", "device": "node-9-stealth", "metadata": {}}
{"timestamp": 1785774714, "type": "safe_tx", "device": "node-14-mixed", "metadata": {}}
{"timestamp": 1785774714, "type": "fuzzing", "device": "node-10-fuzzer", "metadata": {}}
{"timestamp": 1785774714, "type": "safe_tx", "device": "node-8-spammer", "metadata": {}}
{"timestamp": 1785774714, "type": "safe_tx", "device": "node-12-mixed", "metadata": {}}
{"timestamp": 1785774714, "type": "safe_tx", "device": "node-8-spammer", "metadata": {}}
{"timestamp": 1785774714, "type": "safe_tx", "device": "node-8-spammer", "metadata": {}}
{"timestamp": 1785774714, "type": "safe_tx", "device": "node-8-spammer", "metadata": {}}
{"timestamp": 1785774715, "type": "safe_tx", "device": "node-3-clean", "metadata": {}}
{"timestamp": 1785774716, "type": "time_anomaly", "device": "node-7-timespoof", "metadata": {}}
{"timestamp": 1785774715, "type": "fuzzing", "device": "node-10-fuzzer", "metadata": {}}
{"timestamp": 1785774715, "type": "safe_tx", "device": "node-5-clean", "metadata": {}}
{"timestamp": 1785774715, "type": "safe_tx", "device": "node-4-clean", "metadata": {}}
{"timestamp": 1785774715, "type": "safe_tx", "device": "node-12-mixed", "metadata": {}}
{"timestamp": 1785774716, "type": "safe_tx", "device": "node-8-spammer", "metadata": {}}
{"timestamp": 1785774716, "type": "safe_tx", "device": "node-8-spammer", "metadata": {}}
{"timestamp": 1785774716, "type": "safe_tx", "device": "node-8-spammer", "metadata": {}}
{"timestamp": 1785774716, "type": "safe_tx", "device": "node-10-fuzzer", "metadata": {}}
{"timestamp": 1785774716, "type": "safe_tx", "device": "node-8-spammer", "metadata": {}}
{"timestamp": 1785774716, "type": "safe_tx", "device": "node-8-spammer", "metadata": {}}
{"timestamp": 1785774716, "type": "safe_tx", "device": "node-8-spammer", "metadata": {}}
{"timestamp": 1785774716, "type": "safe_tx", "device": "node-8-spammer", "metadata": {}}
{"timestamp": 1785774716, "type": "safe_tx", "device": "node-8-spammer", "metadata": {}}
{"timestamp": 1785774716, "type": "safe_tx", "device": "node-8-spammer", "metadata": {}}
{"timestamp": 1785774716, "type": "safe_tx", "device": "node-13-mixed", "metadata": {}}
{"timestamp": 1785774716, "type": "safe_tx", "device": "node-3-clean", "metadata": {}}
{"timestamp": 1785774716, "type": "safe_tx", "device": "node-5-clean", "metadata": {}}
{"timestamp": 1785774716, "type": "safe_tx", "device": "node-9-stealth", "metadata": {}}
{"timestamp": 1785774717, "type": "time_anomaly", "device": "node-15-mixed", "metadata": {}}
{"timestamp": 1785774717, "type": "fuzzing", "device": "node-10-fuzzer", "metadata": {}}
{"timestamp": 1785774717, "type": "safe_tx", "device": "node-3-clean", "metadata": {}}
{"timestamp": 1785774717, "type": "safe_tx", "device": "node-14-mixed", "metadata": {}}
{"timestamp": 1785774717, "type": "safe_tx", "device": "node-6-overflow", "metadata": {}}
{"timestamp": 1785774717, "type": "safe_tx", "device": "node-2-clean", "metadata": {}}
{"timestamp": 1785774717, "type": "safe_tx", "device": "node-8-spammer", "metadata": {}}
{"timestamp": 1785774717, "type": "safe_tx", "device": "node-5-clean", "metadata": {}}
{"timestamp": 1785774717, "type": "safe_tx", "device": "node-1-clean", "metadata": {}}
{"timestamp": 1785774718, "type": "safe_tx", "device": "node-13-mixed", "metadata": {}}
{"timestamp": 1785774718, "type": "safe_tx", "device": "node-12-mixed", "metadata": {}}
{"timestamp": 1785774718, "type": "safe_tx", "device": "node-9-stealth", "metadata": {}}
{"timestamp": 1785774718, "type": "safe_tx", "device": "node-8-spammer", "metadata": {}}
{"timestamp": 1785774719, "type": "safe_tx", "device": "node-8-spammer", "metadata": {}}
{"timestamp": 1785774719, "type": "safe_tx", "device": "node-8-spammer", "metadata": {}}
{"timestamp": 1785774719, "type": "safe_tx", "device": "node-8-spammer", "metadata": {}}
{"timestamp": 1785774719, "type": "safe_tx", "device": "node-10-fuzzer", "metadata": {}}
{"timestamp": 1785774719, "type": "safe_tx", "device": "node-8-spammer", "metadata": {}}
{"timestamp": 1785774719, "type": "safe_tx", "device": "node-8-spammer", "metadata": {}}
{"timestamp": 1785774719, "type": "safe_tx", "device": "node-12-mixed", "metadata": {}}
{"timestamp": 1785774719, "type": "safe_tx", "device": "node-8-spammer", "metadata": {}}
{"timestamp": 1785774719, "type": "safe_tx", "device": "node-8-spammer", "metadata": {}}
{"timestamp": 1785774719, "type": "safe_tx", "device": "node-3-clean", "metadata": {}}
{"timestamp": 1785774720, "type": "time_anomaly", "device": "node-7-timespoof", "metadata": {}}
{"timestamp": 1785774719, "type": "safe_tx", "device": "node-4-clean", "metadata": {}}
{"timestamp": 1785774719, "type": "safe_tx", "device": "node-9-stealth", "metadata": {}}
{"timestamp": 1785774720, "type": "safe_tx", "device": "node-8-spammer", "metadata": {}}
{"timestamp": 1785774720, "type": "safe_tx", "device": "node-8-spammer", "metadata": {}}
{"timestamp": 1785774720, "type": "safe_tx", "device": "node-8-spammer", "metadata": {}}
{"timestamp": 1785774720, "type": "safe_tx", "device": "node-15-mixed", "metadata": {}}
{"timestamp": 1785774720, "type": "safe_tx", "device": "node-2-clean", "metadata": {}}
{"timestamp": 1785774720, "type": "safe_tx", "device": "node-8-spammer", "metadata": {}}
{"timestamp": 1785774720, "type": "safe_tx", "device": "node-8-spammer", "metadata": {}}
{"timestamp": 1785774720, "type": "safe_tx", "device": "node-8-spammer", "metadata": {}}
{"timestamp": 1785774720, "type": "safe_tx", "device": "node-8-spammer", "metadata": {}}
{"timestamp": 1785774720, "type": "dos_spam", "device": "node-8-spammer", "metadata": {}}
{"timestamp": 1785774720, "type": "safe_tx", "device": "node-8-spammer", "metadata": {}}
{"timestamp": 1785774720, "type": "safe_tx", "device": "node-8-spammer", "metadata": {}}
{"timestamp": 1785774720, "type": "safe_tx", "device": "node-8-spammer", "metadata": {}}
{"timestamp": 1785774720, "type": "fuzzing", "device": "node-10-fuzzer", "metadata": {}}
{"timestamp": 1785774720, "type": "safe_tx", "device": "node-8-spammer", "metadata": {}}
{"timestamp": 1785774720, "type": "safe_tx", "device": "node-14-mixed", "metadata": {}}
{"timestamp": 1785774720, "type": "safe_tx", "device": "node-8-spammer", "metadata": {}}
{"timestamp": 1785774720, "type": "dos_spam", "device": "node-8-spammer", "metadata": {"count": 30, "window_sec": 5}}
{"timestamp": 1785774720, "type": "safe_tx", "device": "node-12-mixed", "metadata": {}}
{"timestamp": 1785774720, "type": "safe_tx", "device": "node-1-clean", "metadata": {}}
{"timestamp": 1785774721, "type": "safe_tx", "device": "node-1-clean", "metadata": {}}
{"timestamp": 1785774721, "type": "fuzzing", "device": "node-10-fuzzer", "metadata": {}}
{"timestamp": 1785774721, "type": "safe_tx", "device": "node-4-clean", "metadata": {}}
{"timestamp": 1785774721, "type": "safe_tx", "device": "node-5-clean", "metadata": {}}
{"timestamp": 1785774721, "type": "safe_tx", "device": "node-8-spammer", "metadata": {}}
{"timestamp": 1785774722, "type": "time_anomaly", "device": "node-13-mixed", "metadata": {}}
{"timestamp": 1785774722, "type": "overflow", "device": "node-6-overflow", "metadata": {"count": 3, "window_sec": 30}}
{"timestamp": 1785774722, "type": "safe_tx", "device": "node-15-mixed", "metadata": {}}
{"timestamp": 1785774722, "type": "safe_tx", "device": "node-14-mixed", "metadata": {}}
{"timestamp": 1785774722, "type": "safe_tx", "device": "node-5-clean", "metadata": {}}
{"timestamp": 1785774722, "type": "safe_tx", "device": "node-4-clean", "metadata": {}}
{"timestamp": 1785774722, "type": "safe_tx", "device": "node-3-clean", "metadata": {}}
{"timestamp": 1785774723, "type": "safe_tx", "device": "node-8-spammer", "metadata": {}}
{"timestamp": 1785774723, "type": "safe_tx", "device": "node-8-spammer", "metadata": {}}
{"timestamp": 1785774723, "type": "safe_tx", "device": "node-8-spammer", "metadata": {}}
{"timestamp": 1785774723, "type": "safe_tx", "device": "node-8-spammer", "metadata": {}}
{"timestamp": 1785774723, "type": "safe_tx", "device": "node-8-spammer", "metadata": {}}
{"timestamp": 1785774723, "type": "safe_tx", "device": "node-8-spammer", "metadata": {}}
{"timestamp": 1785774723, "type": "safe_tx", "device": "node-8-spammer", "metadata": {}}
{"timestamp": 1785774723, "type": "safe_tx", "device": "node-8-spammer", "metadata": {}}
{"timestamp": 1785774723, "type": "fuzzing", "device": "node-10-fuzzer", "metadata": {}}
{"timestamp": 1785774723, "type": "safe_tx", "device": "node-8-spammer", "metadata": {}}
{"timestamp": 1785774724, "type": "time_anomaly", "device": "node-12-mixed", "metadata": {}}
{"timestamp": 1785774723, "type": "safe_tx", "device": "node-8-spammer", "metadata": {}}
{"timestamp": 1785774723, "type": "safe_tx", "device": "node-8-spammer", "metadata": {}}
{"timestamp": 1785774723, "type": "safe_tx", "device": "node-8-spammer", "metadata": {}}
{"timestamp": 1785774723, "type": "safe_tx", "device": "node-8-spammer", "metadata": {}}
{"timestamp": 1785774723, "type": "safe_tx", "device": "node-8-spammer", "metadata": {}}
{"timestamp": 1785774723, "type": "dos_spam", "device": "node-8-spammer", "metadata": {}}
{"timestamp": 1785774723, "type": "safe_tx", "device": "node-8-spammer", "metadata": {}}
{"timestamp": 1785774723, "type": "safe_tx", "device": "node-1-clean", "metadata": {}}
{"timestamp": 1785774724, "type": "time_anomaly", "device": "node-15-mixed", "metadata": {}}
{"timestamp": 1785774724, "type": "safe_tx", "device": "node-5-clean", "metadata": {}}
{"timestamp": 1785774724, "type": "fuzzing", "device": "node-10-fuzzer", "metadata": {}}
{"timestamp": 1785774724, "type": "safe_tx", "device": "node-2-clean", "metadata": {}}
{"timestamp": 1785774725, "type": "time_anomaly", "device": "node-7-timespoof", "metadata": {}}
{"timestamp": 1785774724, "type": "safe_tx", "device": "node-3-clean", "metadata": {}}
{"timestamp": 1785774725, "type": "safe_tx", "device": "node-14-mixed", "metadata": {}}
{"timestamp": 1785774725, "type": "fuzzing", "device": "node-10-fuzzer", "metadata": {}}
{"timestamp": 1785774725, "type": "safe_tx", "device": "node-8-spammer", "metadata": {}}
{"timestamp": 1785774726, "type": "safe_tx", "device": "node-8-spammer", "metadata": {}}
{"timestamp": 1785774726, "type": "safe_tx", "device": "node-8-spammer", "metadata": {}}
{"timestamp": 1785774726, "type": "safe_tx", "device": "node-8-spammer", "metadata": {}}
{"timestamp": 1785774726, "type": "safe_tx", "device": "node-1-clean", "metadata": {}}
{"timestamp": 1785774726, "type": "safe_tx", "device": "node-8-spammer", "metadata": {}}
{"timestamp": 1785774726, "type": "safe_tx", "device": "node-13-mixed", "metadata": {}}
{"timestamp": 1785774726, "type": "safe_tx", "device": "node-8-spammer", "metadata": {}}
{"timestamp": 1785774726, "type": "safe_tx", "device": "node-8-spammer", "metadata": {}}
{"timestamp": 1785774726, "type": "safe_tx", "device": "node-8-spammer", "metadata": {}}
{"timestamp": 1785774726, "type": "safe_tx", "device": "node-8-spammer", "metadata": {}}
{"timestamp": 1785774726, "type": "safe_tx", "device": "node-8-spammer", "metadata": {}}
{"timestamp": 1785774726, "type": "safe_tx", "device": "node-8-spammer", "metadata": {}}
{"timestamp": 1785774726, "type": "safe_tx", "device": "node-8-spammer", "metadata": {}}
{"timestamp": 1785774726, "type": "safe_tx", "device": "node-8-spammer", "metadata": {}}
{"timestamp": 1785774726, "type": "safe_tx", "device": "node-8-spammer", "metadata": {}}
{"timestamp": 1785774726, "type": "dos_spam", "device": "node-8-spammer", "metadata": {"count": 30, "window_sec": 5}}
{"timestamp": 1785774726, "type": "safe_tx", "device": "node-8-spammer", "metadata": {}}
{"timestamp": 1785774726, "type": "dos_spam", "device": "node-8-spammer", "metadata": {}}
{"timestamp": 1785774726, "type": "safe_tx", "device": "node-4-clean", "metadata": {}}
{"timestamp": 1785774726, "type": "safe_tx", "device": "node-8-spammer", "metadata": {}}
{"timestamp": 1785774726, "type": "safe_tx", "device": "node-8-spammer", "metadata": {}}
{"timestamp": 1785774726, "type": "safe_tx", "device": "node-9-stealth", "metadata": {}}
{"timestamp": 1785774726, "type": "overflow", "device": "node-12-mixed", "metadata": {"count": 3, "window_sec": 30}}
{"timestamp": 1785774727, "type": "safe_tx", "device": "node-6-overflow", "metadata": {}}
{"timestamp": 1785774727, "type": "safe_tx", "device": "node-8-spammer", "metadata": {}}
{"timestamp": 1785774727, "type": "safe_tx", "device": "node-8-spammer", "metadata": {}}
{"timestamp": 1785774727, "type": "safe_tx", "device": "node-8-spammer", "metadata": {}}
{"timestamp": 1785774727, "type": "safe_tx", "device": "node-8-spammer", "metadata": {}}
{"timestamp": 1785774727, "type": "fuzzing", "device": "node-10-fuzzer", "metadata": {}}
{"timestamp": 1785774727, "type": "safe_tx", "device": "node-15-mixed", "metadata": {}}
{"timestamp": 1785774727, "type": "safe_tx", "device": "node-5-clean", "metadata": {}}
{"timestamp": 1785774727, "type": "safe_tx", "device": "node-14-mixed", "metadata": {}}
{"timestamp": 1785774727, "type": "safe_tx", "device": "node-9-stealth", "metadata": {}}
{"timestamp": 1785774727, "type": "safe_tx", "device": "node-10-fuzzer", "metadata": {}}
{"timestamp": 1785774728, "type": "time_anomaly", "device": "node-12-mixed", "metadata": {}}
{"timestamp": 1785774728, "type": "safe_tx", "device": "node-2-clean", "metadata": {}}
{"timestamp": 1785774728, "type": "safe_tx", "device": "node-3-clean", "metadata": {}}
{"timestamp": 1785774728, "type": "safe_tx", "device": "node-13-mixed", "metadata": {}}
{"timestamp": 1785774728, "type": "safe_tx", "device": "node-4-clean", "metadata": {}}
{"timestamp": 1785774729, "type": "safe_tx", "device": "node-12-mixed", "metadata": {}}
{"timestamp": 1785774729, "type": "safe_tx", "device": "node-8-spammer", "metadata": {}}
{"timestamp": 1785774729, "type": "safe_tx", "device": "node-8-spammer", "metadata": {}}
{"timestamp": 1785774730, "type": "time_anomaly", "device": "node-7-timespoof", "metadata": {}}
{"timestamp": 1785774729, "type": "fuzzing", "device": "node-10-fuzzer", "metadata": {}}
{"timestamp": 1785774729, "type": "safe_tx", "device": "node-2-clean", "metadata": {}}
{"timestamp": 1785774729, "type": "safe_tx", "device": "node-1-clean", "metadata": {}}
{"timestamp": 1785774729, "type": "safe_tx", "device": "node-5-clean", "metadata": {}}
{"timestamp": 1785774729, "type": "safe_tx", "device": "node-14-mixed", "metadata": {}}
{"timestamp": 1785774729, "type": "safe_tx", "device": "node-12-mixed", "metadata": {}}
{"timestamp": 1785774730, "type": "safe_tx", "device": "node-3-clean", "metadata": {}}
{"timestamp": 1785774731, "type": "time_anomaly", "device": "node-15-mixed", "metadata": {}}
{"timestamp": 1785774730, "type": "safe_tx", "device": "node-8-spammer", "metadata": {}}
{"timestamp": 1785774730, "type": "safe_tx", "device": "node-8-spammer", "metadata": {}}
{"timestamp": 1785774731, "type": "safe_tx", "device": "node-15-mixed", "metadata": {}}
{"timestamp": 1785774731, "type": "safe_tx", "device": "node-5-clean", "metadata": {}}
{"timestamp": 1785774731, "type": "overflow", "device": "node-14-mixed", "metadata": {"count": 3, "window_sec": 30}}
{"timestamp": 1785774732, "type": "time_anomaly", "device": "node-12-mixed", "metadata": {}}
{"timestamp": 1785774731, "type": "safe_tx", "device": "node-13-mixed", "metadata": {}}
{"timestamp": 1785774731, "type": "safe_tx", "device": "node-4-clean", "metadata": {}}
{"timestamp": 1785774731, "type": "safe_tx", "device": "node-8-spammer", "metadata": {}}
{"timestamp": 1785774731, "type": "safe_tx", "device": "node-8-spammer", "metadata": {}}
{"timestamp": 1785774731, "type": "safe_tx", "device": "node-4-clean", "metadata": {}}
{"timestamp": 1785774731, "type": "safe_tx", "device": "node-8-spammer", "metadata": {}}
{"timestamp": 1785774731, "type": "safe_tx", "device": "node-8-spammer", "metadata": {}}
{"timestamp": 1785774732, "type": "safe_tx", "device": "node-13-mixed", "metadata": {}}
{"timestamp": 1785774732, "type": "safe_tx", "device": "node-1-clean", "metadata": {}}
{"timestamp": 1785774732, "type": "safe_tx", "device": "node-4-clean", "metadata": {}}
{"timestamp": 1785774732, "type": "safe_tx", "device": "node-8-spammer", "metadata": {}}
{"timestamp": 1785774732, "type": "safe_tx", "device": "node-8-spammer", "metadata": {}}
{"timestamp": 1785774732, "type": "safe_tx", "device": "node-8-spammer", "metadata": {}}
{"timestamp": 1785774732, "type": "safe_tx", "device": "node-8-spammer", "metadata": {}}
{"timestamp": 1785774732, "type": "safe_tx", "device": "node-8-spammer", "metadata": {}}
{"timestamp": 1785774732, "type": "fuzzing", "device": "node-10-fuzzer", "metadata": {}}
{"timestamp": 1785774733, "type": "time_anomaly", "device": "node-7-timespoof", "metadata": {}}
{"timestamp": 1785774733, "type": "safe_tx", "device": "node-9-stealth", "metadata": {}}
{"timestamp": 1785774733, "type": "time_anomaly", "device": "node-15-mixed", "metadata": {}}
{"timestamp": 1785774733, "type": "safe_tx", "device": "node-2-clean", "metadata": {}}
{"timestamp": 1785774733, "type": "safe_tx", "device": "node-3-clean", "metadata": {}}
{"timestamp": 1785774734, "type": "time_anomaly", "device": "node-12-mixed", "metadata": {}}
{"timestamp": 1785774733, "type": "safe_tx", "device": "node-8-spammer", "metadata": {}}
{"timestamp": 1785774733, "type": "safe_tx", "device": "node-8-spammer", "metadata": {}}
{"timestamp": 1785774734, "type": "safe_tx", "device": "node-15-mixed", "metadata": {}}
{"timestamp": 1785774734, "type": "safe_tx", "device": "node-14-mixed", "metadata": {}}
{"timestamp": 1785774734, "type": "safe_tx", "device": "node-9-stealth", "metadata": {}}
{"timestamp": 1785774734, "type": "fuzzing", "device": "node-10-fuzzer", "metadata": {}}
{"timestamp": 1785774734, "type": "safe_tx", "device": "node-2-clean", "metadata": {}}
{"timestamp": 1785774734, "type": "safe_tx", "device": "node-8-spammer", "metadata": {}}
{"timestamp": 1785774734, "type": "safe_tx", "device": "node-4-clean", "metadata": {}}
{"timestamp": 1785774734, "type": "safe_tx", "device": "node-8-spammer", "metadata": {}}
{"timestamp": 1785774734, "type": "safe_tx", "device": "node-8-spammer", "metadata": {}}
{"timestamp": 1785774734, "type": "safe_tx", "device": "node-8-spammer", "metadata": {}}
{"timestamp": 1785774734, "type": "safe_tx", "device": "node-8-spammer", "metadata": {}}
{"timestamp": 1785774734, "type": "safe_tx", "device": "node-8-spammer", "metadata": {}}
{"timestamp": 1785774734, "type": "safe_tx", "device": "node-8-spammer", "metadata": {}}
{"timestamp": 1785774734, "type": "safe_tx", "device": "node-13-mixed", "metadata": {}}
{"timestamp": 1785774735, "type": "safe_tx", "device": "node-5-clean", "metadata": {}}
{"timestamp": 1785774735, "type": "time_anomaly", "device": "node-15-mixed", "metadata": {}}
{"timestamp": 1785774735, "type": "safe_tx", "device": "node-2-clean", "metadata": {}}
{"timestamp": 1785774735, "type": "fuzzing", "device": "node-10-fuzzer", "metadata": {}}
{"timestamp": 1785774735, "type": "safe_tx", "device": "node-1-clean", "metadata": {}}
{"timestamp": 1785774735, "type": "safe_tx", "device": "node-8-spammer", "metadata": {}}
{"timestamp": 1785774735, "type": "safe_tx", "device": "node-8-spammer", "metadata": {}}
{"timestamp": 1785774735, "type": "safe_tx", "device": "node-8-spammer", "metadata": {}}
{"timestamp": 1785774735, "type": "safe_tx", "device": "node-3-clean", "metadata": {}}
{"timestamp": 1785774736, "type": "time_anomaly", "device": "node-7-timespoof", "metadata": {}}
{"timestamp": 1785774735, "type": "safe_tx", "device": "node-8-spammer", "metadata": {}}
{"timestamp": 1785774735, "type": "safe_tx", "device": "node-8-spammer", "metadata": {}}
{"timestamp": 1785774736, "type": "safe_tx", "device": "node-9-stealth", "metadata": {}}
{"timestamp": 1785774736, "type": "time_anomaly", "device": "node-14-mixed", "metadata": {}}
{"timestamp": 1785774736, "type": "safe_tx", "device": "node-4-clean", "metadata": {}}
{"timestamp": 1785774736, "type": "fuzzing", "device": "node-10-fuzzer", "metadata": {}}
{"timestamp": 1785774736, "type": "safe_tx", "device": "node-14-mixed", "metadata": {}}
{"timestamp": 1785774737, "type": "safe_tx", "device": "node-8-spammer", "metadata": {}}
{"timestamp": 1785774737, "type": "safe_tx", "device": "node-8-spammer", "metadata": {}}
{"timestamp": 1785774737, "type": "safe_tx", "device": "node-8-spammer", "metadata": {}}
{"timestamp": 1785774737, "type": "safe_tx", "device": "node-12-mixed", "metadata": {}}
{"timestamp": 1785774737, "type": "safe_tx", "device": "node-8-spammer", "metadata": {}}
{"timestamp": 1785774737, "type": "safe_tx", "device": "node-8-spammer", "metadata": {}}
{"timestamp": 1785774737, "type": "safe_tx", "device": "node-8-spammer", "metadata": {}}
{"timestamp": 1785774737, "type": "safe_tx", "device": "node-8-spammer", "metadata": {}}
{"timestamp": 1785774737, "type": "safe_tx", "device": "node-8-spammer", "metadata": {}}
{"timestamp": 1785774737, "type": "safe_tx", "device": "node-8-spammer", "metadata": {}}
{"timestamp": 1785774737, "type": "safe_tx", "device": "node-8-spammer", "metadata": {}}
{"timestamp": 1785774737, "type": "dos_spam", "device": "node-8-spammer", "metadata": {}}
{"timestamp": 1785774737, "type": "safe_tx", "device": "node-8-spammer", "metadata": {}}
{"timestamp": 1785774737, "type": "dos_spam", "device": "node-8-spammer", "metadata": {"count": 30, "window_sec": 5}}
{"timestamp": 1785774737, "type": "safe_tx", "device": "node-8-spammer", "metadata": {}}
{"timestamp": 1785774737, "type": "safe_tx", "device": "node-8-spammer", "metadata": {}}
{"timestamp": 1785774737, "type": "safe_tx", "device": "node-3-clean", "metadata": {}}
{"timestamp": 1785774737, "type": "safe_tx", "device": "node-8-spammer", "metadata": {}}
{"timestamp": 1785774737, "type": "safe_tx", "device": "node-8-spammer", "metadata": {}}
{"timestamp": 1785774737, "type": "safe_tx", "device": "node-8-spammer", "metadata": {}}
{"timestamp": 1785774737, "type": "safe_tx", "device": "node-8-spammer", "metadata": {}}
{"timestamp": 1785774737, "type": "safe_tx", "device": "node-5-clean", "metadata": {}}
{"timestamp": 1785774737, "type": "safe_tx", "device": "node-8-spammer", "metadata": {}}
{"timestamp": 1785774737, "type": "safe_tx", "device": "node-8-spammer", "metadata": {}}
{"timestamp": 1785774737, "type": "safe_tx", "device": "node-8-spammer", "metadata": {}}
{"timestamp": 1785774737, "type": "safe_tx", "device": "node-8-spammer", "metadata": {}}
{"timestamp": 1785774737, "type": "safe_tx", "device": "node-8-spammer", "metadata": {}}
{"timestamp": 1785774737, "type": "safe_tx", "device": "node-8-spammer", "metadata": {}}
{"timestamp": 1785774737, "type": "safe_tx", "device": "node-4-clean", "metadata": {}}
{"timestamp": 1785774737, "type": "safe_tx", "device": "node-2-clean", "metadata": {}}
{"timestamp": 1785774737, "type": "safe_tx", "device": "node-9-stealth", "metadata": {}}
{"timestamp": 1785774738, "type": "safe_tx", "device": "node-13-mixed", "metadata": {}}
{"timestamp": 1785774738, "type": "safe_tx", "device": "node-10-fuzzer", "metadata": {}}
{"timestamp": 1785774738, "type": "safe_tx", "device": "node-11-pulsing", "metadata": {}}
{"timestamp": 1785774738, "type": "safe_tx", "device": "node-15-mixed", "metadata": {}}
{"timestamp": 1785774738, "type": "safe_tx", "device": "node-11-pulsing", "metadata": {}}
{"timestamp": 1785774738, "type": "safe_tx", "device": "node-11-pulsing", "metadata": {}}
{"timestamp": 1785774738, "type": "safe_tx", "device": "node-1-clean", "metadata": {}}
{"timestamp": 1785774738, "type": "safe_tx", "device": "node-11-pulsing", "metadata": {}}
{"timestamp": 1785774738, "type": "safe_tx", "device": "node-11-pulsing", "metadata": {}}
{"timestamp": 1785774738, "type": "safe_tx", "device": "node-11-pulsing", "metadata": {}}
{"timestamp": 1785774738, "type": "safe_tx", "device": "node-11-pulsing", "metadata": {}}
{"timestamp": 1785774738, "type": "safe_tx", "device": "node-11-pulsing", "metadata": {}}
{"timestamp": 1785774738, "type": "safe_tx", "device": "node-11-pulsing", "metadata": {}}
{"timestamp": 1785774738, "type": "safe_tx", "device": "node-11-pulsing", "metadata": {}}
{"timestamp": 1785774738, "type": "safe_tx", "device": "node-11-pulsing", "metadata": {}}
{"timestamp": 1785774738, "type": "safe_tx", "device": "node-11-pulsing", "metadata": {}}
{"timestamp": 1785774739, "type": "safe_tx", "device": "node-11-pulsing", "metadata": {}}
{"timestamp": 1785774739, "type": "time_anomaly", "device": "node-12-mixed", "metadata": {}}
{"timestamp": 1785774739, "type": "safe_tx", "device": "node-11-pulsing", "metadata": {}}
{"timestamp": 1785774739, "type": "safe_tx", "device": "node-11-pulsing", "metadata": {}}
{"timestamp": 1785774739, "type": "dos_spam", "device": "node-11-pulsing", "metadata": {}}
{"timestamp": 1785774739, "type": "safe_tx", "device": "node-11-pulsing", "metadata": {}}
{"timestamp": 1785774739, "type": "safe_tx", "device": "node-11-pulsing", "metadata": {}}
{"timestamp": 1785774739, "type": "time_anomaly", "device": "node-14-mixed", "metadata": {}}
{"timestamp": 1785774739, "type": "safe_tx", "device": "node-11-pulsing", "metadata": {}}
{"timestamp": 1785774739, "type": "safe_tx", "device": "node-11-pulsing", "metadata": {}}
{"timestamp": 1785774739, "type": "safe_tx", "device": "node-5-clean", "metadata": {}}
{"timestamp": 1785774739, "type": "safe_tx", "device": "node-11-pulsing", "metadata": {}}
{"timestamp": 1785774739, "type": "safe_tx", "device": "node-5-clean", "metadata": {}}
{"timestamp": 1785774740, "type": "overflow", "device": "node-13-mixed", "metadata": {"count": 3, "window_sec": 30}}
{"timestamp": 1785774740, "type": "safe_tx", "device": "node-9-stealth", "metadata": {}}
{"timestamp": 1785774740, "type": "safe_tx", "device": "node-10-fuzzer", "metadata": {}}
{"timestamp": 1785774740, "type": "safe_tx", "device": "node-4-clean", "metadata": {}}
{"timestamp": 1785774740, "type": "safe_tx", "device": "node-15-mixed", "metadata": {}}
{"timestamp": 1785774740, "type": "safe_tx", "device": "node-10-fuzzer", "metadata": {}}
{"timestamp": 1785774741, "type": "safe_tx", "device": "node-8-spammer", "metadata": {}}
{"timestamp": 1785774741, "type": "safe_tx", "device": "node-4-clean", "metadata": {}}
{"timestamp": 1785774741, "type": "safe_tx", "device": "node-3-clean", "metadata": {}}
{"timestamp": 1785774741, "type": "safe_tx", "device": "node-2-clean", "metadata": {}}
{"timestamp": 1785774742, "type": "time_anomaly", "device": "node-7-timespoof", "metadata": {}}
{"timestamp": 1785774741, "type": "safe_tx", "device": "node-13-mixed", "metadata": {}}
{"timestamp": 1785774742, "type": "time_anomaly", "device": "node-12-mixed", "metadata": {}}
{"timestamp": 1785774741, "type": "safe_tx", "device": "node-1-clean", "metadata": {}}
{"timestamp": 1785774741, "type": "safe_tx", "device": "node-9-stealth", "metadata": {}}
{"timestamp": 1785774741, "type": "safe_tx", "device": "node-8-spammer", "metadata": {}}
{"timestamp": 1785774742, "type": "time_anomaly", "device": "node-13-mixed", "metadata": {}}
{"timestamp": 1785774742, "type": "safe_tx", "device": "node-8-spammer", "metadata": {}}
{"timestamp": 1785774742, "type": "safe_tx", "device": "node-4-clean", "metadata": {}}
{"timestamp": 1785774742, "type": "time_anomaly", "device": "node-14-mixed", "metadata": {}}
{"timestamp": 1785774742, "type": "fuzzing", "device": "node-10-fuzzer", "metadata": {}}
{"timestamp": 1785774742, "type": "safe_tx", "device": "node-2-clean", "metadata": {}}
{"timestamp": 1785774742, "type": "safe_tx", "device": "node-14-mixed", "metadata": {}}
{"timestamp": 1785774742, "type": "safe_tx", "device": "node-12-mixed", "metadata": {}}
{"timestamp": 1785774743, "type": "safe_tx", "device": "node-5-clean", "metadata": {}}
{"timestamp": 1785774743, "type": "safe_tx", "device": "node-15-mixed", "metadata": {}}
{"timestamp": 1785774743, "type": "safe_tx", "device": "node-14-mixed", "metadata": {}}
{"timestamp": 1785774743, "type": "safe_tx", "device": "node-8-spammer", "metadata": {}}
{"timestamp": 1785774743, "type": "safe_tx", "device": "node-8-spammer", "metadata": {}}
{"timestamp": 1785774743, "type": "overflow", "device": "node-9-stealth", "metadata": {"count": 3, "window_sec": 30}}
{"timestamp": 1785774744, "type": "fuzzing", "device": "node-10-fuzzer", "metadata": {}}
{"timestamp": 1785774744, "type": "safe_tx", "device": "node-1-clean", "metadata": {}}
{"timestamp": 1785774744, "type": "safe_tx", "device": "node-4-clean", "metadata": {}}
{"timestamp": 1785774744, "type": "safe_tx", "device": "node-8-spammer", "metadata": {}}
{"timestamp": 1785774744, "type": "safe_tx", "device": "node-8-spammer", "metadata": {}}
{"timestamp": 1785774744, "type": "safe_tx", "device": "node-8-spammer", "metadata": {}}
{"timestamp": 1785774744, "type": "safe_tx", "device": "node-8-spammer", "metadata": {}}
{"timestamp": 1785774744, "type": "safe_tx", "device": "node-13-mixed", "metadata": {}}
{"timestamp": 1785774744, "type": "safe_tx", "device": "node-8-spammer", "metadata": {}}
{"timestamp": 1785774744, "type": "safe_tx", "device": "node-8-spammer", "metadata": {}}
{"timestamp": 1785774744, "type": "safe_tx", "device": "node-9-stealth", "metadata": {}}
{"timestamp": 1785774745, "type": "safe_tx", "device": "node-15-mixed", "metadata": {}}
{"timestamp": 1785774745, "type": "safe_tx", "device": "node-10-fuzzer", "metadata": {}}
{"timestamp": 1785774745, "type": "safe_tx", "device": "node-5-clean", "metadata": {}}
{"timestamp": 1785774745, "type": "safe_tx", "device": "node-2-clean", "metadata": {}}
{"timestamp": 1785774746, "type": "time_anomaly", "device": "node-14-mixed", "metadata": {}}
{"timestamp": 1785774746, "type": "safe_tx", "device": "node-8-spammer", "metadata": {}}
{"timestamp": 1785774746, "type": "safe_tx", "device": "node-8-spammer", "metadata": {}}
{"timestamp": 1785774746, "type": "safe_tx", "device": "node-8-spammer", "metadata": {}}
{"timestamp": 1785774746, "type": "safe_tx", "device": "node-3-clean", "metadata": {}}
{"timestamp": 1785774746, "type": "safe_tx", "device": "node-8-spammer", "metadata": {}}
{"timestamp": 1785774746, "type": "safe_tx", "device": "node-8-spammer", "metadata": {}}
{"timestamp": 1785774746, "type": "safe_tx", "device": "node-8-spammer", "metadata": {}}
{"timestamp": 1785774746, "type": "safe_tx", "device": "node-8-spammer", "metadata": {}}
{"timestamp": 1785774746, "type": "safe_tx", "device": "node-8-spammer", "metadata": {}}
{"timestamp": 1785774746, "type": "time_anomaly", "device": "node-7-timespoof", "metadata": {}}
{"timestamp": 1785774746, "type": "safe_tx", "device": "node-8-spammer", "metadata": {}}
{"timestamp": 1785774746, "type": "dos_spam", "device": "node-8-spammer", "metadata": {}}
{"timestamp": 1785774746, "type": "safe_tx", "device": "node-8-spammer", "metadata": {}}
{"timestamp": 1785774746, "type": "safe_tx", "device": "node-8-spammer", "metadata": {}}
{"timestamp": 1785774746, "type": "safe_tx", "device": "node-8-spammer", "metadata": {}}
{"timestamp": 1785774746, "type": "safe_tx", "device": "node-15-mixed", "metadata": {}}
{"timestamp": 1785774747, "type": "safe_tx", "device": "node-4-clean", "metadata": {}}
{"timestamp": 1785774747, "type": "time_anomaly", "device": "node-12-mixed", "metadata": {}}
{"timestamp": 1785774747, "type": "safe_tx", "device": "node-5-clean", "metadata": {}}
{"timestamp": 1785774747, "type": "safe_tx", "device": "node-1-clean", "metadata": {}}
{"timestamp": 1785774747, "type": "safe_tx", "device": "node-10-fuzzer", "metadata": {}}
{"timestamp": 1785774747, "type": "safe_tx", "device": "node-8-spammer", "metadata": {}}
{"timestamp": 1785774747, "type": "safe_tx", "device": "node-9-stealth", "metadata": {}}
{"timestamp": 1785774747, "type": "safe_tx", "device": "node-8-spammer", "metadata": {}}
{"timestamp": 1785774747, "type": "safe_tx", "device": "node-8-spammer", "metadata": {}}
{"timestamp": 1785774747, "type": "safe_tx", "device": "node-14-mixed", "metadata": {}}
{"timestamp": 1785774747, "type": "safe_tx", "device": "node-8-spammer", "metadata": {}}
{"timestamp": 1785774747, "type": "safe_tx", "device": "node-8-spammer", "metadata": {}}
{"timestamp": 1785774748, "type": "safe_tx", "device": "node-8-spammer", "metadata": {}}
{"timestamp": 1785774748, "type": "safe_tx", "device": "node-8-spammer", "metadata": {}}
{"timestamp": 1785774748, "type": "safe_tx", "device": "node-8-spammer", "metadata": {}}
{"timestamp": 1785774748, "type": "safe_tx", "device": "node-13-mixed", "metadata": {}}
{"timestamp": 1785774748, "type": "safe_tx", "device": "node-5-clean", "metadata": {}}
{"timestamp": 1785774748, "type": "safe_tx", "device": "node-3-clean", "metadata": {}}
{"timestamp": 1785774749, "type": "safe_tx", "device": "node-8-spammer", "metadata": {}}
{"timestamp": 1785774749, "type": "safe_tx", "device": "node-2-clean", "metadata": {}}
{"timestamp": 1785774749, "type": "overflow", "device": "node-6-overflow", "metadata": {"count": 3, "window_sec": 30}}
{"timestamp": 1785774749, "type": "safe_tx", "device": "node-8-spammer", "metadata": {}}
{"timestamp": 1785774749, "type": "safe_tx", "device": "node-8-spammer", "metadata": {}}
{"timestamp": 1785774749, "type": "safe_tx", "device": "node-8-spammer", "metadata": {}}
{"timestamp": 1785774749, "type": "dos_spam", "device": "node-8-spammer", "metadata": {"count": 30, "window_sec": 5}}
{"timestamp": 1785774749, "type": "safe_tx", "device": "node-8-spammer", "metadata": {}}
{"timestamp": 1785774749, "type": "safe_tx", "device": "node-8-spammer", "metadata": {}}
{"timestamp": 1785774749, "type": "safe_tx", "device": "node-8-spammer", "metadata": {}}
{"timestamp": 1785774749, "type": "dos_spam", "device": "node-8-spammer", "metadata": {}}
{"timestamp": 1785774749, "type": "safe_tx", "device": "node-1-clean", "metadata": {}}
{"timestamp": 1785774749, "type": "safe_tx", "device": "node-10-fuzzer", "metadata": {}}
{"timestamp": 1785774749, "type": "safe_tx", "device": "node-9-stealth", "metadata": {}}
{"timestamp": 1785774749, "type": "safe_tx", "device": "node-3-clean", "metadata": {}}
{"timestamp": 1785774749, "type": "safe_tx", "device": "node-12-mixed", "metadata": {}}
{"timestamp": 1785774749, "type": "safe_tx", "device": "node-15-mixed", "metadata": {}}
{"timestamp": 1785774750, "type": "safe_tx", "device": "node-5-clean", "metadata": {}}
{"timestamp": 1785774750, "type": "safe_tx", "device": "node-8-spammer", "metadata": {}}
{"timestamp": 1785774750, "type": "safe_tx", "device": "node-8-spammer", "metadata": {}}
{"timestamp": 1785774750, "type": "safe_tx", "device": "node-15-mixed", "metadata": {}}
{"timestamp": 1785774750, "type": "safe_tx", "device": "node-4-clean", "metadata": {}}
{"timestamp": 1785774751, "type": "safe_tx", "device": "node-14-mixed", "metadata": {}}
{"timestamp": 1785774751, "type": "safe_tx", "device": "node-8-spammer", "metadata": {}}
{"timestamp": 1785774751, "type": "safe_tx", "device": "node-8-spammer", "metadata": {}}
{"timestamp": 1785774751, "type": "safe_tx", "device": "node-8-spammer", "metadata": {}}
{"timestamp": 1785774751, "type": "safe_tx", "device": "node-10-fuzzer", "metadata": {}}
{"timestamp": 1785774751, "type": "safe_tx", "device": "node-2-clean", "metadata": {}}
{"timestamp": 1785774751, "type": "safe_tx", "device": "node-4-clean", "metadata": {}}
{"timestamp": 1785774751, "type": "safe_tx", "device": "node-5-clean", "metadata": {}}
{"timestamp": 1785774752, "type": "time_anomaly", "device": "node-13-mixed", "metadata": {}}
{"timestamp": 1785774752, "type": "time_anomaly", "device": "node-14-mixed", "metadata": {}}
{"timestamp": 1785774752, "type": "time_anomaly", "device": "node-7-timespoof", "metadata": {}}
{"timestamp": 1785774752, "type": "safe_tx", "device": "node-9-stealth", "metadata": {}}
{"timestamp": 1785774752, "type": "safe_tx", "device": "node-8-spammer", "metadata": {}}
{"timestamp": 1785774752, "type": "safe_tx", "device": "node-2-clean", "metadata": {}}
{"timestamp": 1785774752, "type": "safe_tx", "device": "node-5-clean", "metadata": {}}
{"timestamp": 1785774753, "type": "fuzzing", "device": "node-10-fuzzer", "metadata": {}}
{"timestamp": 1785774753, "type": "safe_tx", "device": "node-1-clean", "metadata": {}}
{"timestamp": 1785774753, "type": "safe_tx", "device": "node-3-clean", "metadata": {}}
{"timestamp": 1785774753, "type": "safe_tx", "device": "node-8-spammer", "metadata": {}}
{"timestamp": 1785774753, "type": "safe_tx", "device": "node-4-clean", "metadata": {}}
{"timestamp": 1785774754, "type": "safe_tx", "device": "node-13-mixed", "metadata": {}}
{"timestamp": 1785774754, "type": "time_anomaly", "device": "node-15-mixed", "metadata": {}}
{"timestamp": 1785774754, "type": "safe_tx", "device": "node-14-mixed", "metadata": {}}
{"timestamp": 1785774754, "type": "safe_tx", "device": "node-8-spammer", "metadata": {}}
{"timestamp": 1785774754, "type": "safe_tx", "device": "node-8-spammer", "metadata": {}}
{"timestamp": 1785774755, "type": "safe_tx", "device": "node-8-spammer", "metadata": {}}
{"timestamp": 1785774755, "type": "safe_tx", "device": "node-9-stealth", "metadata": {}}
{"timestamp": 1785774755, "type": "safe_tx", "device": "node-10-fuzzer", "metadata": {}}
{"timestamp": 1785774755, "type": "safe_tx", "device": "node-4-clean", "metadata": {}}
{"timestamp": 1785774755, "type": "safe_tx", "device": "node-1-clean", "metadata": {}}
{"timestamp": 1785774755, "type": "fuzzing", "device": "node-10-fuzzer", "metadata": {}}
{"timestamp": 1785774756, "type": "safe_tx", "device": "node-9-stealth", "metadata": {}}
{"timestamp": 1785774756, "type": "safe_tx", "device": "node-8-spammer", "metadata": {}}
{"timestamp": 1785774756, "type": "safe_tx", "device": "node-8-spammer", "metadata": {}}
{"timestamp": 1785774756, "type": "safe_tx", "device": "node-2-clean", "metadata": {}}
{"timestamp": 1785774756, "type": "safe_tx", "device": "node-3-clean", "metadata": {}}
{"timestamp": 1785774756, "type": "safe_tx", "device": "node-5-clean", "metadata": {}}
{"timestamp": 1785774756, "type": "safe_tx", "device": "node-14-mixed", "metadata": {}}
{"timestamp": 1785774757, "type": "time_anomaly", "device": "node-7-timespoof", "metadata": {}}
{"timestamp": 1785774757, "type": "safe_tx", "device": "node-12-mixed", "metadata": {}}
{"timestamp": 1785774757, "type": "safe_tx", "device": "node-15-mixed", "metadata": {}}
{"timestamp": 1785774757, "type": "safe_tx", "device": "node-13-mixed", "metadata": {}}
{"timestamp": 1785774757, "type": "fuzzing", "device": "node-10-fuzzer", "metadata": {}}
{"timestamp": 1785774757, "type": "safe_tx", "device": "node-8-spammer", "metadata": {}}
{"timestamp": 1785774757, "type": "safe_tx", "device": "node-1-clean", "metadata": {}}
{"timestamp": 1785774757, "type": "safe_tx", "device": "node-8-spammer", "metadata": {}}
{"timestamp": 1785774757, "type": "safe_tx", "device": "node-8-spammer", "metadata": {}}
{"timestamp": 1785774757, "type": "safe_tx", "device": "node-8-spammer", "metadata": {}}
{"timestamp": 1785774757, "type": "safe_tx", "device": "node-8-spammer", "metadata": {}}
{"timestamp": 1785774757, "type": "safe_tx", "device": "node-8-spammer", "metadata": {}}
{"timestamp": 1785774757, "type": "safe_tx", "device": "node-8-spammer", "metadata": {}}
{"timestamp": 1785774757, "type": "safe_tx", "device": "node-8-spammer", "metadata": {}}
{"timestamp": 1785774758, "type": "safe_tx", "device": "node-8-spammer", "metadata": {}}
{"timestamp": 1785774758, "type": "safe_tx", "device": "node-8-spammer", "metadata": {}}
{"timestamp": 1785774758, "type": "safe_tx", "device": "node-8-spammer", "metadata": {}}
{"timestamp": 1785774758, "type": "safe_tx", "device": "node-8-spammer", "metadata": {}}
{"timestamp": 1785774758, "type": "safe_tx", "device": "node-3-clean", "metadata": {}}
{"timestamp": 1785774758, "type": "safe_tx", "device": "node-8-spammer", "metadata": {}}
{"timestamp": 1785774758, "type": "dos_spam", "device": "node-8-spammer", "metadata": {}}
{"timestamp": 1785774758, "type": "safe_tx", "device": "node-4-clean", "metadata": {}}
{"timestamp": 1785774758, "type": "safe_tx", "device": "node-3-clean", "metadata": {}}
{"timestamp": 1785774758, "type": "safe_tx", "device": "node-9-stealth", "metadata": {}}
{"timestamp": 1785774758, "type": "safe_tx", "device": "node-5-clean", "metadata": {}}
{"timestamp": 1785774758, "type": "safe_tx", "device": "node-2-clean", "metadata": {}}
{"timestamp": 1785774759, "type": "safe_tx", "device": "node-13-mixed", "metadata": {}}
{"timestamp": 1785774759, "type": "safe_tx", "device": "node-8-spammer", "metadata": {}}
{"timestamp": 1785774759, "type": "fuzzing", "device": "node-10-fuzzer", "metadata": {}}
{"timestamp": 1785774759, "type": "safe_tx", "device": "node-8-spammer", "metadata": {}}
{"timestamp": 1785774759, "type": "safe_tx", "device": "node-8-spammer", "metadata": {}}
{"timestamp": 1785774759, "type": "safe_tx", "device": "node-8-spammer", "metadata": {}}
{"timestamp": 1785774759, "type": "safe_tx", "device": "node-8-spammer", "metadata": {}}
{"timestamp": 1785774759, "type": "safe_tx", "device": "node-8-spammer", "metadata": {}}
{"timestamp": 1785774759, "type": "safe_tx", "device": "node-8-spammer", "metadata": {}}
{"timestamp": 1785774759, "type": "safe_tx", "device": "node-8-spammer", "metadata": {}}
{"timestamp": 1785774759, "type": "safe_tx", "device": "node-8-spammer", "metadata": {}}
{"timestamp": 1785774759, "type": "safe_tx", "device": "node-15-mixed", "metadata": {}}
{"timestamp": 1785774760, "type": "safe_tx", "device": "node-1-clean", "metadata": {}}
{"timestamp": 1785774760, "type": "safe_tx", "device": "node-8-spammer", "metadata": {}}
{"timestamp": 1785774760, "type": "safe_tx", "device": "node-8-spammer", "metadata": {}}
{"timestamp": 1785774760, "type": "safe_tx", "device": "node-8-spammer", "metadata": {}}
{"timestamp": 1785774760, "type": "safe_tx", "device": "node-8-spammer", "metadata": {}}
{"timestamp": 1785774760, "type": "safe_tx", "device": "node-8-spammer", "metadata": {}}
{"timestamp": 1785774760, "type": "dos_spam", "device": "node-8-spammer", "metadata": {"count": 30, "window_sec": 5}}
{"timestamp": 1785774761, "type": "safe_tx", "device": "node-12-mixed", "metadata": {}}
{"timestamp": 1785774761, "type": "safe_tx", "device": "node-2-clean", "metadata": {}}
{"timestamp": 1785774761, "type": "safe_tx", "device": "node-1-clean", "metadata": {}}
{"timestamp": 1785774761, "type": "safe_tx", "device": "node-13-mixed", "metadata": {}}
{"timestamp": 1785774761, "type": "safe_tx", "device": "node-8-spammer", "metadata": {}}
{"timestamp": 1785774761, "type": "dos_spam", "device": "node-8-spammer", "metadata": {}}
{"timestamp": 1785774761, "type": "safe_tx", "device": "node-10-fuzzer", "metadata": {}}
{"timestamp": 1785774761, "type": "safe_tx", "device": "node-9-stealth", "metadata": {}}
{"timestamp": 1785774762, "type": "safe_tx", "device": "node-8-spammer", "metadata": {}}
{"timestamp": 1785774762, "type": "safe_tx", "device": "node-8-spammer", "metadata": {}}
{"timestamp": 1785774762, "type": "safe_tx", "device": "node-8-spammer", "metadata": {}}
{"timestamp": 1785774762, "type": "safe_tx", "device": "node-3-clean", "metadata": {}}
{"timestamp": 1785774762, "type": "safe_tx", "device": "node-8-spammer", "metadata": {}}
{"timestamp": 1785774762, "type": "safe_tx", "device": "node-8-spammer", "metadata": {}}
{"timestamp": 1785774762, "type": "fuzzing", "device": "node-10-fuzzer", "metadata": {}}
{"timestamp": 1785774762, "type": "safe_tx", "device": "node-3-clean", "metadata": {}}
{"timestamp": 1785774763, "type": "time_anomaly", "device": "node-12-mixed", "metadata": {}}
{"timestamp": 1785774762, "type": "safe_tx", "device": "node-4-clean", "metadata": {}}
{"timestamp": 1785774763, "type": "safe_tx", "device": "node-3-clean", "metadata": {}}
{"timestamp": 1785774763, "type": "safe_tx", "device": "node-2-clean", "metadata": {}}
{"timestamp": 1785774763, "type": "time_anomaly", "device": "node-7-timespoof", "metadata": {}}
{"timestamp": 1785774763, "type": "safe_tx", "device": "node-9-stealth", "metadata": {}}
{"timestamp": 1785774763, "type": "safe_tx", "device": "node-14-mixed", "metadata": {}}
{"timestamp": 1785774763, "type": "safe_tx", "device": "node-2-clean", "metadata": {}}
{"timestamp": 1785774763, "type": "safe_tx", "device": "node-10-fuzzer", "metadata": {}}
{"timestamp": 1785774763, "type": "safe_tx", "device": "node-5-clean", "metadata": {}}
{"timestamp": 1785774764, "type": "safe_tx", "device": "node-3-clean", "metadata": {}}
{"timestamp": 1785774764, "type": "safe_tx", "device": "node-4-clean", "metadata": {}}
{"timestamp": 1785774764, "type": "safe_tx", "device": "node-15-mixed", "metadata": {}}
{"timestamp": 1785774764, "type": "safe_tx", "device": "node-11-pulsing", "metadata": {}}
{"timestamp": 1785774764, "type": "safe_tx", "device": "node-11-pulsing", "metadata": {}}
{"timestamp": 1785774764, "type": "safe_tx", "device": "node-11-pulsing", "metadata": {}}
{"timestamp": 1785774764, "type": "safe_tx", "device": "node-11-pulsing", "metadata": {}}
{"timestamp": 1785774764, "type": "safe_tx", "device": "node-11-pulsing", "metadata": {}}
{"timestamp": 1785774764, "type": "safe_tx", "device": "node-11-pulsing", "metadata": {}}
{"timestamp": 1785774765, "type": "safe_tx", "device": "node-11-pulsing", "metadata": {}}
{"timestamp": 1785774765, "type": "safe_tx", "device": "node-12-mixed", "metadata": {}}
{"timestamp": 1785774765, "type": "safe_tx", "device": "node-11-pulsing", "metadata": {}}
{"timestamp": 1785774765, "type": "safe_tx", "device": "node-11-pulsing", "metadata": {}}
{"timestamp": 1785774765, "type": "fuzzing", "device": "node-10-fuzzer", "metadata": {}}
{"timestamp": 1785774765, "type": "safe_tx", "device": "node-11-pulsing", "metadata": {}}
{"timestamp": 1785774765, "type": "safe_tx", "device": "node-14-mixed", "metadata": {}}
{"timestamp": 1785774765, "type": "safe_tx", "device": "node-13-mixed", "metadata": {}}
{"timestamp": 1785774765, "type": "safe_tx", "device": "node-11-pulsing", "metadata": {}}
{"timestamp": 1785774765, "type": "safe_tx", "device": "node-11-pulsing", "metadata": {}}
{"timestamp": 1785774765, "type": "safe_tx", "device": "node-9-stealth", "metadata": {}}
{"timestamp": 1785774765, "type": "safe_tx", "device": "node-11-pulsing", "metadata": {}}
{"timestamp": 1785774765, "type": "safe_tx", "device": "node-11-pulsing", "metadata": {}}
{"timestamp": 1785774765, "type": "safe_tx", "device": "node-11-pulsing", "metadata": {}}
{"timestamp": 1785774765, "type": "dos_spam", "device": "node-11-pulsing", "metadata": {}}
{"timestamp": 1785774765, "type": "safe_tx", "device": "node-12-mixed", "metadata": {}}
{"timestamp": 1785774765, "type": "safe_tx", "device": "node-1-clean", "metadata": {}}
{"timestamp": 1785774765, "type": "safe_tx", "device": "node-11-pulsing", "metadata": {}}
{"timestamp": 1785774765, "type": "safe_tx", "device": "node-11-pulsing", "metadata": {}}
{"timestamp": 1785774765, "type": "safe_tx", "device": "node-11-pulsing", "metadata": {}}
{"timestamp": 1785774765, "type": "safe_tx", "device": "node-11-pulsing", "metadata": {}}
{"timestamp": 1785774765, "type": "safe_tx", "device": "node-11-pulsing", "metadata": {}}
{"timestamp": 1785774765, "type": "safe_tx", "device": "node-3-clean", "metadata": {}}
{"timestamp": 1785774766, "type": "time_anomaly", "device": "node-13-mixed", "metadata": {}}
{"timestamp": 1785774766, "type": "fuzzing", "device": "node-10-fuzzer", "metadata": {}}
{"timestamp": 1785774766, "type": "safe_tx", "device": "node-4-clean", "metadata": {}}
{"timestamp": 1785774766, "type": "safe_tx", "device": "node-2-clean", "metadata": {}}
{"timestamp": 1785774767, "type": "safe_tx", "device": "node-14-mixed", "metadata": {}}
{"timestamp": 1785774767, "type": "safe_tx", "device": "node-9-stealth", "metadata": {}}
{"timestamp": 1785774767, "type": "fuzzing", "device": "node-10-fuzzer", "metadata": {}}
{"timestamp": 1785774767, "type": "safe_tx", "device": "node-15-mixed", "metadata": {}}
{"timestamp": 1785774767, "type": "safe_tx", "device": "node-5-clean", "metadata": {}}
{"timestamp": 1785774767, "type": "safe_tx", "device": "node-2-clean", "metadata": {}}
{"timestamp": 1785774767, "type": "safe_tx", "device": "node-8-spammer", "metadata": {}}
{"timestamp": 1785774767, "type": "safe_tx", "device": "node-8-spammer", "metadata": {}}
{"timestamp": 1785774768, "type": "safe_tx", "device": "node-8-spammer", "metadata": {}}
{"timestamp": 1785774768, "type": "time_anomaly", "device": "node-12-mixed", "metadata": {}}
{"timestamp": 1785774768, "type": "safe_tx", "device": "node-8-spammer", "metadata": {}}
{"timestamp": 1785774768, "type": "safe_tx", "device": "node-8-spammer", "metadata": {}}
{"timestamp": 1785774768, "type": "safe_tx", "device": "node-8-spammer", "metadata": {}}
{"timestamp": 1785774768, "type": "safe_tx", "device": "node-8-spammer", "metadata": {}}
{"timestamp": 1785774768, "type": "safe_tx", "device": "node-8-spammer", "metadata": {}}
{"timestamp": 1785774768, "type": "safe_tx", "device": "node-2-clean", "metadata": {}}
{"timestamp": 1785774768, "type": "safe_tx", "device": "node-1-clean", "metadata": {}}
{"timestamp": 1785774768, "type": "safe_tx", "device": "node-13-mixed", "metadata": {}}
{"timestamp": 1785774769, "type": "fuzzing", "device": "node-10-fuzzer", "metadata": {}}
{"timestamp": 1785774769, "type": "safe_tx", "device": "node-12-mixed", "metadata": {}}
{"timestamp": 1785774770, "type": "time_anomaly", "device": "node-7-timespoof", "metadata": {}}
{"timestamp": 1785774769, "type": "safe_tx", "device": "node-14-mixed", "metadata": {}}
{"timestamp": 1785774769, "type": "safe_tx", "device": "node-10-fuzzer", "metadata": {}}
{"timestamp": 1785774770, "type": "safe_tx", "device": "node-9-stealth", "metadata": {}}
{"timestamp": 1785774770, "type": "safe_tx", "device": "node-2-clean", "metadata": {}}
{"timestamp": 1785774770, "type": "overflow", "device": "node-6-overflow", "metadata": {"count": 3, "window_sec": 30}}
{"timestamp": 1785774770, "type": "safe_tx", "device": "node-5-clean", "metadata": {}}
{"timestamp": 1785774770, "type": "safe_tx", "device": "node-4-clean", "metadata": {}}
{"timestamp": 1785774770, "type": "overflow", "device": "node-12-mixed", "metadata": {"count": 3, "window_sec": 30}}
{"timestamp": 1785774770, "type": "safe_tx", "device": "node-8-spammer", "metadata": {}}
{"timestamp": 1785774771, "type": "safe_tx", "device": "node-3-clean", "metadata": {}}
{"timestamp": 1785774771, "type": "time_anomaly", "device": "node-15-mixed", "metadata": {}}
{"timestamp": 1785774771, "type": "safe_tx", "device": "node-9-stealth", "metadata": {}}
{"timestamp": 1785774771, "type": "safe_tx", "device": "node-2-clean", "metadata": {}}
{"timestamp": 1785774771, "type": "safe_tx", "device": "node-14-mixed", "metadata": {}}
{"timestamp": 1785774771, "type": "fuzzing", "device": "node-10-fuzzer", "metadata": {}}
{"timestamp": 1785774771, "type": "safe_tx", "device": "node-3-clean", "metadata": {}}
{"timestamp": 1785774772, "type": "safe_tx", "device": "node-13-mixed", "metadata": {}}
{"timestamp": 1785774772, "type": "safe_tx", "device": "node-5-clean", "metadata": {}}
{"timestamp": 1785774772, "type": "safe_tx", "device": "node-8-spammer", "metadata": {}}
{"timestamp": 1785774772, "type": "safe_tx", "device": "node-8-spammer", "metadata": {}}
{"timestamp": 1785774772, "type": "safe_tx", "device": "node-8-spammer", "metadata": {}}
{"timestamp": 1785774772, "type": "safe_tx", "device": "node-8-spammer", "metadata": {}}
{"timestamp": 1785774772, "type": "safe_tx", "device": "node-8-spammer", "metadata": {}}
{"timestamp": 1785774772, "type": "safe_tx", "device": "node-8-spammer", "metadata": {}}
{"timestamp": 1785774773, "type": "safe_tx", "device": "node-9-stealth", "metadata": {}}
{"timestamp": 1785774773, "type": "time_anomaly", "device": "node-7-timespoof", "metadata": {}}
{"timestamp": 1785774773, "type": "safe_tx", "device": "node-10-fuzzer", "metadata": {}}
{"timestamp": 1785774773, "type": "safe_tx", "device": "node-3-clean", "metadata": {}}
{"timestamp": 1785774774, "type": "safe_tx", "device": "node-4-clean", "metadata": {}}
{"timestamp": 1785774774, "type": "safe_tx", "device": "node-1-clean", "metadata": {}}
{"timestamp": 1785774774, "type": "safe_tx", "device": "node-8-spammer", "metadata": {}}
{"timestamp": 1785774774, "type": "safe_tx", "device": "node-8-spammer", "metadata": {}}
{"timestamp": 1785774774, "type": "safe_tx", "device": "node-8-spammer", "metadata": {}}
{"timestamp": 1785774774, "type": "fuzzing", "device": "node-10-fuzzer", "metadata": {}}
{"timestamp": 1785774774, "type": "safe_tx", "device": "node-8-spammer", "metadata": {}}
{"timestamp": 1785774774, "type": "safe_tx", "device": "node-8-spammer", "metadata": {}}
{"timestamp": 1785774774, "type": "safe_tx", "device": "node-15-mixed", "metadata": {}}
{"timestamp": 1785774774, "type": "safe_tx", "device": "node-8-spammer", "metadata": {}}
{"timestamp": 1785774774, "type": "safe_tx", "device": "node-12-mixed", "metadata": {}}
{"timestamp": 1785774774, "type": "safe_tx", "device": "node-13-mixed", "metadata": {}}
{"timestamp": 1785774774, "type": "safe_tx", "device": "node-8-spammer", "metadata": {}}
{"timestamp": 1785774774, "type": "safe_tx", "device": "node-8-spammer", "metadata": {}}
{"timestamp": 1785774775, "type": "safe_tx", "device": "node-5-clean", "metadata": {}}
{"timestamp": 1785774775, "type": "safe_tx", "device": "node-2-clean", "metadata": {}}
{"timestamp": 1785774775, "type": "fuzzing", "device": "node-10-fuzzer", "metadata": {}}
{"timestamp": 1785774775, "type": "safe_tx", "device": "node-9-stealth", "metadata": {}}
{"timestamp": 1785774775, "type": "safe_tx", "device": "node-8-spammer", "metadata": {}}
{"timestamp": 1785774775, "type": "safe_tx", "device": "node-8-spammer", "metadata": {}}
{"timestamp": 1785774776, "type": "safe_tx", "device": "node-8-spammer", "metadata": {}}
{"timestamp": 1785774776, "type": "safe_tx", "device": "node-8-spammer", "metadata": {}}
{"timestamp": 1785774776, "type": "safe_tx", "device": "node-14-mixed", "metadata": {}}
{"timestamp": 1785774776, "type": "safe_tx", "device": "node-8-spammer", "metadata": {}}
{"timestamp": 1785774776, "type": "safe_tx", "device": "node-8-spammer", "metadata": {}}
{"timestamp": 1785774776, "type": "safe_tx", "device": "node-3-clean", "metadata": {}}
{"timestamp": 1785774776, "type": "safe_tx", "device": "node-13-mixed", "metadata": {}}
{"timestamp": 1785774776, "type": "safe_tx", "device": "node-14-mixed", "metadata": {}}
{"timestamp": 1785774776, "type": "safe_tx", "device": "node-10-fuzzer", "metadata": {}}
{"timestamp": 1785774777, "type": "safe_tx", "device": "node-8-spammer", "metadata": {}}
{"timestamp": 1785774777, "type": "safe_tx", "device": "node-8-spammer", "metadata": {}}
{"timestamp": 1785774777, "type": "safe_tx", "device": "node-8-spammer", "metadata": {}}
{"timestamp": 1785774777, "type": "safe_tx", "device": "node-8-spammer", "metadata": {}}
{"timestamp": 1785774777, "type": "safe_tx", "device": "node-8-spammer", "metadata": {}}
{"timestamp": 1785774777, "type": "safe_tx", "device": "node-8-spammer", "metadata": {}}
{"timestamp": 1785774777, "type": "safe_tx", "device": "node-8-spammer", "metadata": {}}
{"timestamp": 1785774777, "type": "safe_tx", "device": "node-8-spammer", "metadata": {}}
{"timestamp": 1785774777, "type": "safe_tx", "device": "node-2-clean", "metadata": {}}
{"timestamp": 1785774777, "type": "time_anomaly", "device": "node-7-timespoof", "metadata": {}}
{"timestamp": 1785774777, "type": "safe_tx", "device": "node-8-spammer", "metadata": {}}
{"timestamp": 1785774777, "type": "dos_spam", "device": "node-8-spammer", "metadata": {}}
{"timestamp": 1785774777, "type": "safe_tx", "device": "node-8-spammer", "metadata": {}}
{"timestamp": 1785774777, "type": "dos_spam", "device": "node-8-spammer", "metadata": {"count": 30, "window_sec": 5}}
{"timestamp": 1785774777, "type": "safe_tx", "device": "node-8-spammer", "metadata": {}}
{"timestamp": 1785774777, "type": "safe_tx", "device": "node-4-clean", "metadata": {}}
{"timestamp": 1785774777, "type": "safe_tx", "device": "node-9-stealth", "metadata": {}}
{"timestamp": 1785774777, "type": "safe_tx", "device": "node-12-mixed", "metadata": {}}
{"timestamp": 1785774778, "type": "safe_tx", "device": "node-1-clean", "metadata": {}}
{"timestamp": 1785774778, "type": "safe_tx", "device": "node-8-spammer", "metadata": {}}
{"timestamp": 1785774778, "type": "safe_tx", "device": "node-8-spammer", "metadata": {}}
{"timestamp": 1785774778, "type": "safe_tx", "device": "node-8-spammer", "metadata": {}}
{"timestamp": 1785774778, "type": "safe_tx", "device": "node-8-spammer", "metadata": {}}
{"timestamp": 1785774778, "type": "safe_tx", "device": "node-8-spammer", "metadata": {}}
{"timestamp": 1785774778, "type": "safe_tx", "device": "node-8-spammer", "metadata": {}}
{"timestamp": 1785774778, "type": "safe_tx", "device": "node-8-spammer", "metadata": {}}
{"timestamp": 1785774778, "type": "safe_tx", "device": "node-5-clean", "metadata": {}}
{"timestamp": 1785774778, "type": "safe_tx", "device": "node-8-spammer", "metadata": {}}
{"timestamp": 1785774778, "type": "safe_tx", "device": "node-4-clean", "metadata": {}}
{"timestamp": 1785774778, "type": "safe_tx", "device": "node-15-mixed", "metadata": {}}
{"timestamp": 1785774778, "type": "safe_tx", "device": "node-10-fuzzer", "metadata": {}}
{"timestamp": 1785774778, "type": "safe_tx", "device": "node-5-clean", "metadata": {}}
{"timestamp": 1785774779, "type": "safe_tx", "device": "node-5-clean", "metadata": {}}
{"timestamp": 1785774779, "type": "safe_tx", "device": "node-13-mixed", "metadata": {}}
{"timestamp": 1785774779, "type": "safe_tx", "device": "node-1-clean", "metadata": {}}
{"timestamp": 1785774779, "type": "safe_tx", "device": "node-9-stealth", "metadata": {}}
{"timestamp": 1785774780, "type": "time_anomaly", "device": "node-7-timespoof", "metadata": {}}
{"timestamp": 1785774780, "type": "time_anomaly", "device": "node-15-mixed", "metadata": {}}
{"timestamp": 1785774780, "type": "safe_tx", "device": "node-8-spammer", "metadata": {}}
{"timestamp": 1785774780, "type": "safe_tx", "device": "node-8-spammer", "metadata": {}}
{"timestamp": 1785774780, "type": "safe_tx", "device": "node-8-spammer", "metadata": {}}
{"timestamp": 1785774780, "type": "safe_tx", "device": "node-8-spammer", "metadata": {}}
{"timestamp": 1785774780, "type": "safe_tx", "device": "node-8-spammer", "metadata": {}}
{"timestamp": 1785774780, "type": "safe_tx", "device": "node-14-mixed", "metadata": {}}
{"timestamp": 1785774780, "type": "safe_tx", "device": "node-10-fuzzer", "metadata": {}}
{"timestamp": 1785774780, "type": "safe_tx", "device": "node-8-spammer", "metadata": {}}
{"timestamp": 1785774780, "type": "safe_tx", "device": "node-5-clean", "metadata": {}}
{"timestamp": 1785774780, "type": "safe_tx", "device": "node-8-spammer", "metadata": {}}
{"timestamp": 1785774780, "type": "dos_spam", "device": "node-8-spammer", "metadata": {}}
{"timestamp": 1785774780, "type": "safe_tx", "device": "node-8-spammer", "metadata": {}}
{"timestamp": 1785774780, "type": "safe_tx", "device": "node-8-spammer", "metadata": {}}
{"timestamp": 1785774780, "type": "safe_tx", "device": "node-3-clean", "metadata": {}}
{"timestamp": 1785774780, "type": "safe_tx", "device": "node-8-spammer", "metadata": {}}
{"timestamp": 1785774780, "type": "safe_tx", "device": "node-8-spammer", "metadata": {}}
{"timestamp": 1785774780, "type": "safe_tx", "device": "node-8-spammer", "metadata": {}}
{"timestamp": 1785774780, "type": "safe_tx", "device": "node-8-spammer", "metadata": {}}
{"timestamp": 1785774780, "type": "safe_tx", "device": "node-8-spammer", "metadata": {}}
{"timestamp": 1785774780, "type": "safe_tx", "device": "node-2-clean", "metadata": {}}
{"timestamp": 1785774780, "type": "safe_tx", "device": "node-8-spammer", "metadata": {}}
{"timestamp": 1785774781, "type": "safe_tx", "device": "node-8-spammer", "metadata": {}}
{"timestamp": 1785774781, "type": "safe_tx", "device": "node-8-spammer", "metadata": {}}
{"timestamp": 1785774781, "type": "safe_tx", "device": "node-4-clean", "metadata": {}}
{"timestamp": 1785774781, "type": "safe_tx", "device": "node-9-stealth", "metadata": {}}
{"timestamp": 1785774782, "type": "time_anomaly", "device": "node-13-mixed", "metadata": {}}
{"timestamp": 1785774782, "type": "safe_tx", "device": "node-8-spammer", "metadata": {}}
{"timestamp": 1785774782, "type": "safe_tx", "device": "node-8-spammer", "metadata": {}}
{"timestamp": 1785774782, "type": "fuzzing", "device": "node-10-fuzzer", "metadata": {}}
{"timestamp": 1785774782, "type": "safe_tx", "device": "node-3-clean", "metadata": {}}
{"timestamp": 1785774783, "type": "time_anomaly", "device": "node-7-timespoof", "metadata": {}}
{"timestamp": 1785774782, "type": "safe_tx", "device": "node-15-mixed", "metadata": {}}
{"timestamp": 1785774783, "type": "overflow", "device": "node-14-mixed", "metadata": {"count": 3, "window_sec": 30}}
{"timestamp": 1785774783, "type": "safe_tx", "device": "node-1-clean", "metadata": {}}
{"timestamp": 1785774783, "type": "safe_tx", "device": "node-9-stealth", "metadata": {}}
{"timestamp": 1785774783, "type": "safe_tx", "device": "node-5-clean", "metadata": {}}
{"timestamp": 1785774783, "type": "safe_tx", "device": "node-2-clean", "metadata": {}}
{"timestamp": 1785774783, "type": "safe_tx", "device": "node-4-clean", "metadata": {}}
{"timestamp": 1785774783, "type": "safe_tx", "device": "node-3-clean", "metadata": {}}
{"timestamp": 1785774783, "type": "safe_tx", "device": "node-12-mixed", "metadata": {}}
{"timestamp": 1785774783, "type": "safe_tx", "device": "node-8-spammer", "metadata": {}}
{"timestamp": 1785774783, "type": "safe_tx", "device": "node-8-spammer", "metadata": {}}
{"timestamp": 1785774783, "type": "safe_tx", "device": "node-8-spammer", "metadata": {}}
{"timestamp": 1785774783, "type": "dos_spam", "device": "node-8-spammer", "metadata": {"count": 30, "window_sec": 5}}
{"timestamp": 1785774783, "type": "safe_tx", "device": "node-10-fuzzer", "metadata": {}}
{"timestamp": 1785774783, "type": "safe_tx", "device": "node-8-spammer", "metadata": {}}
{"timestamp": 1785774783, "type": "safe_tx", "device": "node-8-spammer", "metadata": {}}
{"timestamp": 1785774783, "type": "safe_tx", "device": "node-8-spammer", "metadata": {}}
{"timestamp": 1785774784, "type": "safe_tx", "device": "node-2-clean", "metadata": {}}
{"timestamp": 1785774785, "type": "time_anomaly", "device": "node-13-mixed", "metadata": {}}
{"timestamp": 1785774784, "type": "safe_tx", "device": "node-4-clean", "metadata": {}}
{"timestamp": 1785774784, "type": "safe_tx", "device": "node-4-clean", "metadata": {}}
{"timestamp": 1785774785, "type": "safe_tx", "device": "node-8-spammer", "metadata": {}}
{"timestamp": 1785774785, "type": "safe_tx", "device": "node-8-spammer", "metadata": {}}
{"timestamp": 1785774785, "type": "safe_tx", "device": "node-4-clean", "metadata": {}}
{"timestamp": 1785774785, "type": "safe_tx", "device": "node-1-clean", "metadata": {}}
{"timestamp": 1785774785, "type": "safe_tx", "device": "node-9-stealth", "metadata": {}}
{"timestamp": 1785774785, "type": "time_anomaly", "device": "node-14-mixed", "metadata": {}}
{"timestamp": 1785774785, "type": "time_anomaly", "device": "node-7-timespoof", "metadata": {}}
{"timestamp": 1785774786, "type": "time_anomaly", "device": "node-13-mixed", "metadata": {}}
{"timestamp": 1785774786, "type": "safe_tx", "device": "node-12-mixed", "metadata": {}}
{"timestamp": 1785774786, "type": "safe_tx", "device": "node-8-spammer", "metadata": {}}
{"timestamp": 1785774786, "type": "safe_tx", "device": "node-8-spammer", "metadata": {}}
{"timestamp": 1785774786, "type": "safe_tx", "device": "node-8-spammer", "metadata": {}}
{"timestamp": 1785774786, "type": "safe_tx", "device": "node-8-spammer", "metadata": {}}
{"timestamp": 1785774786, "type": "safe_tx", "device": "node-8-spammer", "metadata": {}}
{"timestamp": 1785774786, "type": "safe_tx", "device": "node-8-spammer", "metadata": {}}
{"timestamp": 1785774786, "type": "safe_tx", "device": "node-8-spammer", "metadata": {}}
{"timestamp": 1785774786, "type": "safe_tx", "device": "node-8-spammer", "metadata": {}}
{"timestamp": 1785774786, "type": "safe_tx", "device": "node-8-spammer", "metadata": {}}
{"timestamp": 1785774786, "type": "safe_tx", "device": "node-10-fuzzer", "metadata": {}}
{"timestamp": 1785774786, "type": "safe_tx", "device": "node-8-spammer", "metadata": {}}
{"timestamp": 1785774786, "type": "safe_tx", "device": "node-8-spammer", "metadata": {}}
{"timestamp": 1785774786, "type": "safe_tx", "device": "node-8-spammer", "metadata": {}}
{"timestamp": 1785774786, "type": "safe_tx", "device": "node-8-spammer", "metadata": {}}
{"timestamp": 1785774786, "type": "dos_spam", "device": "node-8-spammer", "metadata": {}}
{"timestamp": 1785774786, "type": "safe_tx", "device": "node-9-stealth", "metadata": {}}
{"timestamp": 1785774786, "type": "safe_tx", "device": "node-8-spammer", "metadata": {}}
{"timestamp": 1785774786, "type": "safe_tx", "device": "node-8-spammer", "metadata": {}}
{"timestamp": 1785774786, "type": "safe_tx", "device": "node-8-spammer", "metadata": {}}
{"timestamp": 1785774786, "type": "safe_tx", "device": "node-8-spammer", "metadata": {}}
{"timestamp": 1785774786, "type": "safe_tx", "device": "node-8-spammer", "metadata": {}}
{"timestamp": 1785774786, "type": "safe_tx", "device": "node-8-spammer", "metadata": {}}
{"timestamp": 1785774786, "type": "safe_tx", "device": "node-8-spammer", "metadata": {}}
{"timestamp": 1785774786, "type": "safe_tx", "device": "node-8-spammer", "metadata": {}}
{"timestamp": 1785774786, "type": "safe_tx", "device": "node-5-clean", "metadata": {}}
{"timestamp": 1785774786, "type": "safe_tx", "device": "node-8-spammer", "metadata": {}}
{"timestamp": 1785774786, "type": "safe_tx", "device": "node-8-spammer", "metadata": {}}
{"timestamp": 1785774786, "type": "safe_tx", "device": "node-8-spammer", "metadata": {}}
{"timestamp": 1785774786, "type": "safe_tx", "device": "node-8-spammer", "metadata": {}}
{"timestamp": 1785774786, "type": "dos_spam", "device": "node-8-spammer", "metadata": {"count": 30, "window_sec": 5}}
{"timestamp": 1785774787, "type": "safe_tx", "device": "node-4-clean", "metadata": {}}
{"timestamp": 1785774787, "type": "safe_tx", "device": "node-3-clean", "metadata": {}}
{"timestamp": 1785774787, "type": "safe_tx", "device": "node-14-mixed", "metadata": {}}
{"timestamp": 1785774787, "type": "fuzzing", "device": "node-10-fuzzer", "metadata": {}}
{"timestamp": 1785774787, "type": "safe_tx", "device": "node-1-clean", "metadata": {}}
{"timestamp": 1785774787, "type": "safe_tx", "device": "node-15-mixed", "metadata": {}}
{"timestamp": 1785774788, "type": "safe_tx", "device": "node-8-spammer", "metadata": {}}
{"timestamp": 1785774788, "type": "safe_tx", "device": "node-8-spammer", "metadata": {}}
{"timestamp": 1785774788, "type": "fuzzing", "device": "node-10-fuzzer", "metadata": {}}
{"timestamp": 1785774788, "type": "safe_tx", "device": "node-14-mixed", "metadata": {}}
{"timestamp": 1785774788, "type": "safe_tx", "device": "node-8-spammer", "metadata": {}}
{"timestamp": 1785774788, "type": "dos_spam", "device": "node-8-spammer", "metadata": {}}
{"timestamp": 1785774788, "type": "safe_tx", "device": "node-9-stealth", "metadata": {}}
{"timestamp": 1785774788, "type": "safe_tx", "device": "node-1-clean", "metadata": {}}
{"timestamp": 1785774788, "type": "safe_tx", "device": "node-8-spammer", "metadata": {}}
{"timestamp": 1785774788, "type": "safe_tx", "device": "node-8-spammer", "metadata": {}}
{"timestamp": 1785774788, "type": "safe_tx", "device": "node-8-spammer", "metadata": {}}
{"timestamp": 1785774788, "type": "safe_tx", "device": "node-8-spammer", "metadata": {}}
{"timestamp": 1785774788, "type": "safe_tx", "device": "node-2-clean", "metadata": {}}
{"timestamp": 1785774788, "type": "safe_tx", "device": "node-8-spammer", "metadata": {}}
{"timestamp": 1785774788, "type": "safe_tx", "device": "node-8-spammer", "metadata": {}}
{"timestamp": 1785774788, "type": "safe_tx", "device": "node-8-spammer", "metadata": {}}
{"timestamp": 1785774788, "type": "safe_tx", "device": "node-3-clean", "metadata": {}}
{"timestamp": 1785774789, "type": "fuzzing", "device": "node-10-fuzzer", "metadata": {}}
{"timestamp": 1785774789, "type": "time_anomaly", "device": "node-7-timespoof", "metadata": {}}
{"timestamp": 1785774789, "type": "safe_tx", "device": "node-8-spammer", "metadata": {}}
{"timestamp": 1785774789, "type": "safe_tx", "device": "node-8-spammer", "metadata": {}}
{"timestamp": 1785774789, "type": "safe_tx", "device": "node-8-spammer", "metadata": {}}
{"timestamp": 1785774789, "type": "safe_tx", "device": "node-8-spammer", "metadata": {}}
{"timestamp": 1785774789, "type": "safe_tx", "device": "node-8-spammer", "metadata": {}}
{"timestamp": 1785774789, "type": "safe_tx", "device": "node-8-spammer", "metadata": {}}
{"timestamp": 1785774789, "type": "safe_tx", "device": "node-8-spammer", "metadata": {}}
{"timestamp": 1785774789, "type": "safe_tx", "device": "node-8-spammer", "metadata": {}}
{"timestamp": 1785774789, "type": "dos_spam", "device": "node-8-spammer", "metadata": {}}
{"timestamp": 1785774789, "type": "safe_tx", "device": "node-8-spammer", "metadata": {}}
{"timestamp": 1785774789, "type": "safe_tx", "device": "node-4-clean", "metadata": {}}
{"timestamp": 1785774789, "type": "safe_tx", "device": "node-3-clean", "metadata": {}}
{"timestamp": 1785774790, "type": "safe_tx", "device": "node-14-mixed", "metadata": {}}
{"timestamp": 1785774790, "type": "safe_tx", "device": "node-15-mixed", "metadata": {}}
{"timestamp": 1785774790, "type": "safe_tx", "device": "node-14-mixed", "metadata": {}}
{"timestamp": 1785774790, "type": "safe_tx", "device": "node-15-mixed", "metadata": {}}
{"timestamp": 1785774790, "type": "safe_tx", "device": "node-1-clean", "metadata": {}}
{"timestamp": 1785774790, "type": "time_anomaly", "device": "node-12-mixed", "metadata": {}}
{"timestamp": 1785774790, "type": "safe_tx", "device": "node-5-clean", "metadata": {}}
{"timestamp": 1785774790, "type": "safe_tx", "device": "node-8-spammer", "metadata": {}}
{"timestamp": 1785774790, "type": "fuzzing", "device": "node-10-fuzzer", "metadata": {}}
{"timestamp": 1785774790, "type": "safe_tx", "device": "node-8-spammer", "metadata": {}}
{"timestamp": 1785774791, "type": "safe_tx", "device": "node-9-stealth", "metadata": {}}
{"timestamp": 1785774791, "type": "safe_tx", "device": "node-13-mixed", "metadata": {}}
{"timestamp": 1785774791, "type": "safe_tx", "device": "node-2-clean", "metadata": {}}
{"timestamp": 1785774792, "type": "safe_tx", "device": "node-11-pulsing", "metadata": {}}
{"timestamp": 1785774792, "type": "safe_tx", "device": "node-8-spammer", "metadata": {}}
{"timestamp": 1785774792, "type": "safe_tx", "device": "node-8-spammer", "metadata": {}}
{"timestamp": 1785774792, "type": "safe_tx", "device": "node-11-pulsing", "metadata": {}}
{"timestamp": 1785774792, "type": "safe_tx", "device": "node-8-spammer", "metadata": {}}
{"timestamp": 1785774792, "type": "safe_tx", "device": "node-8-spammer", "metadata": {}}
{"timestamp": 1785774792, "type": "safe_tx", "device": "node-11-pulsing", "metadata": {}}
{"timestamp": 1785774792, "type": "safe_tx", "device": "node-8-spammer", "metadata": {}}
{"timestamp": 1785774792, "type": "safe_tx", "device": "node-11-pulsing", "metadata": {}}
{"timestamp": 1785774792, "type": "safe_tx", "device": "node-8-spammer", "metadata": {}}
{"timestamp": 1785774792, "type": "safe_tx", "device": "node-8-spammer", "metadata": {}}
{"timestamp": 1785774792, "type": "safe_tx", "device": "node-11-pulsing", "metadata": {}}
{"timestamp": 1785774792, "type": "safe_tx", "device": "node-8-spammer", "metadata": {}}
{"timestamp": 1785774792, "type": "safe_tx", "device": "node-8-spammer", "metadata": {}}
{"timestamp": 1785774792, "type": "dos_spam", "device": "node-8-spammer", "metadata": {"count": 30, "window_sec": 5}}
{"timestamp": 1785774792, "type": "safe_tx", "device": "node-11-pulsing", "metadata": {}}
{"timestamp": 1785774792, "type": "safe_tx", "device": "node-8-spammer", "metadata": {}}
{"timestamp": 1785774792, "type": "safe_tx", "device": "node-11-pulsing", "metadata": {}}
{"timestamp": 1785774792, "type": "safe_tx", "device": "node-15-mixed", "metadata": {}}
{"timestamp": 1785774792, "type": "safe_tx", "device": "node-8-spammer", "metadata": {}}
{"timestamp": 1785774792, "type": "safe_tx", "device": "node-11-pulsing", "metadata": {}}
{"timestamp": 1785774792, "type": "safe_tx", "device": "node-8-spammer", "metadata": {}}
{"timestamp": 1785774792, "type": "fuzzing", "device": "node-10-fuzzer", "metadata": {}}
{"timestamp": 1785774792, "type": "safe_tx", "device": "node-8-spammer", "metadata": {}}
{"timestamp": 1785774792, "type": "dos_spam", "device": "node-8-spammer", "metadata": {}}
{"timestamp": 1785774792, "type": "safe_tx", "device": "node-11-pulsing", "metadata": {}}
{"timestamp": 1785774792, "type": "safe_tx", "device": "node-8-spammer", "metadata": {}}
{"timestamp": 1785774792, "type": "safe_tx", "device": "node-8-spammer", "metadata": {}}
{"timestamp": 1785774792, "type": "safe_tx", "device": "node-11-pulsing", "metadata": {}}
{"timestamp": 1785774792, "type": "safe_tx", "device": "node-8-spammer", "metadata": {}}
{"timestamp": 1785774792, "type": "safe_tx", "device": "node-4-clean", "metadata": {}}
{"timestamp": 1785774792, "type": "safe_tx", "device": "node-8-spammer", "metadata": {}}
{"timestamp": 1785774792, "type": "safe_tx", "device": "node-11-pulsing", "metadata": {}}
{"timestamp": 1785774792, "type": "safe_tx", "device": "node-9-stealth", "metadata": {}}
{"timestamp": 1785774792, "type": "safe_tx", "device": "node-11-pulsing", "metadata": {}}
{"timestamp": 1785774792, "type": "safe_tx", "device": "node-3-clean", "metadata": {}}
{"timestamp": 1785774792, "type": "safe_tx", "device": "node-5-clean", "metadata": {}}
{"timestamp": 1785774792, "type": "safe_tx", "device": "node-11-pulsing", "metadata": {}}
{"timestamp": 1785774792, "type": "safe_tx", "device": "node-11-pulsing", "metadata": {}}
{"timestamp": 1785774792, "type": "safe_tx", "device": "node-11-pulsing", "metadata": {}}
{"timestamp": 1785774792, "type": "dos_spam", "device": "node-11-pulsing", "metadata": {}}
{"timestamp": 1785774792, "type": "safe_tx", "device": "node-11-pulsing", "metadata": {}}
{"timestamp": 1785774792, "type": "safe_tx", "device": "node-11-pulsing", "metadata": {}}
{"timestamp": 1785774792, "type": "safe_tx", "device": "node-4-clean", "metadata": {}}
{"timestamp": 1785774793, "type": "safe_tx", "device": "node-11-pulsing", "metadata": {}}
{"timestamp": 1785774793, "type": "safe_tx", "device": "node-14-mixed", "metadata": {}}
{"timestamp": 1785774793, "type": "safe_tx", "device": "node-12-mixed", "metadata": {}}
{"timestamp": 1785774793, "type": "safe_tx", "device": "node-11-pulsing", "metadata": {}}
{"timestamp": 1785774793, "type": "safe_tx", "device": "node-11-pulsing", "metadata": {}}
{"timestamp": 1785774793, "type": "safe_tx", "device": "node-2-clean", "metadata": {}}
{"timestamp": 1785774793, "type": "safe_tx", "device": "node-5-clean", "metadata": {}}
{"timestamp": 1785774793, "type": "safe_tx", "device": "node-6-overflow", "metadata": {}}
{"timestamp": 1785774793, "type": "safe_tx", "device": "node-15-mixed", "metadata": {}}
{"timestamp": 1785774793, "type": "fuzzing", "device": "node-10-fuzzer", "metadata": {}}
{"timestamp": 1785774794, "type": "safe_tx", "device": "node-8-spammer", "metadata": {}}
{"timestamp": 1785774794, "type": "safe_tx", "device": "node-8-spammer", "metadata": {}}
{"timestamp": 1785774794, "type": "safe_tx", "device": "node-3-clean", "metadata": {}}
{"timestamp": 1785774794, "type": "time_anomaly", "device": "node-7-timespoof", "metadata": {}}
{"timestamp": 1785774794, "type": "safe_tx", "device": "node-1-clean", "metadata": {}}
{"timestamp": 1785774794, "type": "fuzzing", "device": "node-10-fuzzer", "metadata": {}}
{"timestamp": 1785774794, "type": "overflow", "device": "node-13-mixed", "metadata": {"count": 3, "window_sec": 30}}
{"timestamp": 1785774795, "type": "safe_tx", "device": "node-8-spammer", "metadata": {}}
{"timestamp": 1785774795, "type": "safe_tx", "device": "node-3-clean", "metadata": {}}
{"timestamp": 1785774795, "type": "safe_tx", "device": "node-12-mixed", "metadata": {}}
{"timestamp": 1785774795, "type": "safe_tx", "device": "node-9-stealth", "metadata": {}}
{"timestamp": 1785774795, "type": "safe_tx", "device": "node-8-spammer", "metadata": {}}
{"timestamp": 1785774795, "type": "safe_tx", "device": "node-8-spammer", "metadata": {}}
{"timestamp": 1785774795, "type": "safe_tx", "device": "node-8-spammer", "metadata": {}}
{"timestamp": 1785774795, "type": "safe_tx", "device": "node-8-spammer", "metadata": {}}
{"timestamp": 1785774796, "type": "safe_tx", "device": "node-8-spammer", "metadata": {}}
{"timestamp": 1785774796, "type": "safe_tx", "device": "node-4-clean", "metadata": {}}
{"timestamp": 1785774796, "type": "safe_tx", "device": "node-13-mixed", "metadata": {}}
{"timestamp": 1785774796, "type": "safe_tx", "device": "node-10-fuzzer", "metadata": {}}
{"timestamp": 1785774796, "type": "safe_tx", "device": "node-15-mixed", "metadata": {}}
{"timestamp": 1785774796, "type": "safe_tx", "device": "node-8-spammer", "metadata": {}}
{"timestamp": 1785774797, "type": "safe_tx", "device": "node-8-spammer", "metadata": {}}
{"timestamp": 1785774797, "type": "safe_tx", "device": "node-2-clean", "metadata": {}}
{"timestamp": 1785774797, "type": "safe_tx", "device": "node-8-spammer", "metadata": {}}
{"timestamp": 1785774797, "type": "safe_tx", "device": "node-4-clean", "metadata": {}}
{"timestamp": 1785774797, "type": "safe_tx", "device": "node-8-spammer", "metadata": {}}
{"timestamp": 1785774797, "type": "safe_tx", "device": "node-8-spammer", "metadata": {}}
{"timestamp": 1785774797, "type": "safe_tx", "device": "node-8-spammer", "metadata": {}}
{"timestamp": 1785774797, "type": "safe_tx", "device": "node-13-mixed", "metadata": {}}
{"timestamp": 1785774797, "type": "safe_tx", "device": "node-5-clean", "metadata": {}}
{"timestamp": 1785774798, "type": "time_anomaly", "device": "node-14-mixed", "metadata": {}}
{"timestamp": 1785774798, "type": "safe_tx", "device": "node-4-clean", "metadata": {}}
{"timestamp": 1785774798, "type": "safe_tx", "device": "node-9-stealth", "metadata": {}}
{"timestamp": 1785774798, "type": "safe_tx", "device": "node-1-clean", "metadata": {}}
{"timestamp": 1785774798, "type": "time_anomaly", "device": "node-12-mixed", "metadata": {}}
{"timestamp": 1785774798, "type": "safe_tx", "device": "node-8-spammer", "metadata": {}}
{"timestamp": 1785774798, "type": "safe_tx", "device": "node-8-spammer", "metadata": {}}
{"timestamp": 1785774798, "type": "safe_tx", "device": "node-8-spammer", "metadata": {}}
{"timestamp": 1785774798, "type": "time_anomaly", "device": "node-13-mixed", "metadata": {}}
{"timestamp": 1785774798, "type": "safe_tx", "device": "node-8-spammer", "metadata": {}}
{"timestamp": 1785774798, "type": "safe_tx", "device": "node-15-mixed", "metadata": {}}
{"timestamp": 1785774798, "type": "safe_tx", "device": "node-8-spammer", "metadata": {}}
{"timestamp": 1785774798, "type": "safe_tx", "device": "node-8-spammer", "metadata": {}}
{"timestamp": 1785774798, "type": "safe_tx", "device": "node-8-spammer", "metadata": {}}
{"timestamp": 1785774798, "type": "safe_tx", "device": "node-8-spammer", "metadata": {}}
{"timestamp": 1785774798, "type": "dos_spam", "device": "node-8-spammer", "metadata": {}}
{"timestamp": 1785774798, "type": "safe_tx", "device": "node-2-clean", "metadata": {}}
{"timestamp": 1785774798, "type": "safe_tx", "device": "node-3-clean", "metadata": {}}
{"timestamp": 1785774799, "type": "fuzzing", "device": "node-10-fuzzer", "metadata": {}}
{"timestamp": 1785774799, "type": "safe_tx", "device": "node-12-mixed", "metadata": {}}
{"timestamp": 1785774799, "type": "safe_tx", "device": "node-8-spammer", "metadata": {}}
{"timestamp": 1785774799, "type": "safe_tx", "device": "node-8-spammer", "metadata": {}}
{"timestamp": 1785774799, "type": "safe_tx", "device": "node-8-spammer", "metadata": {}}
{"timestamp": 1785774800, "type": "safe_tx", "device": "node-8-spammer", "metadata": {}}
{"timestamp": 1785774800, "type": "safe_tx", "device": "node-8-spammer", "metadata": {}}
{"timestamp": 1785774800, "type": "fuzzing", "device": "node-10-fuzzer", "metadata": {}}
{"timestamp": 1785774800, "type": "safe_tx", "device": "node-9-stealth", "metadata": {}}
{"timestamp": 1785774800, "type": "safe_tx", "device": "node-1-clean", "metadata": {}}
{"timestamp": 1785774800, "type": "safe_tx", "device": "node-8-spammer", "metadata": {}}
{"timestamp": 1785774800, "type": "safe_tx", "device": "node-8-spammer", "metadata": {}}
{"timestamp": 1785774800, "type": "safe_tx", "device": "node-8-spammer", "metadata": {}}
{"timestamp": 1785774800, "type": "safe_tx", "device": "node-8-spammer", "metadata": {}}
{"timestamp": 1785774800, "type": "safe_tx", "device": "node-5-clean", "metadata": {}}
{"timestamp": 1785774800, "type": "fuzzing", "device": "node-10-fuzzer", "metadata": {}}
{"timestamp": 1785774801, "type": "safe_tx", "device": "node-2-clean", "metadata": {}}
{"timestamp": 1785774801, "type": "safe_tx", "device": "node-14-mixed", "metadata": {}}
{"timestamp": 1785774801, "type": "time_anomaly", "device": "node-7-timespoof", "metadata": {}}
{"timestamp": 1785774801, "type": "fuzzing", "device": "node-10-fuzzer", "metadata": {}}
{"timestamp": 1785774801, "type": "safe_tx", "device": "node-8-spammer", "metadata": {}}
{"timestamp": 1785774801, "type": "safe_tx", "device": "node-4-clean", "metadata": {}}
{"timestamp": 1785774801, "type": "safe_tx", "device": "node-8-spammer", "metadata": {}}
{"timestamp": 1785774801, "type": "safe_tx", "device": "node-8-spammer", "metadata": {}}
{"timestamp": 1785774801, "type": "safe_tx", "device": "node-8-spammer", "metadata": {}}
{"timestamp": 1785774801, "type": "overflow", "device": "node-6-overflow", "metadata": {"count": 3, "window_sec": 30}}
{"timestamp": 1785774802, "type": "safe_tx", "device": "node-15-mixed", "metadata": {}}
{"timestamp": 1785774802, "type": "safe_tx", "device": "node-3-clean", "metadata": {}}
{"timestamp": 1785774802, "type": "safe_tx", "device": "node-9-stealth", "metadata": {}}
{"timestamp": 1785774802, "type": "safe_tx", "device": "node-5-clean", "metadata": {}}
{"timestamp": 1785774802, "type": "safe_tx", "device": "node-14-mixed", "metadata": {}}
{"timestamp": 1785774803, "type": "time_anomaly", "device": "node-12-mixed", "metadata": {}}
{"timestamp": 1785774803, "type": "safe_tx", "device": "node-1-clean", "metadata": {}}
{"timestamp": 1785774803, "type": "safe_tx", "device": "node-10-fuzzer", "metadata": {}}
{"timestamp": 1785774803, "type": "safe_tx", "device": "node-8-spammer", "metadata": {}}
{"timestamp": 1785774803, "type": "safe_tx", "device": "node-8-spammer", "metadata": {}}
{"timestamp": 1785774803, "type": "safe_tx", "device": "node-8-spammer", "metadata": {}}
{"timestamp": 1785774803, "type": "safe_tx", "device": "node-2-clean", "metadata": {}}
{"timestamp": 1785774803, "type": "safe_tx", "device": "node-13-mixed", "metadata": {}}
{"timestamp": 1785774803, "type": "safe_tx", "device": "node-10-fuzzer", "metadata": {}}
{"timestamp": 1785774804, "type": "safe_tx", "device": "node-12-mixed", "metadata": {}}
{"timestamp": 1785774804, "type": "time_anomaly", "device": "node-15-mixed", "metadata": {}}
{"timestamp": 1785774804, "type": "safe_tx", "device": "node-2-clean", "metadata": {}}
{"timestamp": 1785774804, "type": "time_anomaly", "device": "node-13-mixed", "metadata": {}}
{"timestamp": 1785774804, "type": "safe_tx", "device": "node-3-clean", "metadata": {}}
{"timestamp": 1785774804, "type": "safe_tx", "device": "node-4-clean", "metadata": {}}
{"timestamp": 1785774804, "type": "safe_tx", "device": "node-8-spammer", "metadata": {}}
{"timestamp": 1785774804, "type": "safe_tx", "device": "node-8-spammer", "metadata": {}}
{"timestamp": 1785774804, "type": "safe_tx", "device": "node-8-spammer", "metadata": {}}
{"timestamp": 1785774805, "type": "safe_tx", "device": "node-9-stealth", "metadata": {}}
{"timestamp": 1785774805, "type": "safe_tx", "device": "node-4-clean", "metadata": {}}
{"timestamp": 1785774805, "type": "safe_tx", "device": "node-8-spammer", "metadata": {}}
{"timestamp": 1785774805, "type": "safe_tx", "device": "node-13-mixed", "metadata": {}}
{"timestamp": 1785774805, "type": "safe_tx", "device": "node-5-clean", "metadata": {}}
{"timestamp": 1785774805, "type": "fuzzing", "device": "node-10-fuzzer", "metadata": {}}
{"timestamp": 1785774805, "type": "safe_tx", "device": "node-15-mixed", "metadata": {}}
{"timestamp": 1785774806, "type": "overflow", "device": "node-14-mixed", "metadata": {"count": 3, "window_sec": 30}}
{"timestamp": 1785774806, "type": "safe_tx", "device": "node-5-clean", "metadata": {}}
{"timestamp": 1785774806, "type": "safe_tx", "device": "node-12-mixed", "metadata": {}}
{"timestamp": 1785774806, "type": "safe_tx", "device": "node-6-overflow", "metadata": {}}
{"timestamp": 1785774806, "type": "safe_tx", "device": "node-4-clean", "metadata": {}}
{"timestamp": 1785774806, "type": "safe_tx", "device": "node-1-clean", "metadata": {}}
{"timestamp": 1785774806, "type": "safe_tx", "device": "node-8-spammer", "metadata": {}}
{"timestamp": 1785774807, "type": "safe_tx", "device": "node-2-clean", "metadata": {}}
{"timestamp": 1785774807, "type": "fuzzing", "device": "node-10-fuzzer", "metadata": {}}
{"timestamp": 1785774807, "type": "time_anomaly", "device": "node-7-timespoof", "metadata": {}}
{"timestamp": 1785774807, "type": "safe_tx", "device": "node-9-stealth", "metadata": {}}
{"timestamp": 1785774807, "type": "safe_tx", "device": "node-3-clean", "metadata": {}}
{"timestamp": 1785774808, "type": "safe_tx", "device": "node-8-spammer", "metadata": {}}
{"timestamp": 1785774808, "type": "safe_tx", "device": "node-8-spammer", "metadata": {}}
{"timestamp": 1785774808, "type": "safe_tx", "device": "node-8-spammer", "metadata": {}}
{"timestamp": 1785774808, "type": "safe_tx", "device": "node-8-spammer", "metadata": {}}
{"timestamp": 1785774808, "type": "time_anomaly", "device": "node-13-mixed", "metadata": {}}
{"timestamp": 1785774808, "type": "safe_tx", "device": "node-8-spammer", "metadata": {}}
{"timestamp": 1785774808, "type": "safe_tx", "device": "node-8-spammer", "metadata": {}}
{"timestamp": 1785774808, "type": "safe_tx", "device": "node-8-spammer", "metadata": {}}
{"timestamp": 1785774808, "type": "safe_tx", "device": "node-8-spammer", "metadata": {}}
{"timestamp": 1785774808, "type": "safe_tx", "device": "node-8-spammer", "metadata": {}}
{"timestamp": 1785774808, "type": "safe_tx", "device": "node-8-spammer", "metadata": {}}
{"timestamp": 1785774808, "type": "safe_tx", "device": "node-8-spammer", "metadata": {}}
{"timestamp": 1785774808, "type": "fuzzing", "device": "node-10-fuzzer", "metadata": {}}
{"timestamp": 1785774808, "type": "safe_tx", "device": "node-8-spammer", "metadata": {}}
{"timestamp": 1785774808, "type": "safe_tx", "device": "node-8-spammer", "metadata": {}}
{"timestamp": 1785774808, "type": "safe_tx", "device": "node-8-spammer", "metadata": {}}
{"timestamp": 1785774808, "type": "dos_spam", "device": "node-8-spammer", "metadata": {}}
{"timestamp": 1785774808, "type": "safe_tx", "device": "node-9-stealth", "metadata": {}}
{"timestamp": 1785774808, "type": "time_anomaly", "device": "node-14-mixed", "metadata": {}}
{"timestamp": 1785774808, "type": "safe_tx", "device": "node-8-spammer", "metadata": {}}
{"timestamp": 1785774808, "type": "safe_tx", "device": "node-5-clean", "metadata": {}}
{"timestamp": 1785774808, "type": "overflow", "device": "node-12-mixed", "metadata": {"count": 3, "window_sec": 30}}
{"timestamp": 1785774809, "type": "fuzzing", "device": "node-10-fuzzer", "metadata": {}}
{"timestamp": 1785774809, "type": "safe_tx", "device": "node-1-clean", "metadata": {}}
{"timestamp": 1785774810, "type": "time_anomaly", "device": "node-7-timespoof", "metadata": {}}
{"timestamp": 1785774810, "type": "safe_tx", "device": "node-8-spammer", "metadata": {}}
{"timestamp": 1785774810, "type": "safe_tx", "device": "node-8-spammer", "metadata": {}}
{"timestamp": 1785774810, "type": "safe_tx", "device": "node-2-clean", "metadata": {}}
{"timestamp": 1785774810, "type": "safe_tx", "device": "node-15-mixed", "metadata": {}}
{"timestamp": 1785774810, "type": "safe_tx", "device": "node-13-mixed", "metadata": {}}
{"timestamp": 1785774810, "type": "safe_tx", "device": "node-4-clean", "metadata": {}}
{"timestamp": 1785774810, "type": "safe_tx", "device": "node-3-clean", "metadata": {}}
{"timestamp": 1785774810, "type": "safe_tx", "device": "node-10-fuzzer", "metadata": {}}
{"timestamp": 1785774810, "type": "safe_tx", "device": "node-9-stealth", "metadata": {}}
{"timestamp": 1785774810, "type": "safe_tx", "device": "node-1-clean", "metadata": {}}
{"timestamp": 1785774810, "type": "safe_tx", "device": "node-2-clean", "metadata": {}}
{"timestamp": 1785774811, "type": "safe_tx", "device": "node-12-mixed", "metadata": {}}
{"timestamp": 1785774811, "type": "safe_tx", "device": "node-8-spammer", "metadata": {}}
{"timestamp": 1785774811, "type": "safe_tx", "device": "node-8-spammer", "metadata": {}}
{"timestamp": 1785774811, "type": "safe_tx", "device": "node-8-spammer", "metadata": {}}
{"timestamp": 1785774811, "type": "safe_tx", "device": "node-8-spammer", "metadata": {}}
{"timestamp": 1785774811, "type": "safe_tx", "device": "node-12-mixed", "metadata": {}}
{"timestamp": 1785774811, "type": "safe_tx", "device": "node-15-mixed", "metadata": {}}
{"timestamp": 1785774812, "type": "safe_tx", "device": "node-2-clean", "metadata": {}}
{"timestamp": 1785774812, "type": "safe_tx", "device": "node-10-fuzzer", "metadata": {}}
{"timestamp": 1785774812, "type": "safe_tx", "device": "node-5-clean", "metadata": {}}
{"timestamp": 1785774812, "type": "safe_tx", "device": "node-5-clean", "metadata": {}}
{"timestamp": 1785774812, "type": "safe_tx", "device": "node-8-spammer", "metadata": {}}
{"timestamp": 1785774812, "type": "safe_tx", "device": "node-8-spammer", "metadata": {}}
{"timestamp": 1785774812, "type": "safe_tx", "device": "node-8-spammer", "metadata": {}}
{"timestamp": 1785774813, "type": "time_anomaly", "device": "node-13-mixed", "metadata": {}}
{"timestamp": 1785774812, "type": "safe_tx", "device": "node-8-spammer", "metadata": {}}
{"timestamp": 1785774812, "type": "safe_tx", "device": "node-8-spammer", "metadata": {}}
{"timestamp": 1785774812, "type": "safe_tx", "device": "node-10-fuzzer", "metadata": {}}
{"timestamp": 1785774812, "type": "safe_tx", "device": "node-4-clean", "metadata": {}}
{"timestamp": 1785774812, "type": "safe_tx", "device": "node-8-spammer", "metadata": {}}
{"timestamp": 1785774812, "type": "safe_tx", "device": "node-8-spammer", "metadata": {}}
{"timestamp": 1785774813, "type": "safe_tx", "device": "node-8-spammer", "metadata": {}}
{"timestamp": 1785774813, "type": "safe_tx", "device": "node-9-stealth", "metadata": {}}
{"timestamp": 1785774813, "type": "time_anomaly", "device": "node-12-mixed", "metadata": {}}
{"timestamp": 1785774813, "type": "safe_tx", "device": "node-1-clean", "metadata": {}}
{"timestamp": 1785774813, "type": "safe_tx", "device": "node-3-clean", "metadata": {}}
{"timestamp": 1785774813, "type": "safe_tx", "device": "node-4-clean", "metadata": {}}
{"timestamp": 1785774813, "type": "safe_tx", "device": "node-5-clean", "metadata": {}}
{"timestamp": 1785774813, "type": "safe_tx", "device": "node-9-stealth", "metadata": {}}
{"timestamp": 1785774814, "type": "time_anomaly", "device": "node-7-timespoof", "metadata": {}}
{"timestamp": 1785774814, "type": "safe_tx", "device": "node-13-mixed", "metadata": {}}
{"timestamp": 1785774814, "type": "safe_tx", "device": "node-8-spammer", "metadata": {}}
{"timestamp": 1785774814, "type": "safe_tx", "device": "node-4-clean", "metadata": {}}
{"timestamp": 1785774814, "type": "safe_tx", "device": "node-8-spammer", "metadata": {}}
{"timestamp": 1785774814, "type": "safe_tx", "device": "node-8-spammer", "metadata": {}}
{"timestamp": 1785774814, "type": "safe_tx", "device": "node-10-fuzzer", "metadata": {}}
{"timestamp": 1785774814, "type": "safe_tx", "device": "node-8-spammer", "metadata": {}}
{"timestamp": 1785774814, "type": "safe_tx", "device": "node-8-spammer", "metadata": {}}
{"timestamp": 1785774814, "type": "safe_tx", "device": "node-8-spammer", "metadata": {}}
{"timestamp": 1785774815, "type": "safe_tx", "device": "node-1-clean", "metadata": {}}
{"timestamp": 1785774815, "type": "safe_tx", "device": "node-2-clean", "metadata": {}}
{"timestamp": 1785774815, "type": "safe_tx", "device": "node-14-mixed", "metadata": {}}
{"timestamp": 1785774815, "type": "safe_tx", "device": "node-8-spammer", "metadata": {}}
{"timestamp": 1785774815, "type": "safe_tx", "device": "node-8-spammer", "metadata": {}}
{"timestamp": 1785774815, "type": "safe_tx", "device": "node-8-spammer", "metadata": {}}
{"timestamp": 1785774815, "type": "overflow", "device": "node-15-mixed", "metadata": {"count": 3, "window_sec": 30}}
{"timestamp": 1785774815, "type": "safe_tx", "device": "node-12-mixed", "metadata": {}}
{"timestamp": 1785774815, "type": "safe_tx", "device": "node-8-spammer", "metadata": {}}
{"timestamp": 1785774815, "type": "safe_tx", "device": "node-8-spammer", "metadata": {}}
{"timestamp": 1785774815, "type": "safe_tx", "device": "node-8-spammer", "metadata": {}}
{"timestamp": 1785774815, "type": "safe_tx", "device": "node-8-spammer", "metadata": {}}
{"timestamp": 1785774815, "type": "safe_tx", "device": "node-9-stealth", "metadata": {}}
{"timestamp": 1785774815, "type": "safe_tx", "device": "node-8-spammer", "metadata": {}}
{"timestamp": 1785774815, "type": "dos_spam", "device": "node-8-spammer", "metadata": {}}
{"timestamp": 1785774815, "type": "safe_tx", "device": "node-8-spammer", "metadata": {}}
{"timestamp": 1785774815, "type": "safe_tx", "device": "node-3-clean", "metadata": {}}
{"timestamp": 1785774815, "type": "safe_tx", "device": "node-8-spammer", "metadata": {}}
{"timestamp": 1785774815, "type": "dos_spam", "device": "node-8-spammer", "metadata": {"count": 30, "window_sec": 5}}
{"timestamp": 1785774815, "type": "safe_tx", "device": "node-8-spammer", "metadata": {}}
{"timestamp": 1785774815, "type": "safe_tx", "device": "node-8-spammer", "metadata": {}}
{"timestamp": 1785774815, "type": "fuzzing", "device": "node-10-fuzzer", "metadata": {}}
{"timestamp": 1785774816, "type": "safe_tx", "device": "node-8-spammer", "metadata": {}}
{"timestamp": 1785774816, "type": "safe_tx", "device": "node-4-clean", "metadata": {}}
{"timestamp": 1785774816, "type": "safe_tx", "device": "node-5-clean", "metadata": {}}
{"timestamp": 1785774816, "type": "safe_tx", "device": "node-1-clean", "metadata": {}}
{"timestamp": 1785774817, "type": "safe_tx", "device": "node-8-spammer", "metadata": {}}
{"timestamp": 1785774817, "type": "safe_tx", "device": "node-8-spammer", "metadata": {}}
{"timestamp": 1785774817, "type": "safe_tx", "device": "node-11-pulsing", "metadata": {}}
{"timestamp": 1785774817, "type": "safe_tx", "device": "node-8-spammer", "metadata": {}}
{"timestamp": 1785774817, "type": "safe_tx", "device": "node-11-pulsing", "metadata": {}}
{"timestamp": 1785774817, "type": "safe_tx", "device": "node-8-spammer", "metadata": {}}
{"timestamp": 1785774817, "type": "safe_tx", "device": "node-8-spammer", "metadata": {}}
{"timestamp": 1785774817, "type": "safe_tx", "device": "node-8-spammer", "metadata": {}}
{"timestamp": 1785774817, "type": "safe_tx", "device": "node-11-pulsing", "metadata": {}}
{"timestamp": 1785774817, "type": "safe_tx", "device": "node-8-spammer", "metadata": {}}
{"timestamp": 1785774817, "type": "safe_tx", "device": "node-11-pulsing", "metadata": {}}
{"timestamp": 1785774817, "type": "safe_tx", "device": "node-8-spammer", "metadata": {}}
{"timestamp": 1785774817, "type": "safe_tx", "device": "node-11-pulsing", "metadata": {}}
{"timestamp": 1785774817, "type": "safe_tx", "device": "node-8-spammer", "metadata": {}}
{"timestamp": 1785774817, "type": "safe_tx", "device": "node-8-spammer", "metadata": {}}
{"timestamp": 1785774817, "type": "dos_spam", "device": "node-8-spammer", "metadata": {}}
{"timestamp": 1785774817, "type": "safe_tx", "device": "node-8-spammer", "metadata": {}}
{"timestamp": 1785774817, "type": "safe_tx", "device": "node-11-pulsing", "metadata": {}}
{"timestamp": 1785774817, "type": "safe_tx", "device": "node-8-spammer", "metadata": {}}
{"timestamp": 1785774817, "type": "safe_tx", "device": "node-11-pulsing", "metadata": {}}
{"timestamp": 1785774817, "type": "safe_tx", "device": "node-12-mixed", "metadata": {}}
{"timestamp": 1785774817, "type": "safe_tx", "device": "node-11-pulsing", "metadata": {}}
{"timestamp": 1785774817, "type": "safe_tx", "device": "node-11-pulsing", "metadata": {}}
{"timestamp": 1785774817, "type": "safe_tx", "device": "node-11-pulsing", "metadata": {}}
{"timestamp": 1785774817, "type": "safe_tx", "device": "node-14-mixed", "metadata": {}}
{"timestamp": 1785774817, "type": "safe_tx", "device": "node-11-pulsing", "metadata": {}}
{"timestamp": 1785774817, "type": "safe_tx", "device": "node-11-pulsing", "metadata": {}}
{"timestamp": 1785774817, "type": "safe_tx", "device": "node-4-clean", "metadata": {}}
{"timestamp": 1785774817, "type": "safe_tx", "device": "node-11-pulsing", "metadata": {}}
{"timestamp": 1785774817, "type": "safe_tx", "device": "node-15-mixed", "metadata": {}}
{"timestamp": 1785774817, "type": "safe_tx", "device": "node-9-stealth", "metadata": {}}
{"timestamp": 1785774817, "type": "safe_tx", "device": "node-2-clean", "metadata": {}}
{"timestamp": 1785774817, "type": "safe_tx", "device": "node-11-pulsing", "metadata": {}}
{"timestamp": 1785774817, "type": "safe_tx", "device": "node-13-mixed", "metadata": {}}
{"timestamp": 1785774817, "type": "safe_tx", "device": "node-11-pulsing", "metadata": {}}
{"timestamp": 1785774817, "type": "dos_spam", "device": "node-11-pulsing", "metadata": {}}
{"timestamp": 1785774817, "type": "fuzzing", "device": "node-10-fuzzer", "metadata": {}}
{"timestamp": 1785774817, "type": "safe_tx", "device": "node-11-pulsing", "metadata": {}}
{"timestamp": 1785774818, "type": "safe_tx", "device": "node-11-pulsing", "metadata": {}}
{"timestamp": 1785774818, "type": "safe_tx", "device": "node-11-pulsing", "metadata": {}}
{"timestamp": 1785774818, "type": "safe_tx", "device": "node-11-pulsing", "metadata": {}}
{"timestamp": 1785774818, "type": "safe_tx", "device": "node-11-pulsing", "metadata": {}}
{"timestamp": 1785774818, "type": "safe_tx", "device": "node-1-clean", "metadata": {}}
{"timestamp": 1785774818, "type": "safe_tx", "device": "node-8-spammer", "metadata": {}}
{"timestamp": 1785774818, "type": "safe_tx", "device": "node-8-spammer", "metadata": {}}
{"timestamp": 1785774818, "type": "safe_tx", "device": "node-8-spammer", "metadata": {}}
{"timestamp": 1785774818, "type": "safe_tx", "device": "node-8-spammer", "metadata": {}}
{"timestamp": 1785774818, "type": "safe_tx", "device": "node-8-spammer", "metadata": {}}
{"timestamp": 1785774818, "type": "safe_tx", "device": "node-8-spammer", "metadata": {}}
{"timestamp": 1785774818, "type": "safe_tx", "device": "node-8-spammer", "metadata": {}}
{"timestamp": 1785774818, "type": "safe_tx", "device": "node-8-spammer", "metadata": {}}
{"timestamp": 1785774818, "type": "safe_tx", "device": "node-8-spammer", "metadata": {}}
{"timestamp": 1785774818, "type": "safe_tx", "device": "node-8-spammer", "metadata": {}}
{"timestamp": 1785774818, "type": "safe_tx", "device": "node-8-spammer", "metadata": {}}
{"timestamp": 1785774818, "type": "safe_tx", "device": "node-3-clean", "metadata": {}}
{"timestamp": 1785774819, "type": "safe_tx", "device": "node-9-stealth", "metadata": {}}
{"timestamp": 1785774819, "type": "time_anomaly", "device": "node-15-mixed", "metadata": {}}
{"timestamp": 1785774819, "type": "fuzzing", "device": "node-10-fuzzer", "metadata": {}}
{"timestamp": 1785774819, "type": "time_anomaly", "device": "node-7-timespoof", "metadata": {}}
{"timestamp": 1785774819, "type": "safe_tx", "device": "node-4-clean", "metadata": {}}
{"timestamp": 1785774819, "type": "fuzzing", "device": "node-10-fuzzer", "metadata": {}}
{"timestamp": 1785774820, "type": "time_anomaly", "device": "node-14-mixed", "metadata": {}}
{"timestamp": 1785774820, "type": "safe_tx", "device": "node-9-stealth", "metadata": {}}
{"timestamp": 1785774820, "type": "safe_tx", "device": "node-3-clean", "metadata": {}}
{"timestamp": 1785774820, "type": "safe_tx", "device": "node-5-clean", "metadata": {}}
{"timestamp": 1785774820, "type": "time_anomaly", "device": "node-13-mixed", "metadata": {}}
{"timestamp": 1785774820, "type": "safe_tx", "device": "node-12-mixed", "metadata": {}}
{"timestamp": 1785774821, "type": "safe_tx", "device": "node-15-mixed", "metadata": {}}
{"timestamp": 1785774821, "type": "safe_tx", "device": "node-2-clean", "metadata": {}}
{"timestamp": 1785774821, "type": "safe_tx", "device": "node-8-spammer", "metadata": {}}
{"timestamp": 1785774821, "type": "safe_tx", "device": "node-8-spammer", "metadata": {}}
{"timestamp": 1785774821, "type": "safe_tx", "device": "node-15-mixed", "metadata": {}}
{"timestamp": 1785774821, "type": "safe_tx", "device": "node-5-clean", "metadata": {}}
{"timestamp": 1785774821, "type": "safe_tx", "device": "node-14-mixed", "metadata": {}}
{"timestamp": 1785774821, "type": "safe_tx", "device": "node-5-clean", "metadata": {}}
{"timestamp": 1785774822, "type": "safe_tx", "device": "node-10-fuzzer", "metadata": {}}
{"timestamp": 1785774822, "type": "safe_tx", "device": "node-9-stealth", "metadata": {}}
{"timestamp": 1785774822, "type": "safe_tx", "device": "node-8-spammer", "metadata": {}}
{"timestamp": 1785774822, "type": "safe_tx", "device": "node-8-spammer", "metadata": {}}
{"timestamp": 1785774822, "type": "safe_tx", "device": "node-8-spammer", "metadata": {}}
{"timestamp": 1785774822, "type": "safe_tx", "device": "node-8-spammer", "metadata": {}}
{"timestamp": 1785774822, "type": "safe_tx", "device": "node-8-spammer", "metadata": {}}
{"timestamp": 1785774822, "type": "dos_spam", "device": "node-8-spammer", "metadata": {"count": 30, "window_sec": 5}}
{"timestamp": 1785774822, "type": "safe_tx", "device": "node-8-spammer", "metadata": {}}
{"timestamp": 1785774823, "type": "time_anomaly", "device": "node-7-timespoof", "metadata": {}}
{"timestamp": 1785774823, "type": "safe_tx", "device": "node-10-fuzzer", "metadata": {}}
{"timestamp": 1785774823, "type": "safe_tx", "device": "node-1-clean", "metadata": {}}
{"timestamp": 1785774823, "type": "safe_tx", "device": "node-9-stealth", "metadata": {}}
{"timestamp": 1785774823, "type": "safe_tx", "device": "node-13-mixed", "metadata": {}}
{"timestamp": 1785774823, "type": "safe_tx", "device": "node-9-stealth", "metadata": {}}
{"timestamp": 1785774824, "type": "safe_tx", "device": "node-3-clean", "metadata": {}}
{"timestamp": 1785774824, "type": "safe_tx", "device": "node-8-spammer", "metadata": {}}
{"timestamp": 1785774824, "type": "safe_tx", "device": "node-8-spammer", "metadata": {}}
{"timestamp": 1785774824, "type": "safe_tx", "device": "node-8-spammer", "metadata": {}}
{"timestamp": 1785774824, "type": "safe_tx", "device": "node-2-clean", "metadata": {}}
{"timestamp": 1785774824, "type": "safe_tx", "device": "node-13-mixed", "metadata": {}}
{"timestamp": 1785774824, "type": "safe_tx", "device": "node-10-fuzzer", "metadata": {}}
{"timestamp": 1785774824, "type": "safe_tx", "device": "node-15-mixed", "metadata": {}}
{"timestamp": 1785774824, "type": "safe_tx", "device": "node-9-stealth", "metadata": {}}
{"timestamp": 1785774825, "type": "safe_tx", "device": "node-1-clean", "metadata": {}}
{"timestamp": 1785774825, "type": "safe_tx", "device": "node-4-clean", "metadata": {}}
{"timestamp": 1785774825, "type": "safe_tx", "device": "node-5-clean", "metadata": {}}
{"timestamp": 1785774825, "type": "safe_tx", "device": "node-13-mixed", "metadata": {}}
{"timestamp": 1785774825, "type": "safe_tx", "device": "node-12-mixed", "metadata": {}}
{"timestamp": 1785774825, "type": "safe_tx", "device": "node-8-spammer", "metadata": {}}
{"timestamp": 1785774825, "type": "safe_tx", "device": "node-8-spammer", "metadata": {}}
{"timestamp": 1785774825, "type": "safe_tx", "device": "node-8-spammer", "metadata": {}}
{"timestamp": 1785774825, "type": "safe_tx", "device": "node-8-spammer", "metadata": {}}
{"timestamp": 1785774825, "type": "safe_tx", "device": "node-8-spammer", "metadata": {}}
{"timestamp": 1785774825, "type": "safe_tx", "device": "node-8-spammer", "metadata": {}}
{"timestamp": 1785774825, "type": "safe_tx", "device": "node-8-spammer", "metadata": {}}
{"timestamp": 1785774825, "type": "safe_tx", "device": "node-8-spammer", "metadata": {}}
{"timestamp": 1785774826, "type": "safe_tx", "device": "node-9-stealth", "metadata": {}}
{"timestamp": 1785774826, "type": "overflow", "device": "node-12-mixed", "metadata": {"count": 3, "window_sec": 30}}
{"timestamp": 1785774826, "type": "time_anomaly", "device": "node-14-mixed", "metadata": {}}
{"timestamp": 1785774826, "type": "safe_tx", "device": "node-4-clean", "metadata": {}}
{"timestamp": 1785774826, "type": "overflow", "device": "node-14-mixed", "metadata": {"count": 3, "window_sec": 30}}
{"timestamp": 1785774826, "type": "safe_tx", "device": "node-5-clean", "metadata": {}}
{"timestamp": 1785774827, "type": "safe_tx", "device": "node-8-spammer", "metadata": {}}
{"timestamp": 1785774827, "type": "safe_tx", "device": "node-8-spammer", "metadata": {}}
{"timestamp": 1785774827, "type": "safe_tx", "device": "node-8-spammer", "metadata": {}}
{"timestamp": 1785774827, "type": "safe_tx", "device": "node-8-spammer", "metadata": {}}
{"timestamp": 1785774827, "type": "safe_tx", "device": "node-8-spammer", "metadata": {}}
{"timestamp": 1785774827, "type": "safe_tx", "device": "node-8-spammer", "metadata": {}}
{"timestamp": 1785774827, "type": "safe_tx", "device": "node-8-spammer", "metadata": {}}
{"timestamp": 1785774827, "type": "dos_spam", "device": "node-8-spammer", "metadata": {}}
{"timestamp": 1785774827, "type": "safe_tx", "device": "node-3-clean", "metadata": {}}
{"timestamp": 1785774827, "type": "safe_tx", "device": "node-13-mixed", "metadata": {}}
{"timestamp": 1785774827, "type": "safe_tx", "device": "node-9-stealth", "metadata": {}}
{"timestamp": 1785774827, "type": "safe_tx", "device": "node-2-clean", "metadata": {}}
{"timestamp": 1785774827, "type": "safe_tx", "device": "node-5-clean", "metadata": {}}
{"timestamp": 1785774828, "type": "safe_tx", "device": "node-1-clean", "metadata": {}}
{"timestamp": 1785774828, "type": "safe_tx", "device": "node-10-fuzzer", "metadata": {}}
{"timestamp": 1785774828, "type": "time_anomaly", "device": "node-7-timespoof", "metadata": {}}
{"timestamp": 1785774828, "type": "safe_tx", "device": "node-15-mixed", "metadata": {}}
{"timestamp": 1785774828, "type": "safe_tx", "device": "node-8-spammer", "metadata": {}}
{"timestamp": 1785774828, "type": "safe_tx", "device": "node-8-spammer", "metadata": {}}
{"timestamp": 1785774828, "type": "overflow", "device": "node-6-overflow", "metadata": {"count": 3, "window_sec": 30}}
{"timestamp": 1785774828, "type": "safe_tx", "device": "node-15-mixed", "metadata": {}}
{"timestamp": 1785774829, "type": "fuzzing", "device": "node-10-fuzzer", "metadata": {}}
{"timestamp": 1785774829, "type": "time_anomaly", "device": "node-15-mixed", "metadata": {}}
{"timestamp": 1785774829, "type": "safe_tx", "device": "node-2-clean", "metadata": {}}
{"timestamp": 1785774830, "type": "safe_tx", "device": "node-15-mixed", "metadata": {}}
{"timestamp": 1785774830, "type": "safe_tx", "device": "node-4-clean", "metadata": {}}
{"timestamp": 1785774830, "type": "time_anomaly", "device": "node-13-mixed", "metadata": {}}
{"timestamp": 1785774830, "type": "safe_tx", "device": "node-9-stealth", "metadata": {}}
{"timestamp": 1785774830, "type": "fuzzing", "device": "node-10-fuzzer", "metadata": {}}
{"timestamp": 1785774831, "type": "safe_tx", "device": "node-3-clean", "metadata": {}}
{"timestamp": 1785774831, "type": "safe_tx", "device": "node-1-clean", "metadata": {}}
{"timestamp": 1785774831, "type": "safe_tx", "device": "node-8-spammer", "metadata": {}}
{"timestamp": 1785774831, "type": "safe_tx", "device": "node-8-spammer", "metadata": {}}
{"timestamp": 1785774831, "type": "safe_tx", "device": "node-8-spammer", "metadata": {}}
{"timestamp": 1785774831, "type": "safe_tx", "device": "node-8-spammer", "metadata": {}}
{"timestamp": 1785774831, "type": "safe_tx", "device": "node-12-mixed", "metadata": {}}
{"timestamp": 1785774831, "type": "safe_tx", "device": "node-10-fuzzer", "metadata": {}}
{"timestamp": 1785774831, "type": "safe_tx", "device": "node-8-spammer", "metadata": {}}
{"timestamp": 1785774831, "type": "safe_tx", "device": "node-8-spammer", "metadata": {}}
{"timestamp": 1785774831, "type": "safe_tx", "device": "node-8-spammer", "metadata": {}}
{"timestamp": 1785774831, "type": "safe_tx", "device": "node-8-spammer", "metadata": {}}
{"timestamp": 1785774831, "type": "safe_tx", "device": "node-8-spammer", "metadata": {}}
{"timestamp": 1785774831, "type": "safe_tx", "device": "node-8-spammer", "metadata": {}}
{"timestamp": 1785774831, "type": "safe_tx", "device": "node-8-spammer", "metadata": {}}
{"timestamp": 1785774831, "type": "safe_tx", "device": "node-12-mixed", "metadata": {}}
{"timestamp": 1785774832, "type": "safe_tx", "device": "node-5-clean", "metadata": {}}
{"timestamp": 1785774832, "type": "safe_tx", "device": "node-8-spammer", "metadata": {}}
{"timestamp": 1785774832, "type": "safe_tx", "device": "node-8-spammer", "metadata": {}}
{"timestamp": 1785774832, "type": "safe_tx", "device": "node-8-spammer", "metadata": {}}
{"timestamp": 1785774833, "type": "time_anomaly", "device": "node-12-mixed", "metadata": {}}
{"timestamp": 1785774833, "type": "safe_tx", "device": "node-2-clean", "metadata": {}}
{"timestamp": 1785774833, "type": "safe_tx", "device": "node-13-mixed", "metadata": {}}
{"timestamp": 1785774833, "type": "fuzzing", "device": "node-10-fuzzer", "metadata": {}}
{"timestamp": 1785774834, "type": "time_anomaly", "device": "node-7-timespoof", "metadata": {}}
{"timestamp": 1785774834, "type": "safe_tx", "device": "node-4-clean", "metadata": {}}
{"timestamp": 1785774834, "type": "safe_tx", "device": "node-3-clean", "metadata": {}}
{"timestamp": 1785774834, "type": "safe_tx", "device": "node-8-spammer", "metadata": {}}
{"timestamp": 1785774834, "type": "safe_tx", "device": "node-5-clean", "metadata": {}}
{"timestamp": 1785774834, "type": "safe_tx", "device": "node-8-spammer", "metadata": {}}
{"timestamp": 1785774834, "type": "safe_tx", "device": "node-2-clean", "metadata": {}}
{"timestamp": 1785774834, "type": "safe_tx", "device": "node-9-stealth", "metadata": {}}
{"timestamp": 1785774834, "type": "safe_tx", "device": "node-10-fuzzer", "metadata": {}}
{"timestamp": 1785774834, "type": "safe_tx", "device": "node-2-clean", "metadata": {}}
{"timestamp": 1785774834, "type": "safe_tx", "device": "node-1-clean", "metadata": {}}
{"timestamp": 1785774834, "type": "safe_tx", "device": "node-13-mixed", "metadata": {}}
{"timestamp": 1785774834, "type": "safe_tx", "device": "node-5-clean", "metadata": {}}
{"timestamp": 1785774835, "type": "time_anomaly", "device": "node-15-mixed", "metadata": {}}
{"timestamp": 1785774835, "type": "safe_tx", "device": "node-8-spammer", "metadata": {}}
{"timestamp": 1785774835, "type": "safe_tx", "device": "node-8-spammer", "metadata": {}}
{"timestamp": 1785774835, "type": "fuzzing", "device": "node-10-fuzzer", "metadata": {}}
{"timestamp": 1785774836, "type": "time_anomaly", "device": "node-13-mixed", "metadata": {}}
{"timestamp": 1785774836, "type": "safe_tx", "device": "node-2-clean", "metadata": {}}
{"timestamp": 1785774836, "type": "time_anomaly", "device": "node-12-mixed", "metadata": {}}
{"timestamp": 1785774836, "type": "time_anomaly", "device": "node-14-mixed", "metadata": {}}
{"timestamp": 1785774836, "type": "safe_tx", "device": "node-1-clean", "metadata": {}}
{"timestamp": 1785774836, "type": "fuzzing", "device": "node-10-fuzzer", "metadata": {}}
{"timestamp": 1785774836, "type": "safe_tx", "device": "node-8-spammer", "metadata": {}}
{"timestamp": 1785774836, "type": "safe_tx", "device": "node-8-spammer", "metadata": {}}
{"timestamp": 1785774837, "type": "safe_tx", "device": "node-8-spammer", "metadata": {}}
{"timestamp": 1785774837, "type": "safe_tx", "device": "node-8-spammer", "metadata": {}}
{"timestamp": 1785774837, "type": "safe_tx", "device": "node-8-spammer", "metadata": {}}
{"timestamp": 1785774837, "type": "safe_tx", "device": "node-3-clean", "metadata": {}}
{"timestamp": 1785774837, "type": "safe_tx", "device": "node-4-clean", "metadata": {}}
{"timestamp": 1785774837, "type": "safe_tx", "device": "node-9-stealth", "metadata": {}}
{"timestamp": 1785774837, "type": "time_anomaly", "device": "node-13-mixed", "metadata": {}}
{"timestamp": 1785774837, "type": "safe_tx", "device": "node-1-clean", "metadata": {}}
{"timestamp": 1785774838, "type": "time_anomaly", "device": "node-15-mixed", "metadata": {}}
{"timestamp": 1785774838, "type": "safe_tx", "device": "node-9-stealth", "metadata": {}}
{"timestamp": 1785774838, "type": "time_anomaly", "device": "node-15-mixed", "metadata": {}}
{"timestamp": 1785774838, "type": "safe_tx", "device": "node-2-clean", "metadata": {}}
{"timestamp": 1785774838, "type": "fuzzing", "device": "node-10-fuzzer", "metadata": {}}
{"timestamp": 1785774838, "type": "safe_tx", "device": "node-5-clean", "metadata": {}}
{"timestamp": 1785774838, "type": "safe_tx", "device": "node-13-mixed", "metadata": {}}
{"timestamp": 1785774838, "type": "safe_tx", "device": "node-8-spammer", "metadata": {}}
{"timestamp": 1785774839, "type": "time_anomaly", "device": "node-7-timespoof", "metadata": {}}
{"timestamp": 1785774839, "type": "overflow", "device": "node-14-mixed", "metadata": {"count": 3, "window_sec": 30}}
{"timestamp": 1785774839, "type": "safe_tx", "device": "node-5-clean", "metadata": {}}
{"timestamp": 1785774839, "type": "safe_tx", "device": "node-12-mixed", "metadata": {}}
{"timestamp": 1785774839, "type": "safe_tx", "device": "node-15-mixed", "metadata": {}}
{"timestamp": 1785774839, "type": "safe_tx", "device": "node-5-clean", "metadata": {}}
{"timestamp": 1785774840, "type": "safe_tx", "device": "node-8-spammer", "metadata": {}}
{"timestamp": 1785774840, "type": "safe_tx", "device": "node-8-spammer", "metadata": {}}
{"timestamp": 1785774840, "type": "safe_tx", "device": "node-8-spammer", "metadata": {}}
{"timestamp": 1785774840, "type": "safe_tx", "device": "node-10-fuzzer", "metadata": {}}
{"timestamp": 1785774840, "type": "safe_tx", "device": "node-9-stealth", "metadata": {}}
{"timestamp": 1785774840, "type": "safe_tx", "device": "node-2-clean", "metadata": {}}
{"timestamp": 1785774840, "type": "safe_tx", "device": "node-5-clean", "metadata": {}}
{"timestamp": 1785774840, "type": "safe_tx", "device": "node-3-clean", "metadata": {}}
{"timestamp": 1785774840, "type": "safe_tx", "device": "node-4-clean", "metadata": {}}
{"timestamp": 1785774841, "type": "time_anomaly", "device": "node-13-mixed", "metadata": {}}
{"timestamp": 1785774841, "type": "safe_tx", "device": "node-8-spammer", "metadata": {}}
{"timestamp": 1785774841, "type": "time_anomaly", "device": "node-7-timespoof", "metadata": {}}
{"timestamp": 1785774841, "type": "fuzzing", "device": "node-10-fuzzer", "metadata": {}}
{"timestamp": 1785774841, "type": "time_anomaly", "device": "node-14-mixed", "metadata": {}}
{"timestamp": 1785774841, "type": "safe_tx", "device": "node-1-clean", "metadata": {}}
{"timestamp": 1785774841, "type": "safe_tx", "device": "node-12-mixed", "metadata": {}}
{"timestamp": 1785774841, "type": "safe_tx", "device": "node-8-spammer", "metadata": {}}
{"timestamp": 1785774841, "type": "safe_tx", "device": "node-8-spammer", "metadata": {}}
{"timestamp": 1785774841, "type": "safe_tx", "device": "node-8-spammer", "metadata": {}}
{"timestamp": 1785774842, "type": "safe_tx", "device": "node-9-stealth", "metadata": {}}
{"timestamp": 1785774842, "type": "safe_tx", "device": "node-10-fuzzer", "metadata": {}}
{"timestamp": 1785774842, "type": "fuzzing", "device": "node-10-fuzzer", "metadata": {}}
{"timestamp": 1785774842, "type": "safe_tx", "device": "node-5-clean", "metadata": {}}
{"timestamp": 1785774842, "type": "safe_tx", "device": "node-8-spammer", "metadata": {}}
{"timestamp": 1785774843, "type": "safe_tx", "device": "node-15-mixed", "metadata": {}}
{"timestamp": 1785774843, "type": "safe_tx", "device": "node-13-mixed", "metadata": {}}
{"timestamp": 1785774843, "type": "overflow", "device": "node-12-mixed", "metadata": {"count": 3, "window_sec": 30}}
{"timestamp": 1785774843, "type": "safe_tx", "device": "node-3-clean", "metadata": {}}
{"timestamp": 1785774843, "type": "safe_tx", "device": "node-10-fuzzer", "metadata": {}}
{"timestamp": 1785774843, "type": "safe_tx", "device": "node-1-clean", "metadata": {}}
{"timestamp": 1785774844, "type": "safe_tx", "device": "node-8-spammer", "metadata": {}}
{"timestamp": 1785774844, "type": "safe_tx", "device": "node-8-spammer", "metadata": {}}
{"timestamp": 1785774844, "type": "safe_tx", "device": "node-8-spammer", "metadata": {}}
{"timestamp": 1785774844, "type": "safe_tx", "device": "node-4-clean", "metadata": {}}
{"timestamp": 1785774844, "type": "safe_tx", "device": "node-2-clean", "metadata": {}}
{"timestamp": 1785774844, "type": "safe_tx", "device": "node-8-spammer", "metadata": {}}
{"timestamp": 1785774844, "type": "overflow", "device": "node-15-mixed", "metadata": {"count": 3, "window_sec": 30}}
{"timestamp": 1785774844, "type": "safe_tx", "device": "node-9-stealth", "metadata": {}}
{"timestamp": 1785774845, "type": "safe_tx", "device": "node-12-mixed", "metadata": {}}
{"timestamp": 1785774845, "type": "fuzzing", "device": "node-10-fuzzer", "metadata": {}}
{"timestamp": 1785774845, "type": "safe_tx", "device": "node-4-clean", "metadata": {}}
{"timestamp": 1785774845, "type": "safe_tx", "device": "node-8-spammer", "metadata": {}}
{"timestamp": 1785774845, "type": "safe_tx", "device": "node-8-spammer", "metadata": {}}
{"timestamp": 1785774845, "type": "safe_tx", "device": "node-8-spammer", "metadata": {}}
{"timestamp": 1785774845, "type": "safe_tx", "device": "node-8-spammer", "metadata": {}}
{"timestamp": 1785774845, "type": "safe_tx", "device": "node-10-fuzzer", "metadata": {}}
{"timestamp": 1785774846, "type": "safe_tx", "device": "node-5-clean", "metadata": {}}
{"timestamp": 1785774846, "type": "safe_tx", "device": "node-4-clean", "metadata": {}}
{"timestamp": 1785774846, "type": "safe_tx", "device": "node-2-clean", "metadata": {}}
{"timestamp": 1785774846, "type": "safe_tx", "device": "node-13-mixed", "metadata": {}}
{"timestamp": 1785774846, "type": "safe_tx", "device": "node-9-stealth", "metadata": {}}
{"timestamp": 1785774846, "type": "safe_tx", "device": "node-14-mixed", "metadata": {}}
{"timestamp": 1785774847, "type": "time_anomaly", "device": "node-7-timespoof", "metadata": {}}
{"timestamp": 1785774847, "type": "safe_tx", "device": "node-2-clean", "metadata": {}}
{"timestamp": 1785774847, "type": "safe_tx", "device": "node-8-spammer", "metadata": {}}
{"timestamp": 1785774847, "type": "safe_tx", "device": "node-8-spammer", "metadata": {}}
{"timestamp": 1785774847, "type": "overflow", "device": "node-13-mixed", "metadata": {"count": 3, "window_sec": 30}}
{"timestamp": 1785774847, "type": "safe_tx", "device": "node-11-pulsing", "metadata": {}}
{"timestamp": 1785774847, "type": "safe_tx", "device": "node-11-pulsing", "metadata": {}}
{"timestamp": 1785774847, "type": "safe_tx", "device": "node-11-pulsing", "metadata": {}}
{"timestamp": 1785774847, "type": "safe_tx", "device": "node-11-pulsing", "metadata": {}}
{"timestamp": 1785774847, "type": "safe_tx", "device": "node-11-pulsing", "metadata": {}}
{"timestamp": 1785774847, "type": "overflow", "device": "node-6-overflow", "metadata": {"count": 3, "window_sec": 30}}
{"timestamp": 1785774847, "type": "safe_tx", "device": "node-11-pulsing", "metadata": {}}
{"timestamp": 1785774847, "type": "safe_tx", "device": "node-11-pulsing", "metadata": {}}
{"timestamp": 1785774847, "type": "safe_tx", "device": "node-11-pulsing", "metadata": {}}
{"timestamp": 1785774847, "type": "safe_tx", "device": "node-11-pulsing", "metadata": {}}
{"timestamp": 1785774848, "type": "safe_tx", "device": "node-15-mixed", "metadata": {}}
{"timestamp": 1785774848, "type": "safe_tx", "device": "node-11-pulsing", "metadata": {}}
{"timestamp": 1785774848, "type": "safe_tx", "device": "node-10-fuzzer", "metadata": {}}
{"timestamp": 1785774848, "type": "safe_tx", "device": "node-11-pulsing", "metadata": {}}
{"timestamp": 1785774848, "type": "safe_tx", "device": "node-11-pulsing", "metadata": {}}
{"timestamp": 1785774848, "type": "safe_tx", "device": "node-11-pulsing", "metadata": {}}
{"timestamp": 1785774848, "type": "safe_tx", "device": "node-8-spammer", "metadata": {}}
{"timestamp": 1785774848, "type": "safe_tx", "device": "node-11-pulsing", "metadata": {}}
{"timestamp": 1785774848, "type": "safe_tx", "device": "node-3-clean", "metadata": {}}
{"timestamp": 1785774848, "type": "safe_tx", "device": "node-11-pulsing", "metadata": {}}
{"timestamp": 1785774848, "type": "dos_spam", "device": "node-11-pulsing", "metadata": {}}
{"timestamp": 1785774848, "type": "safe_tx", "device": "node-11-pulsing", "metadata": {}}
{"timestamp": 1785774848, "type": "safe_tx", "device": "node-11-pulsing", "metadata": {}}
{"timestamp": 1785774848, "type": "safe_tx", "device": "node-1-clean", "metadata": {}}
{"timestamp": 1785774848, "type": "safe_tx", "device": "node-11-pulsing", "metadata": {}}
{"timestamp": 1785774848, "type": "safe_tx", "device": "node-15-mixed", "metadata": {}}
{"timestamp": 1785774848, "type": "safe_tx", "device": "node-11-pulsing", "metadata": {}}
{"timestamp": 1785774848, "type": "safe_tx", "device": "node-11-pulsing", "metadata": {}}
{"timestamp": 1785774848, "type": "fuzzing", "device": "node-10-fuzzer", "metadata": {}}
{"timestamp": 1785774849, "type": "safe_tx", "device": "node-3-clean", "metadata": {}}
{"timestamp": 1785774849, "type": "safe_tx", "device": "node-8-spammer", "metadata": {}}
{"timestamp": 1785774849, "type": "safe_tx", "device": "node-4-clean", "metadata": {}}
{"timestamp": 1785774849, "type": "safe_tx", "device": "node-1-clean", "metadata": {}}
{"timestamp": 1785774849, "type": "safe_tx", "device": "node-12-mixed", "metadata": {}}
{"timestamp": 1785774849, "type": "safe_tx", "device": "node-8-spammer", "metadata": {}}
{"timestamp": 1785774849, "type": "safe_tx", "device": "node-8-spammer", "metadata": {}}
{"timestamp": 1785774849, "type": "safe_tx", "device": "node-5-clean", "metadata": {}}
{"timestamp": 1785774849, "type": "fuzzing", "device": "node-10-fuzzer", "metadata": {}}
{"timestamp": 1785774849, "type": "safe_tx", "device": "node-8-spammer", "metadata": {}}
{"timestamp": 1785774849, "type": "safe_tx", "device": "node-8-spammer", "metadata": {}}
{"timestamp": 1785774850, "type": "safe_tx", "device": "node-8-spammer", "metadata": {}}
{"timestamp": 1785774850, "type": "safe_tx", "device": "node-8-spammer", "metadata": {}}
{"timestamp": 1785774850, "type": "safe_tx", "device": "node-8-spammer", "metadata": {}}
{"timestamp": 1785774850, "type": "safe_tx", "device": "node-9-stealth", "metadata": {}}
{"timestamp": 1785774850, "type": "safe_tx", "device": "node-2-clean", "metadata": {}}
{"timestamp": 1785774850, "type": "overflow", "device": "node-14-mixed", "metadata": {"count": 3, "window_sec": 30}}
{"timestamp": 1785774850, "type": "time_anomaly", "device": "node-7-timespoof", "metadata": {}}
{"timestamp": 1785774850, "type": "safe_tx", "device": "node-13-mixed", "metadata": {}}
{"timestamp": 1785774850, "type": "safe_tx", "device": "node-8-spammer", "metadata": {}}
{"timestamp": 1785774850, "type": "safe_tx", "device": "node-8-spammer", "metadata": {}}
{"timestamp": 1785774850, "type": "safe_tx", "device": "node-8-spammer", "metadata": {}}
{"timestamp": 1785774851, "type": "safe_tx", "device": "node-5-clean", "metadata": {}}
{"timestamp": 1785774851, "type": "safe_tx", "device": "node-13-mixed", "metadata": {}}
{"timestamp": 1785774851, "type": "safe_tx", "device": "node-12-mixed", "metadata": {}}
{"timestamp": 1785774851, "type": "safe_tx", "device": "node-1-clean", "metadata": {}}
{"timestamp": 1785774851, "type": "time_anomaly", "device": "node-15-mixed", "metadata": {}}
{"timestamp": 1785774851, "type": "safe_tx", "device": "node-10-fuzzer", "metadata": {}}
{"timestamp": 1785774851, "type": "safe_tx", "device": "node-1-clean", "metadata": {}}
{"timestamp": 1785774851, "type": "safe_tx", "device": "node-5-clean", "metadata": {}}
{"timestamp": 1785774851, "type": "safe_tx", "device": "node-8-spammer", "metadata": {}}
{"timestamp": 1785774851, "type": "safe_tx", "device": "node-8-spammer", "metadata": {}}
{"timestamp": 1785774851, "type": "safe_tx", "device": "node-8-spammer", "metadata": {}}
{"timestamp": 1785774852, "type": "safe_tx", "device": "node-5-clean", "metadata": {}}
{"timestamp": 1785774852, "type": "safe_tx", "device": "node-9-stealth", "metadata": {}}
{"timestamp": 1785774852, "type": "safe_tx", "device": "node-14-mixed", "metadata": {}}
{"timestamp": 1785774853, "type": "safe_tx", "device": "node-3-clean", "metadata": {}}
{"timestamp": 1785774853, "type": "time_anomaly", "device": "node-7-timespoof", "metadata": {}}
{"timestamp": 1785774853, "type": "safe_tx", "device": "node-8-spammer", "metadata": {}}
{"timestamp": 1785774853, "type": "safe_tx", "device": "node-8-spammer", "metadata": {}}
{"timestamp": 1785774853, "type": "safe_tx", "device": "node-4-clean", "metadata": {}}
{"timestamp": 1785774853, "type": "safe_tx", "device": "node-8-spammer", "metadata": {}}
{"timestamp": 1785774853, "type": "safe_tx", "device": "node-8-spammer", "metadata": {}}
{"timestamp": 1785774853, "type": "safe_tx", "device": "node-8-spammer", "metadata": {}}
{"timestamp": 1785774853, "type": "safe_tx", "device": "node-8-spammer", "metadata": {}}
{"timestamp": 1785774853, "type": "safe_tx", "device": "node-9-stealth", "metadata": {}}
{"timestamp": 1785774853, "type": "fuzzing", "device": "node-10-fuzzer", "metadata": {}}
{"timestamp": 1785774853, "type": "safe_tx", "device": "node-5-clean", "metadata": {}}
{"timestamp": 1785774854, "type": "safe_tx", "device": "node-14-mixed", "metadata": {}}
{"timestamp": 1785774854, "type": "time_anomaly", "device": "node-15-mixed", "metadata": {}}
{"timestamp": 1785774854, "type": "safe_tx", "device": "node-1-clean", "metadata": {}}
{"timestamp": 1785774854, "type": "safe_tx", "device": "node-2-clean", "metadata": {}}
{"timestamp": 1785774854, "type": "safe_tx", "device": "node-10-fuzzer", "metadata": {}}
{"timestamp": 1785774854, "type": "safe_tx", "device": "node-12-mixed", "metadata": {}}
{"timestamp": 1785774854, "type": "safe_tx", "device": "node-1-clean", "metadata": {}}
{"timestamp": 1785774854, "type": "safe_tx", "device": "node-8-spammer", "metadata": {}}
{"timestamp": 1785774854, "type": "safe_tx", "device": "node-8-spammer", "metadata": {}}
{"timestamp": 1785774855, "type": "safe_tx", "device": "node-15-mixed", "metadata": {}}
{"timestamp": 1785774855, "type": "safe_tx", "device": "node-14-mixed", "metadata": {}}
{"timestamp": 1785774855, "type": "safe_tx", "device": "node-2-clean", "metadata": {}}
{"timestamp": 1785774855, "type": "safe_tx", "device": "node-5-clean", "metadata": {}}
{"timestamp": 1785774855, "type": "safe_tx", "device": "node-13-mixed", "metadata": {}}
{"timestamp": 1785774855, "type": "safe_tx", "device": "node-4-clean", "metadata": {}}
{"timestamp": 1785774855, "type": "fuzzing", "device": "node-10-fuzzer", "metadata": {}}
{"timestamp": 1785774855, "type": "safe_tx", "device": "node-12-mixed", "metadata": {}}
{"timestamp": 1785774855, "type": "time_anomaly", "device": "node-15-mixed", "metadata": {}}
{"timestamp": 1785774856, "type": "safe_tx", "device": "node-3-clean", "metadata": {}}
{"timestamp": 1785774856, "type": "safe_tx", "device": "node-1-clean", "metadata": {}}
{"timestamp": 1785774856, "type": "safe_tx", "device": "node-8-spammer", "metadata": {}}
{"timestamp": 1785774856, "type": "safe_tx", "device": "node-8-spammer", "metadata": {}}
{"timestamp": 1785774856, "type": "safe_tx", "device": "node-8-spammer", "metadata": {}}
{"timestamp": 1785774856, "type": "safe_tx", "device": "node-2-clean", "metadata": {}}
{"timestamp": 1785774856, "type": "safe_tx", "device": "node-13-mixed", "metadata": {}}
{"timestamp": 1785774857, "type": "time_anomaly", "device": "node-7-timespoof", "metadata": {}}
{"timestamp": 1785774857, "type": "safe_tx", "device": "node-1-clean", "metadata": {}}
{"timestamp": 1785774857, "type": "safe_tx", "device": "node-12-mixed", "metadata": {}}
{"timestamp": 1785774857, "type": "safe_tx", "device": "node-10-fuzzer", "metadata": {}}
{"timestamp": 1785774857, "type": "safe_tx", "device": "node-9-stealth", "metadata": {}}
{"timestamp": 1785774857, "type": "safe_tx", "device": "node-8-spammer", "metadata": {}}
{"timestamp": 1785774857, "type": "safe_tx", "device": "node-8-spammer", "metadata": {}}
{"timestamp": 1785774857, "type": "safe_tx", "device": "node-4-clean", "metadata": {}}
{"timestamp": 1785774857, "type": "safe_tx", "device": "node-15-mixed", "metadata": {}}
{"timestamp": 1785774857, "type": "safe_tx", "device": "node-8-spammer", "metadata": {}}
{"timestamp": 1785774858, "type": "safe_tx", "device": "node-8-spammer", "metadata": {}}
{"timestamp": 1785774858, "type": "safe_tx", "device": "node-14-mixed", "metadata": {}}
{"timestamp": 1785774858, "type": "safe_tx", "device": "node-10-fuzzer", "metadata": {}}
{"timestamp": 1785774858, "type": "safe_tx", "device": "node-1-clean", "metadata": {}}
{"timestamp": 1785774858, "type": "safe_tx", "device": "node-15-mixed", "metadata": {}}
{"timestamp": 1785774858, "type": "safe_tx", "device": "node-2-clean", "metadata": {}}
{"timestamp": 1785774858, "type": "safe_tx", "device": "node-8-spammer", "metadata": {}}
{"timestamp": 1785774858, "type": "safe_tx", "device": "node-8-spammer", "metadata": {}}
{"timestamp": 1785774858, "type": "safe_tx", "device": "node-8-spammer", "metadata": {}}
{"timestamp": 1785774858, "type": "fuzzing", "device": "node-10-fuzzer", "metadata": {}}
{"timestamp": 1785774858, "type": "safe_tx", "device": "node-8-spammer", "metadata": {}}
{"timestamp": 1785774859, "type": "safe_tx", "device": "node-8-spammer", "metadata": {}}
{"timestamp": 1785774859, "type": "safe_tx", "device": "node-8-spammer", "metadata": {}}
{"timestamp": 1785774859, "type": "safe_tx", "device": "node-8-spammer", "metadata": {}}
{"timestamp": 1785774859, "type": "safe_tx", "device": "node-8-spammer", "metadata": {}}
{"timestamp": 1785774859, "type": "safe_tx", "device": "node-9-stealth", "metadata": {}}
{"timestamp": 1785774859, "type": "safe_tx", "device": "node-3-clean", "metadata": {}}
{"timestamp": 1785774859, "type": "safe_tx", "device": "node-12-mixed", "metadata": {}}
{"timestamp": 1785774859, "type": "safe_tx", "device": "node-15-mixed", "metadata": {}}
{"timestamp": 1785774859, "type": "safe_tx", "device": "node-3-clean", "metadata": {}}
{"timestamp": 1785774859, "type": "safe_tx", "device": "node-5-clean", "metadata": {}}
{"timestamp": 1785774860, "type": "safe_tx", "device": "node-12-mixed", "metadata": {}}
{"timestamp": 1785774860, "type": "safe_tx", "device": "node-13-mixed", "metadata": {}}
{"timestamp": 1785774860, "type": "safe_tx", "device": "node-8-spammer", "metadata": {}}
{"timestamp": 1785774860, "type": "safe_tx", "device": "node-8-spammer", "metadata": {}}
{"timestamp": 1785774860, "type": "safe_tx", "device": "node-8-spammer", "metadata": {}}
{"timestamp": 1785774860, "type": "safe_tx", "device": "node-8-spammer", "metadata": {}}
{"timestamp": 1785774860, "type": "safe_tx", "device": "node-9-stealth", "metadata": {}}
{"timestamp": 1785774860, "type": "safe_tx", "device": "node-14-mixed", "metadata": {}}
{"timestamp": 1785774860, "type": "safe_tx", "device": "node-13-mixed", "metadata": {}}
{"timestamp": 1785774861, "type": "safe_tx", "device": "node-1-clean", "metadata": {}}
{"timestamp": 1785774861, "type": "safe_tx", "device": "node-9-stealth", "metadata": {}}
{"timestamp": 1785774861, "type": "safe_tx", "device": "node-14-mixed", "metadata": {}}
{"timestamp": 1785774861, "type": "safe_tx", "device": "node-12-mixed", "metadata": {}}
{"timestamp": 1785774861, "type": "safe_tx", "device": "node-15-mixed", "metadata": {}}
{"timestamp": 1785774861, "type": "safe_tx", "device": "node-10-fuzzer", "metadata": {}}
{"timestamp": 1785774861, "type": "safe_tx", "device": "node-8-spammer", "metadata": {}}
{"timestamp": 1785774861, "type": "time_anomaly", "device": "node-7-timespoof", "metadata": {}}
{"timestamp": 1785774861, "type": "safe_tx", "device": "node-8-spammer", "metadata": {}}
{"timestamp": 1785774861, "type": "safe_tx", "device": "node-8-spammer", "metadata": {}}
{"timestamp": 1785774861, "type": "safe_tx", "device": "node-8-spammer", "metadata": {}}
{"timestamp": 1785774861, "type": "safe_tx", "device": "node-8-spammer", "metadata": {}}
{"timestamp": 1785774861, "type": "safe_tx", "device": "node-8-spammer", "metadata": {}}
{"timestamp": 1785774862, "type": "safe_tx", "device": "node-2-clean", "metadata": {}}
{"timestamp": 1785774862, "type": "safe_tx", "device": "node-4-clean", "metadata": {}}
{"timestamp": 1785774862, "type": "safe_tx", "device": "node-4-clean", "metadata": {}}
{"timestamp": 1785774862, "type": "safe_tx", "device": "node-9-stealth", "metadata": {}}
{"timestamp": 1785774862, "type": "safe_tx", "device": "node-12-mixed", "metadata": {}}
{"timestamp": 1785774862, "type": "safe_tx", "device": "node-13-mixed", "metadata": {}}
{"timestamp": 1785774862, "type": "safe_tx", "device": "node-8-spammer", "metadata": {}}
{"timestamp": 1785774862, "type": "safe_tx", "device": "node-8-spammer", "metadata": {}}
{"timestamp": 1785774862, "type": "safe_tx", "device": "node-8-spammer", "metadata": {}}
{"timestamp": 1785774862, "type": "safe_tx", "device": "node-8-spammer", "metadata": {}}
{"timestamp": 1785774862, "type": "safe_tx", "device": "node-8-spammer", "metadata": {}}
{"timestamp": 1785774862, "type": "dos_spam", "device": "node-8-spammer", "metadata": {}}
{"timestamp": 1785774862, "type": "safe_tx", "device": "node-8-spammer", "metadata": {}}
{"timestamp": 1785774862, "type": "safe_tx", "device": "node-8-spammer", "metadata": {}}
{"timestamp": 1785774862, "type": "safe_tx", "device": "node-8-spammer", "metadata": {}}
{"timestamp": 1785774862, "type": "dos_spam", "device": "node-8-spammer", "metadata": {"count": 30, "window_sec": 5}}
{"timestamp": 1785774862, "type": "safe_tx", "device": "node-10-fuzzer", "metadata": {}}
{"timestamp": 1785774863, "type": "safe_tx", "device": "node-8-spammer", "metadata": {}}
{"timestamp": 1785774863, "type": "safe_tx", "device": "node-8-spammer", "metadata": {}}
{"timestamp": 1785774863, "type": "safe_tx", "device": "node-8-spammer", "metadata": {}}
{"timestamp": 1785774863, "type": "safe_tx", "device": "node-8-spammer", "metadata": {}}
{"timestamp": 1785774863, "type": "safe_tx", "device": "node-8-spammer", "metadata": {}}
{"timestamp": 1785774863, "type": "safe_tx", "device": "node-8-spammer", "metadata": {}}
{"timestamp": 1785774863, "type": "safe_tx", "device": "node-8-spammer", "metadata": {}}
{"timestamp": 1785774863, "type": "safe_tx", "device": "node-8-spammer", "metadata": {}}
{"timestamp": 1785774863, "type": "time_anomaly", "device": "node-12-mixed", "metadata": {}}
{"timestamp": 1785774863, "type": "safe_tx", "device": "node-8-spammer", "metadata": {}}
{"timestamp": 1785774863, "type": "safe_tx", "device": "node-8-spammer", "metadata": {}}
{"timestamp": 1785774863, "type": "safe_tx", "device": "node-8-spammer", "metadata": {}}
{"timestamp": 1785774863, "type": "safe_tx", "device": "node-9-stealth", "metadata": {}}
{"timestamp": 1785774863, "type": "safe_tx", "device": "node-8-spammer", "metadata": {}}
{"timestamp": 1785774863, "type": "dos_spam", "device": "node-8-spammer", "metadata": {}}
{"timestamp": 1785774863, "type": "safe_tx", "device": "node-8-spammer", "metadata": {}}
{"timestamp": 1785774863, "type": "safe_tx", "device": "node-8-spammer", "metadata": {}}
{"timestamp": 1785774863, "type": "safe_tx", "device": "node-2-clean", "metadata": {}}
{"timestamp": 1785774863, "type": "safe_tx", "device": "node-2-clean", "metadata": {}}
{"timestamp": 1785774863, "type": "safe_tx", "device": "node-5-clean", "metadata": {}}
{"timestamp": 1785774863, "type": "overflow", "device": "node-6-overflow", "metadata": {"count": 3, "window_sec": 30}}
{"timestamp": 1785774864, "type": "safe_tx", "device": "node-4-clean", "metadata": {}}
{"timestamp": 1785774864, "type": "safe_tx", "device": "node-9-stealth", "metadata": {}}
{"timestamp": 1785774864, "type": "time_anomaly", "device": "node-14-mixed", "metadata": {}}
{"timestamp": 1785774864, "type": "safe_tx", "device": "node-8-spammer", "metadata": {}}
{"timestamp": 1785774864, "type": "safe_tx", "device": "node-8-spammer", "metadata": {}}
{"timestamp": 1785774864, "type": "safe_tx", "device": "node-8-spammer", "metadata": {}}
{"timestamp": 1785774864, "type": "fuzzing", "device": "node-10-fuzzer", "metadata": {}}
{"timestamp": 1785774864, "type": "safe_tx", "device": "node-8-spammer", "metadata": {}}
{"timestamp": 1785774864, "type": "safe_tx", "device": "node-8-spammer", "metadata": {}}
{"timestamp": 1785774864, "type": "safe_tx", "device": "node-8-spammer", "metadata": {}}
{"timestamp": 1785774864, "type": "safe_tx", "device": "node-8-spammer", "metadata": {}}
{"timestamp": 1785774864, "type": "safe_tx", "device": "node-8-spammer", "metadata": {}}
{"timestamp": 1785774864, "type": "safe_tx", "device": "node-8-spammer", "metadata": {}}
{"timestamp": 1785774864, "type": "safe_tx", "device": "node-8-spammer", "metadata": {}}
{"timestamp": 1785774864, "type": "safe_tx", "device": "node-8-spammer", "metadata": {}}
{"timestamp": 1785774864, "type": "safe_tx", "device": "node-8-spammer", "metadata": {}}
{"timestamp": 1785774865, "type": "safe_tx", "device": "node-8-spammer", "metadata": {}}
{"timestamp": 1785774865, "type": "dos_spam", "device": "node-8-spammer", "metadata": {}}
{"timestamp": 1785774865, "type": "safe_tx", "device": "node-8-spammer", "metadata": {}}
{"timestamp": 1785774865, "type": "safe_tx", "device": "node-8-spammer", "metadata": {}}
{"timestamp": 1785774865, "type": "safe_tx", "device": "node-8-spammer", "metadata": {}}
{"timestamp": 1785774865, "type": "dos_spam", "device": "node-8-spammer", "metadata": {"count": 30, "window_sec": 5}}
{"timestamp": 1785774865, "type": "safe_tx", "device": "node-2-clean", "metadata": {}}
{"timestamp": 1785774865, "type": "safe_tx", "device": "node-8-spammer", "metadata": {}}
{"timestamp": 1785774865, "type": "safe_tx", "device": "node-8-spammer", "metadata": {}}
{"timestamp": 1785774865, "type": "safe_tx", "device": "node-3-clean", "metadata": {}}
{"timestamp": 1785774865, "type": "safe_tx", "device": "node-10-fuzzer", "metadata": {}}
{"timestamp": 1785774865, "type": "safe_tx", "device": "node-8-spammer", "metadata": {}}
{"timestamp": 1785774865, "type": "safe_tx", "device": "node-8-spammer", "metadata": {}}
{"timestamp": 1785774865, "type": "safe_tx", "device": "node-8-spammer", "metadata": {}}
{"timestamp": 1785774865, "type": "safe_tx", "device": "node-8-spammer", "metadata": {}}
{"timestamp": 1785774865, "type": "safe_tx", "device": "node-15-mixed", "metadata": {}}
{"timestamp": 1785774865, "type": "safe_tx", "device": "node-12-mixed", "metadata": {}}
{"timestamp": 1785774865, "type": "time_anomaly", "device": "node-13-mixed", "metadata": {}}
{"timestamp": 1785774866, "type": "safe_tx", "device": "node-8-spammer", "metadata": {}}
{"timestamp": 1785774866, "type": "safe_tx", "device": "node-9-stealth", "metadata": {}}
{"timestamp": 1785774866, "type": "fuzzing", "device": "node-10-fuzzer", "metadata": {}}
{"timestamp": 1785774866, "type": "safe_tx", "device": "node-3-clean", "metadata": {}}
{"timestamp": 1785774867, "type": "time_anomaly", "device": "node-7-timespoof", "metadata": {}}
{"timestamp": 1785774867, "type": "safe_tx", "device": "node-8-spammer", "metadata": {}}
{"timestamp": 1785774867, "type": "safe_tx", "device": "node-4-clean", "metadata": {}}
{"timestamp": 1785774867, "type": "safe_tx", "device": "node-8-spammer", "metadata": {}}
{"timestamp": 1785774867, "type": "safe_tx", "device": "node-8-spammer", "metadata": {}}
{"timestamp": 1785774867, "type": "safe_tx", "device": "node-8-spammer", "metadata": {}}
{"timestamp": 1785774867, "type": "safe_tx", "device": "node-8-spammer", "metadata": {}}
{"timestamp": 1785774867, "type": "dos_spam", "device": "node-8-spammer", "metadata": {}}
{"timestamp": 1785774867, "type": "safe_tx", "device": "node-5-clean", "metadata": {}}
{"timestamp": 1785774867, "type": "safe_tx", "device": "node-8-spammer", "metadata": {}}
{"timestamp": 1785774867, "type": "safe_tx", "device": "node-8-spammer", "metadata": {}}
{"timestamp": 1785774867, "type": "safe_tx", "device": "node-8-spammer", "metadata": {}}
{"timestamp": 1785774867, "type": "safe_tx", "device": "node-8-spammer", "metadata": {}}
{"timestamp": 1785774867, "type": "safe_tx", "device": "node-8-spammer", "metadata": {}}
{"timestamp": 1785774867, "type": "safe_tx", "device": "node-8-spammer", "metadata": {}}
{"timestamp": 1785774867, "type": "safe_tx", "device": "node-8-spammer", "metadata": {}}
{"timestamp": 1785774867, "type": "safe_tx", "device": "node-8-spammer", "metadata": {}}
{"timestamp": 1785774867, "type": "safe_tx", "device": "node-8-spammer", "metadata": {}}
{"timestamp": 1785774867, "type": "safe_tx", "device": "node-8-spammer", "metadata": {}}
{"timestamp": 1785774867, "type": "safe_tx", "device": "node-15-mixed", "metadata": {}}
{"timestamp": 1785774867, "type": "overflow", "device": "node-13-mixed", "metadata": {"count": 3, "window_sec": 30}}
{"timestamp": 1785774867, "type": "safe_tx", "device": "node-14-mixed", "metadata": {}}
{"timestamp": 1785774868, "type": "fuzzing", "device": "node-10-fuzzer", "metadata": {}}
{"timestamp": 1785774868, "type": "safe_tx", "device": "node-9-stealth", "metadata": {}}
{"timestamp": 1785774868, "type": "safe_tx", "device": "node-5-clean", "metadata": {}}
{"timestamp": 1785774868, "type": "safe_tx", "device": "node-4-clean", "metadata": {}}
{"timestamp": 1785774868, "type": "safe_tx", "device": "node-2-clean", "metadata": {}}
{"timestamp": 1785774868, "type": "safe_tx", "device": "node-3-clean", "metadata": {}}
{"timestamp": 1785774869, "type": "safe_tx", "device": "node-8-spammer", "metadata": {}}
{"timestamp": 1785774869, "type": "safe_tx", "device": "node-1-clean", "metadata": {}}
{"timestamp": 1785774869, "type": "safe_tx", "device": "node-8-spammer", "metadata": {}}
{"timestamp": 1785774869, "type": "safe_tx", "device": "node-8-spammer", "metadata": {}}
{"timestamp": 1785774869, "type": "safe_tx", "device": "node-8-spammer", "metadata": {}}
{"timestamp": 1785774869, "type": "safe_tx", "device": "node-8-spammer", "metadata": {}}
{"timestamp": 1785774869, "type": "dos_spam", "device": "node-8-spammer", "metadata": {}}
{"timestamp": 1785774869, "type": "safe_tx", "device": "node-8-spammer", "metadata": {}}
{"timestamp": 1785774869, "type": "safe_tx", "device": "node-5-clean", "metadata": {}}
{"timestamp": 1785774869, "type": "safe_tx", "device": "node-8-spammer", "metadata": {}}
{"timestamp": 1785774869, "type": "fuzzing", "device": "node-10-fuzzer", "metadata": {}}
{"timestamp": 1785774869, "type": "time_anomaly", "device": "node-7-timespoof", "metadata": {}}
{"timestamp": 1785774869, "type": "safe_tx", "device": "node-4-clean", "metadata": {}}
{"timestamp": 1785774869, "type": "safe_tx", "device": "node-9-stealth", "metadata": {}}
{"timestamp": 1785774870, "type": "safe_tx", "device": "node-2-clean", "metadata": {}}
{"timestamp": 1785774870, "type": "safe_tx", "device": "node-14-mixed", "metadata": {}}
{"timestamp": 1785774870, "type": "safe_tx", "device": "node-10-fuzzer", "metadata": {}}
{"timestamp": 1785774870, "type": "safe_tx", "device": "node-8-spammer", "metadata": {}}
{"timestamp": 1785774870, "type": "dos_spam", "device": "node-8-spammer", "metadata": {"count": 30, "window_sec": 5}}
{"timestamp": 1785774870, "type": "safe_tx", "device": "node-8-spammer", "metadata": {}}
{"timestamp": 1785774871, "type": "safe_tx", "device": "node-12-mixed", "metadata": {}}
{"timestamp": 1785774871, "type": "safe_tx", "device": "node-3-clean", "metadata": {}}
{"timestamp": 1785774871, "type": "safe_tx", "device": "node-13-mixed", "metadata": {}}
{"timestamp": 1785774871, "type": "safe_tx", "device": "node-8-spammer", "metadata": {}}
{"timestamp": 1785774871, "type": "safe_tx", "device": "node-5-clean", "metadata": {}}
{"timestamp": 1785774871, "type": "safe_tx", "device": "node-8-spammer", "metadata": {}}
{"timestamp": 1785774871, "type": "safe_tx", "device": "node-8-spammer", "metadata": {}}
{"timestamp": 1785774872, "type": "safe_tx", "device": "node-10-fuzzer", "metadata": {}}
{"timestamp": 1785774872, "type": "safe_tx", "device": "node-8-spammer", "metadata": {}}
{"timestamp": 1785774872, "type": "safe_tx", "device": "node-15-mixed", "metadata": {}}
{"timestamp": 1785774872, "type": "safe_tx", "device": "node-14-mixed", "metadata": {}}
{"timestamp": 1785774872, "type": "safe_tx", "device": "node-8-spammer", "metadata": {}}
{"timestamp": 1785774872, "type": "safe_tx", "device": "node-8-spammer", "metadata": {}}
{"timestamp": 1785774872, "type": "safe_tx", "device": "node-8-spammer", "metadata": {}}
{"timestamp": 1785774872, "type": "safe_tx", "device": "node-8-spammer", "metadata": {}}
{"timestamp": 1785774872, "type": "safe_tx", "device": "node-2-clean", "metadata": {}}
{"timestamp": 1785774872, "type": "safe_tx", "device": "node-8-spammer", "metadata": {}}
{"timestamp": 1785774872, "type": "safe_tx", "device": "node-5-clean", "metadata": {}}
{"timestamp": 1785774872, "type": "overflow", "device": "node-12-mixed", "metadata": {"count": 3, "window_sec": 30}}
{"timestamp": 1785774872, "type": "safe_tx", "device": "node-9-stealth", "metadata": {}}
{"timestamp": 1785774873, "type": "safe_tx", "device": "node-1-clean", "metadata": {}}
{"timestamp": 1785774873, "type": "safe_tx", "device": "node-13-mixed", "metadata": {}}
{"timestamp": 1785774873, "type": "safe_tx", "device": "node-4-clean", "metadata": {}}
{"timestamp": 1785774874, "type": "safe_tx", "device": "node-10-fuzzer", "metadata": {}}
{"timestamp": 1785774874, "type": "safe_tx", "device": "node-8-spammer", "metadata": {}}
{"timestamp": 1785774874, "type": "safe_tx", "device": "node-8-spammer", "metadata": {}}
{"timestamp": 1785774874, "type": "safe_tx", "device": "node-3-clean", "metadata": {}}
{"timestamp": 1785774874, "type": "fuzzing", "device": "node-10-fuzzer", "metadata": {}}
{"timestamp": 1785774874, "type": "safe_tx", "device": "node-11-pulsing", "metadata": {}}
{"timestamp": 1785774874, "type": "safe_tx", "device": "node-11-pulsing", "metadata": {}}
{"timestamp": 1785774874, "type": "safe_tx", "device": "node-5-clean", "metadata": {}}
{"timestamp": 1785774874, "type": "safe_tx", "device": "node-11-pulsing", "metadata": {}}
{"timestamp": 1785774874, "type": "safe_tx", "device": "node-11-pulsing", "metadata": {}}
{"timestamp": 1785774875, "type": "overflow", "device": "node-15-mixed", "metadata": {"count": 3, "window_sec": 30}}
{"timestamp": 1785774875, "type": "safe_tx", "device": "node-11-pulsing", "metadata": {}}
{"timestamp": 1785774875, "type": "overflow", "device": "node-14-mixed", "metadata": {"count": 3, "window_sec": 30}}
{"timestamp": 1785774875, "type": "safe_tx", "device": "node-11-pulsing", "metadata": {}}
{"timestamp": 1785774875, "type": "safe_tx", "device": "node-11-pulsing", "metadata": {}}
{"timestamp": 1785774875, "type": "safe_tx", "device": "node-11-pulsing", "metadata": {}}
{"timestamp": 1785774875, "type": "time_anomaly", "device": "node-7-timespoof", "metadata": {}}
{"timestamp": 1785774875, "type": "safe_tx", "device": "node-11-pulsing", "metadata": {}}
{"timestamp": 1785774875, "type": "safe_tx", "device": "node-11-pulsing", "metadata": {}}
{"timestamp": 1785774875, "type": "safe_tx", "device": "node-2-clean", "metadata": {}}
{"timestamp": 1785774875, "type": "safe_tx", "device": "node-11-pulsing", "metadata": {}}
{"timestamp": 1785774875, "type": "safe_tx", "device": "node-11-pulsing", "metadata": {}}
{"timestamp": 1785774875, "type": "safe_tx", "device": "node-11-pulsing", "metadata": {}}
{"timestamp": 1785774875, "type": "safe_tx", "device": "node-11-pulsing", "metadata": {}}
{"timestamp": 1785774875, "type": "safe_tx", "device": "node-11-pulsing", "metadata": {}}
{"timestamp": 1785774875, "type": "dos_spam", "device": "node-11-pulsing", "metadata": {}}
{"timestamp": 1785774875, "type": "safe_tx", "device": "node-11-pulsing", "metadata": {}}
{"timestamp": 1785774875, "type": "safe_tx", "device": "node-12-mixed", "metadata": {}}
{"timestamp": 1785774875, "type": "safe_tx", "device": "node-11-pulsing", "metadata": {}}
{"timestamp": 1785774875, "type": "safe_tx", "device": "node-3-clean", "metadata": {}}
{"timestamp": 1785774875, "type": "safe_tx", "device": "node-10-fuzzer", "metadata": {}}
{"timestamp": 1785774875, "type": "safe_tx", "device": "node-11-pulsing", "metadata": {}}
{"timestamp": 1785774875, "type": "safe_tx", "device": "node-11-pulsing", "metadata": {}}
{"timestamp": 1785774875, "type": "safe_tx", "device": "node-11-pulsing", "metadata": {}}
{"timestamp": 1785774876, "type": "safe_tx", "device": "node-14-mixed", "metadata": {}}
{"timestamp": 1785774876, "type": "safe_tx", "device": "node-15-mixed", "metadata": {}}
{"timestamp": 1785774876, "type": "safe_tx", "device": "node-8-spammer", "metadata": {}}
{"timestamp": 1785774876, "type": "safe_tx", "device": "node-8-spammer", "metadata": {}}
{"timestamp": 1785774876, "type": "safe_tx", "device": "node-8-spammer", "metadata": {}}
{"timestamp": 1785774876, "type": "fuzzing", "device": "node-10-fuzzer", "metadata": {}}
{"timestamp": 1785774876, "type": "safe_tx", "device": "node-1-clean", "metadata": {}}
{"timestamp": 1785774876, "type": "safe_tx", "device": "node-9-stealth", "metadata": {}}
{"timestamp": 1785774876, "type": "safe_tx", "device": "node-13-mixed", "metadata": {}}
{"timestamp": 1785774876, "type": "safe_tx", "device": "node-5-clean", "metadata": {}}
{"timestamp": 1785774877, "type": "safe_tx", "device": "node-14-mixed", "metadata": {}}
{"timestamp": 1785774877, "type": "safe_tx", "device": "node-4-clean", "metadata": {}}
{"timestamp": 1785774877, "type": "safe_tx", "device": "node-8-spammer", "metadata": {}}
{"timestamp": 1785774877, "type": "safe_tx", "device": "node-8-spammer", "metadata": {}}
{"timestamp": 1785774877, "type": "safe_tx", "device": "node-10-fuzzer", "metadata": {}}
{"timestamp": 1785774877, "type": "safe_tx", "device": "node-8-spammer", "metadata": {}}
{"timestamp": 1785774877, "type": "safe_tx", "device": "node-8-spammer", "metadata": {}}
{"timestamp": 1785774877, "type": "safe_tx", "device": "node-8-spammer", "metadata": {}}
{"timestamp": 1785774877, "type": "safe_tx", "device": "node-8-spammer", "metadata": {}}
{"timestamp": 1785774877, "type": "safe_tx", "device": "node-8-spammer", "metadata": {}}
{"timestamp": 1785774877, "type": "safe_tx", "device": "node-8-spammer", "metadata": {}}
{"timestamp": 1785774877, "type": "safe_tx", "device": "node-8-spammer", "metadata": {}}
{"timestamp": 1785774877, "type": "safe_tx", "device": "node-8-spammer", "metadata": {}}
{"timestamp": 1785774878, "type": "safe_tx", "device": "node-3-clean", "metadata": {}}
{"timestamp": 1785774878, "type": "safe_tx", "device": "node-1-clean", "metadata": {}}
{"timestamp": 1785774878, "type": "safe_tx", "device": "node-8-spammer", "metadata": {}}
{"timestamp": 1785774878, "type": "safe_tx", "device": "node-8-spammer", "metadata": {}}
{"timestamp": 1785774878, "type": "dos_spam", "device": "node-8-spammer", "metadata": {}}
{"timestamp": 1785774878, "type": "safe_tx", "device": "node-8-spammer", "metadata": {}}
{"timestamp": 1785774879, "type": "fuzzing", "device": "node-10-fuzzer", "metadata": {}}
{"timestamp": 1785774879, "type": "safe_tx", "device": "node-12-mixed", "metadata": {}}
{"timestamp": 1785774879, "type": "safe_tx", "device": "node-2-clean", "metadata": {}}
{"timestamp": 1785774879, "type": "safe_tx", "device": "node-8-spammer", "metadata": {}}
{"timestamp": 1785774879, "type": "safe_tx", "device": "node-8-spammer", "metadata": {}}
{"timestamp": 1785774879, "type": "safe_tx", "device": "node-8-spammer", "metadata": {}}
{"timestamp": 1785774879, "type": "safe_tx", "device": "node-8-spammer", "metadata": {}}
{"timestamp": 1785774879, "type": "safe_tx", "device": "node-9-stealth", "metadata": {}}
{"timestamp": 1785774879, "type": "safe_tx", "device": "node-8-spammer", "metadata": {}}
{"timestamp": 1785774879, "type": "safe_tx", "device": "node-8-spammer", "metadata": {}}
{"timestamp": 1785774879, "type": "safe_tx", "device": "node-8-spammer", "metadata": {}}
{"timestamp": 1785774879, "type": "safe_tx", "device": "node-8-spammer", "metadata": {}}
{"timestamp": 1785774879, "type": "safe_tx", "device": "node-8-spammer", "metadata": {}}
{"timestamp": 1785774879, "type": "safe_tx", "device": "node-8-spammer", "metadata": {}}
{"timestamp": 1785774879, "type": "safe_tx", "device": "node-8-spammer", "metadata": {}}
{"timestamp": 1785774879, "type": "safe_tx", "device": "node-8-spammer", "metadata": {}}
{"timestamp": 1785774879, "type": "dos_spam", "device": "node-8-spammer", "metadata": {"count": 30, "window_sec": 5}}
{"timestamp": 1785774879, "type": "safe_tx", "device": "node-8-spammer", "metadata": {}}
{"timestamp": 1785774879, "type": "safe_tx", "device": "node-5-clean", "metadata": {}}
{"timestamp": 1785774879, "type": "safe_tx", "device": "node-13-mixed", "metadata": {}}
{"timestamp": 1785774881, "type": "time_anomaly", "device": "node-7-timespoof", "metadata": {}}
{"timestamp": 1785774880, "type": "safe_tx", "device": "node-13-mixed", "metadata": {}}
{"timestamp": 1785774880, "type": "fuzzing", "device": "node-10-fuzzer", "metadata": {}}
{"timestamp": 1785774880, "type": "safe_tx", "device": "node-15-mixed", "metadata": {}}
{"timestamp": 1785774880, "type": "safe_tx", "device": "node-4-clean", "metadata": {}}
{"timestamp": 1785774881, "type": "safe_tx", "device": "node-8-spammer", "metadata": {}}
{"timestamp": 1785774881, "type": "safe_tx", "device": "node-8-spammer", "metadata": {}}
{"timestamp": 1785774881, "type": "dos_spam", "device": "node-8-spammer", "metadata": {}}
{"timestamp": 1785774881, "type": "safe_tx", "device": "node-1-clean", "metadata": {}}
{"timestamp": 1785774881, "type": "safe_tx", "device": "node-4-clean", "metadata": {}}
{"timestamp": 1785774881, "type": "safe_tx", "device": "node-10-fuzzer", "metadata": {}}
{"timestamp": 1785774881, "type": "safe_tx", "device": "node-3-clean", "metadata": {}}
{"timestamp": 1785774881, "type": "safe_tx", "device": "node-4-clean", "metadata": {}}
{"timestamp": 1785774881, "type": "safe_tx", "device": "node-8-spammer", "metadata": {}}
{"timestamp": 1785774881, "type": "safe_tx", "device": "node-10-fuzzer", "metadata": {}}
{"timestamp": 1785774881, "type": "safe_tx", "device": "node-8-spammer", "metadata": {}}
{"timestamp": 1785774881, "type": "safe_tx", "device": "node-9-stealth", "metadata": {}}
{"timestamp": 1785774882, "type": "safe_tx", "device": "node-2-clean", "metadata": {}}
{"timestamp": 1785774882, "type": "safe_tx", "device": "node-13-mixed", "metadata": {}}
{"timestamp": 1785774882, "type": "safe_tx", "device": "node-4-clean", "metadata": {}}
{"timestamp": 1785774882, "type": "safe_tx", "device": "node-12-mixed", "metadata": {}}
{"timestamp": 1785774883, "type": "safe_tx", "device": "node-5-clean", "metadata": {}}
{"timestamp": 1785774883, "type": "safe_tx", "device": "node-14-mixed", "metadata": {}}
{"timestamp": 1785774883, "type": "fuzzing", "device": "node-10-fuzzer", "metadata": {}}
{"timestamp": 1785774884, "type": "safe_tx", "device": "node-2-clean", "metadata": {}}
{"timestamp": 1785774885, "type": "time_anomaly", "device": "node-7-timespoof", "metadata": {}}
{"timestamp": 1785774884, "type": "safe_tx", "device": "node-10-fuzzer", "metadata": {}}
{"timestamp": 1785774884, "type": "safe_tx", "device": "node-8-spammer", "metadata": {}}
{"timestamp": 1785774884, "type": "safe_tx", "device": "node-12-mixed", "metadata": {}}
{"timestamp": 1785774884, "type": "safe_tx", "device": "node-8-spammer", "metadata": {}}
{"timestamp": 1785774884, "type": "safe_tx", "device": "node-8-spammer", "metadata": {}}
{"timestamp": 1785774884, "type": "safe_tx", "device": "node-8-spammer", "metadata": {}}
{"timestamp": 1785774884, "type": "safe_tx", "device": "node-8-spammer", "metadata": {}}
{"timestamp": 1785774884, "type": "safe_tx", "device": "node-8-spammer", "metadata": {}}
{"timestamp": 1785774884, "type": "safe_tx", "device": "node-8-spammer", "metadata": {}}
{"timestamp": 1785774884, "type": "safe_tx", "device": "node-8-spammer", "metadata": {}}
{"timestamp": 1785774884, "type": "safe_tx", "device": "node-8-spammer", "metadata": {}}
{"timestamp": 1785774884, "type": "safe_tx", "device": "node-8-spammer", "metadata": {}}
{"timestamp": 1785774884, "type": "safe_tx", "device": "node-8-spammer", "metadata": {}}
{"timestamp": 1785774884, "type": "safe_tx", "device": "node-3-clean", "metadata": {}}
{"timestamp": 1785774884, "type": "safe_tx", "device": "node-8-spammer", "metadata": {}}
{"timestamp": 1785774884, "type": "safe_tx", "device": "node-8-spammer", "metadata": {}}
{"timestamp": 1785774884, "type": "safe_tx", "device": "node-1-clean", "metadata": {}}
{"timestamp": 1785774884, "type": "safe_tx", "device": "node-8-spammer", "metadata": {}}
{"timestamp": 1785774884, "type": "safe_tx", "device": "node-8-spammer", "metadata": {}}
{"timestamp": 1785774884, "type": "dos_spam", "device": "node-8-spammer", "metadata": {}}
{"timestamp": 1785774884, "type": "safe_tx", "device": "node-8-spammer", "metadata": {}}
{"timestamp": 1785774885, "type": "safe_tx", "device": "node-8-spammer", "metadata": {}}
{"timestamp": 1785774886, "type": "time_anomaly", "device": "node-13-mixed", "metadata": {}}
{"timestamp": 1785774885, "type": "safe_tx", "device": "node-8-spammer", "metadata": {}}
{"timestamp": 1785774885, "type": "safe_tx", "device": "node-8-spammer", "metadata": {}}
{"timestamp": 1785774885, "type": "safe_tx", "device": "node-8-spammer", "metadata": {}}
{"timestamp": 1785774885, "type": "safe_tx", "device": "node-8-spammer", "metadata": {}}
{"timestamp": 1785774885, "type": "safe_tx", "device": "node-8-spammer", "metadata": {}}
{"timestamp": 1785774885, "type": "safe_tx", "device": "node-8-spammer", "metadata": {}}
{"timestamp": 1785774885, "type": "overflow", "device": "node-6-overflow", "metadata": {"count": 3, "window_sec": 30}}
{"timestamp": 1785774885, "type": "fuzzing", "device": "node-10-fuzzer", "metadata": {}}
{"timestamp": 1785774886, "type": "time_anomaly", "device": "node-15-mixed", "metadata": {}}
{"timestamp": 1785774885, "type": "safe_tx", "device": "node-4-clean", "metadata": {}}
{"timestamp": 1785774885, "type": "safe_tx", "device": "node-2-clean", "metadata": {}}
{"timestamp": 1785774886, "type": "fuzzing", "device": "node-10-fuzzer", "metadata": {}}
{"timestamp": 1785774886, "type": "safe_tx", "device": "node-5-clean", "metadata": {}}
{"timestamp": 1785774886, "type": "overflow", "device": "node-14-mixed", "metadata": {"count": 3, "window_sec": 30}}
{"timestamp": 1785774886, "type": "safe_tx", "device": "node-8-spammer", "metadata": {}}
{"timestamp": 1785774886, "type": "safe_tx", "device": "node-8-spammer", "metadata": {}}
{"timestamp": 1785774886, "type": "safe_tx", "device": "node-8-spammer", "metadata": {}}
{"timestamp": 1785774886, "type": "dos_spam", "device": "node-8-spammer", "metadata": {"count": 30, "window_sec": 5}}
{"timestamp": 1785774886, "type": "safe_tx", "device": "node-8-spammer", "metadata": {}}
{"timestamp": 1785774886, "type": "safe_tx", "device": "node-8-spammer", "metadata": {}}
{"timestamp": 1785774886, "type": "safe_tx", "device": "node-8-spammer", "metadata": {}}
{"timestamp": 1785774886, "type": "safe_tx", "device": "node-8-spammer", "metadata": {}}
{"timestamp": 1785774886, "type": "dos_spam", "device": "node-8-spammer", "metadata": {}}
{"timestamp": 1785774886, "type": "safe_tx", "device": "node-8-spammer", "metadata": {}}
{"timestamp": 1785774886, "type": "safe_tx", "device": "node-12-mixed", "metadata": {}}
{"timestamp": 1785774886, "type": "safe_tx", "device": "node-13-mixed", "metadata": {}}
{"timestamp": 1785774887, "type": "safe_tx", "device": "node-9-stealth", "metadata": {}}
{"timestamp": 1785774887, "type": "safe_tx", "device": "node-2-clean", "metadata": {}}
{"timestamp": 1785774887, "type": "safe_tx", "device": "node-1-clean", "metadata": {}}
{"timestamp": 1785774887, "type": "fuzzing", "device": "node-10-fuzzer", "metadata": {}}
{"timestamp": 1785774887, "type": "safe_tx", "device": "node-1-clean", "metadata": {}}
{"timestamp": 1785774887, "type": "safe_tx", "device": "node-2-clean", "metadata": {}}
{"timestamp": 1785774888, "type": "fuzzing", "device": "node-10-fuzzer", "metadata": {}}
{"timestamp": 1785774888, "type": "safe_tx", "device": "node-8-spammer", "metadata": {}}
{"timestamp": 1785774889, "type": "time_anomaly", "device": "node-7-timespoof", "metadata": {}}
{"timestamp": 1785774888, "type": "safe_tx", "device": "node-15-mixed", "metadata": {}}
{"timestamp": 1785774888, "type": "safe_tx", "device": "node-13-mixed", "metadata": {}}
{"timestamp": 1785774889, "type": "safe_tx", "device": "node-2-clean", "metadata": {}}
{"timestamp": 1785774889, "type": "safe_tx", "device": "node-14-mixed", "metadata": {}}
{"timestamp": 1785774889, "type": "safe_tx", "device": "node-5-clean", "metadata": {}}
{"timestamp": 1785774889, "type": "fuzzing", "device": "node-10-fuzzer", "metadata": {}}
{"timestamp": 1785774889, "type": "safe_tx", "device": "node-8-spammer", "metadata": {}}
{"timestamp": 1785774889, "type": "safe_tx", "device": "node-8-spammer", "metadata": {}}
{"timestamp": 1785774889, "type": "safe_tx", "device": "node-8-spammer", "metadata": {}}
{"timestamp": 1785774890, "type": "time_anomaly", "device": "node-15-mixed", "metadata": {}}
{"timestamp": 1785774889, "type": "safe_tx", "device": "node-4-clean", "metadata": {}}
{"timestamp": 1785774889, "type": "safe_tx", "device": "node-10-fuzzer", "metadata": {}}
{"timestamp": 1785774889, "type": "safe_tx", "device": "node-3-clean", "metadata": {}}
{"timestamp": 1785774891, "type": "time_anomaly", "device": "node-12-mixed", "metadata": {}}
{"timestamp": 1785774890, "type": "safe_tx", "device": "node-1-clean", "metadata": {}}
{"timestamp": 1785774890, "type": "safe_tx", "device": "node-8-spammer", "metadata": {}}
{"timestamp": 1785774890, "type": "safe_tx", "device": "node-8-spammer", "metadata": {}}
{"timestamp": 1785774891, "type": "safe_tx", "device": "node-10-fuzzer", "metadata": {}}
{"timestamp": 1785774891, "type": "safe_tx", "device": "node-8-spammer", "metadata": {}}
{"timestamp": 1785774891, "type": "safe_tx", "device": "node-2-clean", "metadata": {}}
{"timestamp": 1785774891, "type": "safe_tx", "device": "node-8-spammer", "metadata": {}}
{"timestamp": 1785774891, "type": "safe_tx", "device": "node-8-spammer", "metadata": {}}
{"timestamp": 1785774891, "type": "safe_tx", "device": "node-8-spammer", "metadata": {}}
{"timestamp": 1785774891, "type": "safe_tx", "device": "node-13-mixed", "metadata": {}}
{"timestamp": 1785774891, "type": "safe_tx", "device": "node-3-clean", "metadata": {}}
{"timestamp": 1785774892, "type": "time_anomaly", "device": "node-7-timespoof", "metadata": {}}
{"timestamp": 1785774891, "type": "safe_tx", "device": "node-8-spammer", "metadata": {}}
{"timestamp": 1785774891, "type": "safe_tx", "device": "node-8-spammer", "metadata": {}}
{"timestamp": 1785774891, "type": "safe_tx", "device": "node-8-spammer", "metadata": {}}
{"timestamp": 1785774891, "type": "safe_tx", "device": "node-8-spammer", "metadata": {}}
{"timestamp": 1785774891, "type": "safe_tx", "device": "node-8-spammer", "metadata": {}}
{"timestamp": 1785774891, "type": "safe_tx", "device": "node-8-spammer", "metadata": {}}
{"timestamp": 1785774891, "type": "dos_spam", "device": "node-8-spammer", "metadata": {}}
{"timestamp": 1785774892, "type": "safe_tx", "device": "node-5-clean", "metadata": {}}
{"timestamp": 1785774892, "type": "safe_tx", "device": "node-9-stealth", "metadata": {}}
{"timestamp": 1785774892, "type": "safe_tx", "device": "node-12-mixed", "metadata": {}}
{"timestamp": 1785774892, "type": "fuzzing", "device": "node-10-fuzzer", "metadata": {}}
{"timestamp": 1785774892, "type": "safe_tx", "device": "node-4-clean", "metadata": {}}
{"timestamp": 1785774892, "type": "safe_tx", "device": "node-15-mixed", "metadata": {}}
{"timestamp": 1785774892, "type": "safe_tx", "device": "node-14-mixed", "metadata": {}}
{"timestamp": 1785774892, "type": "safe_tx", "device": "node-2-clean", "metadata": {}}
{"timestamp": 1785774893, "type": "safe_tx", "device": "node-8-spammer", "metadata": {}}
{"timestamp": 1785774893, "type": "safe_tx", "device": "node-8-spammer", "metadata": {}}
{"timestamp": 1785774893, "type": "safe_tx", "device": "node-8-spammer", "metadata": {}}
{"timestamp": 1785774893, "type": "safe_tx", "device": "node-8-spammer", "metadata": {}}
{"timestamp": 1785774893, "type": "safe_tx", "device": "node-1-clean", "metadata": {}}
{"timestamp": 1785774893, "type": "safe_tx", "device": "node-3-clean", "metadata": {}}
{"timestamp": 1785774893, "type": "fuzzing", "device": "node-10-fuzzer", "metadata": {}}
{"timestamp": 1785774893, "type": "safe_tx", "device": "node-9-stealth", "metadata": {}}
{"timestamp": 1785774894, "type": "fuzzing", "device": "node-10-fuzzer", "metadata": {}}
{"timestamp": 1785774895, "type": "time_anomaly", "device": "node-12-mixed", "metadata": {}}
{"timestamp": 1785774895, "type": "safe_tx", "device": "node-2-clean", "metadata": {}}
{"timestamp": 1785774895, "type": "safe_tx", "device": "node-2-clean", "metadata": {}}
{"timestamp": 1785774895, "type": "safe_tx", "device": "node-4-clean", "metadata": {}}
{"timestamp": 1785774895, "type": "safe_tx", "device": "node-8-spammer", "metadata": {}}
{"timestamp": 1785774895, "type": "safe_tx", "device": "node-14-mixed", "metadata": {}}
{"timestamp": 1785774895, "type": "safe_tx", "device": "node-8-spammer", "metadata": {}}
{"timestamp": 1785774895, "type": "safe_tx", "device": "node-5-clean", "metadata": {}}
{"timestamp": 1785774895, "type": "fuzzing", "device": "node-10-fuzzer", "metadata": {}}
{"timestamp": 1785774896, "type": "safe_tx", "device": "node-1-clean", "metadata": {}}
{"timestamp": 1785774896, "type": "safe_tx", "device": "node-3-clean", "metadata": {}}
{"timestamp": 1785774896, "type": "safe_tx", "device": "node-14-mixed", "metadata": {}}
{"timestamp": 1785774896, "type": "safe_tx", "device": "node-4-clean", "metadata": {}}
{"timestamp": 1785774896, "type": "safe_tx", "device": "node-8-spammer", "metadata": {}}
{"timestamp": 1785774896, "type": "safe_tx", "device": "node-8-spammer", "metadata": {}}
{"timestamp": 1785774896, "type": "safe_tx", "device": "node-5-clean", "metadata": {}}
{"timestamp": 1785774896, "type": "safe_tx", "device": "node-8-spammer", "metadata": {}}
{"timestamp": 1785774896, "type": "safe_tx", "device": "node-8-spammer", "metadata": {}}
{"timestamp": 1785774896, "type": "safe_tx", "device": "node-9-stealth", "metadata": {}}
{"timestamp": 1785774896, "type": "safe_tx", "device": "node-8-spammer", "metadata": {}}
{"timestamp": 1785774898, "type": "time_anomaly", "device": "node-7-timespoof", "metadata": {}}
{"timestamp": 1785774898, "type": "time_anomaly", "device": "node-14-mixed", "metadata": {}}
{"timestamp": 1785774897, "type": "fuzzing", "device": "node-10-fuzzer", "metadata": {}}
{"timestamp": 1785774897, "type": "safe_tx", "device": "node-4-clean", "metadata": {}}
{"timestamp": 1785774897, "type": "safe_tx", "device": "node-3-clean", "metadata": {}}
{"timestamp": 1785774898, "type": "safe_tx", "device": "node-14-mixed", "metadata": {}}
{"timestamp": 1785774898, "type": "safe_tx", "device": "node-2-clean", "metadata": {}}
{"timestamp": 1785774898, "type": "safe_tx", "device": "node-12-mixed", "metadata": {}}
{"timestamp": 1785774898, "type": "safe_tx", "device": "node-8-spammer", "metadata": {}}
{"timestamp": 1785774898, "type": "safe_tx", "device": "node-8-spammer", "metadata": {}}
{"timestamp": 1785774898, "type": "safe_tx", "device": "node-8-spammer", "metadata": {}}
{"timestamp": 1785774898, "type": "safe_tx", "device": "node-8-spammer", "metadata": {}}
{"timestamp": 1785774898, "type": "safe_tx", "device": "node-15-mixed", "metadata": {}}
{"timestamp": 1785774898, "type": "safe_tx", "device": "node-8-spammer", "metadata": {}}
{"timestamp": 1785774898, "type": "safe_tx", "device": "node-8-spammer", "metadata": {}}
{"timestamp": 1785774898, "type": "safe_tx", "device": "node-8-spammer", "metadata": {}}
{"timestamp": 1785774898, "type": "safe_tx", "device": "node-5-clean", "metadata": {}}
{"timestamp": 1785774898, "type": "safe_tx", "device": "node-8-spammer", "metadata": {}}
{"timestamp": 1785774898, "type": "fuzzing", "device": "node-10-fuzzer", "metadata": {}}
{"timestamp": 1785774898, "type": "safe_tx", "device": "node-8-spammer", "metadata": {}}
{"timestamp": 1785774898, "type": "safe_tx", "device": "node-8-spammer", "metadata": {}}
{"timestamp": 1785774898, "type": "dos_spam", "device": "node-8-spammer", "metadata": {}}
{"timestamp": 1785774898, "type": "safe_tx", "device": "node-8-spammer", "metadata": {}}
{"timestamp": 1785774898, "type": "safe_tx", "device": "node-8-spammer", "metadata": {}}
{"timestamp": 1785774898, "type": "safe_tx", "device": "node-4-clean", "metadata": {}}
{"timestamp": 1785774899, "type": "safe_tx", "device": "node-1-clean", "metadata": {}}
{"timestamp": 1785774899, "type": "safe_tx", "device": "node-9-stealth", "metadata": {}}
{"timestamp": 1785774899, "type": "safe_tx", "device": "node-14-mixed", "metadata": {}}
{"timestamp": 1785774899, "type": "safe_tx", "device": "node-13-mixed", "metadata": {}}
{"timestamp": 1785774899, "type": "safe_tx", "device": "node-5-clean", "metadata": {}}
{"timestamp": 1785774899, "type": "fuzzing", "device": "node-10-fuzzer", "metadata": {}}
{"timestamp": 1785774899, "type": "safe_tx", "device": "node-12-mixed", "metadata": {}}
{"timestamp": 1785774900, "type": "safe_tx", "device": "node-8-spammer", "metadata": {}}
{"timestamp": 1785774900, "type": "safe_tx", "device": "node-2-clean", "metadata": {}}
{"timestamp": 1785774900, "type": "safe_tx", "device": "node-8-spammer", "metadata": {}}
{"timestamp": 1785774900, "type": "safe_tx", "device": "node-8-spammer", "metadata": {}}
{"timestamp": 1785774900, "type": "safe_tx", "device": "node-8-spammer", "metadata": {}}
{"timestamp": 1785774900, "type": "safe_tx", "device": "node-11-pulsing", "metadata": {}}
{"timestamp": 1785774900, "type": "safe_tx", "device": "node-8-spammer", "metadata": {}}
{"timestamp": 1785774900, "type": "safe_tx", "device": "node-8-spammer", "metadata": {}}
{"timestamp": 1785774900, "type": "safe_tx", "device": "node-11-pulsing", "metadata": {}}
{"timestamp": 1785774900, "type": "safe_tx", "device": "node-8-spammer", "metadata": {}}
{"timestamp": 1785774900, "type": "safe_tx", "device": "node-8-spammer", "metadata": {}}
{"timestamp": 1785774900, "type": "safe_tx", "device": "node-11-pulsing", "metadata": {}}
{"timestamp": 1785774900, "type": "safe_tx", "device": "node-8-spammer", "metadata": {}}
{"timestamp": 1785774900, "type": "safe_tx", "device": "node-11-pulsing", "metadata": {}}
{"timestamp": 1785774900, "type": "safe_tx", "device": "node-8-spammer", "metadata": {}}
{"timestamp": 1785774900, "type": "safe_tx", "device": "node-8-spammer", "metadata": {}}
{"timestamp": 1785774900, "type": "dos_spam", "device": "node-8-spammer", "metadata": {"count": 30, "window_sec": 5}}
{"timestamp": 1785774900, "type": "safe_tx", "device": "node-11-pulsing", "metadata": {}}
{"timestamp": 1785774900, "type": "safe_tx", "device": "node-11-pulsing", "metadata": {}}
{"timestamp": 1785774900, "type": "safe_tx", "device": "node-11-pulsing", "metadata": {}}
{"timestamp": 1785774900, "type": "safe_tx", "device": "node-11-pulsing", "metadata": {}}
{"timestamp": 1785774900, "type": "safe_tx", "device": "node-11-pulsing", "metadata": {}}
{"timestamp": 1785774900, "type": "safe_tx", "device": "node-3-clean", "metadata": {}}
{"timestamp": 1785774900, "type": "safe_tx", "device": "node-11-pulsing", "metadata": {}}
{"timestamp": 1785774900, "type": "safe_tx", "device": "node-5-clean", "metadata": {}}
{"timestamp": 1785774900, "type": "safe_tx", "device": "node-11-pulsing", "metadata": {}}
{"timestamp": 1785774900, "type": "safe_tx", "device": "node-11-pulsing", "metadata": {}}
{"timestamp": 1785774900, "type": "safe_tx", "device": "node-11-pulsing", "metadata": {}}
{"timestamp": 1785774900, "type": "safe_tx", "device": "node-11-pulsing", "metadata": {}}
{"timestamp": 1785774900, "type": "safe_tx", "device": "node-14-mixed", "metadata": {}}
{"timestamp": 1785774900, "type": "safe_tx", "device": "node-11-pulsing", "metadata": {}}
{"timestamp": 1785774900, "type": "dos_spam", "device": "node-11-pulsing", "metadata": {}}
{"timestamp": 1785774900, "type": "safe_tx", "device": "node-11-pulsing", "metadata": {}}
{"timestamp": 1785774900, "type": "safe_tx", "device": "node-9-stealth", "metadata": {}}
{"timestamp": 1785774900, "type": "safe_tx", "device": "node-8-spammer", "metadata": {}}
{"timestamp": 1785774901, "type": "time_anomaly", "device": "node-7-timespoof", "metadata": {}}
{"timestamp": 1785774901, "type": "safe_tx", "device": "node-8-spammer", "metadata": {}}
{"timestamp": 1785774901, "type": "safe_tx", "device": "node-11-pulsing", "metadata": {}}
{"timestamp": 1785774901, "type": "safe_tx", "device": "node-8-spammer", "metadata": {}}
{"timestamp": 1785774901, "type": "safe_tx", "device": "node-11-pulsing", "metadata": {}}
{"timestamp": 1785774901, "type": "safe_tx", "device": "node-11-pulsing", "metadata": {}}
{"timestamp": 1785774901, "type": "safe_tx", "device": "node-11-pulsing", "metadata": {}}
{"timestamp": 1785774901, "type": "safe_tx", "device": "node-10-fuzzer", "metadata": {}}
{"timestamp": 1785774901, "type": "safe_tx", "device": "node-5-clean", "metadata": {}}
{"timestamp": 1785774902, "type": "time_anomaly", "device": "node-13-mixed", "metadata": {}}
{"timestamp": 1785774901, "type": "safe_tx", "device": "node-8-spammer", "metadata": {}}
{"timestamp": 1785774901, "type": "dos_spam", "device": "node-8-spammer", "metadata": {}}
{"timestamp": 1785774902, "type": "safe_tx", "device": "node-8-spammer", "metadata": {}}
{"timestamp": 1785774902, "type": "safe_tx", "device": "node-8-spammer", "metadata": {}}
{"timestamp": 1785774902, "type": "safe_tx", "device": "node-5-clean", "metadata": {}}
{"timestamp": 1785774902, "type": "safe_tx", "device": "node-8-spammer", "metadata": {}}
{"timestamp": 1785774902, "type": "safe_tx", "device": "node-2-clean", "metadata": {}}
{"timestamp": 1785774902, "type": "safe_tx", "device": "node-10-fuzzer", "metadata": {}}
{"timestamp": 1785774902, "type": "safe_tx", "device": "node-4-clean", "metadata": {}}
{"timestamp": 1785774902, "type": "safe_tx", "device": "node-1-clean", "metadata": {}}
{"timestamp": 1785774902, "type": "safe_tx", "device": "node-10-fuzzer", "metadata": {}}
{"timestamp": 1785774903, "type": "safe_tx", "device": "node-8-spammer", "metadata": {}}
{"timestamp": 1785774903, "type": "safe_tx", "device": "node-8-spammer", "metadata": {}}
{"timestamp": 1785774903, "type": "safe_tx", "device": "node-8-spammer", "metadata": {}}
{"timestamp": 1785774903, "type": "safe_tx", "device": "node-1-clean", "metadata": {}}
{"timestamp": 1785774903, "type": "safe_tx", "device": "node-8-spammer", "metadata": {}}
{"timestamp": 1785774903, "type": "safe_tx", "device": "node-3-clean", "metadata": {}}
{"timestamp": 1785774903, "type": "safe_tx", "device": "node-15-mixed", "metadata": {}}
{"timestamp": 1785774904, "type": "time_anomaly", "device": "node-7-timespoof", "metadata": {}}
{"timestamp": 1785774904, "type": "fuzzing", "device": "node-10-fuzzer", "metadata": {}}
{"timestamp": 1785774904, "type": "safe_tx", "device": "node-12-mixed", "metadata": {}}
{"timestamp": 1785774904, "type": "safe_tx", "device": "node-3-clean", "metadata": {}}
{"timestamp": 1785774904, "type": "safe_tx", "device": "node-5-clean", "metadata": {}}
{"timestamp": 1785774905, "type": "safe_tx", "device": "node-5-clean", "metadata": {}}
{"timestamp": 1785774905, "type": "safe_tx", "device": "node-1-clean", "metadata": {}}
{"timestamp": 1785774905, "type": "safe_tx", "device": "node-9-stealth", "metadata": {}}
{"timestamp": 1785774905, "type": "safe_tx", "device": "node-8-spammer", "metadata": {}}
{"timestamp": 1785774905, "type": "safe_tx", "device": "node-8-spammer", "metadata": {}}
{"timestamp": 1785774906, "type": "time_anomaly", "device": "node-12-mixed", "metadata": {}}
{"timestamp": 1785774905, "type": "safe_tx", "device": "node-8-spammer", "metadata": {}}
{"timestamp": 1785774905, "type": "safe_tx", "device": "node-8-spammer", "metadata": {}}
{"timestamp": 1785774905, "type": "safe_tx", "device": "node-8-spammer", "metadata": {}}
{"timestamp": 1785774905, "type": "safe_tx", "device": "node-8-spammer", "metadata": {}}
{"timestamp": 1785774905, "type": "safe_tx", "device": "node-2-clean", "metadata": {}}
{"timestamp": 1785774905, "type": "overflow", "device": "node-14-mixed", "metadata": {"count": 3, "window_sec": 30}}
{"timestamp": 1785774905, "type": "safe_tx", "device": "node-15-mixed", "metadata": {}}
{"timestamp": 1785774906, "type": "safe_tx", "device": "node-10-fuzzer", "metadata": {}}
{"timestamp": 1785774906, "type": "safe_tx", "device": "node-1-clean", "metadata": {}}
{"timestamp": 1785774907, "type": "time_anomaly", "device": "node-7-timespoof", "metadata": {}}
{"timestamp": 1785774906, "type": "safe_tx", "device": "node-13-mixed", "metadata": {}}
{"timestamp": 1785774907, "type": "safe_tx", "device": "node-4-clean", "metadata": {}}
{"timestamp": 1785774907, "type": "fuzzing", "device": "node-10-fuzzer", "metadata": {}}
{"timestamp": 1785774907, "type": "safe_tx", "device": "node-5-clean", "metadata": {}}
{"timestamp": 1785774907, "type": "safe_tx", "device": "node-12-mixed", "metadata": {}}
{"timestamp": 1785774907, "type": "fuzzing", "device": "node-10-fuzzer", "metadata": {}}
{"timestamp": 1785774907, "type": "safe_tx", "device": "node-8-spammer", "metadata": {}}
{"timestamp": 1785774907, "type": "safe_tx", "device": "node-3-clean", "metadata": {}}
{"timestamp": 1785774907, "type": "safe_tx", "device": "node-8-spammer", "metadata": {}}
{"timestamp": 1785774907, "type": "safe_tx", "device": "node-8-spammer", "metadata": {}}
{"timestamp": 1785774907, "type": "safe_tx", "device": "node-8-spammer", "metadata": {}}
{"timestamp": 1785774907, "type": "safe_tx", "device": "node-8-spammer", "metadata": {}}
{"timestamp": 1785774908, "type": "safe_tx", "device": "node-8-spammer", "metadata": {}}
{"timestamp": 1785774908, "type": "safe_tx", "device": "node-8-spammer", "metadata": {}}
{"timestamp": 1785774908, "type": "safe_tx", "device": "node-8-spammer", "metadata": {}}
{"timestamp": 1785774908, "type": "safe_tx", "device": "node-8-spammer", "metadata": {}}
{"timestamp": 1785774908, "type": "safe_tx", "device": "node-8-spammer", "metadata": {}}
{"timestamp": 1785774908, "type": "safe_tx", "device": "node-8-spammer", "metadata": {}}
{"timestamp": 1785774908, "type": "safe_tx", "device": "node-8-spammer", "metadata": {}}
{"timestamp": 1785774908, "type": "safe_tx", "device": "node-8-spammer", "metadata": {}}
{"timestamp": 1785774908, "type": "safe_tx", "device": "node-8-spammer", "metadata": {}}
{"timestamp": 1785774908, "type": "safe_tx", "device": "node-8-spammer", "metadata": {}}
{"timestamp": 1785774908, "type": "dos_spam", "device": "node-8-spammer", "metadata": {}}
{"timestamp": 1785774908, "type": "safe_tx", "device": "node-8-spammer", "metadata": {}}
{"timestamp": 1785774908, "type": "safe_tx", "device": "node-15-mixed", "metadata": {}}
{"timestamp": 1785774908, "type": "safe_tx", "device": "node-1-clean", "metadata": {}}
{"timestamp": 1785774908, "type": "safe_tx", "device": "node-9-stealth", "metadata": {}}
{"timestamp": 1785774909, "type": "safe_tx", "device": "node-13-mixed", "metadata": {}}
{"timestamp": 1785774909, "type": "time_anomaly", "device": "node-14-mixed", "metadata": {}}
{"timestamp": 1785774909, "type": "safe_tx", "device": "node-2-clean", "metadata": {}}
{"timestamp": 1785774909, "type": "safe_tx", "device": "node-8-spammer", "metadata": {}}
{"timestamp": 1785774909, "type": "safe_tx", "device": "node-8-spammer", "metadata": {}}
{"timestamp": 1785774909, "type": "safe_tx", "device": "node-8-spammer", "metadata": {}}
{"timestamp": 1785774909, "type": "fuzzing", "device": "node-10-fuzzer", "metadata": {}}
{"timestamp": 1785774909, "type": "safe_tx", "device": "node-4-clean", "metadata": {}}
{"timestamp": 1785774909, "type": "safe_tx", "device": "node-9-stealth", "metadata": {}}
{"timestamp": 1785774909, "type": "safe_tx", "device": "node-12-mixed", "metadata": {}}
{"timestamp": 1785774909, "type": "safe_tx", "device": "node-5-clean", "metadata": {}}
{"timestamp": 1785774910, "type": "safe_tx", "device": "node-8-spammer", "metadata": {}}
{"timestamp": 1785774910, "type": "safe_tx", "device": "node-8-spammer", "metadata": {}}
{"timestamp": 1785774910, "type": "safe_tx", "device": "node-9-stealth", "metadata": {}}
{"timestamp": 1785774910, "type": "safe_tx", "device": "node-8-spammer", "metadata": {}}
{"timestamp": 1785774910, "type": "safe_tx", "device": "node-3-clean", "metadata": {}}
{"timestamp": 1785774910, "type": "safe_tx", "device": "node-8-spammer", "metadata": {}}
{"timestamp": 1785774910, "type": "safe_tx", "device": "node-8-spammer", "metadata": {}}
{"timestamp": 1785774910, "type": "dos_spam", "device": "node-8-spammer", "metadata": {"count": 30, "window_sec": 5}}
{"timestamp": 1785774910, "type": "safe_tx", "device": "node-4-clean", "metadata": {}}
{"timestamp": 1785774910, "type": "fuzzing", "device": "node-10-fuzzer", "metadata": {}}
{"timestamp": 1785774910, "type": "safe_tx", "device": "node-1-clean", "metadata": {}}
{"timestamp": 1785774910, "type": "overflow", "device": "node-6-overflow", "metadata": {"count": 3, "window_sec": 30}}
{"timestamp": 1785774910, "type": "safe_tx", "device": "node-8-spammer", "metadata": {}}
{"timestamp": 1785774910, "type": "safe_tx", "device": "node-5-clean", "metadata": {}}
{"timestamp": 1785774911, "type": "safe_tx", "device": "node-5-clean", "metadata": {}}
{"timestamp": 1785774911, "type": "safe_tx", "device": "node-3-clean", "metadata": {}}
{"timestamp": 1785774912, "type": "time_anomaly", "device": "node-12-mixed", "metadata": {}}
{"timestamp": 1785774912, "type": "time_anomaly", "device": "node-7-timespoof", "metadata": {}}
{"timestamp": 1785774911, "type": "safe_tx", "device": "node-14-mixed", "metadata": {}}
{"timestamp": 1785774911, "type": "fuzzing", "device": "node-10-fuzzer", "metadata": {}}
{"timestamp": 1785774912, "type": "safe_tx", "device": "node-2-clean", "metadata": {}}
{"timestamp": 1785774912, "type": "safe_tx", "device": "node-14-mixed", "metadata": {}}
{"timestamp": 1785774912, "type": "safe_tx", "device": "node-8-spammer", "metadata": {}}
{"timestamp": 1785774912, "type": "overflow", "device": "node-13-mixed", "metadata": {"count": 3, "window_sec": 30}}
{"timestamp": 1785774912, "type": "safe_tx", "device": "node-8-spammer", "metadata": {}}
{"timestamp": 1785774912, "type": "safe_tx", "device": "node-8-spammer", "metadata": {}}
{"timestamp": 1785774912, "type": "safe_tx", "device": "node-8-spammer", "metadata": {}}
{"timestamp": 1785774912, "type": "safe_tx", "device": "node-8-spammer", "metadata": {}}
{"timestamp": 1785774912, "type": "safe_tx", "device": "node-1-clean", "metadata": {}}
{"timestamp": 1785774912, "type": "safe_tx", "device": "node-8-spammer", "metadata": {}}
{"timestamp": 1785774912, "type": "safe_tx", "device": "node-8-spammer", "metadata": {}}
{"timestamp": 1785774912, "type": "safe_tx", "device": "node-14-mixed", "metadata": {}}
{"timestamp": 1785774912, "type": "safe_tx", "device": "node-4-clean", "metadata": {}}
{"timestamp": 1785774913, "type": "safe_tx", "device": "node-9-stealth", "metadata": {}}
{"timestamp": 1785774914, "type": "time_anomaly", "device": "node-15-mixed", "metadata": {}}
{"timestamp": 1785774913, "type": "safe_tx", "device": "node-8-spammer", "metadata": {}}
{"timestamp": 1785774913, "type": "safe_tx", "device": "node-10-fuzzer", "metadata": {}}
{"timestamp": 1785774913, "type": "safe_tx", "device": "node-8-spammer", "metadata": {}}
{"timestamp": 1785774913, "type": "safe_tx", "device": "node-8-spammer", "metadata": {}}
{"timestamp": 1785774913, "type": "safe_tx", "device": "node-8-spammer", "metadata": {}}
{"timestamp": 1785774913, "type": "safe_tx", "device": "node-8-spammer", "metadata": {}}
{"timestamp": 1785774913, "type": "safe_tx", "device": "node-8-spammer", "metadata": {}}
{"timestamp": 1785774913, "type": "safe_tx", "device": "node-8-spammer", "metadata": {}}
{"timestamp": 1785774913, "type": "safe_tx", "device": "node-8-spammer", "metadata": {}}
{"timestamp": 1785774913, "type": "dos_spam", "device": "node-8-spammer", "metadata": {}}
{"timestamp": 1785774914, "type": "safe_tx", "device": "node-12-mixed", "metadata": {}}
{"timestamp": 1785774914, "type": "safe_tx", "device": "node-13-mixed", "metadata": {}}
{"timestamp": 1785774914, "type": "fuzzing", "device": "node-10-fuzzer", "metadata": {}}
{"timestamp": 1785774914, "type": "safe_tx", "device": "node-9-stealth", "metadata": {}}
{"timestamp": 1785774914, "type": "safe_tx", "device": "node-8-spammer", "metadata": {}}
{"timestamp": 1785774915, "type": "safe_tx", "device": "node-5-clean", "metadata": {}}
{"timestamp": 1785774915, "type": "safe_tx", "device": "node-4-clean", "metadata": {}}
{"timestamp": 1785774915, "type": "safe_tx", "device": "node-3-clean", "metadata": {}}
{"timestamp": 1785774915, "type": "safe_tx", "device": "node-9-stealth", "metadata": {}}
{"timestamp": 1785774915, "type": "safe_tx", "device": "node-2-clean", "metadata": {}}
{"timestamp": 1785774915, "type": "safe_tx", "device": "node-1-clean", "metadata": {}}
{"timestamp": 1785774915, "type": "safe_tx", "device": "node-10-fuzzer", "metadata": {}}
{"timestamp": 1785774915, "type": "safe_tx", "device": "node-15-mixed", "metadata": {}}
{"timestamp": 1785774917, "type": "time_anomaly", "device": "node-7-timespoof", "metadata": {}}
{"timestamp": 1785774916, "type": "fuzzing", "device": "node-10-fuzzer", "metadata": {}}
{"timestamp": 1785774916, "type": "safe_tx", "device": "node-8-spammer", "metadata": {}}
{"timestamp": 1785774916, "type": "safe_tx", "device": "node-8-spammer", "metadata": {}}
{"timestamp": 1785774916, "type": "safe_tx", "device": "node-8-spammer", "metadata": {}}
{"timestamp": 1785774916, "type": "safe_tx", "device": "node-8-spammer", "metadata": {}}
{"timestamp": 1785774916, "type": "safe_tx", "device": "node-8-spammer", "metadata": {}}
{"timestamp": 1785774916, "type": "safe_tx", "device": "node-8-spammer", "metadata": {}}
{"timestamp": 1785774916, "type": "safe_tx", "device": "node-8-spammer", "metadata": {}}
{"timestamp": 1785774916, "type": "safe_tx", "device": "node-8-spammer", "metadata": {}}
{"timestamp": 1785774916, "type": "safe_tx", "device": "node-4-clean", "metadata": {}}
{"timestamp": 1785774916, "type": "safe_tx", "device": "node-3-clean", "metadata": {}}
{"timestamp": 1785774917, "type": "safe_tx", "device": "node-12-mixed", "metadata": {}}
{"timestamp": 1785774917, "type": "safe_tx", "device": "node-13-mixed", "metadata": {}}
{"timestamp": 1785774917, "type": "safe_tx", "device": "node-3-clean", "metadata": {}}
{"timestamp": 1785774917, "type": "safe_tx", "device": "node-4-clean", "metadata": {}}
{"timestamp": 1785774917, "type": "safe_tx", "device": "node-5-clean", "metadata": {}}
{"timestamp": 1785774917, "type": "safe_tx", "device": "node-10-fuzzer", "metadata": {}}
{"timestamp": 1785774917, "type": "safe_tx", "device": "node-6-overflow", "metadata": {}}
{"timestamp": 1785774917, "type": "safe_tx", "device": "node-13-mixed", "metadata": {}}
{"timestamp": 1785774918, "type": "safe_tx", "device": "node-8-spammer", "metadata": {}}
{"timestamp": 1785774918, "type": "safe_tx", "device": "node-8-spammer", "metadata": {}}
{"timestamp": 1785774918, "type": "safe_tx", "device": "node-8-spammer", "metadata": {}}
{"timestamp": 1785774919, "type": "time_anomaly", "device": "node-7-timespoof", "metadata": {}}
{"timestamp": 1785774918, "type": "safe_tx", "device": "node-14-mixed", "metadata": {}}
{"timestamp": 1785774918, "type": "safe_tx", "device": "node-2-clean", "metadata": {}}
{"timestamp": 1785774918, "type": "safe_tx", "device": "node-1-clean", "metadata": {}}
{"timestamp": 1785774919, "type": "safe_tx", "device": "node-15-mixed", "metadata": {}}
{"timestamp": 1785774919, "type": "safe_tx", "device": "node-8-spammer", "metadata": {}}
{"timestamp": 1785774919, "type": "safe_tx", "device": "node-8-spammer", "metadata": {}}
{"timestamp": 1785774919, "type": "fuzzing", "device": "node-10-fuzzer", "metadata": {}}
{"timestamp": 1785774919, "type": "safe_tx", "device": "node-8-spammer", "metadata": {}}
{"timestamp": 1785774919, "type": "safe_tx", "device": "node-8-spammer", "metadata": {}}
{"timestamp": 1785774920, "type": "time_anomaly", "device": "node-12-mixed", "metadata": {}}
{"timestamp": 1785774919, "type": "safe_tx", "device": "node-14-mixed", "metadata": {}}
{"timestamp": 1785774919, "type": "safe_tx", "device": "node-9-stealth", "metadata": {}}
{"timestamp": 1785774920, "type": "safe_tx", "device": "node-8-spammer", "metadata": {}}
{"timestamp": 1785774920, "type": "safe_tx", "device": "node-8-spammer", "metadata": {}}
{"timestamp": 1785774920, "type": "safe_tx", "device": "node-8-spammer", "metadata": {}}
{"timestamp": 1785774920, "type": "safe_tx", "device": "node-8-spammer", "metadata": {}}
{"timestamp": 1785774920, "type": "safe_tx", "device": "node-8-spammer", "metadata": {}}
{"timestamp": 1785774920, "type": "safe_tx", "device": "node-8-spammer", "metadata": {}}
{"timestamp": 1785774920, "type": "safe_tx", "device": "node-5-clean", "metadata": {}}
{"timestamp": 1785774921, "type": "time_anomaly", "device": "node-7-timespoof", "metadata": {}}
{"timestamp": 1785774920, "type": "safe_tx", "device": "node-14-mixed", "metadata": {}}
{"timestamp": 1785774920, "type": "safe_tx", "device": "node-4-clean", "metadata": {}}
{"timestamp": 1785774921, "type": "time_anomaly", "device": "node-13-mixed", "metadata": {}}
{"timestamp": 1785774920, "type": "safe_tx", "device": "node-12-mixed", "metadata": {}}
{"timestamp": 1785774920, "type": "safe_tx", "device": "node-9-stealth", "metadata": {}}
{"timestamp": 1785774921, "type": "fuzzing", "device": "node-10-fuzzer", "metadata": {}}
{"timestamp": 1785774921, "type": "safe_tx", "device": "node-2-clean", "metadata": {}}
{"timestamp": 1785774921, "type": "safe_tx", "device": "node-4-clean", "metadata": {}}
{"timestamp": 1785774921, "type": "safe_tx", "device": "node-3-clean", "metadata": {}}
{"timestamp": 1785774921, "type": "safe_tx", "device": "node-10-fuzzer", "metadata": {}}
{"timestamp": 1785774921, "type": "safe_tx", "device": "node-8-spammer", "metadata": {}}
{"timestamp": 1785774921, "type": "safe_tx", "device": "node-8-spammer", "metadata": {}}
{"timestamp": 1785774921, "type": "safe_tx", "device": "node-8-spammer", "metadata": {}}
{"timestamp": 1785774921, "type": "safe_tx", "device": "node-8-spammer", "metadata": {}}
{"timestamp": 1785774921, "type": "safe_tx", "device": "node-8-spammer", "metadata": {}}
{"timestamp": 1785774921, "type": "dos_spam", "device": "node-8-spammer", "metadata": {}}
{"timestamp": 1785774921, "type": "safe_tx", "device": "node-8-spammer", "metadata": {}}
{"timestamp": 1785774921, "type": "safe_tx", "device": "node-8-spammer", "metadata": {}}
{"timestamp": 1785774921, "type": "safe_tx", "device": "node-8-spammer", "metadata": {}}
{"timestamp": 1785774921, "type": "safe_tx", "device": "node-8-spammer", "metadata": {}}
{"timestamp": 1785774921, "type": "dos_spam", "device": "node-8-spammer", "metadata": {"count": 30, "window_sec": 5}}
{"timestamp": 1785774921, "type": "safe_tx", "device": "node-1-clean", "metadata": {}}
{"timestamp": 1785774921, "type": "safe_tx", "device": "node-8-spammer", "metadata": {}}
{"timestamp": 1785774921, "type": "safe_tx", "device": "node-15-mixed", "metadata": {}}
{"timestamp": 1785774921, "type": "safe_tx", "device": "node-5-clean", "metadata": {}}
{"timestamp": 1785774921, "type": "safe_tx", "device": "node-8-spammer", "metadata": {}}
{"timestamp": 1785774922, "type": "safe_tx", "device": "node-8-spammer", "metadata": {}}
{"timestamp": 1785774922, "type": "safe_tx", "device": "node-8-spammer", "metadata": {}}
{"timestamp": 1785774922, "type": "safe_tx", "device": "node-8-spammer", "metadata": {}}
{"timestamp": 1785774922, "type": "safe_tx", "device": "node-8-spammer", "metadata": {}}
{"timestamp": 1785774922, "type": "safe_tx", "device": "node-9-stealth", "metadata": {}}
{"timestamp": 1785774922, "type": "safe_tx", "device": "node-4-clean", "metadata": {}}
{"timestamp": 1785774923, "type": "safe_tx", "device": "node-9-stealth", "metadata": {}}
{"timestamp": 1785774923, "type": "safe_tx", "device": "node-8-spammer", "metadata": {}}
{"timestamp": 1785774923, "type": "safe_tx", "device": "node-8-spammer", "metadata": {}}
{"timestamp": 1785774923, "type": "fuzzing", "device": "node-10-fuzzer", "metadata": {}}
{"timestamp": 1785774923, "type": "safe_tx", "device": "node-2-clean", "metadata": {}}
{"timestamp": 1785774923, "type": "safe_tx", "device": "node-8-spammer", "metadata": {}}
{"timestamp": 1785774923, "type": "safe_tx", "device": "node-8-spammer", "metadata": {}}
{"timestamp": 1785774923, "type": "safe_tx", "device": "node-8-spammer", "metadata": {}}
{"timestamp": 1785774923, "type": "dos_spam", "device": "node-8-spammer", "metadata": {}}
{"timestamp": 1785774923, "type": "safe_tx", "device": "node-11-pulsing", "metadata": {}}
{"timestamp": 1785774923, "type": "safe_tx", "device": "node-8-spammer", "metadata": {}}
{"timestamp": 1785774923, "type": "safe_tx", "device": "node-11-pulsing", "metadata": {}}
{"timestamp": 1785774923, "type": "safe_tx", "device": "node-8-spammer", "metadata": {}}
{"timestamp": 1785774923, "type": "safe_tx", "device": "node-11-pulsing", "metadata": {}}
{"timestamp": 1785774923, "type": "safe_tx", "device": "node-11-pulsing", "metadata": {}}
{"timestamp": 1785774923, "type": "safe_tx", "device": "node-12-mixed", "metadata": {}}
{"timestamp": 1785774923, "type": "safe_tx", "device": "node-11-pulsing", "metadata": {}}
{"timestamp": 1785774923, "type": "safe_tx", "device": "node-11-pulsing", "metadata": {}}
{"timestamp": 1785774923, "type": "safe_tx", "device": "node-11-pulsing", "metadata": {}}
{"timestamp": 1785774923, "type": "safe_tx", "device": "node-11-pulsing", "metadata": {}}
{"timestamp": 1785774923, "type": "safe_tx", "device": "node-11-pulsing", "metadata": {}}
{"timestamp": 1785774924, "type": "time_anomaly", "device": "node-14-mixed", "metadata": {}}
{"timestamp": 1785774923, "type": "safe_tx", "device": "node-11-pulsing", "metadata": {}}
{"timestamp": 1785774923, "type": "safe_tx", "device": "node-11-pulsing", "metadata": {}}
{"timestamp": 1785774923, "type": "safe_tx", "device": "node-3-clean", "metadata": {}}
{"timestamp": 1785774924, "type": "safe_tx", "device": "node-11-pulsing", "metadata": {}}
{"timestamp": 1785774924, "type": "safe_tx", "device": "node-11-pulsing", "metadata": {}}
{"timestamp": 1785774924, "type": "safe_tx", "device": "node-11-pulsing", "metadata": {}}
{"timestamp": 1785774924, "type": "safe_tx", "device": "node-11-pulsing", "metadata": {}}
{"timestamp": 1785774924, "type": "dos_spam", "device": "node-11-pulsing", "metadata": {}}
{"timestamp": 1785774924, "type": "safe_tx", "device": "node-14-mixed", "metadata": {}}
{"timestamp": 1785774924, "type": "safe_tx", "device": "node-13-mixed", "metadata": {}}
{"timestamp": 1785774924, "type": "safe_tx", "device": "node-11-pulsing", "metadata": {}}
{"timestamp": 1785774924, "type": "safe_tx", "device": "node-11-pulsing", "metadata": {}}
{"timestamp": 1785774924, "type": "safe_tx", "device": "node-11-pulsing", "metadata": {}}
{"timestamp": 1785774924, "type": "safe_tx", "device": "node-8-spammer", "metadata": {}}
{"timestamp": 1785774924, "type": "safe_tx", "device": "node-11-pulsing", "metadata": {}}
{"timestamp": 1785774924, "type": "safe_tx", "device": "node-11-pulsing", "metadata": {}}
{"timestamp": 1785774924, "type": "safe_tx", "device": "node-1-clean", "metadata": {}}
{"timestamp": 1785774925, "type": "time_anomaly", "device": "node-14-mixed", "metadata": {}}
{"timestamp": 1785774925, "type": "safe_tx", "device": "node-4-clean", "metadata": {}}
{"timestamp": 1785774925, "type": "overflow", "device": "node-15-mixed", "metadata": {"count": 3, "window_sec": 30}}
{"timestamp": 1785774925, "type": "safe_tx", "device": "node-5-clean", "metadata": {}}
{"timestamp": 1785774925, "type": "safe_tx", "device": "node-4-clean", "metadata": {}}
{"timestamp": 1785774925, "type": "safe_tx", "device": "node-12-mixed", "metadata": {}}
{"timestamp": 1785774925, "type": "safe_tx", "device": "node-8-spammer", "metadata": {}}
{"timestamp": 1785774926, "type": "safe_tx", "device": "node-4-clean", "metadata": {}}
{"timestamp": 1785774927, "type": "time_anomaly", "device": "node-7-timespoof", "metadata": {}}
{"timestamp": 1785774926, "type": "safe_tx", "device": "node-8-spammer", "metadata": {}}
{"timestamp": 1785774926, "type": "safe_tx", "device": "node-8-spammer", "metadata": {}}
{"timestamp": 1785774926, "type": "safe_tx", "device": "node-8-spammer", "metadata": {}}
{"timestamp": 1785774926, "type": "safe_tx", "device": "node-14-mixed", "metadata": {}}
{"timestamp": 1785774926, "type": "safe_tx", "device": "node-8-spammer", "metadata": {}}
{"timestamp": 1785774926, "type": "safe_tx", "device": "node-8-spammer", "metadata": {}}
{"timestamp": 1785774926, "type": "safe_tx", "device": "node-8-spammer", "metadata": {}}
{"timestamp": 1785774926, "type": "safe_tx", "device": "node-8-spammer", "metadata": {}}
{"timestamp": 1785774926, "type": "safe_tx", "device": "node-8-spammer", "metadata": {}}
{"timestamp": 1785774926, "type": "safe_tx", "device": "node-2-clean", "metadata": {}}
{"timestamp": 1785774926, "type": "safe_tx", "device": "node-8-spammer", "metadata": {}}
{"timestamp": 1785774926, "type": "safe_tx", "device": "node-8-spammer", "metadata": {}}
{"timestamp": 1785774926, "type": "safe_tx", "device": "node-8-spammer", "metadata": {}}
{"timestamp": 1785774926, "type": "safe_tx", "device": "node-8-spammer", "metadata": {}}
{"timestamp": 1785774926, "type": "safe_tx", "device": "node-2-clean", "metadata": {}}
{"timestamp": 1785774926, "type": "safe_tx", "device": "node-8-spammer", "metadata": {}}
{"timestamp": 1785774926, "type": "dos_spam", "device": "node-8-spammer", "metadata": {}}
{"timestamp": 1785774926, "type": "safe_tx", "device": "node-10-fuzzer", "metadata": {}}
{"timestamp": 1785774927, "type": "overflow", "device": "node-13-mixed", "metadata": {"count": 3, "window_sec": 30}}
{"timestamp": 1785774927, "type": "safe_tx", "device": "node-9-stealth", "metadata": {}}
{"timestamp": 1785774927, "type": "safe_tx", "device": "node-15-mixed", "metadata": {}}
{"timestamp": 1785774927, "type": "safe_tx", "device": "node-3-clean", "metadata": {}}
{"timestamp": 1785774927, "type": "safe_tx", "device": "node-9-stealth", "metadata": {}}
{"timestamp": 1785774928, "type": "safe_tx", "device": "node-10-fuzzer", "metadata": {}}
{"timestamp": 1785774928, "type": "safe_tx", "device": "node-1-clean", "metadata": {}}
{"timestamp": 1785774928, "type": "safe_tx", "device": "node-9-stealth", "metadata": {}}
{"timestamp": 1785774928, "type": "safe_tx", "device": "node-1-clean", "metadata": {}}
{"timestamp": 1785774929, "type": "time_anomaly", "device": "node-7-timespoof", "metadata": {}}
{"timestamp": 1785774929, "type": "time_anomaly", "device": "node-13-mixed", "metadata": {}}
{"timestamp": 1785774929, "type": "safe_tx", "device": "node-8-spammer", "metadata": {}}
{"timestamp": 1785774929, "type": "safe_tx", "device": "node-8-spammer", "metadata": {}}
{"timestamp": 1785774929, "type": "safe_tx", "device": "node-8-spammer", "metadata": {}}
{"timestamp": 1785774929, "type": "safe_tx", "device": "node-8-spammer", "metadata": {}}
{"timestamp": 1785774929, "type": "safe_tx", "device": "node-12-mixed", "metadata": {}}
{"timestamp": 1785774929, "type": "safe_tx", "device": "node-8-spammer", "metadata": {}}
{"timestamp": 1785774929, "type": "safe_tx", "device": "node-8-spammer", "metadata": {}}
{"timestamp": 1785774929, "type": "safe_tx", "device": "node-8-spammer", "metadata": {}}
{"timestamp": 1785774929, "type": "safe_tx", "device": "node-8-spammer", "metadata": {}}
{"timestamp": 1785774929, "type": "safe_tx", "device": "node-8-spammer", "metadata": {}}
{"timestamp": 1785774930, "type": "time_anomaly", "device": "node-14-mixed", "metadata": {}}
{"timestamp": 1785774929, "type": "safe_tx", "device": "node-9-stealth", "metadata": {}}
{"timestamp": 1785774929, "type": "safe_tx", "device": "node-10-fuzzer", "metadata": {}}
{"timestamp": 1785774929, "type": "safe_tx", "device": "node-4-clean", "metadata": {}}
{"timestamp": 1785774929, "type": "safe_tx", "device": "node-5-clean", "metadata": {}}
{"timestamp": 1785774930, "type": "time_anomaly", "device": "node-15-mixed", "metadata": {}}
{"timestamp": 1785774930, "type": "safe_tx", "device": "node-13-mixed", "metadata": {}}
{"timestamp": 1785774930, "type": "safe_tx", "device": "node-2-clean", "metadata": {}}
{"timestamp": 1785774930, "type": "safe_tx", "device": "node-12-mixed", "metadata": {}}
{"timestamp": 1785774930, "type": "safe_tx", "device": "node-8-spammer", "metadata": {}}
{"timestamp": 1785774931, "type": "safe_tx", "device": "node-8-spammer", "metadata": {}}
{"timestamp": 1785774931, "type": "safe_tx", "device": "node-8-spammer", "metadata": {}}
{"timestamp": 1785774931, "type": "safe_tx", "device": "node-3-clean", "metadata": {}}
{"timestamp": 1785774931, "type": "safe_tx", "device": "node-2-clean", "metadata": {}}
{"timestamp": 1785774931, "type": "safe_tx", "device": "node-1-clean", "metadata": {}}
{"timestamp": 1785774931, "type": "fuzzing", "device": "node-10-fuzzer", "metadata": {}}
{"timestamp": 1785774932, "type": "time_anomaly", "device": "node-12-mixed", "metadata": {}}
{"timestamp": 1785774932, "type": "safe_tx", "device": "node-9-stealth", "metadata": {}}
{"timestamp": 1785774932, "type": "safe_tx", "device": "node-2-clean", "metadata": {}}
{"timestamp": 1785774932, "type": "safe_tx", "device": "node-2-clean", "metadata": {}}
{"timestamp": 1785774932, "type": "safe_tx", "device": "node-15-mixed", "metadata": {}}
{"timestamp": 1785774932, "type": "safe_tx", "device": "node-14-mixed", "metadata": {}}
{"timestamp": 1785774932, "type": "fuzzing", "device": "node-10-fuzzer", "metadata": {}}
{"timestamp": 1785774932, "type": "safe_tx", "device": "node-3-clean", "metadata": {}}
{"timestamp": 1785774934, "type": "time_anomaly", "device": "node-7-timespoof", "metadata": {}}
{"timestamp": 1785774933, "type": "safe_tx", "device": "node-8-spammer", "metadata": {}}
{"timestamp": 1785774933, "type": "safe_tx", "device": "node-8-spammer", "metadata": {}}
{"timestamp": 1785774933, "type": "safe_tx", "device": "node-8-spammer", "metadata": {}}
{"timestamp": 1785774933, "type": "safe_tx", "device": "node-8-spammer", "metadata": {}}
{"timestamp": 1785774933, "type": "safe_tx", "device": "node-8-spammer", "metadata": {}}
{"timestamp": 1785774933, "type": "fuzzing", "device": "node-10-fuzzer", "metadata": {}}
{"timestamp": 1785774933, "type": "safe_tx", "device": "node-5-clean", "metadata": {}}
{"timestamp": 1785774933, "type": "safe_tx", "device": "node-4-clean", "metadata": {}}
{"timestamp": 1785774933, "type": "safe_tx", "device": "node-5-clean", "metadata": {}}
{"timestamp": 1785774933, "type": "safe_tx", "device": "node-9-stealth", "metadata": {}}
{"timestamp": 1785774934, "type": "safe_tx", "device": "node-1-clean", "metadata": {}}
{"timestamp": 1785774934, "type": "safe_tx", "device": "node-8-spammer", "metadata": {}}
{"timestamp": 1785774934, "type": "safe_tx", "device": "node-8-spammer", "metadata": {}}
{"timestamp": 1785774934, "type": "safe_tx", "device": "node-8-spammer", "metadata": {}}
{"timestamp": 1785774934, "type": "safe_tx", "device": "node-8-spammer", "metadata": {}}
{"timestamp": 1785774934, "type": "safe_tx", "device": "node-8-spammer", "metadata": {}}
{"timestamp": 1785774934, "type": "safe_tx", "device": "node-3-clean", "metadata": {}}
{"timestamp": 1785774934, "type": "safe_tx", "device": "node-10-fuzzer", "metadata": {}}
{"timestamp": 1785774935, "type": "safe_tx", "device": "node-3-clean", "metadata": {}}
{"timestamp": 1785774935, "type": "safe_tx", "device": "node-8-spammer", "metadata": {}}
{"timestamp": 1785774935, "type": "safe_tx", "device": "node-8-spammer", "metadata": {}}
{"timestamp": 1785774935, "type": "safe_tx", "device": "node-8-spammer", "metadata": {}}
{"timestamp": 1785774935, "type": "safe_tx", "device": "node-8-spammer", "metadata": {}}
{"timestamp": 1785774935, "type": "safe_tx", "device": "node-14-mixed", "metadata": {}}
{"timestamp": 1785774935, "type": "safe_tx", "device": "node-2-clean", "metadata": {}}
{"timestamp": 1785774935, "type": "safe_tx", "device": "node-4-clean", "metadata": {}}
{"timestamp": 1785774936, "type": "safe_tx", "device": "node-3-clean", "metadata": {}}
{"timestamp": 1785774936, "type": "time_anomaly", "device": "node-7-timespoof", "metadata": {}}
{"timestamp": 1785774936, "type": "safe_tx", "device": "node-15-mixed", "metadata": {}}
{"timestamp": 1785774936, "type": "safe_tx", "device": "node-8-spammer", "metadata": {}}
{"timestamp": 1785774936, "type": "safe_tx", "device": "node-8-spammer", "metadata": {}}
{"timestamp": 1785774936, "type": "safe_tx", "device": "node-8-spammer", "metadata": {}}
{"timestamp": 1785774936, "type": "safe_tx", "device": "node-8-spammer", "metadata": {}}
{"timestamp": 1785774936, "type": "safe_tx", "device": "node-9-stealth", "metadata": {}}
{"timestamp": 1785774936, "type": "safe_tx", "device": "node-10-fuzzer", "metadata": {}}
{"timestamp": 1785774936, "type": "safe_tx", "device": "node-12-mixed", "metadata": {}}
{"timestamp": 1785774936, "type": "safe_tx", "device": "node-5-clean", "metadata": {}}
{"timestamp": 1785774937, "type": "safe_tx", "device": "node-13-mixed", "metadata": {}}
{"timestamp": 1785774937, "type": "safe_tx", "device": "node-8-spammer", "metadata": {}}
{"timestamp": 1785774937, "type": "safe_tx", "device": "node-8-spammer", "metadata": {}}
{"timestamp": 1785774937, "type": "safe_tx", "device": "node-8-spammer", "metadata": {}}
{"timestamp": 1785774937, "type": "safe_tx", "device": "node-3-clean", "metadata": {}}
{"timestamp": 1785774937, "type": "safe_tx", "device": "node-10-fuzzer", "metadata": {}}
{"timestamp": 1785774937, "type": "safe_tx", "device": "node-13-mixed", "metadata": {}}
{"timestamp": 1785774937, "type": "safe_tx", "device": "node-13-mixed", "metadata": {}}
{"timestamp": 1785774938, "type": "safe_tx", "device": "node-4-clean", "metadata": {}}
{"timestamp": 1785774939, "type": "time_anomaly", "device": "node-7-timespoof", "metadata": {}}
{"timestamp": 1785774938, "type": "safe_tx", "device": "node-3-clean", "metadata": {}}
{"timestamp": 1785774938, "type": "safe_tx", "device": "node-1-clean", "metadata": {}}
{"timestamp": 1785774938, "type": "safe_tx", "device": "node-2-clean", "metadata": {}}
{"timestamp": 1785774938, "type": "fuzzing", "device": "node-10-fuzzer", "metadata": {}}
{"timestamp": 1785774938, "type": "safe_tx", "device": "node-15-mixed", "metadata": {}}
{"timestamp": 1785774939, "type": "safe_tx", "device": "node-15-mixed", "metadata": {}}
{"timestamp": 1785774939, "type": "safe_tx", "device": "node-13-mixed", "metadata": {}}
{"timestamp": 1785774939, "type": "safe_tx", "device": "node-9-stealth", "metadata": {}}
{"timestamp": 1785774939, "type": "safe_tx", "device": "node-10-fuzzer", "metadata": {}}
{"timestamp": 1785774939, "type": "safe_tx", "device": "node-13-mixed", "metadata": {}}
{"timestamp": 1785774940, "type": "safe_tx", "device": "node-3-clean", "metadata": {}}
{"timestamp": 1785774940, "type": "safe_tx", "device": "node-1-clean", "metadata": {}}
{"timestamp": 1785774940, "type": "safe_tx", "device": "node-9-stealth", "metadata": {}}
{"timestamp": 1785774940, "type": "safe_tx", "device": "node-8-spammer", "metadata": {}}
{"timestamp": 1785774940, "type": "safe_tx", "device": "node-8-spammer", "metadata": {}}
{"timestamp": 1785774940, "type": "safe_tx", "device": "node-8-spammer", "metadata": {}}
{"timestamp": 1785774940, "type": "safe_tx", "device": "node-14-mixed", "metadata": {}}
{"timestamp": 1785774940, "type": "safe_tx", "device": "node-5-clean", "metadata": {}}
{"timestamp": 1785774940, "type": "safe_tx", "device": "node-4-clean", "metadata": {}}
{"timestamp": 1785774941, "type": "time_anomaly", "device": "node-7-timespoof", "metadata": {}}
{"timestamp": 1785774940, "type": "safe_tx", "device": "node-5-clean", "metadata": {}}
{"timestamp": 1785774941, "type": "fuzzing", "device": "node-10-fuzzer", "metadata": {}}
{"timestamp": 1785774941, "type": "safe_tx", "device": "node-12-mixed", "metadata": {}}
{"timestamp": 1785774941, "type": "safe_tx", "device": "node-13-mixed", "metadata": {}}
{"timestamp": 1785774941, "type": "safe_tx", "device": "node-8-spammer", "metadata": {}}
{"timestamp": 1785774941, "type": "safe_tx", "device": "node-8-spammer", "metadata": {}}
{"timestamp": 1785774941, "type": "safe_tx", "device": "node-8-spammer", "metadata": {}}
{"timestamp": 1785774941, "type": "safe_tx", "device": "node-15-mixed", "metadata": {}}
{"timestamp": 1785774942, "type": "safe_tx", "device": "node-9-stealth", "metadata": {}}
{"timestamp": 1785774942, "type": "safe_tx", "device": "node-8-spammer", "metadata": {}}
{"timestamp": 1785774942, "type": "safe_tx", "device": "node-8-spammer", "metadata": {}}
{"timestamp": 1785774942, "type": "safe_tx", "device": "node-8-spammer", "metadata": {}}
{"timestamp": 1785774942, "type": "safe_tx", "device": "node-2-clean", "metadata": {}}
{"timestamp": 1785774943, "type": "fuzzing", "device": "node-10-fuzzer", "metadata": {}}
{"timestamp": 1785774943, "type": "safe_tx", "device": "node-13-mixed", "metadata": {}}
{"timestamp": 1785774943, "type": "safe_tx", "device": "node-1-clean", "metadata": {}}
{"timestamp": 1785774943, "type": "safe_tx", "device": "node-12-mixed", "metadata": {}}
{"timestamp": 1785774943, "type": "safe_tx", "device": "node-8-spammer", "metadata": {}}
{"timestamp": 1785774943, "type": "safe_tx", "device": "node-8-spammer", "metadata": {}}
{"timestamp": 1785774943, "type": "safe_tx", "device": "node-8-spammer", "metadata": {}}
{"timestamp": 1785774943, "type": "safe_tx", "device": "node-8-spammer", "metadata": {}}
{"timestamp": 1785774943, "type": "safe_tx", "device": "node-8-spammer", "metadata": {}}
{"timestamp": 1785774943, "type": "safe_tx", "device": "node-8-spammer", "metadata": {}}
{"timestamp": 1785774943, "type": "safe_tx", "device": "node-8-spammer", "metadata": {}}
{"timestamp": 1785774943, "type": "safe_tx", "device": "node-9-stealth", "metadata": {}}
{"timestamp": 1785774943, "type": "safe_tx", "device": "node-8-spammer", "metadata": {}}
{"timestamp": 1785774943, "type": "safe_tx", "device": "node-4-clean", "metadata": {}}
{"timestamp": 1785774943, "type": "safe_tx", "device": "node-3-clean", "metadata": {}}
{"timestamp": 1785774944, "type": "safe_tx", "device": "node-5-clean", "metadata": {}}
{"timestamp": 1785774945, "type": "time_anomaly", "device": "node-14-mixed", "metadata": {}}
{"timestamp": 1785774944, "type": "safe_tx", "device": "node-1-clean", "metadata": {}}
{"timestamp": 1785774944, "type": "safe_tx", "device": "node-15-mixed", "metadata": {}}
{"timestamp": 1785774944, "type": "overflow", "device": "node-6-overflow", "metadata": {"count": 3, "window_sec": 30}}
{"timestamp": 1785774944, "type": "safe_tx", "device": "node-8-spammer", "metadata": {}}
{"timestamp": 1785774944, "type": "safe_tx", "device": "node-8-spammer", "metadata": {}}
{"timestamp": 1785774944, "type": "safe_tx", "device": "node-8-spammer", "metadata": {}}
{"timestamp": 1785774944, "type": "safe_tx", "device": "node-8-spammer", "metadata": {}}
{"timestamp": 1785774944, "type": "dos_spam", "device": "node-8-spammer", "metadata": {}}
{"timestamp": 1785774944, "type": "safe_tx", "device": "node-4-clean", "metadata": {}}
{"timestamp": 1785774944, "type": "safe_tx", "device": "node-12-mixed", "metadata": {}}
{"timestamp": 1785774945, "type": "overflow", "device": "node-13-mixed", "metadata": {"count": 3, "window_sec": 30}}
{"timestamp": 1785774945, "type": "safe_tx", "device": "node-10-fuzzer", "metadata": {}}
{"timestamp": 1785774946, "type": "time_anomaly", "device": "node-7-timespoof", "metadata": {}}
{"timestamp": 1785774945, "type": "safe_tx", "device": "node-2-clean", "metadata": {}}
{"timestamp": 1785774946, "type": "safe_tx", "device": "node-10-fuzzer", "metadata": {}}
{"timestamp": 1785774946, "type": "safe_tx", "device": "node-8-spammer", "metadata": {}}
{"timestamp": 1785774946, "type": "safe_tx", "device": "node-8-spammer", "metadata": {}}
{"timestamp": 1785774946, "type": "safe_tx", "device": "node-8-spammer", "metadata": {}}
{"timestamp": 1785774946, "type": "safe_tx", "device": "node-8-spammer", "metadata": {}}
{"timestamp": 1785774946, "type": "safe_tx", "device": "node-8-spammer", "metadata": {}}
{"timestamp": 1785774946, "type": "safe_tx", "device": "node-8-spammer", "metadata": {}}
{"timestamp": 1785774946, "type": "safe_tx", "device": "node-13-mixed", "metadata": {}}
{"timestamp": 1785774946, "type": "fuzzing", "device": "node-10-fuzzer", "metadata": {}}
{"timestamp": 1785774946, "type": "safe_tx", "device": "node-5-clean", "metadata": {}}
{"timestamp": 1785774946, "type": "safe_tx", "device": "node-4-clean", "metadata": {}}
{"timestamp": 1785774947, "type": "safe_tx", "device": "node-15-mixed", "metadata": {}}
{"timestamp": 1785774947, "type": "safe_tx", "device": "node-2-clean", "metadata": {}}
{"timestamp": 1785774947, "type": "safe_tx", "device": "node-3-clean", "metadata": {}}
