{"timestamp": 1779119164, "type": "safe_tx", "device": "node-1-clean", "metadata": {}}
{"timestamp": 1779119165, "type": "safe_tx", "device": "node-12-mixed", "metadata": {}}
{"timestamp": 1779119165, "type": "safe_tx", "device": "node-1-clean", "metadata": {}}
{"timestamp": 1779119166, "type": "time_anomaly", "device": "node-12-mixed", "metadata": {}}
{"timestamp": 1779119166, "type": "time_anomaly", "device": "node-7-timespoof", "metadata": {}}
{"timestamp": 1779119166, "type": "safe_tx", "device": "node-3-clean", "metadata": {}}
{"timestamp": 1779119166, "type": "safe_tx", "device": "node-15-mixed", "metadata": {}}
{"timestamp": 1779119167, "type": "fuzzing", "device": "node-10-fuzzer", "metadata": {}}
{"timestamp": 1779119167, "type": "safe_tx", "device": "node-2-clean", "metadata": {}}
{"timestamp": 1779119167, "type": "safe_tx", "device": "node-13-mixed", "metadata": {}}
{"timestamp": 1779119167, "type": "safe_tx", "device": "node-8-spammer", "metadata": {}}
{"timestamp": 1779119167, "type": "safe_tx", "device": "node-8-spammer", "metadata": {}}
{"timestamp": 1779119167, "type": "safe_tx", "device": "node-8-spammer", "metadata": {}}
{"timestamp": 1779119167, "type": "safe_tx", "device": "node-8-spammer", "metadata": {}}
{"timestamp": 1779119167, "type": "safe_tx", "device": "node-8-spammer", "metadata": {}}
{"timestamp": 1779119167, "type": "safe_tx", "device": "node-8-spammer", "metadata": {}}
{"timestamp": 1779119167, "type": "safe_tx", "device": "node-8-spammer", "metadata": {}}
{"timestamp": 1779119167, "type": "safe_tx", "device": "node-8-spammer", "metadata": {}}
{"timestamp": 1779119168, "type": "safe_tx", "device": "node-12-mixed", "metadata": {}}
{"timestamp": 1779119168, "type": "fuzzing", "device": "node-10-fuzzer", "metadata": {}}
{"timestamp": 1779119168, "type": "time_anomaly", "device": "node-14-mixed", "metadata": {}}
{"timestamp": 1779119168, "type": "safe_tx", "device": "node-4-clean", "metadata": {}}
{"timestamp": 1779119169, "type": "safe_tx", "device": "node-8-spammer", "metadata": {}}
{"timestamp": 1779119169, "type": "safe_tx", "device": "node-8-spammer", "metadata": {}}
{"timestamp": 1779119169, "type": "safe_tx", "device": "node-8-spammer", "metadata": {}}
{"timestamp": 1779119169, "type": "safe_tx", "device": "node-8-spammer", "metadata": {}}
{"timestamp": 1779119169, "type": "time_anomaly", "device": "node-7-timespoof", "metadata": {}}
{"timestamp": 1779119169, "type": "safe_tx", "device": "node-8-spammer", "metadata": {}}
{"timestamp": 1779119169, "type": "safe_tx", "device": "node-10-fuzzer", "metadata": {}}
{"timestamp": 1779119169, "type": "safe_tx", "device": "node-8-spammer", "metadata": {}}
{"timestamp": 1779119169, "type": "safe_tx", "device": "node-8-spammer", "metadata": {}}
{"timestamp": 1779119169, "type": "dos_spam", "device": "node-8-spammer", "metadata": {}}
{"timestamp": 1779119169, "type": "safe_tx", "device": "node-8-spammer", "metadata": {}}
{"timestamp": 1779119169, "type": "safe_tx", "device": "node-8-spammer", "metadata": {}}
{"timestamp": 1779119169, "type": "safe_tx", "device": "node-8-spammer", "metadata": {}}
{"timestamp": 1779119169, "type": "safe_tx", "device": "node-8-spammer", "metadata": {}}
{"timestamp": 1779119169, "type": "safe_tx", "device": "node-8-spammer", "metadata": {}}
{"timestamp": 1779119169, "type": "safe_tx", "device": "node-8-spammer", "metadata": {}}
{"timestamp": 1779119169, "type": "safe_tx", "device": "node-8-spammer", "metadata": {}}
{"timestamp": 1779119169, "type": "safe_tx", "device": "node-1-clean", "metadata": {}}
{"timestamp": 1779119169, "type": "safe_tx", "device": "node-9-stealth", "metadata": {}}
{"timestamp": 1779119170, "type": "safe_tx", "device": "node-3-clean", "metadata": {}}
{"timestamp": 1779119170, "type": "safe_tx", "device": "node-1-clean", "metadata": {}}
{"timestamp": 1779119170, "type": "safe_tx", "device": "node-4-clean", "metadata": {}}
{"timestamp": 1779119170, "type": "time_anomaly", "device": "node-13-mixed", "metadata": {}}
{"timestamp": 1779119170, "type": "safe_tx", "device": "node-14-mixed", "metadata": {}}
{"timestamp": 1779119170, "type": "safe_tx", "device": "node-8-spammer", "metadata": {}}
{"timestamp": 1779119170, "type": "safe_tx", "device": "node-5-clean", "metadata": {}}
{"timestamp": 1779119170, "type": "safe_tx", "device": "node-8-spammer", "metadata": {}}
{"timestamp": 1779119170, "type": "safe_tx", "device": "node-8-spammer", "metadata": {}}
{"timestamp": 1779119170, "type": "safe_tx", "device": "node-8-spammer", "metadata": {}}
{"timestamp": 1779119170, "type": "safe_tx", "device": "node-8-spammer", "metadata": {}}
{"timestamp": 1779119170, "type": "safe_tx", "device": "node-2-clean", "metadata": {}}
{"timestamp": 1779119170, "type": "safe_tx", "device": "node-8-spammer", "metadata": {}}
{"timestamp": 1779119171, "type": "overflow", "device": "node-6-overflow", "metadata": {"count": 3, "window_sec": 30}}
{"timestamp": 1779119171, "type": "safe_tx", "device": "node-8-spammer", "metadata": {}}
{"timestamp": 1779119171, "type": "safe_tx", "device": "node-8-spammer", "metadata": {}}
{"timestamp": 1779119171, "type": "dos_spam", "device": "node-8-spammer", "metadata": {"count": 30, "window_sec": 5}}
{"timestamp": 1779119171, "type": "dos_spam", "device": "node-8-spammer", "metadata": {}}
{"timestamp": 1779119171, "type": "safe_tx", "device": "node-8-spammer", "metadata": {}}
{"timestamp": 1779119171, "type": "safe_tx", "device": "node-8-spammer", "metadata": {}}
{"timestamp": 1779119171, "type": "safe_tx", "device": "node-8-spammer", "metadata": {}}
{"timestamp": 1779119171, "type": "safe_tx", "device": "node-8-spammer", "metadata": {}}
{"timestamp": 1779119171, "type": "safe_tx", "device": "node-8-spammer", "metadata": {}}
{"timestamp": 1779119171, "type": "safe_tx", "device": "node-12-mixed", "metadata": {}}
{"timestamp": 1779119171, "type": "safe_tx", "device": "node-8-spammer", "metadata": {}}
{"timestamp": 1779119171, "type": "safe_tx", "device": "node-8-spammer", "metadata": {}}
{"timestamp": 1779119171, "type": "safe_tx", "device": "node-8-spammer", "metadata": {}}
{"timestamp": 1779119171, "type": "safe_tx", "device": "node-8-spammer", "metadata": {}}
{"timestamp": 1779119171, "type": "time_anomaly", "device": "node-15-mixed", "metadata": {}}
{"timestamp": 1779119171, "type": "safe_tx", "device": "node-1-clean", "metadata": {}}
{"timestamp": 1779119171, "type": "safe_tx", "device": "node-9-stealth", "metadata": {}}
{"timestamp": 1779119171, "type": "safe_tx", "device": "node-3-clean", "metadata": {}}
{"timestamp": 1779119172, "type": "safe_tx", "device": "node-13-mixed", "metadata": {}}
{"timestamp": 1779119172, "type": "safe_tx", "device": "node-8-spammer", "metadata": {}}
{"timestamp": 1779119172, "type": "safe_tx", "device": "node-4-clean", "metadata": {}}
{"timestamp": 1779119172, "type": "safe_tx", "device": "node-8-spammer", "metadata": {}}
{"timestamp": 1779119172, "type": "safe_tx", "device": "node-8-spammer", "metadata": {}}
{"timestamp": 1779119172, "type": "safe_tx", "device": "node-3-clean", "metadata": {}}
{"timestamp": 1779119172, "type": "safe_tx", "device": "node-8-spammer", "metadata": {}}
{"timestamp": 1779119172, "type": "safe_tx", "device": "node-8-spammer", "metadata": {}}
{"timestamp": 1779119172, "type": "safe_tx", "device": "node-8-spammer", "metadata": {}}
{"timestamp": 1779119172, "type": "dos_spam", "device": "node-8-spammer", "metadata": {}}
{"timestamp": 1779119172, "type": "safe_tx", "device": "node-8-spammer", "metadata": {}}
{"timestamp": 1779119172, "type": "safe_tx", "device": "node-8-spammer", "metadata": {}}
{"timestamp": 1779119172, "type": "safe_tx", "device": "node-8-spammer", "metadata": {}}
{"timestamp": 1779119173, "type": "safe_tx", "device": "node-5-clean", "metadata": {}}
{"timestamp": 1779119173, "type": "safe_tx", "device": "node-1-clean", "metadata": {}}
{"timestamp": 1779119173, "type": "safe_tx", "device": "node-15-mixed", "metadata": {}}
{"timestamp": 1779119173, "type": "safe_tx", "device": "node-1-clean", "metadata": {}}
{"timestamp": 1779119173, "type": "safe_tx", "device": "node-8-spammer", "metadata": {}}
{"timestamp": 1779119173, "type": "safe_tx", "device": "node-8-spammer", "metadata": {}}
{"timestamp": 1779119173, "type": "safe_tx", "device": "node-8-spammer", "metadata": {}}
{"timestamp": 1779119173, "type": "safe_tx", "device": "node-8-spammer", "metadata": {}}
{"timestamp": 1779119173, "type": "safe_tx", "device": "node-8-spammer", "metadata": {}}
{"timestamp": 1779119173, "type": "safe_tx", "device": "node-8-spammer", "metadata": {}}
{"timestamp": 1779119173, "type": "safe_tx", "device": "node-8-spammer", "metadata": {}}
{"timestamp": 1779119173, "type": "safe_tx", "device": "node-8-spammer", "metadata": {}}
{"timestamp": 1779119173, "type": "safe_tx", "device": "node-8-spammer", "metadata": {}}
{"timestamp": 1779119173, "type": "safe_tx", "device": "node-8-spammer", "metadata": {}}
{"timestamp": 1779119173, "type": "safe_tx", "device": "node-8-spammer", "metadata": {}}
{"timestamp": 1779119173, "type": "safe_tx", "device": "node-8-spammer", "metadata": {}}
{"timestamp": 1779119173, "type": "dos_spam", "device": "node-8-spammer", "metadata": {"count": 30, "window_sec": 5}}
{"timestamp": 1779119173, "type": "dos_spam", "device": "node-8-spammer", "metadata": {}}
{"timestamp": 1779119173, "type": "safe_tx", "device": "node-8-spammer", "metadata": {}}
{"timestamp": 1779119173, "type": "safe_tx", "device": "node-8-spammer", "metadata": {}}
{"timestamp": 1779119173, "type": "safe_tx", "device": "node-3-clean", "metadata": {}}
{"timestamp": 1779119173, "type": "safe_tx", "device": "node-8-spammer", "metadata": {}}
{"timestamp": 1779119173, "type": "safe_tx", "device": "node-8-spammer", "metadata": {}}
{"timestamp": 1779119173, "type": "safe_tx", "device": "node-8-spammer", "metadata": {}}
{"timestamp": 1779119173, "type": "safe_tx", "device": "node-8-spammer", "metadata": {}}
{"timestamp": 1779119173, "type": "safe_tx", "device": "node-8-spammer", "metadata": {}}
{"timestamp": 1779119174, "type": "safe_tx", "device": "node-9-stealth", "metadata": {}}
{"timestamp": 1779119174, "type": "safe_tx", "device": "node-3-clean", "metadata": {}}
{"timestamp": 1779119174, "type": "safe_tx", "device": "node-13-mixed", "metadata": {}}
{"timestamp": 1779119174, "type": "safe_tx", "device": "node-12-mixed", "metadata": {}}
{"timestamp": 1779119174, "type": "safe_tx", "device": "node-5-clean", "metadata": {}}
{"timestamp": 1779119175, "type": "time_anomaly", "device": "node-7-timespoof", "metadata": {}}
{"timestamp": 1779119175, "type": "time_anomaly", "device": "node-15-mixed", "metadata": {}}
{"timestamp": 1779119174, "type": "safe_tx", "device": "node-12-mixed", "metadata": {}}
{"timestamp": 1779119175, "type": "time_anomaly", "device": "node-14-mixed", "metadata": {}}
{"timestamp": 1779119175, "type": "safe_tx", "device": "node-10-fuzzer", "metadata": {}}
{"timestamp": 1779119175, "type": "safe_tx", "device": "node-13-mixed", "metadata": {}}
{"timestamp": 1779119175, "type": "safe_tx", "device": "node-8-spammer", "metadata": {}}
{"timestamp": 1779119175, "type": "safe_tx", "device": "node-8-spammer", "metadata": {}}
{"timestamp": 1779119175, "type": "safe_tx", "device": "node-8-spammer", "metadata": {}}
{"timestamp": 1779119175, "type": "safe_tx", "device": "node-2-clean", "metadata": {}}
{"timestamp": 1779119175, "type": "safe_tx", "device": "node-4-clean", "metadata": {}}
{"timestamp": 1779119175, "type": "safe_tx", "device": "node-3-clean", "metadata": {}}
{"timestamp": 1779119176, "type": "safe_tx", "device": "node-1-clean", "metadata": {}}
{"timestamp": 1779119176, "type": "safe_tx", "device": "node-15-mixed", "metadata": {}}
{"timestamp": 1779119176, "type": "safe_tx", "device": "node-3-clean", "metadata": {}}
{"timestamp": 1779119177, "type": "safe_tx", "device": "node-4-clean", "metadata": {}}
{"timestamp": 1779119177, "type": "safe_tx", "device": "node-1-clean", "metadata": {}}
{"timestamp": 1779119177, "type": "safe_tx", "device": "node-14-mixed", "metadata": {}}
{"timestamp": 1779119177, "type": "fuzzing", "device": "node-10-fuzzer", "metadata": {}}
{"timestamp": 1779119177, "type": "safe_tx", "device": "node-4-clean", "metadata": {}}
{"timestamp": 1779119177, "type": "safe_tx", "device": "node-12-mixed", "metadata": {}}
{"timestamp": 1779119177, "type": "safe_tx", "device": "node-9-stealth", "metadata": {}}
{"timestamp": 1779119178, "type": "safe_tx", "device": "node-10-fuzzer", "metadata": {}}
{"timestamp": 1779119178, "type": "safe_tx", "device": "node-8-spammer", "metadata": {}}
{"timestamp": 1779119178, "type": "time_anomaly", "device": "node-7-timespoof", "metadata": {}}
{"timestamp": 1779119178, "type": "safe_tx", "device": "node-8-spammer", "metadata": {}}
{"timestamp": 1779119178, "type": "safe_tx", "device": "node-8-spammer", "metadata": {}}
{"timestamp": 1779119178, "type": "safe_tx", "device": "node-8-spammer", "metadata": {}}
{"timestamp": 1779119178, "type": "safe_tx", "device": "node-15-mixed", "metadata": {}}
{"timestamp": 1779119178, "type": "overflow", "device": "node-6-overflow", "metadata": {"count": 3, "window_sec": 30}}
{"timestamp": 1779119178, "type": "safe_tx", "device": "node-5-clean", "metadata": {}}
{"timestamp": 1779119179, "type": "safe_tx", "device": "node-13-mixed", "metadata": {}}
{"timestamp": 1779119179, "type": "safe_tx", "device": "node-12-mixed", "metadata": {}}
{"timestamp": 1779119179, "type": "safe_tx", "device": "node-10-fuzzer", "metadata": {}}
{"timestamp": 1779119179, "type": "time_anomaly", "device": "node-15-mixed", "metadata": {}}
{"timestamp": 1779119179, "type": "safe_tx", "device": "node-2-clean", "metadata": {}}
{"timestamp": 1779119179, "type": "safe_tx", "device": "node-8-spammer", "metadata": {}}
{"timestamp": 1779119179, "type": "safe_tx", "device": "node-8-spammer", "metadata": {}}
{"timestamp": 1779119179, "type": "safe_tx", "device": "node-5-clean", "metadata": {}}
{"timestamp": 1779119179, "type": "safe_tx", "device": "node-14-mixed", "metadata": {}}
{"timestamp": 1779119179, "type": "overflow", "device": "node-10-fuzzer", "metadata": {"count": 3, "window_sec": 30}}
{"timestamp": 1779119179, "type": "safe_tx", "device": "node-3-clean", "metadata": {}}
{"timestamp": 1779119180, "type": "safe_tx", "device": "node-8-spammer", "metadata": {}}
{"timestamp": 1779119180, "type": "safe_tx", "device": "node-8-spammer", "metadata": {}}
{"timestamp": 1779119180, "type": "safe_tx", "device": "node-8-spammer", "metadata": {}}
{"timestamp": 1779119180, "type": "safe_tx", "device": "node-8-spammer", "metadata": {}}
{"timestamp": 1779119180, "type": "safe_tx", "device": "node-8-spammer", "metadata": {}}
{"timestamp": 1779119180, "type": "safe_tx", "device": "node-8-spammer", "metadata": {}}
{"timestamp": 1779119180, "type": "safe_tx", "device": "node-4-clean", "metadata": {}}
{"timestamp": 1779119180, "type": "safe_tx", "device": "node-2-clean", "metadata": {}}
{"timestamp": 1779119180, "type": "safe_tx", "device": "node-8-spammer", "metadata": {}}
{"timestamp": 1779119180, "type": "safe_tx", "device": "node-9-stealth", "metadata": {}}
{"timestamp": 1779119180, "type": "time_anomaly", "device": "node-15-mixed", "metadata": {}}
{"timestamp": 1779119180, "type": "safe_tx", "device": "node-1-clean", "metadata": {}}
{"timestamp": 1779119180, "type": "time_anomaly", "device": "node-12-mixed", "metadata": {}}
{"timestamp": 1779119180, "type": "safe_tx", "device": "node-8-spammer", "metadata": {}}
{"timestamp": 1779119180, "type": "safe_tx", "device": "node-8-spammer", "metadata": {}}
{"timestamp": 1779119180, "type": "dos_spam", "device": "node-8-spammer", "metadata": {}}
{"timestamp": 1779119181, "type": "safe_tx", "device": "node-8-spammer", "metadata": {}}
{"timestamp": 1779119181, "type": "safe_tx", "device": "node-2-clean", "metadata": {}}
{"timestamp": 1779119181, "type": "safe_tx", "device": "node-8-spammer", "metadata": {}}
{"timestamp": 1779119181, "type": "safe_tx", "device": "node-3-clean", "metadata": {}}
{"timestamp": 1779119181, "type": "safe_tx", "device": "node-12-mixed", "metadata": {}}
{"timestamp": 1779119182, "type": "fuzzing", "device": "node-10-fuzzer", "metadata": {}}
{"timestamp": 1779119182, "type": "safe_tx", "device": "node-13-mixed", "metadata": {}}
{"timestamp": 1779119182, "type": "safe_tx", "device": "node-14-mixed", "metadata": {}}
{"timestamp": 1779119182, "type": "safe_tx", "device": "node-4-clean", "metadata": {}}
{"timestamp": 1779119182, "type": "safe_tx", "device": "node-10-fuzzer", "metadata": {}}
{"timestamp": 1779119182, "type": "safe_tx", "device": "node-8-spammer", "metadata": {}}
{"timestamp": 1779119182, "type": "safe_tx", "device": "node-8-spammer", "metadata": {}}
{"timestamp": 1779119182, "type": "time_anomaly", "device": "node-7-timespoof", "metadata": {}}
{"timestamp": 1779119182, "type": "safe_tx", "device": "node-8-spammer", "metadata": {}}
{"timestamp": 1779119182, "type": "safe_tx", "device": "node-8-spammer", "metadata": {}}
{"timestamp": 1779119182, "type": "safe_tx", "device": "node-8-spammer", "metadata": {}}
{"timestamp": 1779119182, "type": "safe_tx", "device": "node-8-spammer", "metadata": {}}
{"timestamp": 1779119182, "type": "safe_tx", "device": "node-9-stealth", "metadata": {}}
{"timestamp": 1779119182, "type": "safe_tx", "device": "node-8-spammer", "metadata": {}}
{"timestamp": 1779119182, "type": "safe_tx", "device": "node-8-spammer", "metadata": {}}
{"timestamp": 1779119182, "type": "safe_tx", "device": "node-8-spammer", "metadata": {}}
{"timestamp": 1779119182, "type": "safe_tx", "device": "node-8-spammer", "metadata": {}}
{"timestamp": 1779119182, "type": "safe_tx", "device": "node-8-spammer", "metadata": {}}
{"timestamp": 1779119182, "type": "safe_tx", "device": "node-8-spammer", "metadata": {}}
{"timestamp": 1779119182, "type": "safe_tx", "device": "node-8-spammer", "metadata": {}}
{"timestamp": 1779119182, "type": "dos_spam", "device": "node-8-spammer", "metadata": {"count": 30, "window_sec": 5}}
{"timestamp": 1779119182, "type": "dos_spam", "device": "node-8-spammer", "metadata": {}}
{"timestamp": 1779119183, "type": "safe_tx", "device": "node-8-spammer", "metadata": {}}
{"timestamp": 1779119183, "type": "safe_tx", "device": "node-8-spammer", "metadata": {}}
{"timestamp": 1779119183, "type": "safe_tx", "device": "node-8-spammer", "metadata": {}}
{"timestamp": 1779119183, "type": "safe_tx", "device": "node-8-spammer", "metadata": {}}
{"timestamp": 1779119183, "type": "safe_tx", "device": "node-8-spammer", "metadata": {}}
{"timestamp": 1779119183, "type": "safe_tx", "device": "node-8-spammer", "metadata": {}}
{"timestamp": 1779119183, "type": "safe_tx", "device": "node-8-spammer", "metadata": {}}
{"timestamp": 1779119183, "type": "safe_tx", "device": "node-8-spammer", "metadata": {}}
{"timestamp": 1779119183, "type": "safe_tx", "device": "node-4-clean", "metadata": {}}
{"timestamp": 1779119183, "type": "safe_tx", "device": "node-8-spammer", "metadata": {}}
{"timestamp": 1779119183, "type": "safe_tx", "device": "node-5-clean", "metadata": {}}
{"timestamp": 1779119183, "type": "safe_tx", "device": "node-8-spammer", "metadata": {}}
{"timestamp": 1779119183, "type": "safe_tx", "device": "node-8-spammer", "metadata": {}}
{"timestamp": 1779119183, "type": "safe_tx", "device": "node-15-mixed", "metadata": {}}
{"timestamp": 1779119183, "type": "safe_tx", "device": "node-8-spammer", "metadata": {}}
{"timestamp": 1779119183, "type": "safe_tx", "device": "node-8-spammer", "metadata": {}}
{"timestamp": 1779119183, "type": "safe_tx", "device": "node-8-spammer", "metadata": {}}
{"timestamp": 1779119183, "type": "safe_tx", "device": "node-8-spammer", "metadata": {}}
{"timestamp": 1779119183, "type": "dos_spam", "device": "node-8-spammer", "metadata": {}}
{"timestamp": 1779119183, "type": "safe_tx", "device": "node-8-spammer", "metadata": {}}
{"timestamp": 1779119183, "type": "safe_tx", "device": "node-8-spammer", "metadata": {}}
{"timestamp": 1779119183, "type": "safe_tx", "device": "node-8-spammer", "metadata": {}}
{"timestamp": 1779119183, "type": "safe_tx", "device": "node-8-spammer", "metadata": {}}
{"timestamp": 1779119183, "type": "safe_tx", "device": "node-8-spammer", "metadata": {}}
{"timestamp": 1779119183, "type": "safe_tx", "device": "node-4-clean", "metadata": {}}
{"timestamp": 1779119184, "type": "fuzzing", "device": "node-10-fuzzer", "metadata": {}}
{"timestamp": 1779119184, "type": "safe_tx", "device": "node-1-clean", "metadata": {}}
{"timestamp": 1779119184, "type": "safe_tx", "device": "node-3-clean", "metadata": {}}
{"timestamp": 1779119184, "type": "safe_tx", "device": "node-2-clean", "metadata": {}}
{"timestamp": 1779119184, "type": "safe_tx", "device": "node-13-mixed", "metadata": {}}
{"timestamp": 1779119184, "type": "safe_tx", "device": "node-12-mixed", "metadata": {}}
{"timestamp": 1779119184, "type": "safe_tx", "device": "node-8-spammer", "metadata": {}}
{"timestamp": 1779119184, "type": "safe_tx", "device": "node-8-spammer", "metadata": {}}
{"timestamp": 1779119184, "type": "safe_tx", "device": "node-8-spammer", "metadata": {}}
{"timestamp": 1779119184, "type": "safe_tx", "device": "node-8-spammer", "metadata": {}}
{"timestamp": 1779119184, "type": "safe_tx", "device": "node-8-spammer", "metadata": {}}
{"timestamp": 1779119185, "type": "time_anomaly", "device": "node-7-timespoof", "metadata": {}}
{"timestamp": 1779119185, "type": "safe_tx", "device": "node-9-stealth", "metadata": {}}
{"timestamp": 1779119185, "type": "safe_tx", "device": "node-1-clean", "metadata": {}}
{"timestamp": 1779119185, "type": "safe_tx", "device": "node-8-spammer", "metadata": {}}
{"timestamp": 1779119185, "type": "time_anomaly", "device": "node-15-mixed", "metadata": {}}
{"timestamp": 1779119185, "type": "safe_tx", "device": "node-10-fuzzer", "metadata": {}}
{"timestamp": 1779119185, "type": "safe_tx", "device": "node-8-spammer", "metadata": {}}
{"timestamp": 1779119185, "type": "safe_tx", "device": "node-14-mixed", "metadata": {}}
{"timestamp": 1779119185, "type": "safe_tx", "device": "node-8-spammer", "metadata": {}}
{"timestamp": 1779119185, "type": "safe_tx", "device": "node-4-clean", "metadata": {}}
{"timestamp": 1779119186, "type": "safe_tx", "device": "node-12-mixed", "metadata": {}}
{"timestamp": 1779119186, "type": "safe_tx", "device": "node-5-clean", "metadata": {}}
{"timestamp": 1779119186, "type": "safe_tx", "device": "node-5-clean", "metadata": {}}
{"timestamp": 1779119186, "type": "safe_tx", "device": "node-8-spammer", "metadata": {}}
{"timestamp": 1779119186, "type": "safe_tx", "device": "node-1-clean", "metadata": {}}
{"timestamp": 1779119186, "type": "safe_tx", "device": "node-8-spammer", "metadata": {}}
{"timestamp": 1779119186, "type": "dos_spam", "device": "node-8-spammer", "metadata": {"count": 30, "window_sec": 5}}
{"timestamp": 1779119186, "type": "fuzzing", "device": "node-10-fuzzer", "metadata": {}}
{"timestamp": 1779119186, "type": "safe_tx", "device": "node-8-spammer", "metadata": {}}
{"timestamp": 1779119187, "type": "time_anomaly", "device": "node-13-mixed", "metadata": {}}
{"timestamp": 1779119187, "type": "safe_tx", "device": "node-14-mixed", "metadata": {}}
{"timestamp": 1779119187, "type": "safe_tx", "device": "node-4-clean", "metadata": {}}
{"timestamp": 1779119187, "type": "time_anomaly", "device": "node-7-timespoof", "metadata": {}}
{"timestamp": 1779119187, "type": "safe_tx", "device": "node-8-spammer", "metadata": {}}
{"timestamp": 1779119187, "type": "safe_tx", "device": "node-8-spammer", "metadata": {}}
{"timestamp": 1779119187, "type": "safe_tx", "device": "node-8-spammer", "metadata": {}}
{"timestamp": 1779119187, "type": "safe_tx", "device": "node-8-spammer", "metadata": {}}
{"timestamp": 1779119187, "type": "safe_tx", "device": "node-8-spammer", "metadata": {}}
{"timestamp": 1779119187, "type": "safe_tx", "device": "node-8-spammer", "metadata": {}}
{"timestamp": 1779119188, "type": "safe_tx", "device": "node-8-spammer", "metadata": {}}
{"timestamp": 1779119188, "type": "safe_tx", "device": "node-8-spammer", "metadata": {}}
{"timestamp": 1779119188, "type": "safe_tx", "device": "node-8-spammer", "metadata": {}}
{"timestamp": 1779119188, "type": "safe_tx", "device": "node-8-spammer", "metadata": {}}
{"timestamp": 1779119188, "type": "safe_tx", "device": "node-8-spammer", "metadata": {}}
{"timestamp": 1779119188, "type": "safe_tx", "device": "node-5-clean", "metadata": {}}
{"timestamp": 1779119188, "type": "fuzzing", "device": "node-10-fuzzer", "metadata": {}}
{"timestamp": 1779119188, "type": "safe_tx", "device": "node-8-spammer", "metadata": {}}
{"timestamp": 1779119188, "type": "dos_spam", "device": "node-8-spammer", "metadata": {}}
{"timestamp": 1779119188, "type": "time_anomaly", "device": "node-15-mixed", "metadata": {}}
{"timestamp": 1779119188, "type": "safe_tx", "device": "node-8-spammer", "metadata": {}}
{"timestamp": 1779119188, "type": "safe_tx", "device": "node-8-spammer", "metadata": {}}
{"timestamp": 1779119188, "type": "safe_tx", "device": "node-8-spammer", "metadata": {}}
{"timestamp": 1779119188, "type": "safe_tx", "device": "node-8-spammer", "metadata": {}}
{"timestamp": 1779119188, "type": "safe_tx", "device": "node-8-spammer", "metadata": {}}
{"timestamp": 1779119188, "type": "safe_tx", "device": "node-2-clean", "metadata": {}}
{"timestamp": 1779119188, "type": "safe_tx", "device": "node-1-clean", "metadata": {}}
{"timestamp": 1779119188, "type": "fuzzing", "device": "node-10-fuzzer", "metadata": {}}
{"timestamp": 1779119188, "type": "safe_tx", "device": "node-8-spammer", "metadata": {}}
{"timestamp": 1779119188, "type": "safe_tx", "device": "node-8-spammer", "metadata": {}}
{"timestamp": 1779119188, "type": "safe_tx", "device": "node-8-spammer", "metadata": {}}
{"timestamp": 1779119188, "type": "safe_tx", "device": "node-8-spammer", "metadata": {}}
{"timestamp": 1779119188, "type": "safe_tx", "device": "node-8-spammer", "metadata": {}}
{"timestamp": 1779119188, "type": "safe_tx", "device": "node-3-clean", "metadata": {}}
{"timestamp": 1779119188, "type": "safe_tx", "device": "node-9-stealth", "metadata": {}}
{"timestamp": 1779119189, "type": "safe_tx", "device": "node-8-spammer", "metadata": {}}
{"timestamp": 1779119189, "type": "safe_tx", "device": "node-8-spammer", "metadata": {}}
{"timestamp": 1779119189, "type": "safe_tx", "device": "node-11-pulsing", "metadata": {}}
{"timestamp": 1779119189, "type": "safe_tx", "device": "node-8-spammer", "metadata": {}}
{"timestamp": 1779119189, "type": "safe_tx", "device": "node-12-mixed", "metadata": {}}
{"timestamp": 1779119189, "type": "safe_tx", "device": "node-11-pulsing", "metadata": {}}
{"timestamp": 1779119189, "type": "safe_tx", "device": "node-8-spammer", "metadata": {}}
{"timestamp": 1779119189, "type": "overflow", "device": "node-6-overflow", "metadata": {"count": 3, "window_sec": 30}}
{"timestamp": 1779119189, "type": "safe_tx", "device": "node-11-pulsing", "metadata": {}}
{"timestamp": 1779119189, "type": "safe_tx", "device": "node-11-pulsing", "metadata": {}}
{"timestamp": 1779119189, "type": "safe_tx", "device": "node-11-pulsing", "metadata": {}}
{"timestamp": 1779119189, "type": "safe_tx", "device": "node-11-pulsing", "metadata": {}}
{"timestamp": 1779119189, "type": "safe_tx", "device": "node-11-pulsing", "metadata": {}}
{"timestamp": 1779119189, "type": "safe_tx", "device": "node-11-pulsing", "metadata": {}}
{"timestamp": 1779119189, "type": "safe_tx", "device": "node-11-pulsing", "metadata": {}}
{"timestamp": 1779119189, "type": "safe_tx", "device": "node-5-clean", "metadata": {}}
{"timestamp": 1779119189, "type": "safe_tx", "device": "node-11-pulsing", "metadata": {}}
{"timestamp": 1779119189, "type": "safe_tx", "device": "node-13-mixed", "metadata": {}}
{"timestamp": 1779119189, "type": "safe_tx", "device": "node-11-pulsing", "metadata": {}}
{"timestamp": 1779119189, "type": "safe_tx", "device": "node-11-pulsing", "metadata": {}}
{"timestamp": 1779119189, "type": "safe_tx", "device": "node-12-mixed", "metadata": {}}
{"timestamp": 1779119189, "type": "safe_tx", "device": "node-11-pulsing", "metadata": {}}
{"timestamp": 1779119189, "type": "safe_tx", "device": "node-11-pulsing", "metadata": {}}
{"timestamp": 1779119189, "type": "safe_tx", "device": "node-11-pulsing", "metadata": {}}
{"timestamp": 1779119189, "type": "dos_spam", "device": "node-11-pulsing", "metadata": {}}
{"timestamp": 1779119189, "type": "safe_tx", "device": "node-11-pulsing", "metadata": {}}
{"timestamp": 1779119189, "type": "safe_tx", "device": "node-11-pulsing", "metadata": {}}
{"timestamp": 1779119190, "type": "safe_tx", "device": "node-11-pulsing", "metadata": {}}
{"timestamp": 1779119190, "type": "safe_tx", "device": "node-15-mixed", "metadata": {}}
{"timestamp": 1779119190, "type": "safe_tx", "device": "node-11-pulsing", "metadata": {}}
{"timestamp": 1779119190, "type": "safe_tx", "device": "node-11-pulsing", "metadata": {}}
{"timestamp": 1779119190, "type": "safe_tx", "device": "node-1-clean", "metadata": {}}
{"timestamp": 1779119190, "type": "safe_tx", "device": "node-13-mixed", "metadata": {}}
{"timestamp": 1779119190, "type": "safe_tx", "device": "node-10-fuzzer", "metadata": {}}
{"timestamp": 1779119190, "type": "safe_tx", "device": "node-5-clean", "metadata": {}}
{"timestamp": 1779119190, "type": "safe_tx", "device": "node-2-clean", "metadata": {}}
{"timestamp": 1779119190, "type": "safe_tx", "device": "node-4-clean", "metadata": {}}
{"timestamp": 1779119190, "type": "safe_tx", "device": "node-9-stealth", "metadata": {}}
{"timestamp": 1779119190, "type": "safe_tx", "device": "node-14-mixed", "metadata": {}}
{"timestamp": 1779119191, "type": "safe_tx", "device": "node-10-fuzzer", "metadata": {}}
{"timestamp": 1779119191, "type": "safe_tx", "device": "node-8-spammer", "metadata": {}}
{"timestamp": 1779119191, "type": "safe_tx", "device": "node-8-spammer", "metadata": {}}
{"timestamp": 1779119191, "type": "safe_tx", "device": "node-8-spammer", "metadata": {}}
{"timestamp": 1779119191, "type": "dos_spam", "device": "node-8-spammer", "metadata": {"count": 30, "window_sec": 5}}
{"timestamp": 1779119191, "type": "safe_tx", "device": "node-8-spammer", "metadata": {}}
{"timestamp": 1779119191, "type": "safe_tx", "device": "node-12-mixed", "metadata": {}}
{"timestamp": 1779119191, "type": "overflow", "device": "node-15-mixed", "metadata": {"count": 3, "window_sec": 30}}
{"timestamp": 1779119191, "type": "safe_tx", "device": "node-12-mixed", "metadata": {}}
{"timestamp": 1779119192, "type": "time_anomaly", "device": "node-14-mixed", "metadata": {}}
{"timestamp": 1779119192, "type": "safe_tx", "device": "node-2-clean", "metadata": {}}
{"timestamp": 1779119192, "type": "safe_tx", "device": "node-8-spammer", "metadata": {}}
{"timestamp": 1779119192, "type": "safe_tx", "device": "node-12-mixed", "metadata": {}}
{"timestamp": 1779119192, "type": "safe_tx", "device": "node-14-mixed", "metadata": {}}
{"timestamp": 1779119192, "type": "time_anomaly", "device": "node-7-timespoof", "metadata": {}}
{"timestamp": 1779119192, "type": "fuzzing", "device": "node-10-fuzzer", "metadata": {}}
{"timestamp": 1779119192, "type": "time_anomaly", "device": "node-12-mixed", "metadata": {}}
{"timestamp": 1779119192, "type": "safe_tx", "device": "node-3-clean", "metadata": {}}
{"timestamp": 1779119192, "type": "safe_tx", "device": "node-8-spammer", "metadata": {}}
{"timestamp": 1779119192, "type": "safe_tx", "device": "node-8-spammer", "metadata": {}}
{"timestamp": 1779119192, "type": "safe_tx", "device": "node-8-spammer", "metadata": {}}
{"timestamp": 1779119192, "type": "safe_tx", "device": "node-1-clean", "metadata": {}}
{"timestamp": 1779119193, "type": "safe_tx", "device": "node-3-clean", "metadata": {}}
{"timestamp": 1779119193, "type": "safe_tx", "device": "node-5-clean", "metadata": {}}
{"timestamp": 1779119194, "type": "safe_tx", "device": "node-4-clean", "metadata": {}}
{"timestamp": 1779119194, "type": "safe_tx", "device": "node-9-stealth", "metadata": {}}
{"timestamp": 1779119194, "type": "safe_tx", "device": "node-15-mixed", "metadata": {}}
{"timestamp": 1779119194, "type": "safe_tx", "device": "node-14-mixed", "metadata": {}}
{"timestamp": 1779119194, "type": "safe_tx", "device": "node-8-spammer", "metadata": {}}
{"timestamp": 1779119194, "type": "safe_tx", "device": "node-8-spammer", "metadata": {}}
{"timestamp": 1779119194, "type": "safe_tx", "device": "node-2-clean", "metadata": {}}
{"timestamp": 1779119194, "type": "safe_tx", "device": "node-15-mixed", "metadata": {}}
{"timestamp": 1779119194, "type": "fuzzing", "device": "node-10-fuzzer", "metadata": {}}
{"timestamp": 1779119194, "type": "safe_tx", "device": "node-13-mixed", "metadata": {}}
{"timestamp": 1779119195, "type": "safe_tx", "device": "node-13-mixed", "metadata": {}}
{"timestamp": 1779119195, "type": "safe_tx", "device": "node-9-stealth", "metadata": {}}
{"timestamp": 1779119195, "type": "time_anomaly", "device": "node-7-timespoof", "metadata": {}}
{"timestamp": 1779119195, "type": "safe_tx", "device": "node-13-mixed", "metadata": {}}
{"timestamp": 1779119195, "type": "safe_tx", "device": "node-1-clean", "metadata": {}}
{"timestamp": 1779119195, "type": "safe_tx", "device": "node-8-spammer", "metadata": {}}
{"timestamp": 1779119195, "type": "safe_tx", "device": "node-8-spammer", "metadata": {}}
{"timestamp": 1779119195, "type": "safe_tx", "device": "node-9-stealth", "metadata": {}}
{"timestamp": 1779119196, "type": "overflow", "device": "node-12-mixed", "metadata": {"count": 3, "window_sec": 30}}
{"timestamp": 1779119196, "type": "safe_tx", "device": "node-14-mixed", "metadata": {}}
{"timestamp": 1779119196, "type": "safe_tx", "device": "node-4-clean", "metadata": {}}
{"timestamp": 1779119196, "type": "safe_tx", "device": "node-10-fuzzer", "metadata": {}}
{"timestamp": 1779119196, "type": "safe_tx", "device": "node-14-mixed", "metadata": {}}
{"timestamp": 1779119196, "type": "safe_tx", "device": "node-3-clean", "metadata": {}}
{"timestamp": 1779119197, "type": "overflow", "device": "node-6-overflow", "metadata": {"count": 3, "window_sec": 30}}
{"timestamp": 1779119197, "type": "time_anomaly", "device": "node-7-timespoof", "metadata": {}}
{"timestamp": 1779119197, "type": "safe_tx", "device": "node-5-clean", "metadata": {}}
{"timestamp": 1779119198, "type": "safe_tx", "device": "node-8-spammer", "metadata": {}}
{"timestamp": 1779119198, "type": "safe_tx", "device": "node-2-clean", "metadata": {}}
{"timestamp": 1779119198, "type": "safe_tx", "device": "node-8-spammer", "metadata": {}}
{"timestamp": 1779119198, "type": "safe_tx", "device": "node-8-spammer", "metadata": {}}
{"timestamp": 1779119198, "type": "fuzzing", "device": "node-10-fuzzer", "metadata": {}}
{"timestamp": 1779119198, "type": "safe_tx", "device": "node-8-spammer", "metadata": {}}
{"timestamp": 1779119198, "type": "safe_tx", "device": "node-9-stealth", "metadata": {}}
{"timestamp": 1779119198, "type": "safe_tx", "device": "node-8-spammer", "metadata": {}}
{"timestamp": 1779119198, "type": "safe_tx", "device": "node-8-spammer", "metadata": {}}
{"timestamp": 1779119198, "type": "safe_tx", "device": "node-8-spammer", "metadata": {}}
{"timestamp": 1779119199, "type": "safe_tx", "device": "node-8-spammer", "metadata": {}}
{"timestamp": 1779119199, "type": "safe_tx", "device": "node-8-spammer", "metadata": {}}
{"timestamp": 1779119199, "type": "safe_tx", "device": "node-8-spammer", "metadata": {}}
{"timestamp": 1779119199, "type": "safe_tx", "device": "node-8-spammer", "metadata": {}}
{"timestamp": 1779119199, "type": "safe_tx", "device": "node-2-clean", "metadata": {}}
{"timestamp": 1779119199, "type": "safe_tx", "device": "node-4-clean", "metadata": {}}
{"timestamp": 1779119199, "type": "safe_tx", "device": "node-2-clean", "metadata": {}}
{"timestamp": 1779119199, "type": "time_anomaly", "device": "node-14-mixed", "metadata": {}}
{"timestamp": 1779119199, "type": "time_anomaly", "device": "node-15-mixed", "metadata": {}}
{"timestamp": 1779119199, "type": "safe_tx", "device": "node-3-clean", "metadata": {}}
{"timestamp": 1779119199, "type": "fuzzing", "device": "node-10-fuzzer", "metadata": {}}
{"timestamp": 1779119199, "type": "time_anomaly", "device": "node-13-mixed", "metadata": {}}
{"timestamp": 1779119199, "type": "safe_tx", "device": "node-1-clean", "metadata": {}}
{"timestamp": 1779119200, "type": "time_anomaly", "device": "node-7-timespoof", "metadata": {}}
{"timestamp": 1779119200, "type": "safe_tx", "device": "node-5-clean", "metadata": {}}
{"timestamp": 1779119200, "type": "safe_tx", "device": "node-8-spammer", "metadata": {}}
{"timestamp": 1779119200, "type": "safe_tx", "device": "node-8-spammer", "metadata": {}}
{"timestamp": 1779119200, "type": "safe_tx", "device": "node-8-spammer", "metadata": {}}
{"timestamp": 1779119200, "type": "safe_tx", "device": "node-8-spammer", "metadata": {}}
{"timestamp": 1779119200, "type": "dos_spam", "device": "node-8-spammer", "metadata": {}}
{"timestamp": 1779119200, "type": "safe_tx", "device": "node-8-spammer", "metadata": {}}
{"timestamp": 1779119200, "type": "safe_tx", "device": "node-8-spammer", "metadata": {}}
{"timestamp": 1779119200, "type": "safe_tx", "device": "node-5-clean", "metadata": {}}
{"timestamp": 1779119200, "type": "safe_tx", "device": "node-8-spammer", "metadata": {}}
{"timestamp": 1779119200, "type": "safe_tx", "device": "node-8-spammer", "metadata": {}}
{"timestamp": 1779119200, "type": "safe_tx", "device": "node-8-spammer", "metadata": {}}
{"timestamp": 1779119200, "type": "safe_tx", "device": "node-8-spammer", "metadata": {}}
{"timestamp": 1779119200, "type": "safe_tx", "device": "node-8-spammer", "metadata": {}}
{"timestamp": 1779119200, "type": "safe_tx", "device": "node-8-spammer", "metadata": {}}
{"timestamp": 1779119200, "type": "overflow", "device": "node-10-fuzzer", "metadata": {"count": 3, "window_sec": 30}}
{"timestamp": 1779119200, "type": "safe_tx", "device": "node-8-spammer", "metadata": {}}
{"timestamp": 1779119200, "type": "safe_tx", "device": "node-8-spammer", "metadata": {}}
{"timestamp": 1779119200, "type": "safe_tx", "device": "node-8-spammer", "metadata": {}}
{"timestamp": 1779119200, "type": "safe_tx", "device": "node-2-clean", "metadata": {}}
{"timestamp": 1779119200, "type": "safe_tx", "device": "node-8-spammer", "metadata": {}}
{"timestamp": 1779119201, "type": "safe_tx", "device": "node-8-spammer", "metadata": {}}
{"timestamp": 1779119201, "type": "safe_tx", "device": "node-8-spammer", "metadata": {}}
{"timestamp": 1779119201, "type": "safe_tx", "device": "node-8-spammer", "metadata": {}}
{"timestamp": 1779119201, "type": "dos_spam", "device": "node-8-spammer", "metadata": {"count": 30, "window_sec": 5}}
{"timestamp": 1779119201, "type": "dos_spam", "device": "node-8-spammer", "metadata": {}}
{"timestamp": 1779119201, "type": "safe_tx", "device": "node-8-spammer", "metadata": {}}
{"timestamp": 1779119201, "type": "safe_tx", "device": "node-9-stealth", "metadata": {}}
{"timestamp": 1779119201, "type": "safe_tx", "device": "node-8-spammer", "metadata": {}}
{"timestamp": 1779119201, "type": "safe_tx", "device": "node-8-spammer", "metadata": {}}
{"timestamp": 1779119201, "type": "safe_tx", "device": "node-8-spammer", "metadata": {}}
{"timestamp": 1779119201, "type": "safe_tx", "device": "node-8-spammer", "metadata": {}}
{"timestamp": 1779119201, "type": "safe_tx", "device": "node-4-clean", "metadata": {}}
{"timestamp": 1779119201, "type": "safe_tx", "device": "node-8-spammer", "metadata": {}}
{"timestamp": 1779119201, "type": "safe_tx", "device": "node-12-mixed", "metadata": {}}
{"timestamp": 1779119201, "type": "safe_tx", "device": "node-8-spammer", "metadata": {}}
{"timestamp": 1779119201, "type": "safe_tx", "device": "node-8-spammer", "metadata": {}}
{"timestamp": 1779119201, "type": "safe_tx", "device": "node-8-spammer", "metadata": {}}
{"timestamp": 1779119201, "type": "safe_tx", "device": "node-8-spammer", "metadata": {}}
{"timestamp": 1779119202, "type": "safe_tx", "device": "node-8-spammer", "metadata": {}}
{"timestamp": 1779119202, "type": "safe_tx", "device": "node-8-spammer", "metadata": {}}
{"timestamp": 1779119202, "type": "safe_tx", "device": "node-8-spammer", "metadata": {}}
{"timestamp": 1779119202, "type": "safe_tx", "device": "node-8-spammer", "metadata": {}}
{"timestamp": 1779119202, "type": "safe_tx", "device": "node-8-spammer", "metadata": {}}
{"timestamp": 1779119202, "type": "dos_spam", "device": "node-8-spammer", "metadata": {}}
{"timestamp": 1779119202, "type": "safe_tx", "device": "node-8-spammer", "metadata": {}}
{"timestamp": 1779119202, "type": "safe_tx", "device": "node-8-spammer", "metadata": {}}
{"timestamp": 1779119202, "type": "safe_tx", "device": "node-8-spammer", "metadata": {}}
{"timestamp": 1779119202, "type": "safe_tx", "device": "node-8-spammer", "metadata": {}}
{"timestamp": 1779119202, "type": "safe_tx", "device": "node-8-spammer", "metadata": {}}
{"timestamp": 1779119202, "type": "safe_tx", "device": "node-8-spammer", "metadata": {}}
{"timestamp": 1779119202, "type": "safe_tx", "device": "node-8-spammer", "metadata": {}}
{"timestamp": 1779119202, "type": "safe_tx", "device": "node-5-clean", "metadata": {}}
{"timestamp": 1779119202, "type": "fuzzing", "device": "node-10-fuzzer", "metadata": {}}
{"timestamp": 1779119202, "type": "safe_tx", "device": "node-1-clean", "metadata": {}}
{"timestamp": 1779119202, "type": "safe_tx", "device": "node-2-clean", "metadata": {}}
{"timestamp": 1779119202, "type": "safe_tx", "device": "node-12-mixed", "metadata": {}}
{"timestamp": 1779119202, "type": "time_anomaly", "device": "node-15-mixed", "metadata": {}}
{"timestamp": 1779119202, "type": "safe_tx", "device": "node-13-mixed", "metadata": {}}
{"timestamp": 1779119203, "type": "safe_tx", "device": "node-10-fuzzer", "metadata": {}}
{"timestamp": 1779119203, "type": "safe_tx", "device": "node-5-clean", "metadata": {}}
{"timestamp": 1779119203, "type": "safe_tx", "device": "node-8-spammer", "metadata": {}}
{"timestamp": 1779119203, "type": "safe_tx", "device": "node-8-spammer", "metadata": {}}
{"timestamp": 1779119203, "type": "safe_tx", "device": "node-8-spammer", "metadata": {}}
{"timestamp": 1779119203, "type": "safe_tx", "device": "node-9-stealth", "metadata": {}}
{"timestamp": 1779119204, "type": "safe_tx", "device": "node-3-clean", "metadata": {}}
{"timestamp": 1779119204, "type": "safe_tx", "device": "node-4-clean", "metadata": {}}
{"timestamp": 1779119204, "type": "safe_tx", "device": "node-9-stealth", "metadata": {}}
{"timestamp": 1779119204, "type": "time_anomaly", "device": "node-7-timespoof", "metadata": {}}
{"timestamp": 1779119204, "type": "fuzzing", "device": "node-10-fuzzer", "metadata": {}}
{"timestamp": 1779119204, "type": "safe_tx", "device": "node-8-spammer", "metadata": {}}
{"timestamp": 1779119204, "type": "safe_tx", "device": "node-3-clean", "metadata": {}}
{"timestamp": 1779119204, "type": "safe_tx", "device": "node-8-spammer", "metadata": {}}
{"timestamp": 1779119204, "type": "safe_tx", "device": "node-13-mixed", "metadata": {}}
{"timestamp": 1779119205, "type": "overflow", "device": "node-14-mixed", "metadata": {"count": 3, "window_sec": 30}}
{"timestamp": 1779119206, "type": "safe_tx", "device": "node-2-clean", "metadata": {}}
{"timestamp": 1779119206, "type": "safe_tx", "device": "node-9-stealth", "metadata": {}}
{"timestamp": 1779119206, "type": "safe_tx", "device": "node-1-clean", "metadata": {}}
{"timestamp": 1779119206, "type": "safe_tx", "device": "node-15-mixed", "metadata": {}}
{"timestamp": 1779119206, "type": "fuzzing", "device": "node-10-fuzzer", "metadata": {}}
{"timestamp": 1779119206, "type": "time_anomaly", "device": "node-12-mixed", "metadata": {}}
{"timestamp": 1779119206, "type": "safe_tx", "device": "node-5-clean", "metadata": {}}
{"timestamp": 1779119206, "type": "safe_tx", "device": "node-8-spammer", "metadata": {}}
{"timestamp": 1779119206, "type": "safe_tx", "device": "node-8-spammer", "metadata": {}}
{"timestamp": 1779119206, "type": "safe_tx", "device": "node-8-spammer", "metadata": {}}
{"timestamp": 1779119206, "type": "dos_spam", "device": "node-8-spammer", "metadata": {"count": 30, "window_sec": 5}}
{"timestamp": 1779119206, "type": "safe_tx", "device": "node-8-spammer", "metadata": {}}
{"timestamp": 1779119206, "type": "safe_tx", "device": "node-8-spammer", "metadata": {}}
{"timestamp": 1779119206, "type": "safe_tx", "device": "node-8-spammer", "metadata": {}}
{"timestamp": 1779119206, "type": "safe_tx", "device": "node-8-spammer", "metadata": {}}
{"timestamp": 1779119206, "type": "safe_tx", "device": "node-4-clean", "metadata": {}}
{"timestamp": 1779119206, "type": "safe_tx", "device": "node-5-clean", "metadata": {}}
{"timestamp": 1779119207, "type": "overflow", "device": "node-6-overflow", "metadata": {"count": 3, "window_sec": 30}}
{"timestamp": 1779119207, "type": "safe_tx", "device": "node-9-stealth", "metadata": {}}
{"timestamp": 1779119207, "type": "safe_tx", "device": "node-10-fuzzer", "metadata": {}}
{"timestamp": 1779119207, "type": "safe_tx", "device": "node-8-spammer", "metadata": {}}
{"timestamp": 1779119207, "type": "safe_tx", "device": "node-8-spammer", "metadata": {}}
{"timestamp": 1779119207, "type": "safe_tx", "device": "node-8-spammer", "metadata": {}}
{"timestamp": 1779119207, "type": "safe_tx", "device": "node-3-clean", "metadata": {}}
{"timestamp": 1779119208, "type": "safe_tx", "device": "node-9-stealth", "metadata": {}}
{"timestamp": 1779119208, "type": "safe_tx", "device": "node-14-mixed", "metadata": {}}
{"timestamp": 1779119208, "type": "fuzzing", "device": "node-10-fuzzer", "metadata": {}}
{"timestamp": 1779119208, "type": "overflow", "device": "node-12-mixed", "metadata": {"count": 3, "window_sec": 30}}
{"timestamp": 1779119208, "type": "time_anomaly", "device": "node-13-mixed", "metadata": {}}
{"timestamp": 1779119208, "type": "safe_tx", "device": "node-14-mixed", "metadata": {}}
{"timestamp": 1779119208, "type": "time_anomaly", "device": "node-7-timespoof", "metadata": {}}
{"timestamp": 1779119208, "type": "safe_tx", "device": "node-4-clean", "metadata": {}}
{"timestamp": 1779119208, "type": "safe_tx", "device": "node-9-stealth", "metadata": {}}
{"timestamp": 1779119209, "type": "safe_tx", "device": "node-1-clean", "metadata": {}}
{"timestamp": 1779119209, "type": "safe_tx", "device": "node-2-clean", "metadata": {}}
{"timestamp": 1779119209, "type": "safe_tx", "device": "node-5-clean", "metadata": {}}
{"timestamp": 1779119209, "type": "safe_tx", "device": "node-8-spammer", "metadata": {}}
{"timestamp": 1779119209, "type": "safe_tx", "device": "node-8-spammer", "metadata": {}}
{"timestamp": 1779119209, "type": "safe_tx", "device": "node-8-spammer", "metadata": {}}
{"timestamp": 1779119209, "type": "safe_tx", "device": "node-8-spammer", "metadata": {}}
{"timestamp": 1779119209, "type": "safe_tx", "device": "node-13-mixed", "metadata": {}}
{"timestamp": 1779119210, "type": "safe_tx", "device": "node-15-mixed", "metadata": {}}
{"timestamp": 1779119210, "type": "safe_tx", "device": "node-14-mixed", "metadata": {}}
{"timestamp": 1779119210, "type": "safe_tx", "device": "node-8-spammer", "metadata": {}}
{"timestamp": 1779119210, "type": "safe_tx", "device": "node-8-spammer", "metadata": {}}
{"timestamp": 1779119210, "type": "safe_tx", "device": "node-8-spammer", "metadata": {}}
{"timestamp": 1779119210, "type": "safe_tx", "device": "node-8-spammer", "metadata": {}}
{"timestamp": 1779119210, "type": "safe_tx", "device": "node-9-stealth", "metadata": {}}
{"timestamp": 1779119210, "type": "time_anomaly", "device": "node-7-timespoof", "metadata": {}}
{"timestamp": 1779119211, "type": "fuzzing", "device": "node-10-fuzzer", "metadata": {}}
{"timestamp": 1779119211, "type": "safe_tx", "device": "node-4-clean", "metadata": {}}
{"timestamp": 1779119211, "type": "safe_tx", "device": "node-12-mixed", "metadata": {}}
{"timestamp": 1779119211, "type": "safe_tx", "device": "node-5-clean", "metadata": {}}
{"timestamp": 1779119212, "type": "safe_tx", "device": "node-8-spammer", "metadata": {}}
{"timestamp": 1779119212, "type": "fuzzing", "device": "node-10-fuzzer", "metadata": {}}
{"timestamp": 1779119212, "type": "safe_tx", "device": "node-8-spammer", "metadata": {}}
{"timestamp": 1779119212, "type": "safe_tx", "device": "node-8-spammer", "metadata": {}}
{"timestamp": 1779119212, "type": "safe_tx", "device": "node-8-spammer", "metadata": {}}
{"timestamp": 1779119212, "type": "safe_tx", "device": "node-8-spammer", "metadata": {}}
{"timestamp": 1779119212, "type": "safe_tx", "device": "node-3-clean", "metadata": {}}
{"timestamp": 1779119212, "type": "safe_tx", "device": "node-8-spammer", "metadata": {}}
{"timestamp": 1779119212, "type": "safe_tx", "device": "node-5-clean", "metadata": {}}
{"timestamp": 1779119212, "type": "safe_tx", "device": "node-1-clean", "metadata": {}}
{"timestamp": 1779119212, "type": "safe_tx", "device": "node-14-mixed", "metadata": {}}
{"timestamp": 1779119212, "type": "safe_tx", "device": "node-4-clean", "metadata": {}}
{"timestamp": 1779119213, "type": "time_anomaly", "device": "node-14-mixed", "metadata": {}}
{"timestamp": 1779119213, "type": "overflow", "device": "node-15-mixed", "metadata": {"count": 3, "window_sec": 30}}
{"timestamp": 1779119213, "type": "safe_tx", "device": "node-12-mixed", "metadata": {}}
{"timestamp": 1779119213, "type": "safe_tx", "device": "node-13-mixed", "metadata": {}}
{"timestamp": 1779119213, "type": "safe_tx", "device": "node-8-spammer", "metadata": {}}
{"timestamp": 1779119213, "type": "safe_tx", "device": "node-8-spammer", "metadata": {}}
{"timestamp": 1779119213, "type": "safe_tx", "device": "node-4-clean", "metadata": {}}
{"timestamp": 1779119213, "type": "safe_tx", "device": "node-9-stealth", "metadata": {}}
{"timestamp": 1779119213, "type": "safe_tx", "device": "node-2-clean", "metadata": {}}
{"timestamp": 1779119214, "type": "fuzzing", "device": "node-10-fuzzer", "metadata": {}}
{"timestamp": 1779119214, "type": "time_anomaly", "device": "node-7-timespoof", "metadata": {}}
{"timestamp": 1779119214, "type": "safe_tx", "device": "node-1-clean", "metadata": {}}
{"timestamp": 1779119214, "type": "safe_tx", "device": "node-8-spammer", "metadata": {}}
{"timestamp": 1779119214, "type": "safe_tx", "device": "node-8-spammer", "metadata": {}}
{"timestamp": 1779119214, "type": "safe_tx", "device": "node-8-spammer", "metadata": {}}
{"timestamp": 1779119214, "type": "time_anomaly", "device": "node-12-mixed", "metadata": {}}
{"timestamp": 1779119214, "type": "safe_tx", "device": "node-8-spammer", "metadata": {}}
{"timestamp": 1779119214, "type": "safe_tx", "device": "node-8-spammer", "metadata": {}}
{"timestamp": 1779119214, "type": "safe_tx", "device": "node-8-spammer", "metadata": {}}
{"timestamp": 1779119214, "type": "safe_tx", "device": "node-8-spammer", "metadata": {}}
{"timestamp": 1779119214, "type": "dos_spam", "device": "node-8-spammer", "metadata": {}}
{"timestamp": 1779119214, "type": "safe_tx", "device": "node-8-spammer", "metadata": {}}
{"timestamp": 1779119214, "type": "safe_tx", "device": "node-8-spammer", "metadata": {}}
{"timestamp": 1779119214, "type": "overflow", "device": "node-6-overflow", "metadata": {"count": 3, "window_sec": 30}}
{"timestamp": 1779119214, "type": "safe_tx", "device": "node-8-spammer", "metadata": {}}
{"timestamp": 1779119214, "type": "safe_tx", "device": "node-8-spammer", "metadata": {}}
{"timestamp": 1779119214, "type": "safe_tx", "device": "node-8-spammer", "metadata": {}}
{"timestamp": 1779119214, "type": "safe_tx", "device": "node-8-spammer", "metadata": {}}
{"timestamp": 1779119214, "type": "safe_tx", "device": "node-8-spammer", "metadata": {}}
{"timestamp": 1779119214, "type": "dos_spam", "device": "node-8-spammer", "metadata": {"count": 30, "window_sec": 5}}
{"timestamp": 1779119214, "type": "safe_tx", "device": "node-8-spammer", "metadata": {}}
{"timestamp": 1779119214, "type": "safe_tx", "device": "node-5-clean", "metadata": {}}
{"timestamp": 1779119214, "type": "safe_tx", "device": "node-8-spammer", "metadata": {}}
{"timestamp": 1779119214, "type": "safe_tx", "device": "node-8-spammer", "metadata": {}}
{"timestamp": 1779119214, "type": "safe_tx", "device": "node-8-spammer", "metadata": {}}
{"timestamp": 1779119214, "type": "safe_tx", "device": "node-8-spammer", "metadata": {}}
{"timestamp": 1779119214, "type": "safe_tx", "device": "node-8-spammer", "metadata": {}}
{"timestamp": 1779119215, "type": "safe_tx", "device": "node-13-mixed", "metadata": {}}
{"timestamp": 1779119215, "type": "safe_tx", "device": "node-14-mixed", "metadata": {}}
{"timestamp": 1779119215, "type": "time_anomaly", "device": "node-15-mixed", "metadata": {}}
{"timestamp": 1779119215, "type": "safe_tx", "device": "node-3-clean", "metadata": {}}
{"timestamp": 1779119215, "type": "safe_tx", "device": "node-9-stealth", "metadata": {}}
{"timestamp": 1779119215, "type": "fuzzing", "device": "node-10-fuzzer", "metadata": {}}
{"timestamp": 1779119216, "type": "safe_tx", "device": "node-13-mixed", "metadata": {}}
{"timestamp": 1779119216, "type": "safe_tx", "device": "node-14-mixed", "metadata": {}}
{"timestamp": 1779119216, "type": "safe_tx", "device": "node-13-mixed", "metadata": {}}
{"timestamp": 1779119216, "type": "safe_tx", "device": "node-8-spammer", "metadata": {}}
{"timestamp": 1779119216, "type": "safe_tx", "device": "node-3-clean", "metadata": {}}
{"timestamp": 1779119217, "type": "safe_tx", "device": "node-5-clean", "metadata": {}}
{"timestamp": 1779119217, "type": "safe_tx", "device": "node-13-mixed", "metadata": {}}
{"timestamp": 1779119217, "type": "safe_tx", "device": "node-2-clean", "metadata": {}}
{"timestamp": 1779119217, "type": "time_anomaly", "device": "node-12-mixed", "metadata": {}}
{"timestamp": 1779119217, "type": "safe_tx", "device": "node-4-clean", "metadata": {}}
{"timestamp": 1779119217, "type": "safe_tx", "device": "node-9-stealth", "metadata": {}}
{"timestamp": 1779119217, "type": "safe_tx", "device": "node-6-overflow", "metadata": {}}
{"timestamp": 1779119218, "type": "safe_tx", "device": "node-1-clean", "metadata": {}}
{"timestamp": 1779119218, "type": "safe_tx", "device": "node-5-clean", "metadata": {}}
{"timestamp": 1779119218, "type": "fuzzing", "device": "node-10-fuzzer", "metadata": {}}
{"timestamp": 1779119219, "type": "time_anomaly", "device": "node-14-mixed", "metadata": {}}
{"timestamp": 1779119219, "type": "safe_tx", "device": "node-4-clean", "metadata": {}}
{"timestamp": 1779119219, "type": "safe_tx", "device": "node-13-mixed", "metadata": {}}
{"timestamp": 1779119219, "type": "safe_tx", "device": "node-8-spammer", "metadata": {}}
{"timestamp": 1779119219, "type": "safe_tx", "device": "node-8-spammer", "metadata": {}}
{"timestamp": 1779119219, "type": "safe_tx", "device": "node-8-spammer", "metadata": {}}
{"timestamp": 1779119219, "type": "safe_tx", "device": "node-2-clean", "metadata": {}}
{"timestamp": 1779119219, "type": "safe_tx", "device": "node-14-mixed", "metadata": {}}
{"timestamp": 1779119219, "type": "safe_tx", "device": "node-3-clean", "metadata": {}}
{"timestamp": 1779119219, "type": "safe_tx", "device": "node-11-pulsing", "metadata": {}}
{"timestamp": 1779119220, "type": "time_anomaly", "device": "node-7-timespoof", "metadata": {}}
{"timestamp": 1779119219, "type": "safe_tx", "device": "node-11-pulsing", "metadata": {}}
{"timestamp": 1779119220, "type": "safe_tx", "device": "node-11-pulsing", "metadata": {}}
{"timestamp": 1779119220, "type": "safe_tx", "device": "node-9-stealth", "metadata": {}}
{"timestamp": 1779119220, "type": "safe_tx", "device": "node-11-pulsing", "metadata": {}}
{"timestamp": 1779119220, "type": "safe_tx", "device": "node-10-fuzzer", "metadata": {}}
{"timestamp": 1779119220, "type": "time_anomaly", "device": "node-14-mixed", "metadata": {}}
{"timestamp": 1779119220, "type": "safe_tx", "device": "node-11-pulsing", "metadata": {}}
{"timestamp": 1779119220, "type": "safe_tx", "device": "node-11-pulsing", "metadata": {}}
{"timestamp": 1779119220, "type": "safe_tx", "device": "node-11-pulsing", "metadata": {}}
{"timestamp": 1779119220, "type": "safe_tx", "device": "node-11-pulsing", "metadata": {}}
{"timestamp": 1779119220, "type": "safe_tx", "device": "node-11-pulsing", "metadata": {}}
{"timestamp": 1779119220, "type": "safe_tx", "device": "node-11-pulsing", "metadata": {}}
{"timestamp": 1779119220, "type": "safe_tx", "device": "node-11-pulsing", "metadata": {}}
{"timestamp": 1779119220, "type": "safe_tx", "device": "node-11-pulsing", "metadata": {}}
{"timestamp": 1779119220, "type": "safe_tx", "device": "node-5-clean", "metadata": {}}
{"timestamp": 1779119220, "type": "safe_tx", "device": "node-11-pulsing", "metadata": {}}
{"timestamp": 1779119220, "type": "safe_tx", "device": "node-1-clean", "metadata": {}}
{"timestamp": 1779119220, "type": "safe_tx", "device": "node-11-pulsing", "metadata": {}}
{"timestamp": 1779119220, "type": "safe_tx", "device": "node-11-pulsing", "metadata": {}}
{"timestamp": 1779119220, "type": "dos_spam", "device": "node-11-pulsing", "metadata": {}}
{"timestamp": 1779119220, "type": "safe_tx", "device": "node-1-clean", "metadata": {}}
{"timestamp": 1779119220, "type": "safe_tx", "device": "node-11-pulsing", "metadata": {}}
{"timestamp": 1779119220, "type": "safe_tx", "device": "node-11-pulsing", "metadata": {}}
{"timestamp": 1779119220, "type": "safe_tx", "device": "node-8-spammer", "metadata": {}}
{"timestamp": 1779119220, "type": "safe_tx", "device": "node-8-spammer", "metadata": {}}
{"timestamp": 1779119220, "type": "safe_tx", "device": "node-8-spammer", "metadata": {}}
{"timestamp": 1779119220, "type": "safe_tx", "device": "node-11-pulsing", "metadata": {}}
{"timestamp": 1779119220, "type": "safe_tx", "device": "node-15-mixed", "metadata": {}}
{"timestamp": 1779119220, "type": "safe_tx", "device": "node-8-spammer", "metadata": {}}
{"timestamp": 1779119220, "type": "safe_tx", "device": "node-11-pulsing", "metadata": {}}
{"timestamp": 1779119220, "type": "safe_tx", "device": "node-10-fuzzer", "metadata": {}}
{"timestamp": 1779119220, "type": "safe_tx", "device": "node-11-pulsing", "metadata": {}}
{"timestamp": 1779119221, "type": "safe_tx", "device": "node-1-clean", "metadata": {}}
{"timestamp": 1779119221, "type": "safe_tx", "device": "node-6-overflow", "metadata": {}}
{"timestamp": 1779119222, "type": "safe_tx", "device": "node-9-stealth", "metadata": {}}
{"timestamp": 1779119222, "type": "safe_tx", "device": "node-2-clean", "metadata": {}}
{"timestamp": 1779119222, "type": "safe_tx", "device": "node-8-spammer", "metadata": {}}
{"timestamp": 1779119222, "type": "safe_tx", "device": "node-8-spammer", "metadata": {}}
{"timestamp": 1779119222, "type": "time_anomaly", "device": "node-7-timespoof", "metadata": {}}
{"timestamp": 1779119222, "type": "safe_tx", "device": "node-8-spammer", "metadata": {}}
{"timestamp": 1779119222, "type": "safe_tx", "device": "node-8-spammer", "metadata": {}}
{"timestamp": 1779119222, "type": "safe_tx", "device": "node-8-spammer", "metadata": {}}
{"timestamp": 1779119222, "type": "fuzzing", "device": "node-10-fuzzer", "metadata": {}}
{"timestamp": 1779119222, "type": "safe_tx", "device": "node-3-clean", "metadata": {}}
{"timestamp": 1779119222, "type": "safe_tx", "device": "node-12-mixed", "metadata": {}}
{"timestamp": 1779119222, "type": "safe_tx", "device": "node-15-mixed", "metadata": {}}
{"timestamp": 1779119223, "type": "safe_tx", "device": "node-9-stealth", "metadata": {}}
{"timestamp": 1779119223, "type": "time_anomaly", "device": "node-13-mixed", "metadata": {}}
{"timestamp": 1779119223, "type": "safe_tx", "device": "node-14-mixed", "metadata": {}}
{"timestamp": 1779119223, "type": "safe_tx", "device": "node-5-clean", "metadata": {}}
{"timestamp": 1779119223, "type": "safe_tx", "device": "node-8-spammer", "metadata": {}}
{"timestamp": 1779119223, "type": "safe_tx", "device": "node-8-spammer", "metadata": {}}
{"timestamp": 1779119223, "type": "safe_tx", "device": "node-8-spammer", "metadata": {}}
{"timestamp": 1779119223, "type": "safe_tx", "device": "node-8-spammer", "metadata": {}}
{"timestamp": 1779119223, "type": "safe_tx", "device": "node-1-clean", "metadata": {}}
{"timestamp": 1779119223, "type": "safe_tx", "device": "node-8-spammer", "metadata": {}}
{"timestamp": 1779119223, "type": "safe_tx", "device": "node-4-clean", "metadata": {}}
{"timestamp": 1779119223, "type": "fuzzing", "device": "node-10-fuzzer", "metadata": {}}
{"timestamp": 1779119224, "type": "safe_tx", "device": "node-4-clean", "metadata": {}}
{"timestamp": 1779119224, "type": "safe_tx", "device": "node-3-clean", "metadata": {}}
{"timestamp": 1779119224, "type": "safe_tx", "device": "node-5-clean", "metadata": {}}
{"timestamp": 1779119224, "type": "safe_tx", "device": "node-15-mixed", "metadata": {}}
{"timestamp": 1779119224, "type": "safe_tx", "device": "node-1-clean", "metadata": {}}
{"timestamp": 1779119225, "type": "safe_tx", "device": "node-8-spammer", "metadata": {}}
{"timestamp": 1779119225, "type": "safe_tx", "device": "node-10-fuzzer", "metadata": {}}
{"timestamp": 1779119225, "type": "safe_tx", "device": "node-13-mixed", "metadata": {}}
{"timestamp": 1779119225, "type": "safe_tx", "device": "node-9-stealth", "metadata": {}}
{"timestamp": 1779119225, "type": "safe_tx", "device": "node-12-mixed", "metadata": {}}
{"timestamp": 1779119225, "type": "safe_tx", "device": "node-5-clean", "metadata": {}}
{"timestamp": 1779119225, "type": "safe_tx", "device": "node-2-clean", "metadata": {}}
{"timestamp": 1779119225, "type": "safe_tx", "device": "node-14-mixed", "metadata": {}}
{"timestamp": 1779119225, "type": "overflow", "device": "node-6-overflow", "metadata": {"count": 3, "window_sec": 30}}
{"timestamp": 1779119226, "type": "fuzzing", "device": "node-10-fuzzer", "metadata": {}}
{"timestamp": 1779119226, "type": "time_anomaly", "device": "node-14-mixed", "metadata": {}}
{"timestamp": 1779119226, "type": "safe_tx", "device": "node-8-spammer", "metadata": {}}
{"timestamp": 1779119226, "type": "safe_tx", "device": "node-8-spammer", "metadata": {}}
{"timestamp": 1779119226, "type": "safe_tx", "device": "node-8-spammer", "metadata": {}}
{"timestamp": 1779119226, "type": "safe_tx", "device": "node-8-spammer", "metadata": {}}
{"timestamp": 1779119226, "type": "safe_tx", "device": "node-1-clean", "metadata": {}}
{"timestamp": 1779119226, "type": "safe_tx", "device": "node-8-spammer", "metadata": {}}
{"timestamp": 1779119226, "type": "safe_tx", "device": "node-8-spammer", "metadata": {}}
{"timestamp": 1779119226, "type": "safe_tx", "device": "node-8-spammer", "metadata": {}}
{"timestamp": 1779119226, "type": "safe_tx", "device": "node-15-mixed", "metadata": {}}
{"timestamp": 1779119226, "type": "safe_tx", "device": "node-8-spammer", "metadata": {}}
{"timestamp": 1779119226, "type": "safe_tx", "device": "node-8-spammer", "metadata": {}}
{"timestamp": 1779119226, "type": "safe_tx", "device": "node-8-spammer", "metadata": {}}
{"timestamp": 1779119226, "type": "safe_tx", "device": "node-8-spammer", "metadata": {}}
{"timestamp": 1779119226, "type": "safe_tx", "device": "node-8-spammer", "metadata": {}}
{"timestamp": 1779119226, "type": "safe_tx", "device": "node-8-spammer", "metadata": {}}
{"timestamp": 1779119226, "type": "safe_tx", "device": "node-3-clean", "metadata": {}}
{"timestamp": 1779119226, "type": "safe_tx", "device": "node-2-clean", "metadata": {}}
{"timestamp": 1779119227, "type": "safe_tx", "device": "node-2-clean", "metadata": {}}
{"timestamp": 1779119227, "type": "safe_tx", "device": "node-12-mixed", "metadata": {}}
{"timestamp": 1779119227, "type": "safe_tx", "device": "node-8-spammer", "metadata": {}}
{"timestamp": 1779119227, "type": "dos_spam", "device": "node-8-spammer", "metadata": {}}
{"timestamp": 1779119227, "type": "safe_tx", "device": "node-8-spammer", "metadata": {}}
{"timestamp": 1779119227, "type": "safe_tx", "device": "node-8-spammer", "metadata": {}}
{"timestamp": 1779119227, "type": "safe_tx", "device": "node-9-stealth", "metadata": {}}
{"timestamp": 1779119227, "type": "safe_tx", "device": "node-8-spammer", "metadata": {}}
{"timestamp": 1779119227, "type": "safe_tx", "device": "node-8-spammer", "metadata": {}}
{"timestamp": 1779119227, "type": "safe_tx", "device": "node-14-mixed", "metadata": {}}
{"timestamp": 1779119227, "type": "time_anomaly", "device": "node-13-mixed", "metadata": {}}
{"timestamp": 1779119227, "type": "safe_tx", "device": "node-8-spammer", "metadata": {}}
{"timestamp": 1779119227, "type": "dos_spam", "device": "node-8-spammer", "metadata": {"count": 30, "window_sec": 5}}
{"timestamp": 1779119227, "type": "safe_tx", "device": "node-8-spammer", "metadata": {}}
{"timestamp": 1779119227, "type": "safe_tx", "device": "node-8-spammer", "metadata": {}}
{"timestamp": 1779119227, "type": "safe_tx", "device": "node-8-spammer", "metadata": {}}
{"timestamp": 1779119227, "type": "safe_tx", "device": "node-10-fuzzer", "metadata": {}}
{"timestamp": 1779119228, "type": "safe_tx", "device": "node-5-clean", "metadata": {}}
{"timestamp": 1779119228, "type": "safe_tx", "device": "node-4-clean", "metadata": {}}
{"timestamp": 1779119228, "type": "time_anomaly", "device": "node-7-timespoof", "metadata": {}}
{"timestamp": 1779119228, "type": "safe_tx", "device": "node-6-overflow", "metadata": {}}
{"timestamp": 1779119228, "type": "safe_tx", "device": "node-1-clean", "metadata": {}}
{"timestamp": 1779119228, "type": "safe_tx", "device": "node-9-stealth", "metadata": {}}
{"timestamp": 1779119228, "type": "safe_tx", "device": "node-13-mixed", "metadata": {}}
{"timestamp": 1779119228, "type": "time_anomaly", "device": "node-15-mixed", "metadata": {}}
{"timestamp": 1779119228, "type": "safe_tx", "device": "node-4-clean", "metadata": {}}
{"timestamp": 1779119228, "type": "safe_tx", "device": "node-3-clean", "metadata": {}}
{"timestamp": 1779119228, "type": "safe_tx", "device": "node-2-clean", "metadata": {}}
{"timestamp": 1779119229, "type": "safe_tx", "device": "node-8-spammer", "metadata": {}}
{"timestamp": 1779119229, "type": "safe_tx", "device": "node-8-spammer", "metadata": {}}
{"timestamp": 1779119229, "type": "safe_tx", "device": "node-8-spammer", "metadata": {}}
{"timestamp": 1779119229, "type": "safe_tx", "device": "node-2-clean", "metadata": {}}
{"timestamp": 1779119229, "type": "safe_tx", "device": "node-8-spammer", "metadata": {}}
{"timestamp": 1779119229, "type": "safe_tx", "device": "node-8-spammer", "metadata": {}}
{"timestamp": 1779119229, "type": "safe_tx", "device": "node-8-spammer", "metadata": {}}
{"timestamp": 1779119229, "type": "safe_tx", "device": "node-4-clean", "metadata": {}}
{"timestamp": 1779119229, "type": "safe_tx", "device": "node-8-spammer", "metadata": {}}
{"timestamp": 1779119229, "type": "dos_spam", "device": "node-8-spammer", "metadata": {}}
{"timestamp": 1779119229, "type": "safe_tx", "device": "node-8-spammer", "metadata": {}}
{"timestamp": 1779119229, "type": "safe_tx", "device": "node-8-spammer", "metadata": {}}
{"timestamp": 1779119229, "type": "safe_tx", "device": "node-8-spammer", "metadata": {}}
{"timestamp": 1779119229, "type": "safe_tx", "device": "node-8-spammer", "metadata": {}}
{"timestamp": 1779119229, "type": "safe_tx", "device": "node-8-spammer", "metadata": {}}
{"timestamp": 1779119229, "type": "safe_tx", "device": "node-8-spammer", "metadata": {}}
{"timestamp": 1779119229, "type": "safe_tx", "device": "node-8-spammer", "metadata": {}}
{"timestamp": 1779119229, "type": "safe_tx", "device": "node-8-spammer", "metadata": {}}
{"timestamp": 1779119229, "type": "safe_tx", "device": "node-8-spammer", "metadata": {}}
{"timestamp": 1779119229, "type": "safe_tx", "device": "node-8-spammer", "metadata": {}}
{"timestamp": 1779119229, "type": "safe_tx", "device": "node-8-spammer", "metadata": {}}
{"timestamp": 1779119229, "type": "safe_tx", "device": "node-8-spammer", "metadata": {}}
{"timestamp": 1779119229, "type": "safe_tx", "device": "node-8-spammer", "metadata": {}}
{"timestamp": 1779119229, "type": "safe_tx", "device": "node-8-spammer", "metadata": {}}
{"timestamp": 1779119229, "type": "time_anomaly", "device": "node-12-mixed", "metadata": {}}
{"timestamp": 1779119229, "type": "safe_tx", "device": "node-8-spammer", "metadata": {}}
{"timestamp": 1779119229, "type": "dos_spam", "device": "node-8-spammer", "metadata": {}}
{"timestamp": 1779119229, "type": "safe_tx", "device": "node-5-clean", "metadata": {}}
{"timestamp": 1779119230, "type": "safe_tx", "device": "node-9-stealth", "metadata": {}}
{"timestamp": 1779119230, "type": "safe_tx", "device": "node-8-spammer", "metadata": {}}
{"timestamp": 1779119230, "type": "safe_tx", "device": "node-8-spammer", "metadata": {}}
{"timestamp": 1779119230, "type": "safe_tx", "device": "node-8-spammer", "metadata": {}}
{"timestamp": 1779119230, "type": "safe_tx", "device": "node-8-spammer", "metadata": {}}
{"timestamp": 1779119230, "type": "safe_tx", "device": "node-8-spammer", "metadata": {}}
{"timestamp": 1779119230, "type": "dos_spam", "device": "node-8-spammer", "metadata": {"count": 30, "window_sec": 5}}
{"timestamp": 1779119230, "type": "safe_tx", "device": "node-8-spammer", "metadata": {}}
{"timestamp": 1779119230, "type": "safe_tx", "device": "node-8-spammer", "metadata": {}}
{"timestamp": 1779119230, "type": "safe_tx", "device": "node-15-mixed", "metadata": {}}
{"timestamp": 1779119230, "type": "safe_tx", "device": "node-8-spammer", "metadata": {}}
{"timestamp": 1779119230, "type": "safe_tx", "device": "node-8-spammer", "metadata": {}}
{"timestamp": 1779119230, "type": "overflow", "device": "node-10-fuzzer", "metadata": {"count": 3, "window_sec": 30}}
{"timestamp": 1779119230, "type": "safe_tx", "device": "node-8-spammer", "metadata": {}}
{"timestamp": 1779119230, "type": "safe_tx", "device": "node-8-spammer", "metadata": {}}
{"timestamp": 1779119230, "type": "safe_tx", "device": "node-13-mixed", "metadata": {}}
{"timestamp": 1779119230, "type": "safe_tx", "device": "node-8-spammer", "metadata": {}}
{"timestamp": 1779119230, "type": "safe_tx", "device": "node-5-clean", "metadata": {}}
{"timestamp": 1779119230, "type": "safe_tx", "device": "node-8-spammer", "metadata": {}}
{"timestamp": 1779119230, "type": "safe_tx", "device": "node-8-spammer", "metadata": {}}
{"timestamp": 1779119231, "type": "safe_tx", "device": "node-8-spammer", "metadata": {}}
{"timestamp": 1779119231, "type": "dos_spam", "device": "node-8-spammer", "metadata": {}}
{"timestamp": 1779119231, "type": "safe_tx", "device": "node-8-spammer", "metadata": {}}
{"timestamp": 1779119231, "type": "safe_tx", "device": "node-8-spammer", "metadata": {}}
{"timestamp": 1779119231, "type": "overflow", "device": "node-14-mixed", "metadata": {"count": 3, "window_sec": 30}}
{"timestamp": 1779119231, "type": "safe_tx", "device": "node-1-clean", "metadata": {}}
{"timestamp": 1779119231, "type": "safe_tx", "device": "node-5-clean", "metadata": {}}
{"timestamp": 1779119231, "type": "safe_tx", "device": "node-12-mixed", "metadata": {}}
{"timestamp": 1779119232, "type": "fuzzing", "device": "node-10-fuzzer", "metadata": {}}
{"timestamp": 1779119232, "type": "safe_tx", "device": "node-9-stealth", "metadata": {}}
{"timestamp": 1779119232, "type": "safe_tx", "device": "node-3-clean", "metadata": {}}
{"timestamp": 1779119232, "type": "safe_tx", "device": "node-2-clean", "metadata": {}}
{"timestamp": 1779119232, "type": "safe_tx", "device": "node-8-spammer", "metadata": {}}
{"timestamp": 1779119232, "type": "safe_tx", "device": "node-8-spammer", "metadata": {}}
{"timestamp": 1779119232, "type": "safe_tx", "device": "node-8-spammer", "metadata": {}}
{"timestamp": 1779119232, "type": "safe_tx", "device": "node-8-spammer", "metadata": {}}
{"timestamp": 1779119232, "type": "fuzzing", "device": "node-10-fuzzer", "metadata": {}}
{"timestamp": 1779119233, "type": "safe_tx", "device": "node-10-fuzzer", "metadata": {}}
{"timestamp": 1779119233, "type": "safe_tx", "device": "node-9-stealth", "metadata": {}}
{"timestamp": 1779119233, "type": "safe_tx", "device": "node-15-mixed", "metadata": {}}
{"timestamp": 1779119233, "type": "safe_tx", "device": "node-4-clean", "metadata": {}}
{"timestamp": 1779119234, "type": "time_anomaly", "device": "node-12-mixed", "metadata": {}}
{"timestamp": 1779119233, "type": "safe_tx", "device": "node-3-clean", "metadata": {}}
{"timestamp": 1779119235, "type": "time_anomaly", "device": "node-7-timespoof", "metadata": {}}
{"timestamp": 1779119234, "type": "safe_tx", "device": "node-8-spammer", "metadata": {}}
{"timestamp": 1779119234, "type": "safe_tx", "device": "node-8-spammer", "metadata": {}}
{"timestamp": 1779119234, "type": "safe_tx", "device": "node-8-spammer", "metadata": {}}
{"timestamp": 1779119234, "type": "safe_tx", "device": "node-8-spammer", "metadata": {}}
{"timestamp": 1779119234, "type": "safe_tx", "device": "node-8-spammer", "metadata": {}}
{"timestamp": 1779119234, "type": "safe_tx", "device": "node-8-spammer", "metadata": {}}
{"timestamp": 1779119234, "type": "safe_tx", "device": "node-8-spammer", "metadata": {}}
{"timestamp": 1779119234, "type": "safe_tx", "device": "node-8-spammer", "metadata": {}}
{"timestamp": 1779119234, "type": "safe_tx", "device": "node-8-spammer", "metadata": {}}
{"timestamp": 1779119234, "type": "safe_tx", "device": "node-8-spammer", "metadata": {}}
{"timestamp": 1779119234, "type": "safe_tx", "device": "node-8-spammer", "metadata": {}}
{"timestamp": 1779119234, "type": "dos_spam", "device": "node-8-spammer", "metadata": {}}
{"timestamp": 1779119234, "type": "safe_tx", "device": "node-8-spammer", "metadata": {}}
{"timestamp": 1779119234, "type": "safe_tx", "device": "node-8-spammer", "metadata": {}}
{"timestamp": 1779119234, "type": "safe_tx", "device": "node-8-spammer", "metadata": {}}
{"timestamp": 1779119234, "type": "dos_spam", "device": "node-8-spammer", "metadata": {"count": 30, "window_sec": 5}}
{"timestamp": 1779119235, "type": "time_anomaly", "device": "node-13-mixed", "metadata": {}}
{"timestamp": 1779119234, "type": "safe_tx", "device": "node-8-spammer", "metadata": {}}
{"timestamp": 1779119234, "type": "safe_tx", "device": "node-15-mixed", "metadata": {}}
{"timestamp": 1779119234, "type": "safe_tx", "device": "node-1-clean", "metadata": {}}
{"timestamp": 1779119234, "type": "safe_tx", "device": "node-8-spammer", "metadata": {}}
{"timestamp": 1779119234, "type": "safe_tx", "device": "node-8-spammer", "metadata": {}}
{"timestamp": 1779119234, "type": "safe_tx", "device": "node-8-spammer", "metadata": {}}
{"timestamp": 1779119234, "type": "safe_tx", "device": "node-8-spammer", "metadata": {}}
{"timestamp": 1779119234, "type": "fuzzing", "device": "node-10-fuzzer", "metadata": {}}
{"timestamp": 1779119234, "type": "safe_tx", "device": "node-14-mixed", "metadata": {}}
{"timestamp": 1779119234, "type": "safe_tx", "device": "node-9-stealth", "metadata": {}}
{"timestamp": 1779119234, "type": "safe_tx", "device": "node-5-clean", "metadata": {}}
{"timestamp": 1779119235, "type": "safe_tx", "device": "node-2-clean", "metadata": {}}
{"timestamp": 1779119235, "type": "safe_tx", "device": "node-3-clean", "metadata": {}}
{"timestamp": 1779119235, "type": "safe_tx", "device": "node-10-fuzzer", "metadata": {}}
{"timestamp": 1779119235, "type": "safe_tx", "device": "node-8-spammer", "metadata": {}}
{"timestamp": 1779119235, "type": "safe_tx", "device": "node-8-spammer", "metadata": {}}
{"timestamp": 1779119235, "type": "safe_tx", "device": "node-8-spammer", "metadata": {}}
{"timestamp": 1779119236, "type": "safe_tx", "device": "node-1-clean", "metadata": {}}
{"timestamp": 1779119236, "type": "safe_tx", "device": "node-5-clean", "metadata": {}}
{"timestamp": 1779119236, "type": "safe_tx", "device": "node-15-mixed", "metadata": {}}
{"timestamp": 1779119236, "type": "safe_tx", "device": "node-3-clean", "metadata": {}}
{"timestamp": 1779119236, "type": "safe_tx", "device": "node-9-stealth", "metadata": {}}
{"timestamp": 1779119236, "type": "safe_tx", "device": "node-6-overflow", "metadata": {}}
{"timestamp": 1779119236, "type": "safe_tx", "device": "node-14-mixed", "metadata": {}}
{"timestamp": 1779119237, "type": "overflow", "device": "node-12-mixed", "metadata": {"count": 3, "window_sec": 30}}
{"timestamp": 1779119238, "type": "time_anomaly", "device": "node-7-timespoof", "metadata": {}}
{"timestamp": 1779119237, "type": "safe_tx", "device": "node-10-fuzzer", "metadata": {}}
{"timestamp": 1779119237, "type": "safe_tx", "device": "node-4-clean", "metadata": {}}
{"timestamp": 1779119237, "type": "safe_tx", "device": "node-8-spammer", "metadata": {}}
{"timestamp": 1779119237, "type": "safe_tx", "device": "node-8-spammer", "metadata": {}}
{"timestamp": 1779119237, "type": "safe_tx", "device": "node-8-spammer", "metadata": {}}
{"timestamp": 1779119237, "type": "safe_tx", "device": "node-1-clean", "metadata": {}}
{"timestamp": 1779119237, "type": "safe_tx", "device": "node-8-spammer", "metadata": {}}
{"timestamp": 1779119237, "type": "safe_tx", "device": "node-8-spammer", "metadata": {}}
{"timestamp": 1779119237, "type": "safe_tx", "device": "node-8-spammer", "metadata": {}}
{"timestamp": 1779119237, "type": "safe_tx", "device": "node-8-spammer", "metadata": {}}
{"timestamp": 1779119237, "type": "safe_tx", "device": "node-8-spammer", "metadata": {}}
{"timestamp": 1779119237, "type": "safe_tx", "device": "node-8-spammer", "metadata": {}}
{"timestamp": 1779119237, "type": "safe_tx", "device": "node-8-spammer", "metadata": {}}
{"timestamp": 1779119237, "type": "safe_tx", "device": "node-8-spammer", "metadata": {}}
{"timestamp": 1779119238, "type": "safe_tx", "device": "node-8-spammer", "metadata": {}}
{"timestamp": 1779119238, "type": "safe_tx", "device": "node-5-clean", "metadata": {}}
{"timestamp": 1779119238, "type": "safe_tx", "device": "node-8-spammer", "metadata": {}}
{"timestamp": 1779119238, "type": "safe_tx", "device": "node-2-clean", "metadata": {}}
{"timestamp": 1779119238, "type": "safe_tx", "device": "node-8-spammer", "metadata": {}}
{"timestamp": 1779119238, "type": "safe_tx", "device": "node-8-spammer", "metadata": {}}
{"timestamp": 1779119238, "type": "dos_spam", "device": "node-8-spammer", "metadata": {}}
{"timestamp": 1779119238, "type": "safe_tx", "device": "node-8-spammer", "metadata": {}}
{"timestamp": 1779119238, "type": "safe_tx", "device": "node-8-spammer", "metadata": {}}
{"timestamp": 1779119238, "type": "safe_tx", "device": "node-8-spammer", "metadata": {}}
{"timestamp": 1779119238, "type": "safe_tx", "device": "node-8-spammer", "metadata": {}}
{"timestamp": 1779119238, "type": "safe_tx", "device": "node-8-spammer", "metadata": {}}
{"timestamp": 1779119238, "type": "fuzzing", "device": "node-10-fuzzer", "metadata": {}}
{"timestamp": 1779119238, "type": "safe_tx", "device": "node-5-clean", "metadata": {}}
{"timestamp": 1779119238, "type": "safe_tx", "device": "node-13-mixed", "metadata": {}}
{"timestamp": 1779119238, "type": "safe_tx", "device": "node-6-overflow", "metadata": {}}
{"timestamp": 1779119239, "type": "time_anomaly", "device": "node-12-mixed", "metadata": {}}
{"timestamp": 1779119238, "type": "safe_tx", "device": "node-14-mixed", "metadata": {}}
{"timestamp": 1779119238, "type": "safe_tx", "device": "node-9-stealth", "metadata": {}}
{"timestamp": 1779119239, "type": "safe_tx", "device": "node-3-clean", "metadata": {}}
{"timestamp": 1779119239, "type": "safe_tx", "device": "node-2-clean", "metadata": {}}
{"timestamp": 1779119239, "type": "safe_tx", "device": "node-15-mixed", "metadata": {}}
{"timestamp": 1779119239, "type": "safe_tx", "device": "node-10-fuzzer", "metadata": {}}
{"timestamp": 1779119239, "type": "safe_tx", "device": "node-12-mixed", "metadata": {}}
{"timestamp": 1779119239, "type": "safe_tx", "device": "node-1-clean", "metadata": {}}
{"timestamp": 1779119240, "type": "safe_tx", "device": "node-2-clean", "metadata": {}}
{"timestamp": 1779119240, "type": "safe_tx", "device": "node-10-fuzzer", "metadata": {}}
{"timestamp": 1779119240, "type": "safe_tx", "device": "node-9-stealth", "metadata": {}}
{"timestamp": 1779119241, "type": "safe_tx", "device": "node-13-mixed", "metadata": {}}
{"timestamp": 1779119241, "type": "safe_tx", "device": "node-5-clean", "metadata": {}}
{"timestamp": 1779119241, "type": "safe_tx", "device": "node-4-clean", "metadata": {}}
{"timestamp": 1779119241, "type": "safe_tx", "device": "node-8-spammer", "metadata": {}}
{"timestamp": 1779119241, "type": "safe_tx", "device": "node-8-spammer", "metadata": {}}
{"timestamp": 1779119241, "type": "safe_tx", "device": "node-15-mixed", "metadata": {}}
{"timestamp": 1779119241, "type": "safe_tx", "device": "node-4-clean", "metadata": {}}
{"timestamp": 1779119241, "type": "safe_tx", "device": "node-14-mixed", "metadata": {}}
{"timestamp": 1779119242, "type": "time_anomaly", "device": "node-7-timespoof", "metadata": {}}
{"timestamp": 1779119242, "type": "fuzzing", "device": "node-10-fuzzer", "metadata": {}}
{"timestamp": 1779119242, "type": "safe_tx", "device": "node-9-stealth", "metadata": {}}
{"timestamp": 1779119242, "type": "safe_tx", "device": "node-15-mixed", "metadata": {}}
{"timestamp": 1779119242, "type": "overflow", "device": "node-6-overflow", "metadata": {"count": 3, "window_sec": 30}}
{"timestamp": 1779119242, "type": "safe_tx", "device": "node-8-spammer", "metadata": {}}
{"timestamp": 1779119242, "type": "safe_tx", "device": "node-3-clean", "metadata": {}}
{"timestamp": 1779119242, "type": "safe_tx", "device": "node-14-mixed", "metadata": {}}
{"timestamp": 1779119243, "type": "safe_tx", "device": "node-9-stealth", "metadata": {}}
{"timestamp": 1779119243, "type": "safe_tx", "device": "node-15-mixed", "metadata": {}}
{"timestamp": 1779119243, "type": "safe_tx", "device": "node-13-mixed", "metadata": {}}
{"timestamp": 1779119243, "type": "safe_tx", "device": "node-10-fuzzer", "metadata": {}}
{"timestamp": 1779119243, "type": "safe_tx", "device": "node-2-clean", "metadata": {}}
{"timestamp": 1779119243, "type": "safe_tx", "device": "node-8-spammer", "metadata": {}}
{"timestamp": 1779119243, "type": "safe_tx", "device": "node-8-spammer", "metadata": {}}
{"timestamp": 1779119243, "type": "fuzzing", "device": "node-10-fuzzer", "metadata": {}}
{"timestamp": 1779119243, "type": "safe_tx", "device": "node-1-clean", "metadata": {}}
{"timestamp": 1779119243, "type": "safe_tx", "device": "node-12-mixed", "metadata": {}}
{"timestamp": 1779119244, "type": "safe_tx", "device": "node-2-clean", "metadata": {}}
{"timestamp": 1779119245, "type": "time_anomaly", "device": "node-14-mixed", "metadata": {}}
{"timestamp": 1779119244, "type": "safe_tx", "device": "node-3-clean", "metadata": {}}
{"timestamp": 1779119245, "type": "safe_tx", "device": "node-8-spammer", "metadata": {}}
{"timestamp": 1779119245, "type": "safe_tx", "device": "node-13-mixed", "metadata": {}}
{"timestamp": 1779119245, "type": "safe_tx", "device": "node-8-spammer", "metadata": {}}
{"timestamp": 1779119245, "type": "safe_tx", "device": "node-8-spammer", "metadata": {}}
{"timestamp": 1779119245, "type": "safe_tx", "device": "node-1-clean", "metadata": {}}
{"timestamp": 1779119246, "type": "time_anomaly", "device": "node-15-mixed", "metadata": {}}
{"timestamp": 1779119245, "type": "safe_tx", "device": "node-5-clean", "metadata": {}}
{"timestamp": 1779119245, "type": "safe_tx", "device": "node-4-clean", "metadata": {}}
{"timestamp": 1779119246, "type": "safe_tx", "device": "node-8-spammer", "metadata": {}}
{"timestamp": 1779119246, "type": "safe_tx", "device": "node-8-spammer", "metadata": {}}
{"timestamp": 1779119246, "type": "safe_tx", "device": "node-8-spammer", "metadata": {}}
{"timestamp": 1779119246, "type": "safe_tx", "device": "node-8-spammer", "metadata": {}}
{"timestamp": 1779119246, "type": "safe_tx", "device": "node-8-spammer", "metadata": {}}
{"timestamp": 1779119246, "type": "safe_tx", "device": "node-8-spammer", "metadata": {}}
{"timestamp": 1779119246, "type": "safe_tx", "device": "node-8-spammer", "metadata": {}}
{"timestamp": 1779119246, "type": "safe_tx", "device": "node-8-spammer", "metadata": {}}
{"timestamp": 1779119246, "type": "safe_tx", "device": "node-8-spammer", "metadata": {}}
{"timestamp": 1779119246, "type": "safe_tx", "device": "node-8-spammer", "metadata": {}}
{"timestamp": 1779119246, "type": "safe_tx", "device": "node-13-mixed", "metadata": {}}
{"timestamp": 1779119246, "type": "safe_tx", "device": "node-2-clean", "metadata": {}}
{"timestamp": 1779119246, "type": "safe_tx", "device": "node-14-mixed", "metadata": {}}
{"timestamp": 1779119247, "type": "time_anomaly", "device": "node-7-timespoof", "metadata": {}}
{"timestamp": 1779119246, "type": "safe_tx", "device": "node-10-fuzzer", "metadata": {}}
{"timestamp": 1779119247, "type": "safe_tx", "device": "node-8-spammer", "metadata": {}}
{"timestamp": 1779119247, "type": "safe_tx", "device": "node-9-stealth", "metadata": {}}
{"timestamp": 1779119247, "type": "safe_tx", "device": "node-8-spammer", "metadata": {}}
{"timestamp": 1779119247, "type": "dos_spam", "device": "node-8-spammer", "metadata": {}}
{"timestamp": 1779119247, "type": "safe_tx", "device": "node-8-spammer", "metadata": {}}
{"timestamp": 1779119247, "type": "safe_tx", "device": "node-8-spammer", "metadata": {}}
{"timestamp": 1779119247, "type": "safe_tx", "device": "node-8-spammer", "metadata": {}}
{"timestamp": 1779119247, "type": "safe_tx", "device": "node-3-clean", "metadata": {}}
{"timestamp": 1779119247, "type": "safe_tx", "device": "node-12-mixed", "metadata": {}}
{"timestamp": 1779119248, "type": "safe_tx", "device": "node-13-mixed", "metadata": {}}
{"timestamp": 1779119248, "type": "safe_tx", "device": "node-8-spammer", "metadata": {}}
{"timestamp": 1779119248, "type": "safe_tx", "device": "node-8-spammer", "metadata": {}}
{"timestamp": 1779119248, "type": "safe_tx", "device": "node-8-spammer", "metadata": {}}
{"timestamp": 1779119248, "type": "safe_tx", "device": "node-8-spammer", "metadata": {}}
{"timestamp": 1779119248, "type": "safe_tx", "device": "node-8-spammer", "metadata": {}}
{"timestamp": 1779119248, "type": "safe_tx", "device": "node-8-spammer", "metadata": {}}
{"timestamp": 1779119248, "type": "safe_tx", "device": "node-8-spammer", "metadata": {}}
{"timestamp": 1779119248, "type": "safe_tx", "device": "node-8-spammer", "metadata": {}}
{"timestamp": 1779119248, "type": "safe_tx", "device": "node-8-spammer", "metadata": {}}
{"timestamp": 1779119248, "type": "safe_tx", "device": "node-1-clean", "metadata": {}}
{"timestamp": 1779119248, "type": "safe_tx", "device": "node-8-spammer", "metadata": {}}
{"timestamp": 1779119248, "type": "dos_spam", "device": "node-8-spammer", "metadata": {"count": 30, "window_sec": 5}}
{"timestamp": 1779119248, "type": "safe_tx", "device": "node-10-fuzzer", "metadata": {}}
{"timestamp": 1779119248, "type": "safe_tx", "device": "node-8-spammer", "metadata": {}}
{"timestamp": 1779119248, "type": "safe_tx", "device": "node-8-spammer", "metadata": {}}
{"timestamp": 1779119248, "type": "dos_spam", "device": "node-8-spammer", "metadata": {}}
{"timestamp": 1779119248, "type": "safe_tx", "device": "node-8-spammer", "metadata": {}}
{"timestamp": 1779119248, "type": "safe_tx", "device": "node-8-spammer", "metadata": {}}
{"timestamp": 1779119248, "type": "safe_tx", "device": "node-8-spammer", "metadata": {}}
{"timestamp": 1779119248, "type": "safe_tx", "device": "node-8-spammer", "metadata": {}}
{"timestamp": 1779119248, "type": "safe_tx", "device": "node-8-spammer", "metadata": {}}
{"timestamp": 1779119248, "type": "safe_tx", "device": "node-2-clean", "metadata": {}}
{"timestamp": 1779119248, "type": "safe_tx", "device": "node-8-spammer", "metadata": {}}
{"timestamp": 1779119248, "type": "safe_tx", "device": "node-8-spammer", "metadata": {}}
{"timestamp": 1779119248, "type": "safe_tx", "device": "node-8-spammer", "metadata": {}}
{"timestamp": 1779119248, "type": "safe_tx", "device": "node-8-spammer", "metadata": {}}
{"timestamp": 1779119248, "type": "safe_tx", "device": "node-8-spammer", "metadata": {}}
{"timestamp": 1779119248, "type": "safe_tx", "device": "node-8-spammer", "metadata": {}}
{"timestamp": 1779119248, "type": "safe_tx", "device": "node-8-spammer", "metadata": {}}
{"timestamp": 1779119248, "type": "safe_tx", "device": "node-8-spammer", "metadata": {}}
{"timestamp": 1779119248, "type": "safe_tx", "device": "node-8-spammer", "metadata": {}}
{"timestamp": 1779119248, "type": "safe_tx", "device": "node-5-clean", "metadata": {}}
{"timestamp": 1779119248, "type": "safe_tx", "device": "node-8-spammer", "metadata": {}}
{"timestamp": 1779119248, "type": "dos_spam", "device": "node-8-spammer", "metadata": {}}
{"timestamp": 1779119248, "type": "safe_tx", "device": "node-8-spammer", "metadata": {}}
{"timestamp": 1779119249, "type": "safe_tx", "device": "node-8-spammer", "metadata": {}}
{"timestamp": 1779119249, "type": "safe_tx", "device": "node-8-spammer", "metadata": {}}
{"timestamp": 1779119249, "type": "safe_tx", "device": "node-8-spammer", "metadata": {}}
{"timestamp": 1779119249, "type": "safe_tx", "device": "node-8-spammer", "metadata": {}}
{"timestamp": 1779119249, "type": "safe_tx", "device": "node-8-spammer", "metadata": {}}
{"timestamp": 1779119249, "type": "safe_tx", "device": "node-8-spammer", "metadata": {}}
{"timestamp": 1779119249, "type": "safe_tx", "device": "node-8-spammer", "metadata": {}}
{"timestamp": 1779119249, "type": "safe_tx", "device": "node-4-clean", "metadata": {}}
{"timestamp": 1779119249, "type": "safe_tx", "device": "node-8-spammer", "metadata": {}}
{"timestamp": 1779119249, "type": "safe_tx", "device": "node-5-clean", "metadata": {}}
{"timestamp": 1779119249, "type": "safe_tx", "device": "node-8-spammer", "metadata": {}}
{"timestamp": 1779119249, "type": "safe_tx", "device": "node-8-spammer", "metadata": {}}
{"timestamp": 1779119249, "type": "safe_tx", "device": "node-8-spammer", "metadata": {}}
{"timestamp": 1779119249, "type": "safe_tx", "device": "node-8-spammer", "metadata": {}}
{"timestamp": 1779119249, "type": "dos_spam", "device": "node-8-spammer", "metadata": {"count": 30, "window_sec": 5}}
{"timestamp": 1779119249, "type": "safe_tx", "device": "node-8-spammer", "metadata": {}}
{"timestamp": 1779119249, "type": "safe_tx", "device": "node-8-spammer", "metadata": {}}
{"timestamp": 1779119249, "type": "dos_spam", "device": "node-8-spammer", "metadata": {}}
{"timestamp": 1779119249, "type": "safe_tx", "device": "node-14-mixed", "metadata": {}}
{"timestamp": 1779119249, "type": "safe_tx", "device": "node-14-mixed", "metadata": {}}
{"timestamp": 1779119250, "type": "safe_tx", "device": "node-8-spammer", "metadata": {}}
{"timestamp": 1779119250, "type": "safe_tx", "device": "node-8-spammer", "metadata": {}}
{"timestamp": 1779119250, "type": "safe_tx", "device": "node-11-pulsing", "metadata": {}}
{"timestamp": 1779119250, "type": "safe_tx", "device": "node-11-pulsing", "metadata": {}}
{"timestamp": 1779119250, "type": "safe_tx", "device": "node-13-mixed", "metadata": {}}
{"timestamp": 1779119250, "type": "safe_tx", "device": "node-11-pulsing", "metadata": {}}
{"timestamp": 1779119250, "type": "safe_tx", "device": "node-10-fuzzer", "metadata": {}}
{"timestamp": 1779119250, "type": "safe_tx", "device": "node-11-pulsing", "metadata": {}}
{"timestamp": 1779119250, "type": "safe_tx", "device": "node-12-mixed", "metadata": {}}
{"timestamp": 1779119250, "type": "safe_tx", "device": "node-11-pulsing", "metadata": {}}
{"timestamp": 1779119250, "type": "safe_tx", "device": "node-11-pulsing", "metadata": {}}
{"timestamp": 1779119250, "type": "safe_tx", "device": "node-11-pulsing", "metadata": {}}
{"timestamp": 1779119250, "type": "safe_tx", "device": "node-11-pulsing", "metadata": {}}
{"timestamp": 1779119250, "type": "safe_tx", "device": "node-11-pulsing", "metadata": {}}
{"timestamp": 1779119250, "type": "safe_tx", "device": "node-11-pulsing", "metadata": {}}
{"timestamp": 1779119250, "type": "safe_tx", "device": "node-9-stealth", "metadata": {}}
{"timestamp": 1779119250, "type": "safe_tx", "device": "node-11-pulsing", "metadata": {}}
{"timestamp": 1779119250, "type": "safe_tx", "device": "node-11-pulsing", "metadata": {}}
{"timestamp": 1779119250, "type": "safe_tx", "device": "node-11-pulsing", "metadata": {}}
{"timestamp": 1779119250, "type": "safe_tx", "device": "node-11-pulsing", "metadata": {}}
{"timestamp": 1779119250, "type": "safe_tx", "device": "node-11-pulsing", "metadata": {}}
{"timestamp": 1779119250, "type": "dos_spam", "device": "node-11-pulsing", "metadata": {}}
{"timestamp": 1779119250, "type": "safe_tx", "device": "node-2-clean", "metadata": {}}
{"timestamp": 1779119250, "type": "safe_tx", "device": "node-11-pulsing", "metadata": {}}
{"timestamp": 1779119250, "type": "safe_tx", "device": "node-5-clean", "metadata": {}}
{"timestamp": 1779119250, "type": "safe_tx", "device": "node-11-pulsing", "metadata": {}}
{"timestamp": 1779119251, "type": "safe_tx", "device": "node-11-pulsing", "metadata": {}}
{"timestamp": 1779119251, "type": "safe_tx", "device": "node-3-clean", "metadata": {}}
{"timestamp": 1779119251, "type": "safe_tx", "device": "node-11-pulsing", "metadata": {}}
{"timestamp": 1779119251, "type": "safe_tx", "device": "node-11-pulsing", "metadata": {}}
{"timestamp": 1779119251, "type": "safe_tx", "device": "node-15-mixed", "metadata": {}}
{"timestamp": 1779119251, "type": "safe_tx", "device": "node-8-spammer", "metadata": {}}
{"timestamp": 1779119251, "type": "safe_tx", "device": "node-8-spammer", "metadata": {}}
{"timestamp": 1779119251, "type": "safe_tx", "device": "node-8-spammer", "metadata": {}}
{"timestamp": 1779119251, "type": "safe_tx", "device": "node-5-clean", "metadata": {}}
{"timestamp": 1779119251, "type": "overflow", "device": "node-6-overflow", "metadata": {"count": 3, "window_sec": 30}}
{"timestamp": 1779119251, "type": "safe_tx", "device": "node-8-spammer", "metadata": {}}
{"timestamp": 1779119251, "type": "safe_tx", "device": "node-8-spammer", "metadata": {}}
{"timestamp": 1779119251, "type": "safe_tx", "device": "node-8-spammer", "metadata": {}}
{"timestamp": 1779119251, "type": "safe_tx", "device": "node-8-spammer", "metadata": {}}
{"timestamp": 1779119251, "type": "safe_tx", "device": "node-8-spammer", "metadata": {}}
{"timestamp": 1779119251, "type": "safe_tx", "device": "node-8-spammer", "metadata": {}}
{"timestamp": 1779119251, "type": "safe_tx", "device": "node-8-spammer", "metadata": {}}
{"timestamp": 1779119251, "type": "safe_tx", "device": "node-4-clean", "metadata": {}}
{"timestamp": 1779119251, "type": "safe_tx", "device": "node-4-clean", "metadata": {}}
{"timestamp": 1779119252, "type": "safe_tx", "device": "node-1-clean", "metadata": {}}
{"timestamp": 1779119252, "type": "safe_tx", "device": "node-15-mixed", "metadata": {}}
{"timestamp": 1779119253, "type": "time_anomaly", "device": "node-7-timespoof", "metadata": {}}
{"timestamp": 1779119252, "type": "safe_tx", "device": "node-3-clean", "metadata": {}}
{"timestamp": 1779119252, "type": "safe_tx", "device": "node-14-mixed", "metadata": {}}
{"timestamp": 1779119252, "type": "safe_tx", "device": "node-9-stealth", "metadata": {}}
{"timestamp": 1779119253, "type": "safe_tx", "device": "node-8-spammer", "metadata": {}}
{"timestamp": 1779119253, "type": "safe_tx", "device": "node-8-spammer", "metadata": {}}
{"timestamp": 1779119253, "type": "safe_tx", "device": "node-8-spammer", "metadata": {}}
{"timestamp": 1779119253, "type": "safe_tx", "device": "node-8-spammer", "metadata": {}}
{"timestamp": 1779119253, "type": "safe_tx", "device": "node-8-spammer", "metadata": {}}
{"timestamp": 1779119253, "type": "dos_spam", "device": "node-8-spammer", "metadata": {}}
{"timestamp": 1779119253, "type": "safe_tx", "device": "node-8-spammer", "metadata": {}}
{"timestamp": 1779119253, "type": "safe_tx", "device": "node-8-spammer", "metadata": {}}
{"timestamp": 1779119253, "type": "safe_tx", "device": "node-8-spammer", "metadata": {}}
{"timestamp": 1779119253, "type": "safe_tx", "device": "node-8-spammer", "metadata": {}}
{"timestamp": 1779119253, "type": "fuzzing", "device": "node-10-fuzzer", "metadata": {}}
{"timestamp": 1779119253, "type": "safe_tx", "device": "node-8-spammer", "metadata": {}}
{"timestamp": 1779119253, "type": "safe_tx", "device": "node-8-spammer", "metadata": {}}
{"timestamp": 1779119253, "type": "safe_tx", "device": "node-4-clean", "metadata": {}}
{"timestamp": 1779119253, "type": "safe_tx", "device": "node-8-spammer", "metadata": {}}
{"timestamp": 1779119253, "type": "safe_tx", "device": "node-8-spammer", "metadata": {}}
{"timestamp": 1779119253, "type": "safe_tx", "device": "node-8-spammer", "metadata": {}}
{"timestamp": 1779119253, "type": "safe_tx", "device": "node-8-spammer", "metadata": {}}
{"timestamp": 1779119253, "type": "safe_tx", "device": "node-8-spammer", "metadata": {}}
{"timestamp": 1779119253, "type": "dos_spam", "device": "node-8-spammer", "metadata": {"count": 30, "window_sec": 5}}
{"timestamp": 1779119253, "type": "safe_tx", "device": "node-8-spammer", "metadata": {}}
{"timestamp": 1779119253, "type": "safe_tx", "device": "node-8-spammer", "metadata": {}}
{"timestamp": 1779119253, "type": "safe_tx", "device": "node-8-spammer", "metadata": {}}
{"timestamp": 1779119253, "type": "safe_tx", "device": "node-8-spammer", "metadata": {}}
{"timestamp": 1779119253, "type": "dos_spam", "device": "node-8-spammer", "metadata": {}}
{"timestamp": 1779119253, "type": "safe_tx", "device": "node-8-spammer", "metadata": {}}
{"timestamp": 1779119253, "type": "safe_tx", "device": "node-8-spammer", "metadata": {}}
{"timestamp": 1779119254, "type": "safe_tx", "device": "node-8-spammer", "metadata": {}}
{"timestamp": 1779119254, "type": "safe_tx", "device": "node-8-spammer", "metadata": {}}
{"timestamp": 1779119254, "type": "safe_tx", "device": "node-8-spammer", "metadata": {}}
{"timestamp": 1779119254, "type": "safe_tx", "device": "node-8-spammer", "metadata": {}}
{"timestamp": 1779119254, "type": "safe_tx", "device": "node-8-spammer", "metadata": {}}
{"timestamp": 1779119254, "type": "safe_tx", "device": "node-12-mixed", "metadata": {}}
{"timestamp": 1779119254, "type": "safe_tx", "device": "node-2-clean", "metadata": {}}
{"timestamp": 1779119254, "type": "safe_tx", "device": "node-5-clean", "metadata": {}}
{"timestamp": 1779119255, "type": "safe_tx", "device": "node-13-mixed", "metadata": {}}
{"timestamp": 1779119255, "type": "fuzzing", "device": "node-10-fuzzer", "metadata": {}}
{"timestamp": 1779119255, "type": "safe_tx", "device": "node-8-spammer", "metadata": {}}
{"timestamp": 1779119255, "type": "safe_tx", "device": "node-8-spammer", "metadata": {}}
{"timestamp": 1779119255, "type": "safe_tx", "device": "node-14-mixed", "metadata": {}}
{"timestamp": 1779119255, "type": "safe_tx", "device": "node-10-fuzzer", "metadata": {}}
{"timestamp": 1779119255, "type": "safe_tx", "device": "node-9-stealth", "metadata": {}}
{"timestamp": 1779119256, "type": "safe_tx", "device": "node-3-clean", "metadata": {}}
{"timestamp": 1779119256, "type": "safe_tx", "device": "node-13-mixed", "metadata": {}}
{"timestamp": 1779119256, "type": "safe_tx", "device": "node-12-mixed", "metadata": {}}
{"timestamp": 1779119256, "type": "safe_tx", "device": "node-9-stealth", "metadata": {}}
{"timestamp": 1779119256, "type": "safe_tx", "device": "node-8-spammer", "metadata": {}}
{"timestamp": 1779119256, "type": "safe_tx", "device": "node-8-spammer", "metadata": {}}
{"timestamp": 1779119256, "type": "safe_tx", "device": "node-8-spammer", "metadata": {}}
{"timestamp": 1779119256, "type": "safe_tx", "device": "node-8-spammer", "metadata": {}}
{"timestamp": 1779119256, "type": "safe_tx", "device": "node-8-spammer", "metadata": {}}
{"timestamp": 1779119257, "type": "safe_tx", "device": "node-1-clean", "metadata": {}}
{"timestamp": 1779119257, "type": "safe_tx", "device": "node-10-fuzzer", "metadata": {}}
{"timestamp": 1779119257, "type": "safe_tx", "device": "node-2-clean", "metadata": {}}
{"timestamp": 1779119257, "type": "safe_tx", "device": "node-4-clean", "metadata": {}}
{"timestamp": 1779119257, "type": "overflow", "device": "node-15-mixed", "metadata": {"count": 3, "window_sec": 30}}
{"timestamp": 1779119257, "type": "safe_tx", "device": "node-13-mixed", "metadata": {}}
{"timestamp": 1779119257, "type": "safe_tx", "device": "node-8-spammer", "metadata": {}}
{"timestamp": 1779119257, "type": "safe_tx", "device": "node-1-clean", "metadata": {}}
{"timestamp": 1779119257, "type": "safe_tx", "device": "node-8-spammer", "metadata": {}}
{"timestamp": 1779119257, "type": "safe_tx", "device": "node-8-spammer", "metadata": {}}
{"timestamp": 1779119258, "type": "safe_tx", "device": "node-10-fuzzer", "metadata": {}}
{"timestamp": 1779119259, "type": "time_anomaly", "device": "node-7-timespoof", "metadata": {}}
{"timestamp": 1779119258, "type": "safe_tx", "device": "node-5-clean", "metadata": {}}
{"timestamp": 1779119259, "type": "safe_tx", "device": "node-14-mixed", "metadata": {}}
{"timestamp": 1779119259, "type": "safe_tx", "device": "node-9-stealth", "metadata": {}}
{"timestamp": 1779119259, "type": "safe_tx", "device": "node-3-clean", "metadata": {}}
{"timestamp": 1779119259, "type": "safe_tx", "device": "node-10-fuzzer", "metadata": {}}
{"timestamp": 1779119260, "type": "safe_tx", "device": "node-12-mixed", "metadata": {}}
{"timestamp": 1779119260, "type": "safe_tx", "device": "node-1-clean", "metadata": {}}
{"timestamp": 1779119260, "type": "safe_tx", "device": "node-8-spammer", "metadata": {}}
{"timestamp": 1779119260, "type": "safe_tx", "device": "node-8-spammer", "metadata": {}}
{"timestamp": 1779119260, "type": "safe_tx", "device": "node-8-spammer", "metadata": {}}
{"timestamp": 1779119260, "type": "safe_tx", "device": "node-8-spammer", "metadata": {}}
{"timestamp": 1779119260, "type": "safe_tx", "device": "node-8-spammer", "metadata": {}}
{"timestamp": 1779119260, "type": "safe_tx", "device": "node-8-spammer", "metadata": {}}
{"timestamp": 1779119260, "type": "safe_tx", "device": "node-8-spammer", "metadata": {}}
{"timestamp": 1779119260, "type": "safe_tx", "device": "node-4-clean", "metadata": {}}
{"timestamp": 1779119260, "type": "safe_tx", "device": "node-8-spammer", "metadata": {}}
{"timestamp": 1779119260, "type": "safe_tx", "device": "node-8-spammer", "metadata": {}}
{"timestamp": 1779119260, "type": "safe_tx", "device": "node-8-spammer", "metadata": {}}
{"timestamp": 1779119260, "type": "safe_tx", "device": "node-8-spammer", "metadata": {}}
{"timestamp": 1779119260, "type": "overflow", "device": "node-10-fuzzer", "metadata": {"count": 3, "window_sec": 30}}
{"timestamp": 1779119260, "type": "safe_tx", "device": "node-8-spammer", "metadata": {}}
{"timestamp": 1779119260, "type": "safe_tx", "device": "node-8-spammer", "metadata": {}}
{"timestamp": 1779119260, "type": "safe_tx", "device": "node-9-stealth", "metadata": {}}
{"timestamp": 1779119260, "type": "safe_tx", "device": "node-5-clean", "metadata": {}}
{"timestamp": 1779119260, "type": "safe_tx", "device": "node-1-clean", "metadata": {}}
{"timestamp": 1779119261, "type": "safe_tx", "device": "node-14-mixed", "metadata": {}}
{"timestamp": 1779119261, "type": "safe_tx", "device": "node-2-clean", "metadata": {}}
{"timestamp": 1779119261, "type": "safe_tx", "device": "node-13-mixed", "metadata": {}}
{"timestamp": 1779119261, "type": "safe_tx", "device": "node-3-clean", "metadata": {}}
{"timestamp": 1779119261, "type": "safe_tx", "device": "node-4-clean", "metadata": {}}
{"timestamp": 1779119262, "type": "safe_tx", "device": "node-4-clean", "metadata": {}}
{"timestamp": 1779119262, "type": "overflow", "device": "node-15-mixed", "metadata": {"count": 3, "window_sec": 30}}
{"timestamp": 1779119262, "type": "safe_tx", "device": "node-1-clean", "metadata": {}}
{"timestamp": 1779119263, "type": "time_anomaly", "device": "node-12-mixed", "metadata": {}}
{"timestamp": 1779119262, "type": "safe_tx", "device": "node-8-spammer", "metadata": {}}
{"timestamp": 1779119262, "type": "safe_tx", "device": "node-8-spammer", "metadata": {}}
{"timestamp": 1779119262, "type": "dos_spam", "device": "node-8-spammer", "metadata": {}}
{"timestamp": 1779119263, "type": "safe_tx", "device": "node-5-clean", "metadata": {}}
{"timestamp": 1779119263, "type": "safe_tx", "device": "node-9-stealth", "metadata": {}}
{"timestamp": 1779119263, "type": "fuzzing", "device": "node-10-fuzzer", "metadata": {}}
{"timestamp": 1779119263, "type": "safe_tx", "device": "node-3-clean", "metadata": {}}
{"timestamp": 1779119263, "type": "safe_tx", "device": "node-8-spammer", "metadata": {}}
{"timestamp": 1779119263, "type": "safe_tx", "device": "node-14-mixed", "metadata": {}}
{"timestamp": 1779119263, "type": "safe_tx", "device": "node-8-spammer", "metadata": {}}
{"timestamp": 1779119263, "type": "overflow", "device": "node-6-overflow", "metadata": {"count": 3, "window_sec": 30}}
{"timestamp": 1779119264, "type": "safe_tx", "device": "node-1-clean", "metadata": {}}
{"timestamp": 1779119264, "type": "safe_tx", "device": "node-12-mixed", "metadata": {}}
{"timestamp": 1779119264, "type": "safe_tx", "device": "node-10-fuzzer", "metadata": {}}
{"timestamp": 1779119265, "type": "time_anomaly", "device": "node-7-timespoof", "metadata": {}}
{"timestamp": 1779119265, "type": "time_anomaly", "device": "node-15-mixed", "metadata": {}}
{"timestamp": 1779119265, "type": "time_anomaly", "device": "node-13-mixed", "metadata": {}}
{"timestamp": 1779119264, "type": "safe_tx", "device": "node-8-spammer", "metadata": {}}
{"timestamp": 1779119264, "type": "safe_tx", "device": "node-8-spammer", "metadata": {}}
{"timestamp": 1779119264, "type": "safe_tx", "device": "node-8-spammer", "metadata": {}}
{"timestamp": 1779119264, "type": "safe_tx", "device": "node-8-spammer", "metadata": {}}
{"timestamp": 1779119264, "type": "safe_tx", "device": "node-8-spammer", "metadata": {}}
{"timestamp": 1779119264, "type": "safe_tx", "device": "node-2-clean", "metadata": {}}
{"timestamp": 1779119264, "type": "safe_tx", "device": "node-8-spammer", "metadata": {}}
{"timestamp": 1779119264, "type": "safe_tx", "device": "node-8-spammer", "metadata": {}}
{"timestamp": 1779119264, "type": "safe_tx", "device": "node-8-spammer", "metadata": {}}
{"timestamp": 1779119264, "type": "safe_tx", "device": "node-5-clean", "metadata": {}}
{"timestamp": 1779119264, "type": "safe_tx", "device": "node-8-spammer", "metadata": {}}
{"timestamp": 1779119264, "type": "safe_tx", "device": "node-8-spammer", "metadata": {}}
{"timestamp": 1779119264, "type": "safe_tx", "device": "node-9-stealth", "metadata": {}}
{"timestamp": 1779119264, "type": "safe_tx", "device": "node-8-spammer", "metadata": {}}
{"timestamp": 1779119264, "type": "safe_tx", "device": "node-8-spammer", "metadata": {}}
{"timestamp": 1779119264, "type": "safe_tx", "device": "node-8-spammer", "metadata": {}}
{"timestamp": 1779119264, "type": "dos_spam", "device": "node-8-spammer", "metadata": {"count": 30, "window_sec": 5}}
{"timestamp": 1779119264, "type": "dos_spam", "device": "node-8-spammer", "metadata": {}}
{"timestamp": 1779119265, "type": "safe_tx", "device": "node-3-clean", "metadata": {}}
{"timestamp": 1779119265, "type": "safe_tx", "device": "node-5-clean", "metadata": {}}
{"timestamp": 1779119265, "type": "safe_tx", "device": "node-10-fuzzer", "metadata": {}}
{"timestamp": 1779119265, "type": "safe_tx", "device": "node-4-clean", "metadata": {}}
{"timestamp": 1779119265, "type": "safe_tx", "device": "node-2-clean", "metadata": {}}
{"timestamp": 1779119266, "type": "safe_tx", "device": "node-12-mixed", "metadata": {}}
{"timestamp": 1779119266, "type": "fuzzing", "device": "node-10-fuzzer", "metadata": {}}
{"timestamp": 1779119266, "type": "safe_tx", "device": "node-5-clean", "metadata": {}}
{"timestamp": 1779119266, "type": "safe_tx", "device": "node-13-mixed", "metadata": {}}
{"timestamp": 1779119266, "type": "safe_tx", "device": "node-3-clean", "metadata": {}}
{"timestamp": 1779119267, "type": "time_anomaly", "device": "node-14-mixed", "metadata": {}}
{"timestamp": 1779119267, "type": "safe_tx", "device": "node-1-clean", "metadata": {}}
{"timestamp": 1779119267, "type": "fuzzing", "device": "node-10-fuzzer", "metadata": {}}
{"timestamp": 1779119267, "type": "safe_tx", "device": "node-3-clean", "metadata": {}}
{"timestamp": 1779119267, "type": "safe_tx", "device": "node-14-mixed", "metadata": {}}
{"timestamp": 1779119267, "type": "safe_tx", "device": "node-9-stealth", "metadata": {}}
{"timestamp": 1779119267, "type": "safe_tx", "device": "node-15-mixed", "metadata": {}}
{"timestamp": 1779119267, "type": "safe_tx", "device": "node-8-spammer", "metadata": {}}
{"timestamp": 1779119267, "type": "safe_tx", "device": "node-8-spammer", "metadata": {}}
{"timestamp": 1779119268, "type": "safe_tx", "device": "node-4-clean", "metadata": {}}
{"timestamp": 1779119268, "type": "safe_tx", "device": "node-10-fuzzer", "metadata": {}}
{"timestamp": 1779119268, "type": "safe_tx", "device": "node-14-mixed", "metadata": {}}
{"timestamp": 1779119268, "type": "safe_tx", "device": "node-8-spammer", "metadata": {}}
{"timestamp": 1779119268, "type": "safe_tx", "device": "node-8-spammer", "metadata": {}}
{"timestamp": 1779119268, "type": "safe_tx", "device": "node-8-spammer", "metadata": {}}
{"timestamp": 1779119268, "type": "safe_tx", "device": "node-8-spammer", "metadata": {}}
{"timestamp": 1779119269, "type": "safe_tx", "device": "node-8-spammer", "metadata": {}}
{"timestamp": 1779119269, "type": "safe_tx", "device": "node-5-clean", "metadata": {}}
{"timestamp": 1779119270, "type": "time_anomaly", "device": "node-12-mixed", "metadata": {}}
{"timestamp": 1779119269, "type": "safe_tx", "device": "node-1-clean", "metadata": {}}
{"timestamp": 1779119269, "type": "safe_tx", "device": "node-2-clean", "metadata": {}}
{"timestamp": 1779119270, "type": "safe_tx", "device": "node-8-spammer", "metadata": {}}
{"timestamp": 1779119270, "type": "safe_tx", "device": "node-8-spammer", "metadata": {}}
{"timestamp": 1779119270, "type": "safe_tx", "device": "node-8-spammer", "metadata": {}}
{"timestamp": 1779119270, "type": "safe_tx", "device": "node-8-spammer", "metadata": {}}
{"timestamp": 1779119271, "type": "time_anomaly", "device": "node-7-timespoof", "metadata": {}}
{"timestamp": 1779119270, "type": "safe_tx", "device": "node-8-spammer", "metadata": {}}
{"timestamp": 1779119270, "type": "safe_tx", "device": "node-8-spammer", "metadata": {}}
{"timestamp": 1779119270, "type": "safe_tx", "device": "node-8-spammer", "metadata": {}}
{"timestamp": 1779119270, "type": "safe_tx", "device": "node-8-spammer", "metadata": {}}
{"timestamp": 1779119270, "type": "safe_tx", "device": "node-8-spammer", "metadata": {}}
{"timestamp": 1779119270, "type": "safe_tx", "device": "node-8-spammer", "metadata": {}}
{"timestamp": 1779119270, "type": "dos_spam", "device": "node-8-spammer", "metadata": {}}
{"timestamp": 1779119270, "type": "safe_tx", "device": "node-8-spammer", "metadata": {}}
{"timestamp": 1779119270, "type": "safe_tx", "device": "node-8-spammer", "metadata": {}}
{"timestamp": 1779119270, "type": "safe_tx", "device": "node-8-spammer", "metadata": {}}
{"timestamp": 1779119270, "type": "safe_tx", "device": "node-10-fuzzer", "metadata": {}}
{"timestamp": 1779119270, "type": "safe_tx", "device": "node-8-spammer", "metadata": {}}
{"timestamp": 1779119270, "type": "safe_tx", "device": "node-3-clean", "metadata": {}}
{"timestamp": 1779119270, "type": "safe_tx", "device": "node-5-clean", "metadata": {}}
{"timestamp": 1779119270, "type": "safe_tx", "device": "node-9-stealth", "metadata": {}}
{"timestamp": 1779119270, "type": "safe_tx", "device": "node-1-clean", "metadata": {}}
{"timestamp": 1779119272, "type": "time_anomaly", "device": "node-12-mixed", "metadata": {}}
{"timestamp": 1779119271, "type": "safe_tx", "device": "node-11-pulsing", "metadata": {}}
{"timestamp": 1779119271, "type": "safe_tx", "device": "node-11-pulsing", "metadata": {}}
{"timestamp": 1779119271, "type": "safe_tx", "device": "node-8-spammer", "metadata": {}}
{"timestamp": 1779119271, "type": "safe_tx", "device": "node-11-pulsing", "metadata": {}}
{"timestamp": 1779119271, "type": "safe_tx", "device": "node-8-spammer", "metadata": {}}
{"timestamp": 1779119271, "type": "safe_tx", "device": "node-8-spammer", "metadata": {}}
{"timestamp": 1779119271, "type": "safe_tx", "device": "node-11-pulsing", "metadata": {}}
{"timestamp": 1779119271, "type": "safe_tx", "device": "node-8-spammer", "metadata": {}}
{"timestamp": 1779119271, "type": "safe_tx", "device": "node-11-pulsing", "metadata": {}}
{"timestamp": 1779119271, "type": "safe_tx", "device": "node-8-spammer", "metadata": {}}
{"timestamp": 1779119271, "type": "safe_tx", "device": "node-11-pulsing", "metadata": {}}
{"timestamp": 1779119271, "type": "safe_tx", "device": "node-8-spammer", "metadata": {}}
{"timestamp": 1779119271, "type": "safe_tx", "device": "node-11-pulsing", "metadata": {}}
{"timestamp": 1779119271, "type": "safe_tx", "device": "node-8-spammer", "metadata": {}}
{"timestamp": 1779119271, "type": "safe_tx", "device": "node-8-spammer", "metadata": {}}
{"timestamp": 1779119271, "type": "safe_tx", "device": "node-11-pulsing", "metadata": {}}
{"timestamp": 1779119271, "type": "safe_tx", "device": "node-8-spammer", "metadata": {}}
{"timestamp": 1779119271, "type": "dos_spam", "device": "node-8-spammer", "metadata": {"count": 30, "window_sec": 5}}
{"timestamp": 1779119271, "type": "safe_tx", "device": "node-8-spammer", "metadata": {}}
{"timestamp": 1779119271, "type": "safe_tx", "device": "node-11-pulsing", "metadata": {}}
{"timestamp": 1779119271, "type": "safe_tx", "device": "node-8-spammer", "metadata": {}}
{"timestamp": 1779119271, "type": "dos_spam", "device": "node-8-spammer", "metadata": {}}
{"timestamp": 1779119271, "type": "safe_tx", "device": "node-11-pulsing", "metadata": {}}
{"timestamp": 1779119271, "type": "safe_tx", "device": "node-8-spammer", "metadata": {}}
{"timestamp": 1779119271, "type": "safe_tx", "device": "node-11-pulsing", "metadata": {}}
{"timestamp": 1779119271, "type": "safe_tx", "device": "node-4-clean", "metadata": {}}
{"timestamp": 1779119271, "type": "safe_tx", "device": "node-11-pulsing", "metadata": {}}
{"timestamp": 1779119271, "type": "safe_tx", "device": "node-11-pulsing", "metadata": {}}
{"timestamp": 1779119271, "type": "safe_tx", "device": "node-13-mixed", "metadata": {}}
{"timestamp": 1779119272, "type": "safe_tx", "device": "node-11-pulsing", "metadata": {}}
{"timestamp": 1779119272, "type": "safe_tx", "device": "node-11-pulsing", "metadata": {}}
{"timestamp": 1779119272, "type": "dos_spam", "device": "node-11-pulsing", "metadata": {}}
{"timestamp": 1779119272, "type": "time_anomaly", "device": "node-14-mixed", "metadata": {}}
{"timestamp": 1779119272, "type": "safe_tx", "device": "node-11-pulsing", "metadata": {}}
{"timestamp": 1779119272, "type": "safe_tx", "device": "node-11-pulsing", "metadata": {}}
{"timestamp": 1779119272, "type": "safe_tx", "device": "node-11-pulsing", "metadata": {}}
{"timestamp": 1779119272, "type": "fuzzing", "device": "node-10-fuzzer", "metadata": {}}
{"timestamp": 1779119272, "type": "safe_tx", "device": "node-11-pulsing", "metadata": {}}
{"timestamp": 1779119272, "type": "safe_tx", "device": "node-11-pulsing", "metadata": {}}
{"timestamp": 1779119272, "type": "safe_tx", "device": "node-2-clean", "metadata": {}}
{"timestamp": 1779119272, "type": "overflow", "device": "node-6-overflow", "metadata": {"count": 3, "window_sec": 30}}
{"timestamp": 1779119272, "type": "safe_tx", "device": "node-14-mixed", "metadata": {}}
{"timestamp": 1779119272, "type": "safe_tx", "device": "node-2-clean", "metadata": {}}
{"timestamp": 1779119272, "type": "safe_tx", "device": "node-10-fuzzer", "metadata": {}}
{"timestamp": 1779119273, "type": "overflow", "device": "node-13-mixed", "metadata": {"count": 3, "window_sec": 30}}
{"timestamp": 1779119273, "type": "safe_tx", "device": "node-3-clean", "metadata": {}}
{"timestamp": 1779119273, "type": "safe_tx", "device": "node-4-clean", "metadata": {}}
{"timestamp": 1779119273, "type": "safe_tx", "device": "node-1-clean", "metadata": {}}
{"timestamp": 1779119273, "type": "safe_tx", "device": "node-5-clean", "metadata": {}}
{"timestamp": 1779119274, "type": "safe_tx", "device": "node-15-mixed", "metadata": {}}
{"timestamp": 1779119274, "type": "safe_tx", "device": "node-8-spammer", "metadata": {}}
{"timestamp": 1779119274, "type": "safe_tx", "device": "node-8-spammer", "metadata": {}}
{"timestamp": 1779119274, "type": "safe_tx", "device": "node-2-clean", "metadata": {}}
{"timestamp": 1779119274, "type": "safe_tx", "device": "node-15-mixed", "metadata": {}}
{"timestamp": 1779119275, "type": "time_anomaly", "device": "node-7-timespoof", "metadata": {}}
{"timestamp": 1779119274, "type": "safe_tx", "device": "node-9-stealth", "metadata": {}}
{"timestamp": 1779119274, "type": "safe_tx", "device": "node-14-mixed", "metadata": {}}
{"timestamp": 1779119274, "type": "safe_tx", "device": "node-10-fuzzer", "metadata": {}}
{"timestamp": 1779119274, "type": "safe_tx", "device": "node-8-spammer", "metadata": {}}
{"timestamp": 1779119274, "type": "safe_tx", "device": "node-8-spammer", "metadata": {}}
{"timestamp": 1779119275, "type": "safe_tx", "device": "node-1-clean", "metadata": {}}
{"timestamp": 1779119275, "type": "safe_tx", "device": "node-8-spammer", "metadata": {}}
{"timestamp": 1779119275, "type": "safe_tx", "device": "node-8-spammer", "metadata": {}}
{"timestamp": 1779119275, "type": "safe_tx", "device": "node-13-mixed", "metadata": {}}
{"timestamp": 1779119275, "type": "safe_tx", "device": "node-2-clean", "metadata": {}}
{"timestamp": 1779119276, "type": "time_anomaly", "device": "node-13-mixed", "metadata": {}}
{"timestamp": 1779119276, "type": "safe_tx", "device": "node-13-mixed", "metadata": {}}
{"timestamp": 1779119276, "type": "safe_tx", "device": "node-1-clean", "metadata": {}}
{"timestamp": 1779119276, "type": "safe_tx", "device": "node-1-clean", "metadata": {}}
{"timestamp": 1779119277, "type": "time_anomaly", "device": "node-15-mixed", "metadata": {}}
{"timestamp": 1779119276, "type": "safe_tx", "device": "node-13-mixed", "metadata": {}}
{"timestamp": 1779119276, "type": "safe_tx", "device": "node-12-mixed", "metadata": {}}
{"timestamp": 1779119277, "type": "overflow", "device": "node-10-fuzzer", "metadata": {"count": 3, "window_sec": 30}}
{"timestamp": 1779119277, "type": "safe_tx", "device": "node-3-clean", "metadata": {}}
{"timestamp": 1779119277, "type": "safe_tx", "device": "node-5-clean", "metadata": {}}
{"timestamp": 1779119277, "type": "safe_tx", "device": "node-4-clean", "metadata": {}}
{"timestamp": 1779119277, "type": "safe_tx", "device": "node-3-clean", "metadata": {}}
{"timestamp": 1779119277, "type": "safe_tx", "device": "node-8-spammer", "metadata": {}}
{"timestamp": 1779119278, "type": "safe_tx", "device": "node-8-spammer", "metadata": {}}
{"timestamp": 1779119278, "type": "safe_tx", "device": "node-8-spammer", "metadata": {}}
{"timestamp": 1779119278, "type": "safe_tx", "device": "node-8-spammer", "metadata": {}}
{"timestamp": 1779119278, "type": "safe_tx", "device": "node-8-spammer", "metadata": {}}
{"timestamp": 1779119278, "type": "safe_tx", "device": "node-9-stealth", "metadata": {}}
{"timestamp": 1779119278, "type": "safe_tx", "device": "node-8-spammer", "metadata": {}}
{"timestamp": 1779119278, "type": "safe_tx", "device": "node-8-spammer", "metadata": {}}
{"timestamp": 1779119278, "type": "safe_tx", "device": "node-15-mixed", "metadata": {}}
{"timestamp": 1779119279, "type": "safe_tx", "device": "node-14-mixed", "metadata": {}}
{"timestamp": 1779119279, "type": "safe_tx", "device": "node-4-clean", "metadata": {}}
{"timestamp": 1779119279, "type": "safe_tx", "device": "node-2-clean", "metadata": {}}
{"timestamp": 1779119280, "type": "time_anomaly", "device": "node-7-timespoof", "metadata": {}}
{"timestamp": 1779119279, "type": "safe_tx", "device": "node-1-clean", "metadata": {}}
{"timestamp": 1779119279, "type": "safe_tx", "device": "node-3-clean", "metadata": {}}
{"timestamp": 1779119279, "type": "safe_tx", "device": "node-12-mixed", "metadata": {}}
{"timestamp": 1779119279, "type": "safe_tx", "device": "node-4-clean", "metadata": {}}
{"timestamp": 1779119279, "type": "safe_tx", "device": "node-2-clean", "metadata": {}}
{"timestamp": 1779119279, "type": "safe_tx", "device": "node-8-spammer", "metadata": {}}
{"timestamp": 1779119279, "type": "safe_tx", "device": "node-5-clean", "metadata": {}}
{"timestamp": 1779119279, "type": "safe_tx", "device": "node-8-spammer", "metadata": {}}
{"timestamp": 1779119280, "type": "safe_tx", "device": "node-10-fuzzer", "metadata": {}}
{"timestamp": 1779119280, "type": "safe_tx", "device": "node-8-spammer", "metadata": {}}
{"timestamp": 1779119280, "type": "safe_tx", "device": "node-8-spammer", "metadata": {}}
{"timestamp": 1779119280, "type": "safe_tx", "device": "node-8-spammer", "metadata": {}}
{"timestamp": 1779119280, "type": "overflow", "device": "node-6-overflow", "metadata": {"count": 3, "window_sec": 30}}
{"timestamp": 1779119280, "type": "safe_tx", "device": "node-8-spammer", "metadata": {}}
{"timestamp": 1779119280, "type": "safe_tx", "device": "node-8-spammer", "metadata": {}}
{"timestamp": 1779119280, "type": "safe_tx", "device": "node-9-stealth", "metadata": {}}
{"timestamp": 1779119280, "type": "safe_tx", "device": "node-12-mixed", "metadata": {}}
{"timestamp": 1779119280, "type": "safe_tx", "device": "node-8-spammer", "metadata": {}}
{"timestamp": 1779119280, "type": "safe_tx", "device": "node-8-spammer", "metadata": {}}
{"timestamp": 1779119280, "type": "dos_spam", "device": "node-8-spammer", "metadata": {}}
{"timestamp": 1779119280, "type": "safe_tx", "device": "node-8-spammer", "metadata": {}}
{"timestamp": 1779119280, "type": "safe_tx", "device": "node-8-spammer", "metadata": {}}
{"timestamp": 1779119281, "type": "safe_tx", "device": "node-8-spammer", "metadata": {}}
{"timestamp": 1779119281, "type": "safe_tx", "device": "node-3-clean", "metadata": {}}
{"timestamp": 1779119281, "type": "safe_tx", "device": "node-15-mixed", "metadata": {}}
{"timestamp": 1779119281, "type": "safe_tx", "device": "node-8-spammer", "metadata": {}}
{"timestamp": 1779119281, "type": "safe_tx", "device": "node-8-spammer", "metadata": {}}
{"timestamp": 1779119281, "type": "safe_tx", "device": "node-8-spammer", "metadata": {}}
{"timestamp": 1779119281, "type": "safe_tx", "device": "node-8-spammer", "metadata": {}}
{"timestamp": 1779119281, "type": "safe_tx", "device": "node-8-spammer", "metadata": {}}
{"timestamp": 1779119281, "type": "safe_tx", "device": "node-8-spammer", "metadata": {}}
{"timestamp": 1779119281, "type": "safe_tx", "device": "node-8-spammer", "metadata": {}}
{"timestamp": 1779119281, "type": "safe_tx", "device": "node-8-spammer", "metadata": {}}
{"timestamp": 1779119281, "type": "safe_tx", "device": "node-8-spammer", "metadata": {}}
{"timestamp": 1779119281, "type": "safe_tx", "device": "node-8-spammer", "metadata": {}}
{"timestamp": 1779119281, "type": "safe_tx", "device": "node-8-spammer", "metadata": {}}
{"timestamp": 1779119281, "type": "dos_spam", "device": "node-8-spammer", "metadata": {"count": 30, "window_sec": 5}}
{"timestamp": 1779119282, "type": "safe_tx", "device": "node-8-spammer", "metadata": {}}
{"timestamp": 1779119282, "type": "dos_spam", "device": "node-8-spammer", "metadata": {}}
{"timestamp": 1779119282, "type": "safe_tx", "device": "node-8-spammer", "metadata": {}}
{"timestamp": 1779119282, "type": "safe_tx", "device": "node-8-spammer", "metadata": {}}
{"timestamp": 1779119282, "type": "safe_tx", "device": "node-3-clean", "metadata": {}}
{"timestamp": 1779119282, "type": "safe_tx", "device": "node-8-spammer", "metadata": {}}
{"timestamp": 1779119282, "type": "fuzzing", "device": "node-10-fuzzer", "metadata": {}}
{"timestamp": 1779119282, "type": "safe_tx", "device": "node-8-spammer", "metadata": {}}
{"timestamp": 1779119283, "type": "time_anomaly", "device": "node-14-mixed", "metadata": {}}
{"timestamp": 1779119282, "type": "safe_tx", "device": "node-12-mixed", "metadata": {}}
{"timestamp": 1779119282, "type": "safe_tx", "device": "node-1-clean", "metadata": {}}
{"timestamp": 1779119282, "type": "safe_tx", "device": "node-15-mixed", "metadata": {}}
{"timestamp": 1779119282, "type": "safe_tx", "device": "node-4-clean", "metadata": {}}
{"timestamp": 1779119282, "type": "safe_tx", "device": "node-1-clean", "metadata": {}}
{"timestamp": 1779119282, "type": "safe_tx", "device": "node-15-mixed", "metadata": {}}
{"timestamp": 1779119282, "type": "safe_tx", "device": "node-2-clean", "metadata": {}}
{"timestamp": 1779119283, "type": "safe_tx", "device": "node-12-mixed", "metadata": {}}
{"timestamp": 1779119283, "type": "safe_tx", "device": "node-3-clean", "metadata": {}}
{"timestamp": 1779119283, "type": "safe_tx", "device": "node-8-spammer", "metadata": {}}
{"timestamp": 1779119283, "type": "safe_tx", "device": "node-8-spammer", "metadata": {}}
{"timestamp": 1779119283, "type": "safe_tx", "device": "node-8-spammer", "metadata": {}}
{"timestamp": 1779119283, "type": "safe_tx", "device": "node-8-spammer", "metadata": {}}
{"timestamp": 1779119283, "type": "safe_tx", "device": "node-13-mixed", "metadata": {}}
{"timestamp": 1779119283, "type": "safe_tx", "device": "node-8-spammer", "metadata": {}}
{"timestamp": 1779119283, "type": "safe_tx", "device": "node-15-mixed", "metadata": {}}
{"timestamp": 1779119283, "type": "safe_tx", "device": "node-5-clean", "metadata": {}}
{"timestamp": 1779119284, "type": "time_anomaly", "device": "node-7-timespoof", "metadata": {}}
{"timestamp": 1779119284, "type": "safe_tx", "device": "node-3-clean", "metadata": {}}
{"timestamp": 1779119284, "type": "fuzzing", "device": "node-10-fuzzer", "metadata": {}}
{"timestamp": 1779119284, "type": "safe_tx", "device": "node-14-mixed", "metadata": {}}
{"timestamp": 1779119284, "type": "safe_tx", "device": "node-3-clean", "metadata": {}}
{"timestamp": 1779119284, "type": "safe_tx", "device": "node-8-spammer", "metadata": {}}
{"timestamp": 1779119284, "type": "safe_tx", "device": "node-8-spammer", "metadata": {}}
{"timestamp": 1779119285, "type": "safe_tx", "device": "node-4-clean", "metadata": {}}
{"timestamp": 1779119285, "type": "safe_tx", "device": "node-2-clean", "metadata": {}}
{"timestamp": 1779119285, "type": "safe_tx", "device": "node-9-stealth", "metadata": {}}
{"timestamp": 1779119285, "type": "safe_tx", "device": "node-10-fuzzer", "metadata": {}}
{"timestamp": 1779119285, "type": "safe_tx", "device": "node-3-clean", "metadata": {}}
{"timestamp": 1779119285, "type": "safe_tx", "device": "node-5-clean", "metadata": {}}
{"timestamp": 1779119285, "type": "safe_tx", "device": "node-12-mixed", "metadata": {}}
{"timestamp": 1779119286, "type": "safe_tx", "device": "node-3-clean", "metadata": {}}
{"timestamp": 1779119286, "type": "safe_tx", "device": "node-4-clean", "metadata": {}}
{"timestamp": 1779119286, "type": "safe_tx", "device": "node-14-mixed", "metadata": {}}
{"timestamp": 1779119286, "type": "safe_tx", "device": "node-1-clean", "metadata": {}}
{"timestamp": 1779119286, "type": "safe_tx", "device": "node-8-spammer", "metadata": {}}
{"timestamp": 1779119286, "type": "safe_tx", "device": "node-8-spammer", "metadata": {}}
{"timestamp": 1779119286, "type": "safe_tx", "device": "node-8-spammer", "metadata": {}}
{"timestamp": 1779119286, "type": "safe_tx", "device": "node-8-spammer", "metadata": {}}
{"timestamp": 1779119286, "type": "safe_tx", "device": "node-8-spammer", "metadata": {}}
{"timestamp": 1779119287, "type": "time_anomaly", "device": "node-13-mixed", "metadata": {}}
{"timestamp": 1779119287, "type": "safe_tx", "device": "node-5-clean", "metadata": {}}
{"timestamp": 1779119287, "type": "safe_tx", "device": "node-6-overflow", "metadata": {}}
{"timestamp": 1779119287, "type": "safe_tx", "device": "node-14-mixed", "metadata": {}}
{"timestamp": 1779119287, "type": "safe_tx", "device": "node-3-clean", "metadata": {}}
{"timestamp": 1779119287, "type": "safe_tx", "device": "node-12-mixed", "metadata": {}}
{"timestamp": 1779119287, "type": "safe_tx", "device": "node-1-clean", "metadata": {}}
{"timestamp": 1779119287, "type": "fuzzing", "device": "node-10-fuzzer", "metadata": {}}
{"timestamp": 1779119288, "type": "safe_tx", "device": "node-2-clean", "metadata": {}}
{"timestamp": 1779119288, "type": "safe_tx", "device": "node-9-stealth", "metadata": {}}
{"timestamp": 1779119288, "type": "safe_tx", "device": "node-15-mixed", "metadata": {}}
{"timestamp": 1779119288, "type": "safe_tx", "device": "node-8-spammer", "metadata": {}}
{"timestamp": 1779119288, "type": "safe_tx", "device": "node-8-spammer", "metadata": {}}
{"timestamp": 1779119288, "type": "safe_tx", "device": "node-8-spammer", "metadata": {}}
{"timestamp": 1779119288, "type": "safe_tx", "device": "node-8-spammer", "metadata": {}}
{"timestamp": 1779119288, "type": "safe_tx", "device": "node-8-spammer", "metadata": {}}
{"timestamp": 1779119288, "type": "safe_tx", "device": "node-8-spammer", "metadata": {}}
{"timestamp": 1779119289, "type": "time_anomaly", "device": "node-7-timespoof", "metadata": {}}
{"timestamp": 1779119288, "type": "safe_tx", "device": "node-8-spammer", "metadata": {}}
{"timestamp": 1779119288, "type": "safe_tx", "device": "node-8-spammer", "metadata": {}}
{"timestamp": 1779119288, "type": "safe_tx", "device": "node-8-spammer", "metadata": {}}
{"timestamp": 1779119288, "type": "safe_tx", "device": "node-4-clean", "metadata": {}}
{"timestamp": 1779119289, "type": "safe_tx", "device": "node-2-clean", "metadata": {}}
{"timestamp": 1779119289, "type": "fuzzing", "device": "node-10-fuzzer", "metadata": {}}
{"timestamp": 1779119289, "type": "safe_tx", "device": "node-14-mixed", "metadata": {}}
{"timestamp": 1779119290, "type": "safe_tx", "device": "node-1-clean", "metadata": {}}
{"timestamp": 1779119290, "type": "safe_tx", "device": "node-5-clean", "metadata": {}}
{"timestamp": 1779119290, "type": "safe_tx", "device": "node-4-clean", "metadata": {}}
{"timestamp": 1779119290, "type": "overflow", "device": "node-13-mixed", "metadata": {"count": 3, "window_sec": 30}}
{"timestamp": 1779119290, "type": "safe_tx", "device": "node-9-stealth", "metadata": {}}
{"timestamp": 1779119290, "type": "safe_tx", "device": "node-12-mixed", "metadata": {}}
{"timestamp": 1779119291, "type": "time_anomaly", "device": "node-7-timespoof", "metadata": {}}
{"timestamp": 1779119291, "type": "safe_tx", "device": "node-3-clean", "metadata": {}}
{"timestamp": 1779119291, "type": "safe_tx", "device": "node-2-clean", "metadata": {}}
{"timestamp": 1779119291, "type": "safe_tx", "device": "node-8-spammer", "metadata": {}}
{"timestamp": 1779119291, "type": "safe_tx", "device": "node-10-fuzzer", "metadata": {}}
{"timestamp": 1779119291, "type": "safe_tx", "device": "node-14-mixed", "metadata": {}}
{"timestamp": 1779119291, "type": "overflow", "device": "node-15-mixed", "metadata": {"count": 3, "window_sec": 30}}
{"timestamp": 1779119291, "type": "safe_tx", "device": "node-1-clean", "metadata": {}}
{"timestamp": 1779119291, "type": "safe_tx", "device": "node-4-clean", "metadata": {}}
{"timestamp": 1779119292, "type": "safe_tx", "device": "node-2-clean", "metadata": {}}
{"timestamp": 1779119292, "type": "safe_tx", "device": "node-5-clean", "metadata": {}}
{"timestamp": 1779119292, "type": "safe_tx", "device": "node-12-mixed", "metadata": {}}
{"timestamp": 1779119292, "type": "safe_tx", "device": "node-8-spammer", "metadata": {}}
{"timestamp": 1779119292, "type": "safe_tx", "device": "node-8-spammer", "metadata": {}}
{"timestamp": 1779119292, "type": "safe_tx", "device": "node-8-spammer", "metadata": {}}
{"timestamp": 1779119292, "type": "safe_tx", "device": "node-9-stealth", "metadata": {}}
{"timestamp": 1779119292, "type": "safe_tx", "device": "node-13-mixed", "metadata": {}}
{"timestamp": 1779119293, "type": "safe_tx", "device": "node-8-spammer", "metadata": {}}
{"timestamp": 1779119293, "type": "safe_tx", "device": "node-8-spammer", "metadata": {}}
{"timestamp": 1779119293, "type": "safe_tx", "device": "node-8-spammer", "metadata": {}}
{"timestamp": 1779119293, "type": "safe_tx", "device": "node-8-spammer", "metadata": {}}
{"timestamp": 1779119293, "type": "safe_tx", "device": "node-8-spammer", "metadata": {}}
{"timestamp": 1779119294, "type": "time_anomaly", "device": "node-14-mixed", "metadata": {}}
{"timestamp": 1779119293, "type": "safe_tx", "device": "node-8-spammer", "metadata": {}}
{"timestamp": 1779119293, "type": "safe_tx", "device": "node-8-spammer", "metadata": {}}
{"timestamp": 1779119293, "type": "safe_tx", "device": "node-8-spammer", "metadata": {}}
{"timestamp": 1779119293, "type": "safe_tx", "device": "node-9-stealth", "metadata": {}}
{"timestamp": 1779119293, "type": "safe_tx", "device": "node-8-spammer", "metadata": {}}
{"timestamp": 1779119293, "type": "safe_tx", "device": "node-8-spammer", "metadata": {}}
{"timestamp": 1779119293, "type": "safe_tx", "device": "node-1-clean", "metadata": {}}
{"timestamp": 1779119293, "type": "safe_tx", "device": "node-8-spammer", "metadata": {}}
{"timestamp": 1779119293, "type": "dos_spam", "device": "node-8-spammer", "metadata": {}}
{"timestamp": 1779119293, "type": "safe_tx", "device": "node-8-spammer", "metadata": {}}
{"timestamp": 1779119293, "type": "safe_tx", "device": "node-8-spammer", "metadata": {}}
{"timestamp": 1779119293, "type": "safe_tx", "device": "node-8-spammer", "metadata": {}}
{"timestamp": 1779119293, "type": "safe_tx", "device": "node-3-clean", "metadata": {}}
{"timestamp": 1779119293, "type": "safe_tx", "device": "node-5-clean", "metadata": {}}
{"timestamp": 1779119294, "type": "overflow", "device": "node-6-overflow", "metadata": {"count": 3, "window_sec": 30}}
{"timestamp": 1779119294, "type": "safe_tx", "device": "node-10-fuzzer", "metadata": {}}
{"timestamp": 1779119294, "type": "safe_tx", "device": "node-4-clean", "metadata": {}}
{"timestamp": 1779119294, "type": "safe_tx", "device": "node-2-clean", "metadata": {}}
{"timestamp": 1779119294, "type": "safe_tx", "device": "node-12-mixed", "metadata": {}}
{"timestamp": 1779119295, "type": "time_anomaly", "device": "node-7-timespoof", "metadata": {}}
{"timestamp": 1779119295, "type": "safe_tx", "device": "node-5-clean", "metadata": {}}
{"timestamp": 1779119295, "type": "safe_tx", "device": "node-9-stealth", "metadata": {}}
{"timestamp": 1779119295, "type": "safe_tx", "device": "node-8-spammer", "metadata": {}}
{"timestamp": 1779119295, "type": "safe_tx", "device": "node-8-spammer", "metadata": {}}
{"timestamp": 1779119295, "type": "safe_tx", "device": "node-8-spammer", "metadata": {}}
{"timestamp": 1779119295, "type": "safe_tx", "device": "node-8-spammer", "metadata": {}}
{"timestamp": 1779119295, "type": "safe_tx", "device": "node-8-spammer", "metadata": {}}
{"timestamp": 1779119295, "type": "safe_tx", "device": "node-8-spammer", "metadata": {}}
{"timestamp": 1779119295, "type": "safe_tx", "device": "node-8-spammer", "metadata": {}}
{"timestamp": 1779119295, "type": "safe_tx", "device": "node-8-spammer", "metadata": {}}
{"timestamp": 1779119295, "type": "safe_tx", "device": "node-4-clean", "metadata": {}}
{"timestamp": 1779119295, "type": "safe_tx", "device": "node-13-mixed", "metadata": {}}
{"timestamp": 1779119295, "type": "fuzzing", "device": "node-10-fuzzer", "metadata": {}}
{"timestamp": 1779119295, "type": "safe_tx", "device": "node-1-clean", "metadata": {}}
{"timestamp": 1779119296, "type": "safe_tx", "device": "node-15-mixed", "metadata": {}}
{"timestamp": 1779119296, "type": "time_anomaly", "device": "node-14-mixed", "metadata": {}}
{"timestamp": 1779119296, "type": "safe_tx", "device": "node-2-clean", "metadata": {}}
{"timestamp": 1779119297, "type": "time_anomaly", "device": "node-13-mixed", "metadata": {}}
{"timestamp": 1779119296, "type": "safe_tx", "device": "node-8-spammer", "metadata": {}}
{"timestamp": 1779119296, "type": "safe_tx", "device": "node-8-spammer", "metadata": {}}
{"timestamp": 1779119296, "type": "safe_tx", "device": "node-8-spammer", "metadata": {}}
{"timestamp": 1779119296, "type": "safe_tx", "device": "node-8-spammer", "metadata": {}}
{"timestamp": 1779119296, "type": "dos_spam", "device": "node-8-spammer", "metadata": {"count": 30, "window_sec": 5}}
{"timestamp": 1779119296, "type": "safe_tx", "device": "node-6-overflow", "metadata": {}}
{"timestamp": 1779119296, "type": "safe_tx", "device": "node-2-clean", "metadata": {}}
{"timestamp": 1779119296, "type": "safe_tx", "device": "node-5-clean", "metadata": {}}
{"timestamp": 1779119296, "type": "safe_tx", "device": "node-15-mixed", "metadata": {}}
{"timestamp": 1779119297, "type": "safe_tx", "device": "node-8-spammer", "metadata": {}}
{"timestamp": 1779119297, "type": "safe_tx", "device": "node-8-spammer", "metadata": {}}
{"timestamp": 1779119297, "type": "safe_tx", "device": "node-8-spammer", "metadata": {}}
{"timestamp": 1779119297, "type": "dos_spam", "device": "node-8-spammer", "metadata": {}}
{"timestamp": 1779119297, "type": "safe_tx", "device": "node-8-spammer", "metadata": {}}
{"timestamp": 1779119297, "type": "safe_tx", "device": "node-8-spammer", "metadata": {}}
{"timestamp": 1779119297, "type": "safe_tx", "device": "node-8-spammer", "metadata": {}}
{"timestamp": 1779119297, "type": "safe_tx", "device": "node-8-spammer", "metadata": {}}
{"timestamp": 1779119297, "type": "safe_tx", "device": "node-8-spammer", "metadata": {}}
{"timestamp": 1779119297, "type": "safe_tx", "device": "node-8-spammer", "metadata": {}}
{"timestamp": 1779119297, "type": "safe_tx", "device": "node-3-clean", "metadata": {}}
{"timestamp": 1779119297, "type": "safe_tx", "device": "node-8-spammer", "metadata": {}}
{"timestamp": 1779119297, "type": "safe_tx", "device": "node-8-spammer", "metadata": {}}
{"timestamp": 1779119297, "type": "fuzzing", "device": "node-10-fuzzer", "metadata": {}}
{"timestamp": 1779119297, "type": "safe_tx", "device": "node-12-mixed", "metadata": {}}
{"timestamp": 1779119298, "type": "safe_tx", "device": "node-4-clean", "metadata": {}}
{"timestamp": 1779119298, "type": "safe_tx", "device": "node-8-spammer", "metadata": {}}
{"timestamp": 1779119298, "type": "overflow", "device": "node-12-mixed", "metadata": {"count": 3, "window_sec": 30}}
{"timestamp": 1779119298, "type": "safe_tx", "device": "node-15-mixed", "metadata": {}}
{"timestamp": 1779119298, "type": "safe_tx", "device": "node-10-fuzzer", "metadata": {}}
{"timestamp": 1779119299, "type": "safe_tx", "device": "node-13-mixed", "metadata": {}}
{"timestamp": 1779119299, "type": "safe_tx", "device": "node-1-clean", "metadata": {}}
{"timestamp": 1779119299, "type": "safe_tx", "device": "node-9-stealth", "metadata": {}}
{"timestamp": 1779119299, "type": "safe_tx", "device": "node-4-clean", "metadata": {}}
{"timestamp": 1779119299, "type": "safe_tx", "device": "node-5-clean", "metadata": {}}
{"timestamp": 1779119299, "type": "safe_tx", "device": "node-2-clean", "metadata": {}}
{"timestamp": 1779119299, "type": "safe_tx", "device": "node-11-pulsing", "metadata": {}}
{"timestamp": 1779119299, "type": "safe_tx", "device": "node-11-pulsing", "metadata": {}}
{"timestamp": 1779119299, "type": "safe_tx", "device": "node-11-pulsing", "metadata": {}}
{"timestamp": 1779119299, "type": "safe_tx", "device": "node-11-pulsing", "metadata": {}}
{"timestamp": 1779119299, "type": "safe_tx", "device": "node-11-pulsing", "metadata": {}}
{"timestamp": 1779119300, "type": "safe_tx", "device": "node-11-pulsing", "metadata": {}}
{"timestamp": 1779119300, "type": "safe_tx", "device": "node-13-mixed", "metadata": {}}
{"timestamp": 1779119300, "type": "safe_tx", "device": "node-11-pulsing", "metadata": {}}
{"timestamp": 1779119300, "type": "safe_tx", "device": "node-11-pulsing", "metadata": {}}
{"timestamp": 1779119300, "type": "safe_tx", "device": "node-11-pulsing", "metadata": {}}
{"timestamp": 1779119300, "type": "safe_tx", "device": "node-11-pulsing", "metadata": {}}
{"timestamp": 1779119300, "type": "safe_tx", "device": "node-8-spammer", "metadata": {}}
{"timestamp": 1779119300, "type": "safe_tx", "device": "node-8-spammer", "metadata": {}}
{"timestamp": 1779119300, "type": "safe_tx", "device": "node-11-pulsing", "metadata": {}}
{"timestamp": 1779119300, "type": "safe_tx", "device": "node-8-spammer", "metadata": {}}
{"timestamp": 1779119300, "type": "safe_tx", "device": "node-11-pulsing", "metadata": {}}
{"timestamp": 1779119300, "type": "safe_tx", "device": "node-8-spammer", "metadata": {}}
{"timestamp": 1779119300, "type": "safe_tx", "device": "node-8-spammer", "metadata": {}}
{"timestamp": 1779119300, "type": "safe_tx", "device": "node-11-pulsing", "metadata": {}}
{"timestamp": 1779119300, "type": "safe_tx", "device": "node-11-pulsing", "metadata": {}}
{"timestamp": 1779119300, "type": "safe_tx", "device": "node-11-pulsing", "metadata": {}}
{"timestamp": 1779119300, "type": "dos_spam", "device": "node-11-pulsing", "metadata": {}}
{"timestamp": 1779119300, "type": "safe_tx", "device": "node-11-pulsing", "metadata": {}}
{"timestamp": 1779119300, "type": "safe_tx", "device": "node-11-pulsing", "metadata": {}}
{"timestamp": 1779119300, "type": "safe_tx", "device": "node-5-clean", "metadata": {}}
{"timestamp": 1779119300, "type": "safe_tx", "device": "node-11-pulsing", "metadata": {}}
{"timestamp": 1779119300, "type": "safe_tx", "device": "node-3-clean", "metadata": {}}
{"timestamp": 1779119300, "type": "safe_tx", "device": "node-11-pulsing", "metadata": {}}
{"timestamp": 1779119300, "type": "safe_tx", "device": "node-10-fuzzer", "metadata": {}}
{"timestamp": 1779119300, "type": "safe_tx", "device": "node-11-pulsing", "metadata": {}}
{"timestamp": 1779119301, "type": "time_anomaly", "device": "node-7-timespoof", "metadata": {}}
{"timestamp": 1779119301, "type": "safe_tx", "device": "node-13-mixed", "metadata": {}}
{"timestamp": 1779119301, "type": "safe_tx", "device": "node-5-clean", "metadata": {}}
{"timestamp": 1779119301, "type": "safe_tx", "device": "node-2-clean", "metadata": {}}
{"timestamp": 1779119301, "type": "safe_tx", "device": "node-8-spammer", "metadata": {}}
{"timestamp": 1779119301, "type": "safe_tx", "device": "node-8-spammer", "metadata": {}}
{"timestamp": 1779119301, "type": "safe_tx", "device": "node-8-spammer", "metadata": {}}
{"timestamp": 1779119301, "type": "safe_tx", "device": "node-8-spammer", "metadata": {}}
{"timestamp": 1779119301, "type": "safe_tx", "device": "node-8-spammer", "metadata": {}}
{"timestamp": 1779119301, "type": "safe_tx", "device": "node-8-spammer", "metadata": {}}
{"timestamp": 1779119301, "type": "safe_tx", "device": "node-8-spammer", "metadata": {}}
{"timestamp": 1779119301, "type": "safe_tx", "device": "node-14-mixed", "metadata": {}}
{"timestamp": 1779119301, "type": "safe_tx", "device": "node-8-spammer", "metadata": {}}
{"timestamp": 1779119301, "type": "safe_tx", "device": "node-8-spammer", "metadata": {}}
{"timestamp": 1779119301, "type": "safe_tx", "device": "node-8-spammer", "metadata": {}}
{"timestamp": 1779119301, "type": "dos_spam", "device": "node-8-spammer", "metadata": {}}
{"timestamp": 1779119302, "type": "safe_tx", "device": "node-8-spammer", "metadata": {}}
{"timestamp": 1779119302, "type": "safe_tx", "device": "node-8-spammer", "metadata": {}}
{"timestamp": 1779119302, "type": "overflow", "device": "node-9-stealth", "metadata": {"count": 3, "window_sec": 30}}
{"timestamp": 1779119302, "type": "safe_tx", "device": "node-8-spammer", "metadata": {}}
{"timestamp": 1779119302, "type": "dos_spam", "device": "node-8-spammer", "metadata": {"count": 30, "window_sec": 5}}
{"timestamp": 1779119302, "type": "safe_tx", "device": "node-8-spammer", "metadata": {}}
{"timestamp": 1779119302, "type": "safe_tx", "device": "node-8-spammer", "metadata": {}}
{"timestamp": 1779119302, "type": "safe_tx", "device": "node-1-clean", "metadata": {}}
{"timestamp": 1779119302, "type": "safe_tx", "device": "node-8-spammer", "metadata": {}}
{"timestamp": 1779119302, "type": "safe_tx", "device": "node-8-spammer", "metadata": {}}
{"timestamp": 1779119302, "type": "safe_tx", "device": "node-8-spammer", "metadata": {}}
{"timestamp": 1779119302, "type": "safe_tx", "device": "node-8-spammer", "metadata": {}}
{"timestamp": 1779119303, "type": "time_anomaly", "device": "node-15-mixed", "metadata": {}}
{"timestamp": 1779119302, "type": "safe_tx", "device": "node-8-spammer", "metadata": {}}
{"timestamp": 1779119302, "type": "safe_tx", "device": "node-8-spammer", "metadata": {}}
{"timestamp": 1779119302, "type": "safe_tx", "device": "node-8-spammer", "metadata": {}}
{"timestamp": 1779119303, "type": "time_anomaly", "device": "node-14-mixed", "metadata": {}}
{"timestamp": 1779119302, "type": "fuzzing", "device": "node-10-fuzzer", "metadata": {}}
{"timestamp": 1779119302, "type": "safe_tx", "device": "node-4-clean", "metadata": {}}
{"timestamp": 1779119303, "type": "safe_tx", "device": "node-1-clean", "metadata": {}}
{"timestamp": 1779119303, "type": "safe_tx", "device": "node-15-mixed", "metadata": {}}
{"timestamp": 1779119303, "type": "safe_tx", "device": "node-8-spammer", "metadata": {}}
{"timestamp": 1779119303, "type": "safe_tx", "device": "node-8-spammer", "metadata": {}}
{"timestamp": 1779119303, "type": "safe_tx", "device": "node-8-spammer", "metadata": {}}
{"timestamp": 1779119303, "type": "dos_spam", "device": "node-8-spammer", "metadata": {}}
{"timestamp": 1779119303, "type": "safe_tx", "device": "node-3-clean", "metadata": {}}
{"timestamp": 1779119303, "type": "safe_tx", "device": "node-8-spammer", "metadata": {}}
{"timestamp": 1779119303, "type": "safe_tx", "device": "node-8-spammer", "metadata": {}}
{"timestamp": 1779119303, "type": "safe_tx", "device": "node-1-clean", "metadata": {}}
{"timestamp": 1779119304, "type": "overflow", "device": "node-15-mixed", "metadata": {"count": 3, "window_sec": 30}}
{"timestamp": 1779119304, "type": "safe_tx", "device": "node-9-stealth", "metadata": {}}
{"timestamp": 1779119304, "type": "safe_tx", "device": "node-5-clean", "metadata": {}}
{"timestamp": 1779119304, "type": "overflow", "device": "node-14-mixed", "metadata": {"count": 3, "window_sec": 30}}
{"timestamp": 1779119304, "type": "safe_tx", "device": "node-2-clean", "metadata": {}}
{"timestamp": 1779119304, "type": "overflow", "device": "node-10-fuzzer", "metadata": {"count": 3, "window_sec": 30}}
{"timestamp": 1779119305, "type": "safe_tx", "device": "node-9-stealth", "metadata": {}}
{"timestamp": 1779119306, "type": "time_anomaly", "device": "node-13-mixed", "metadata": {}}
{"timestamp": 1779119305, "type": "safe_tx", "device": "node-1-clean", "metadata": {}}
{"timestamp": 1779119305, "type": "safe_tx", "device": "node-10-fuzzer", "metadata": {}}
{"timestamp": 1779119305, "type": "safe_tx", "device": "node-8-spammer", "metadata": {}}
{"timestamp": 1779119306, "type": "safe_tx", "device": "node-8-spammer", "metadata": {}}
{"timestamp": 1779119306, "type": "safe_tx", "device": "node-8-spammer", "metadata": {}}
{"timestamp": 1779119306, "type": "safe_tx", "device": "node-8-spammer", "metadata": {}}
{"timestamp": 1779119306, "type": "safe_tx", "device": "node-8-spammer", "metadata": {}}
{"timestamp": 1779119306, "type": "safe_tx", "device": "node-8-spammer", "metadata": {}}
{"timestamp": 1779119306, "type": "safe_tx", "device": "node-8-spammer", "metadata": {}}
{"timestamp": 1779119306, "type": "safe_tx", "device": "node-8-spammer", "metadata": {}}
{"timestamp": 1779119306, "type": "safe_tx", "device": "node-8-spammer", "metadata": {}}
{"timestamp": 1779119306, "type": "safe_tx", "device": "node-2-clean", "metadata": {}}
{"timestamp": 1779119307, "type": "time_anomaly", "device": "node-7-timespoof", "metadata": {}}
{"timestamp": 1779119306, "type": "safe_tx", "device": "node-15-mixed", "metadata": {}}
{"timestamp": 1779119306, "type": "safe_tx", "device": "node-4-clean", "metadata": {}}
{"timestamp": 1779119306, "type": "safe_tx", "device": "node-8-spammer", "metadata": {}}
{"timestamp": 1779119306, "type": "fuzzing", "device": "node-10-fuzzer", "metadata": {}}
{"timestamp": 1779119306, "type": "safe_tx", "device": "node-8-spammer", "metadata": {}}
{"timestamp": 1779119307, "type": "safe_tx", "device": "node-12-mixed", "metadata": {}}
{"timestamp": 1779119307, "type": "safe_tx", "device": "node-3-clean", "metadata": {}}
{"timestamp": 1779119307, "type": "safe_tx", "device": "node-5-clean", "metadata": {}}
{"timestamp": 1779119307, "type": "safe_tx", "device": "node-8-spammer", "metadata": {}}
{"timestamp": 1779119307, "type": "safe_tx", "device": "node-8-spammer", "metadata": {}}
{"timestamp": 1779119307, "type": "safe_tx", "device": "node-8-spammer", "metadata": {}}
{"timestamp": 1779119307, "type": "safe_tx", "device": "node-8-spammer", "metadata": {}}
{"timestamp": 1779119307, "type": "dos_spam", "device": "node-8-spammer", "metadata": {}}
{"timestamp": 1779119307, "type": "safe_tx", "device": "node-8-spammer", "metadata": {}}
{"timestamp": 1779119307, "type": "dos_spam", "device": "node-8-spammer", "metadata": {"count": 30, "window_sec": 5}}
{"timestamp": 1779119307, "type": "safe_tx", "device": "node-15-mixed", "metadata": {}}
{"timestamp": 1779119307, "type": "safe_tx", "device": "node-2-clean", "metadata": {}}
{"timestamp": 1779119307, "type": "safe_tx", "device": "node-9-stealth", "metadata": {}}
{"timestamp": 1779119308, "type": "time_anomaly", "device": "node-13-mixed", "metadata": {}}
{"timestamp": 1779119308, "type": "fuzzing", "device": "node-10-fuzzer", "metadata": {}}
{"timestamp": 1779119309, "type": "time_anomaly", "device": "node-7-timespoof", "metadata": {}}
{"timestamp": 1779119308, "type": "safe_tx", "device": "node-1-clean", "metadata": {}}
{"timestamp": 1779119308, "type": "safe_tx", "device": "node-5-clean", "metadata": {}}
{"timestamp": 1779119309, "type": "fuzzing", "device": "node-10-fuzzer", "metadata": {}}
{"timestamp": 1779119309, "type": "safe_tx", "device": "node-4-clean", "metadata": {}}
{"timestamp": 1779119309, "type": "overflow", "device": "node-14-mixed", "metadata": {"count": 3, "window_sec": 30}}
{"timestamp": 1779119310, "type": "safe_tx", "device": "node-8-spammer", "metadata": {}}
{"timestamp": 1779119310, "type": "safe_tx", "device": "node-9-stealth", "metadata": {}}
{"timestamp": 1779119310, "type": "safe_tx", "device": "node-15-mixed", "metadata": {}}
{"timestamp": 1779119310, "type": "safe_tx", "device": "node-12-mixed", "metadata": {}}
{"timestamp": 1779119310, "type": "safe_tx", "device": "node-13-mixed", "metadata": {}}
{"timestamp": 1779119310, "type": "safe_tx", "device": "node-1-clean", "metadata": {}}
{"timestamp": 1779119310, "type": "safe_tx", "device": "node-3-clean", "metadata": {}}
{"timestamp": 1779119310, "type": "safe_tx", "device": "node-8-spammer", "metadata": {}}
{"timestamp": 1779119311, "type": "safe_tx", "device": "node-8-spammer", "metadata": {}}
{"timestamp": 1779119311, "type": "safe_tx", "device": "node-2-clean", "metadata": {}}
{"timestamp": 1779119311, "type": "safe_tx", "device": "node-8-spammer", "metadata": {}}
{"timestamp": 1779119311, "type": "safe_tx", "device": "node-10-fuzzer", "metadata": {}}
{"timestamp": 1779119311, "type": "safe_tx", "device": "node-6-overflow", "metadata": {}}
{"timestamp": 1779119311, "type": "safe_tx", "device": "node-4-clean", "metadata": {}}
{"timestamp": 1779119311, "type": "safe_tx", "device": "node-15-mixed", "metadata": {}}
{"timestamp": 1779119312, "type": "safe_tx", "device": "node-9-stealth", "metadata": {}}
{"timestamp": 1779119312, "type": "safe_tx", "device": "node-8-spammer", "metadata": {}}
{"timestamp": 1779119313, "type": "time_anomaly", "device": "node-7-timespoof", "metadata": {}}
{"timestamp": 1779119313, "type": "safe_tx", "device": "node-3-clean", "metadata": {}}
{"timestamp": 1779119313, "type": "safe_tx", "device": "node-5-clean", "metadata": {}}
{"timestamp": 1779119313, "type": "safe_tx", "device": "node-1-clean", "metadata": {}}
{"timestamp": 1779119313, "type": "safe_tx", "device": "node-4-clean", "metadata": {}}
{"timestamp": 1779119313, "type": "safe_tx", "device": "node-15-mixed", "metadata": {}}
{"timestamp": 1779119313, "type": "safe_tx", "device": "node-12-mixed", "metadata": {}}
{"timestamp": 1779119313, "type": "safe_tx", "device": "node-10-fuzzer", "metadata": {}}
{"timestamp": 1779119313, "type": "safe_tx", "device": "node-2-clean", "metadata": {}}
{"timestamp": 1779119313, "type": "safe_tx", "device": "node-9-stealth", "metadata": {}}
{"timestamp": 1779119313, "type": "overflow", "device": "node-6-overflow", "metadata": {"count": 3, "window_sec": 30}}
{"timestamp": 1779119313, "type": "safe_tx", "device": "node-14-mixed", "metadata": {}}
{"timestamp": 1779119314, "type": "safe_tx", "device": "node-8-spammer", "metadata": {}}
{"timestamp": 1779119314, "type": "safe_tx", "device": "node-8-spammer", "metadata": {}}
{"timestamp": 1779119314, "type": "safe_tx", "device": "node-8-spammer", "metadata": {}}
{"timestamp": 1779119314, "type": "safe_tx", "device": "node-13-mixed", "metadata": {}}
{"timestamp": 1779119314, "type": "safe_tx", "device": "node-1-clean", "metadata": {}}
{"timestamp": 1779119314, "type": "safe_tx", "device": "node-2-clean", "metadata": {}}
{"timestamp": 1779119314, "type": "safe_tx", "device": "node-9-stealth", "metadata": {}}
{"timestamp": 1779119315, "type": "safe_tx", "device": "node-8-spammer", "metadata": {}}
{"timestamp": 1779119315, "type": "fuzzing", "device": "node-10-fuzzer", "metadata": {}}
{"timestamp": 1779119315, "type": "safe_tx", "device": "node-8-spammer", "metadata": {}}
{"timestamp": 1779119315, "type": "safe_tx", "device": "node-1-clean", "metadata": {}}
{"timestamp": 1779119315, "type": "safe_tx", "device": "node-5-clean", "metadata": {}}
{"timestamp": 1779119315, "type": "safe_tx", "device": "node-12-mixed", "metadata": {}}
{"timestamp": 1779119315, "type": "safe_tx", "device": "node-3-clean", "metadata": {}}
{"timestamp": 1779119315, "type": "fuzzing", "device": "node-10-fuzzer", "metadata": {}}
{"timestamp": 1779119315, "type": "safe_tx", "device": "node-3-clean", "metadata": {}}
{"timestamp": 1779119316, "type": "safe_tx", "device": "node-13-mixed", "metadata": {}}
{"timestamp": 1779119316, "type": "safe_tx", "device": "node-4-clean", "metadata": {}}
{"timestamp": 1779119316, "type": "safe_tx", "device": "node-2-clean", "metadata": {}}
{"timestamp": 1779119316, "type": "safe_tx", "device": "node-8-spammer", "metadata": {}}
{"timestamp": 1779119316, "type": "safe_tx", "device": "node-8-spammer", "metadata": {}}
{"timestamp": 1779119316, "type": "safe_tx", "device": "node-8-spammer", "metadata": {}}
{"timestamp": 1779119316, "type": "safe_tx", "device": "node-8-spammer", "metadata": {}}
{"timestamp": 1779119316, "type": "safe_tx", "device": "node-8-spammer", "metadata": {}}
{"timestamp": 1779119317, "type": "time_anomaly", "device": "node-7-timespoof", "metadata": {}}
{"timestamp": 1779119316, "type": "safe_tx", "device": "node-1-clean", "metadata": {}}
{"timestamp": 1779119316, "type": "safe_tx", "device": "node-9-stealth", "metadata": {}}
{"timestamp": 1779119317, "type": "time_anomaly", "device": "node-15-mixed", "metadata": {}}
{"timestamp": 1779119316, "type": "safe_tx", "device": "node-1-clean", "metadata": {}}
{"timestamp": 1779119317, "type": "safe_tx", "device": "node-8-spammer", "metadata": {}}
{"timestamp": 1779119317, "type": "fuzzing", "device": "node-10-fuzzer", "metadata": {}}
{"timestamp": 1779119317, "type": "safe_tx", "device": "node-8-spammer", "metadata": {}}
{"timestamp": 1779119317, "type": "safe_tx", "device": "node-8-spammer", "metadata": {}}
{"timestamp": 1779119317, "type": "safe_tx", "device": "node-8-spammer", "metadata": {}}
{"timestamp": 1779119317, "type": "safe_tx", "device": "node-8-spammer", "metadata": {}}
{"timestamp": 1779119317, "type": "safe_tx", "device": "node-8-spammer", "metadata": {}}
{"timestamp": 1779119317, "type": "safe_tx", "device": "node-8-spammer", "metadata": {}}
{"timestamp": 1779119318, "type": "safe_tx", "device": "node-3-clean", "metadata": {}}
{"timestamp": 1779119318, "type": "time_anomaly", "device": "node-14-mixed", "metadata": {}}
{"timestamp": 1779119318, "type": "safe_tx", "device": "node-1-clean", "metadata": {}}
{"timestamp": 1779119318, "type": "safe_tx", "device": "node-8-spammer", "metadata": {}}
{"timestamp": 1779119318, "type": "safe_tx", "device": "node-8-spammer", "metadata": {}}
{"timestamp": 1779119318, "type": "safe_tx", "device": "node-4-clean", "metadata": {}}
{"timestamp": 1779119319, "type": "safe_tx", "device": "node-12-mixed", "metadata": {}}
{"timestamp": 1779119319, "type": "safe_tx", "device": "node-13-mixed", "metadata": {}}
{"timestamp": 1779119319, "type": "safe_tx", "device": "node-5-clean", "metadata": {}}
{"timestamp": 1779119319, "type": "safe_tx", "device": "node-4-clean", "metadata": {}}
{"timestamp": 1779119319, "type": "safe_tx", "device": "node-2-clean", "metadata": {}}
{"timestamp": 1779119319, "type": "safe_tx", "device": "node-9-stealth", "metadata": {}}
{"timestamp": 1779119319, "type": "safe_tx", "device": "node-3-clean", "metadata": {}}
{"timestamp": 1779119319, "type": "overflow", "device": "node-14-mixed", "metadata": {"count": 3, "window_sec": 30}}
{"timestamp": 1779119320, "type": "safe_tx", "device": "node-5-clean", "metadata": {}}
{"timestamp": 1779119320, "type": "safe_tx", "device": "node-15-mixed", "metadata": {}}
{"timestamp": 1779119320, "type": "safe_tx", "device": "node-9-stealth", "metadata": {}}
{"timestamp": 1779119321, "type": "time_anomaly", "device": "node-15-mixed", "metadata": {}}
{"timestamp": 1779119321, "type": "safe_tx", "device": "node-2-clean", "metadata": {}}
{"timestamp": 1779119321, "type": "safe_tx", "device": "node-11-pulsing", "metadata": {}}
{"timestamp": 1779119321, "type": "safe_tx", "device": "node-12-mixed", "metadata": {}}
{"timestamp": 1779119321, "type": "safe_tx", "device": "node-11-pulsing", "metadata": {}}
{"timestamp": 1779119321, "type": "safe_tx", "device": "node-5-clean", "metadata": {}}
{"timestamp": 1779119321, "type": "safe_tx", "device": "node-3-clean", "metadata": {}}
{"timestamp": 1779119321, "type": "safe_tx", "device": "node-11-pulsing", "metadata": {}}
{"timestamp": 1779119322, "type": "safe_tx", "device": "node-11-pulsing", "metadata": {}}
{"timestamp": 1779119322, "type": "safe_tx", "device": "node-11-pulsing", "metadata": {}}
{"timestamp": 1779119322, "type": "safe_tx", "device": "node-1-clean", "metadata": {}}
{"timestamp": 1779119322, "type": "safe_tx", "device": "node-11-pulsing", "metadata": {}}
{"timestamp": 1779119322, "type": "safe_tx", "device": "node-11-pulsing", "metadata": {}}
{"timestamp": 1779119322, "type": "safe_tx", "device": "node-11-pulsing", "metadata": {}}
{"timestamp": 1779119322, "type": "safe_tx", "device": "node-4-clean", "metadata": {}}
{"timestamp": 1779119322, "type": "safe_tx", "device": "node-2-clean", "metadata": {}}
{"timestamp": 1779119322, "type": "safe_tx", "device": "node-11-pulsing", "metadata": {}}
{"timestamp": 1779119322, "type": "safe_tx", "device": "node-11-pulsing", "metadata": {}}
{"timestamp": 1779119323, "type": "time_anomaly", "device": "node-7-timespoof", "metadata": {}}
{"timestamp": 1779119322, "type": "safe_tx", "device": "node-11-pulsing", "metadata": {}}
{"timestamp": 1779119322, "type": "safe_tx", "device": "node-11-pulsing", "metadata": {}}
{"timestamp": 1779119322, "type": "safe_tx", "device": "node-11-pulsing", "metadata": {}}
{"timestamp": 1779119322, "type": "safe_tx", "device": "node-11-pulsing", "metadata": {}}
{"timestamp": 1779119322, "type": "safe_tx", "device": "node-1-clean", "metadata": {}}
{"timestamp": 1779119322, "type": "safe_tx", "device": "node-11-pulsing", "metadata": {}}
{"timestamp": 1779119322, "type": "dos_spam", "device": "node-11-pulsing", "metadata": {}}
{"timestamp": 1779119322, "type": "safe_tx", "device": "node-8-spammer", "metadata": {}}
{"timestamp": 1779119322, "type": "safe_tx", "device": "node-11-pulsing", "metadata": {}}
{"timestamp": 1779119322, "type": "safe_tx", "device": "node-8-spammer", "metadata": {}}
{"timestamp": 1779119322, "type": "safe_tx", "device": "node-11-pulsing", "metadata": {}}
{"timestamp": 1779119322, "type": "safe_tx", "device": "node-11-pulsing", "metadata": {}}
{"timestamp": 1779119322, "type": "safe_tx", "device": "node-11-pulsing", "metadata": {}}
{"timestamp": 1779119322, "type": "safe_tx", "device": "node-9-stealth", "metadata": {}}
{"timestamp": 1779119322, "type": "safe_tx", "device": "node-11-pulsing", "metadata": {}}
{"timestamp": 1779119323, "type": "safe_tx", "device": "node-10-fuzzer", "metadata": {}}
{"timestamp": 1779119323, "type": "overflow", "device": "node-6-overflow", "metadata": {"count": 3, "window_sec": 30}}
{"timestamp": 1779119323, "type": "safe_tx", "device": "node-14-mixed", "metadata": {}}
{"timestamp": 1779119323, "type": "safe_tx", "device": "node-8-spammer", "metadata": {}}
{"timestamp": 1779119324, "type": "time_anomaly", "device": "node-12-mixed", "metadata": {}}
{"timestamp": 1779119324, "type": "overflow", "device": "node-10-fuzzer", "metadata": {"count": 3, "window_sec": 30}}
{"timestamp": 1779119324, "type": "safe_tx", "device": "node-8-spammer", "metadata": {}}
{"timestamp": 1779119324, "type": "safe_tx", "device": "node-8-spammer", "metadata": {}}
{"timestamp": 1779119324, "type": "safe_tx", "device": "node-8-spammer", "metadata": {}}
{"timestamp": 1779119324, "type": "safe_tx", "device": "node-8-spammer", "metadata": {}}
{"timestamp": 1779119324, "type": "safe_tx", "device": "node-8-spammer", "metadata": {}}
{"timestamp": 1779119324, "type": "safe_tx", "device": "node-8-spammer", "metadata": {}}
{"timestamp": 1779119324, "type": "safe_tx", "device": "node-8-spammer", "metadata": {}}
{"timestamp": 1779119324, "type": "safe_tx", "device": "node-8-spammer", "metadata": {}}
{"timestamp": 1779119324, "type": "safe_tx", "device": "node-8-spammer", "metadata": {}}
{"timestamp": 1779119324, "type": "safe_tx", "device": "node-8-spammer", "metadata": {}}
{"timestamp": 1779119324, "type": "safe_tx", "device": "node-2-clean", "metadata": {}}
{"timestamp": 1779119324, "type": "safe_tx", "device": "node-8-spammer", "metadata": {}}
{"timestamp": 1779119324, "type": "safe_tx", "device": "node-8-spammer", "metadata": {}}
{"timestamp": 1779119324, "type": "dos_spam", "device": "node-8-spammer", "metadata": {}}
{"timestamp": 1779119324, "type": "safe_tx", "device": "node-8-spammer", "metadata": {}}
{"timestamp": 1779119324, "type": "safe_tx", "device": "node-8-spammer", "metadata": {}}
{"timestamp": 1779119324, "type": "safe_tx", "device": "node-8-spammer", "metadata": {}}
{"timestamp": 1779119324, "type": "safe_tx", "device": "node-8-spammer", "metadata": {}}
{"timestamp": 1779119324, "type": "safe_tx", "device": "node-8-spammer", "metadata": {}}
{"timestamp": 1779119324, "type": "safe_tx", "device": "node-8-spammer", "metadata": {}}
{"timestamp": 1779119324, "type": "safe_tx", "device": "node-8-spammer", "metadata": {}}
{"timestamp": 1779119325, "type": "time_anomaly", "device": "node-15-mixed", "metadata": {}}
{"timestamp": 1779119325, "type": "safe_tx", "device": "node-13-mixed", "metadata": {}}
{"timestamp": 1779119325, "type": "safe_tx", "device": "node-2-clean", "metadata": {}}
{"timestamp": 1779119325, "type": "safe_tx", "device": "node-5-clean", "metadata": {}}
{"timestamp": 1779119325, "type": "safe_tx", "device": "node-8-spammer", "metadata": {}}
{"timestamp": 1779119325, "type": "safe_tx", "device": "node-8-spammer", "metadata": {}}
{"timestamp": 1779119326, "type": "time_anomaly", "device": "node-12-mixed", "metadata": {}}
{"timestamp": 1779119325, "type": "safe_tx", "device": "node-10-fuzzer", "metadata": {}}
{"timestamp": 1779119325, "type": "safe_tx", "device": "node-4-clean", "metadata": {}}
{"timestamp": 1779119325, "type": "safe_tx", "device": "node-3-clean", "metadata": {}}
{"timestamp": 1779119326, "type": "time_anomaly", "device": "node-14-mixed", "metadata": {}}
{"timestamp": 1779119326, "type": "safe_tx", "device": "node-1-clean", "metadata": {}}
{"timestamp": 1779119326, "type": "safe_tx", "device": "node-14-mixed", "metadata": {}}
{"timestamp": 1779119326, "type": "safe_tx", "device": "node-8-spammer", "metadata": {}}
{"timestamp": 1779119326, "type": "safe_tx", "device": "node-8-spammer", "metadata": {}}
{"timestamp": 1779119326, "type": "safe_tx", "device": "node-8-spammer", "metadata": {}}
{"timestamp": 1779119327, "type": "safe_tx", "device": "node-8-spammer", "metadata": {}}
{"timestamp": 1779119327, "type": "time_anomaly", "device": "node-7-timespoof", "metadata": {}}
{"timestamp": 1779119327, "type": "safe_tx", "device": "node-8-spammer", "metadata": {}}
{"timestamp": 1779119327, "type": "safe_tx", "device": "node-8-spammer", "metadata": {}}
{"timestamp": 1779119327, "type": "dos_spam", "device": "node-8-spammer", "metadata": {"count": 30, "window_sec": 5}}
{"timestamp": 1779119327, "type": "safe_tx", "device": "node-8-spammer", "metadata": {}}
{"timestamp": 1779119327, "type": "safe_tx", "device": "node-8-spammer", "metadata": {}}
{"timestamp": 1779119327, "type": "safe_tx", "device": "node-8-spammer", "metadata": {}}
{"timestamp": 1779119327, "type": "safe_tx", "device": "node-3-clean", "metadata": {}}
{"timestamp": 1779119327, "type": "fuzzing", "device": "node-10-fuzzer", "metadata": {}}
{"timestamp": 1779119327, "type": "safe_tx", "device": "node-15-mixed", "metadata": {}}
{"timestamp": 1779119327, "type": "safe_tx", "device": "node-9-stealth", "metadata": {}}
{"timestamp": 1779119327, "type": "safe_tx", "device": "node-5-clean", "metadata": {}}
{"timestamp": 1779119327, "type": "safe_tx", "device": "node-4-clean", "metadata": {}}
{"timestamp": 1779119328, "type": "safe_tx", "device": "node-13-mixed", "metadata": {}}
{"timestamp": 1779119328, "type": "safe_tx", "device": "node-13-mixed", "metadata": {}}
{"timestamp": 1779119328, "type": "safe_tx", "device": "node-2-clean", "metadata": {}}
{"timestamp": 1779119328, "type": "fuzzing", "device": "node-10-fuzzer", "metadata": {}}
{"timestamp": 1779119328, "type": "safe_tx", "device": "node-9-stealth", "metadata": {}}
{"timestamp": 1779119329, "type": "safe_tx", "device": "node-8-spammer", "metadata": {}}
{"timestamp": 1779119329, "type": "safe_tx", "device": "node-8-spammer", "metadata": {}}
{"timestamp": 1779119329, "type": "safe_tx", "device": "node-8-spammer", "metadata": {}}
{"timestamp": 1779119329, "type": "safe_tx", "device": "node-8-spammer", "metadata": {}}
{"timestamp": 1779119329, "type": "safe_tx", "device": "node-14-mixed", "metadata": {}}
{"timestamp": 1779119329, "type": "safe_tx", "device": "node-8-spammer", "metadata": {}}
{"timestamp": 1779119329, "type": "safe_tx", "device": "node-12-mixed", "metadata": {}}
{"timestamp": 1779119329, "type": "safe_tx", "device": "node-8-spammer", "metadata": {}}
{"timestamp": 1779119329, "type": "safe_tx", "device": "node-1-clean", "metadata": {}}
{"timestamp": 1779119329, "type": "safe_tx", "device": "node-13-mixed", "metadata": {}}
{"timestamp": 1779119330, "type": "safe_tx", "device": "node-3-clean", "metadata": {}}
{"timestamp": 1779119330, "type": "safe_tx", "device": "node-1-clean", "metadata": {}}
{"timestamp": 1779119330, "type": "safe_tx", "device": "node-8-spammer", "metadata": {}}
{"timestamp": 1779119330, "type": "safe_tx", "device": "node-12-mixed", "metadata": {}}
{"timestamp": 1779119330, "type": "safe_tx", "device": "node-3-clean", "metadata": {}}
{"timestamp": 1779119330, "type": "safe_tx", "device": "node-2-clean", "metadata": {}}
{"timestamp": 1779119330, "type": "safe_tx", "device": "node-9-stealth", "metadata": {}}
{"timestamp": 1779119331, "type": "safe_tx", "device": "node-1-clean", "metadata": {}}
{"timestamp": 1779119331, "type": "safe_tx", "device": "node-15-mixed", "metadata": {}}
{"timestamp": 1779119331, "type": "safe_tx", "device": "node-4-clean", "metadata": {}}
{"timestamp": 1779119331, "type": "overflow", "device": "node-13-mixed", "metadata": {"count": 3, "window_sec": 30}}
{"timestamp": 1779119331, "type": "safe_tx", "device": "node-5-clean", "metadata": {}}
{"timestamp": 1779119331, "type": "safe_tx", "device": "node-8-spammer", "metadata": {}}
{"timestamp": 1779119331, "type": "safe_tx", "device": "node-8-spammer", "metadata": {}}
{"timestamp": 1779119331, "type": "safe_tx", "device": "node-8-spammer", "metadata": {}}
{"timestamp": 1779119331, "type": "safe_tx", "device": "node-8-spammer", "metadata": {}}
{"timestamp": 1779119331, "type": "safe_tx", "device": "node-8-spammer", "metadata": {}}
{"timestamp": 1779119331, "type": "safe_tx", "device": "node-8-spammer", "metadata": {}}
{"timestamp": 1779119331, "type": "safe_tx", "device": "node-8-spammer", "metadata": {}}
{"timestamp": 1779119331, "type": "safe_tx", "device": "node-8-spammer", "metadata": {}}
{"timestamp": 1779119331, "type": "dos_spam", "device": "node-8-spammer", "metadata": {}}
{"timestamp": 1779119331, "type": "safe_tx", "device": "node-14-mixed", "metadata": {}}
{"timestamp": 1779119331, "type": "fuzzing", "device": "node-10-fuzzer", "metadata": {}}
{"timestamp": 1779119332, "type": "safe_tx", "device": "node-3-clean", "metadata": {}}
{"timestamp": 1779119332, "type": "safe_tx", "device": "node-9-stealth", "metadata": {}}
{"timestamp": 1779119332, "type": "safe_tx", "device": "node-2-clean", "metadata": {}}
{"timestamp": 1779119333, "type": "time_anomaly", "device": "node-7-timespoof", "metadata": {}}
{"timestamp": 1779119332, "type": "safe_tx", "device": "node-8-spammer", "metadata": {}}
{"timestamp": 1779119332, "type": "safe_tx", "device": "node-8-spammer", "metadata": {}}
{"timestamp": 1779119332, "type": "safe_tx", "device": "node-8-spammer", "metadata": {}}
{"timestamp": 1779119332, "type": "safe_tx", "device": "node-8-spammer", "metadata": {}}
{"timestamp": 1779119333, "type": "safe_tx", "device": "node-3-clean", "metadata": {}}
{"timestamp": 1779119333, "type": "safe_tx", "device": "node-8-spammer", "metadata": {}}
{"timestamp": 1779119333, "type": "safe_tx", "device": "node-8-spammer", "metadata": {}}
{"timestamp": 1779119333, "type": "safe_tx", "device": "node-8-spammer", "metadata": {}}
{"timestamp": 1779119333, "type": "fuzzing", "device": "node-10-fuzzer", "metadata": {}}
{"timestamp": 1779119333, "type": "safe_tx", "device": "node-8-spammer", "metadata": {}}
{"timestamp": 1779119333, "type": "safe_tx", "device": "node-8-spammer", "metadata": {}}
{"timestamp": 1779119333, "type": "safe_tx", "device": "node-8-spammer", "metadata": {}}
{"timestamp": 1779119333, "type": "safe_tx", "device": "node-12-mixed", "metadata": {}}
{"timestamp": 1779119333, "type": "safe_tx", "device": "node-1-clean", "metadata": {}}
{"timestamp": 1779119333, "type": "safe_tx", "device": "node-9-stealth", "metadata": {}}
{"timestamp": 1779119334, "type": "safe_tx", "device": "node-13-mixed", "metadata": {}}
{"timestamp": 1779119334, "type": "safe_tx", "device": "node-8-spammer", "metadata": {}}
{"timestamp": 1779119334, "type": "safe_tx", "device": "node-8-spammer", "metadata": {}}
{"timestamp": 1779119334, "type": "safe_tx", "device": "node-8-spammer", "metadata": {}}
{"timestamp": 1779119334, "type": "safe_tx", "device": "node-8-spammer", "metadata": {}}
{"timestamp": 1779119334, "type": "safe_tx", "device": "node-8-spammer", "metadata": {}}
{"timestamp": 1779119334, "type": "dos_spam", "device": "node-8-spammer", "metadata": {"count": 30, "window_sec": 5}}
{"timestamp": 1779119334, "type": "dos_spam", "device": "node-8-spammer", "metadata": {}}
{"timestamp": 1779119334, "type": "safe_tx", "device": "node-8-spammer", "metadata": {}}
{"timestamp": 1779119334, "type": "safe_tx", "device": "node-8-spammer", "metadata": {}}
{"timestamp": 1779119334, "type": "safe_tx", "device": "node-8-spammer", "metadata": {}}
{"timestamp": 1779119334, "type": "safe_tx", "device": "node-8-spammer", "metadata": {}}
{"timestamp": 1779119334, "type": "safe_tx", "device": "node-8-spammer", "metadata": {}}
{"timestamp": 1779119334, "type": "safe_tx", "device": "node-8-spammer", "metadata": {}}
{"timestamp": 1779119334, "type": "safe_tx", "device": "node-2-clean", "metadata": {}}
{"timestamp": 1779119335, "type": "safe_tx", "device": "node-5-clean", "metadata": {}}
{"timestamp": 1779119335, "type": "fuzzing", "device": "node-10-fuzzer", "metadata": {}}
{"timestamp": 1779119335, "type": "safe_tx", "device": "node-4-clean", "metadata": {}}
{"timestamp": 1779119335, "type": "safe_tx", "device": "node-8-spammer", "metadata": {}}
{"timestamp": 1779119335, "type": "safe_tx", "device": "node-8-spammer", "metadata": {}}
{"timestamp": 1779119335, "type": "safe_tx", "device": "node-8-spammer", "metadata": {}}
{"timestamp": 1779119335, "type": "safe_tx", "device": "node-8-spammer", "metadata": {}}
{"timestamp": 1779119335, "type": "safe_tx", "device": "node-8-spammer", "metadata": {}}
{"timestamp": 1779119335, "type": "safe_tx", "device": "node-14-mixed", "metadata": {}}
{"timestamp": 1779119335, "type": "safe_tx", "device": "node-8-spammer", "metadata": {}}
{"timestamp": 1779119335, "type": "safe_tx", "device": "node-8-spammer", "metadata": {}}
{"timestamp": 1779119335, "type": "safe_tx", "device": "node-8-spammer", "metadata": {}}
{"timestamp": 1779119335, "type": "safe_tx", "device": "node-2-clean", "metadata": {}}
{"timestamp": 1779119335, "type": "safe_tx", "device": "node-1-clean", "metadata": {}}
{"timestamp": 1779119336, "type": "fuzzing", "device": "node-10-fuzzer", "metadata": {}}
{"timestamp": 1779119336, "type": "safe_tx", "device": "node-9-stealth", "metadata": {}}
{"timestamp": 1779119336, "type": "time_anomaly", "device": "node-7-timespoof", "metadata": {}}
{"timestamp": 1779119336, "type": "safe_tx", "device": "node-12-mixed", "metadata": {}}
{"timestamp": 1779119336, "type": "safe_tx", "device": "node-14-mixed", "metadata": {}}
{"timestamp": 1779119336, "type": "safe_tx", "device": "node-5-clean", "metadata": {}}
{"timestamp": 1779119336, "type": "safe_tx", "device": "node-3-clean", "metadata": {}}
{"timestamp": 1779119337, "type": "safe_tx", "device": "node-3-clean", "metadata": {}}
{"timestamp": 1779119337, "type": "safe_tx", "device": "node-4-clean", "metadata": {}}
{"timestamp": 1779119337, "type": "safe_tx", "device": "node-12-mixed", "metadata": {}}
{"timestamp": 1779119337, "type": "safe_tx", "device": "node-8-spammer", "metadata": {}}
{"timestamp": 1779119337, "type": "overflow", "device": "node-6-overflow", "metadata": {"count": 3, "window_sec": 30}}
{"timestamp": 1779119337, "type": "overflow", "device": "node-15-mixed", "metadata": {"count": 3, "window_sec": 30}}
{"timestamp": 1779119337, "type": "safe_tx", "device": "node-3-clean", "metadata": {}}
{"timestamp": 1779119337, "type": "safe_tx", "device": "node-14-mixed", "metadata": {}}
{"timestamp": 1779119338, "type": "safe_tx", "device": "node-13-mixed", "metadata": {}}
{"timestamp": 1779119338, "type": "safe_tx", "device": "node-2-clean", "metadata": {}}
{"timestamp": 1779119338, "type": "overflow", "device": "node-9-stealth", "metadata": {"count": 3, "window_sec": 30}}
{"timestamp": 1779119338, "type": "safe_tx", "device": "node-8-spammer", "metadata": {}}
{"timestamp": 1779119338, "type": "safe_tx", "device": "node-8-spammer", "metadata": {}}
{"timestamp": 1779119338, "type": "safe_tx", "device": "node-8-spammer", "metadata": {}}
{"timestamp": 1779119338, "type": "safe_tx", "device": "node-2-clean", "metadata": {}}
{"timestamp": 1779119338, "type": "safe_tx", "device": "node-14-mixed", "metadata": {}}
{"timestamp": 1779119339, "type": "safe_tx", "device": "node-1-clean", "metadata": {}}
{"timestamp": 1779119339, "type": "time_anomaly", "device": "node-7-timespoof", "metadata": {}}
{"timestamp": 1779119339, "type": "safe_tx", "device": "node-15-mixed", "metadata": {}}
{"timestamp": 1779119339, "type": "safe_tx", "device": "node-8-spammer", "metadata": {}}
{"timestamp": 1779119339, "type": "safe_tx", "device": "node-8-spammer", "metadata": {}}
{"timestamp": 1779119339, "type": "safe_tx", "device": "node-8-spammer", "metadata": {}}
{"timestamp": 1779119339, "type": "safe_tx", "device": "node-8-spammer", "metadata": {}}
{"timestamp": 1779119339, "type": "safe_tx", "device": "node-8-spammer", "metadata": {}}
{"timestamp": 1779119339, "type": "safe_tx", "device": "node-8-spammer", "metadata": {}}
{"timestamp": 1779119339, "type": "safe_tx", "device": "node-4-clean", "metadata": {}}
{"timestamp": 1779119339, "type": "safe_tx", "device": "node-13-mixed", "metadata": {}}
{"timestamp": 1779119339, "type": "safe_tx", "device": "node-8-spammer", "metadata": {}}
{"timestamp": 1779119339, "type": "safe_tx", "device": "node-8-spammer", "metadata": {}}
{"timestamp": 1779119339, "type": "safe_tx", "device": "node-8-spammer", "metadata": {}}
{"timestamp": 1779119339, "type": "safe_tx", "device": "node-8-spammer", "metadata": {}}
{"timestamp": 1779119339, "type": "safe_tx", "device": "node-8-spammer", "metadata": {}}
{"timestamp": 1779119339, "type": "dos_spam", "device": "node-8-spammer", "metadata": {}}
{"timestamp": 1779119339, "type": "fuzzing", "device": "node-10-fuzzer", "metadata": {}}
{"timestamp": 1779119339, "type": "safe_tx", "device": "node-8-spammer", "metadata": {}}
{"timestamp": 1779119339, "type": "dos_spam", "device": "node-8-spammer", "metadata": {"count": 30, "window_sec": 5}}
{"timestamp": 1779119339, "type": "safe_tx", "device": "node-8-spammer", "metadata": {}}
{"timestamp": 1779119339, "type": "safe_tx", "device": "node-8-spammer", "metadata": {}}
{"timestamp": 1779119339, "type": "safe_tx", "device": "node-8-spammer", "metadata": {}}
{"timestamp": 1779119339, "type": "safe_tx", "device": "node-8-spammer", "metadata": {}}
{"timestamp": 1779119339, "type": "safe_tx", "device": "node-8-spammer", "metadata": {}}
{"timestamp": 1779119339, "type": "safe_tx", "device": "node-8-spammer", "metadata": {}}
{"timestamp": 1779119339, "type": "safe_tx", "device": "node-5-clean", "metadata": {}}
{"timestamp": 1779119339, "type": "safe_tx", "device": "node-8-spammer", "metadata": {}}
{"timestamp": 1779119339, "type": "safe_tx", "device": "node-8-spammer", "metadata": {}}
{"timestamp": 1779119340, "type": "safe_tx", "device": "node-8-spammer", "metadata": {}}
{"timestamp": 1779119340, "type": "safe_tx", "device": "node-8-spammer", "metadata": {}}
{"timestamp": 1779119340, "type": "safe_tx", "device": "node-8-spammer", "metadata": {}}
{"timestamp": 1779119340, "type": "safe_tx", "device": "node-8-spammer", "metadata": {}}
{"timestamp": 1779119340, "type": "safe_tx", "device": "node-8-spammer", "metadata": {}}
{"timestamp": 1779119340, "type": "safe_tx", "device": "node-8-spammer", "metadata": {}}
{"timestamp": 1779119340, "type": "dos_spam", "device": "node-8-spammer", "metadata": {}}
{"timestamp": 1779119340, "type": "safe_tx", "device": "node-8-spammer", "metadata": {}}
{"timestamp": 1779119340, "type": "safe_tx", "device": "node-8-spammer", "metadata": {}}
{"timestamp": 1779119340, "type": "safe_tx", "device": "node-8-spammer", "metadata": {}}
{"timestamp": 1779119340, "type": "safe_tx", "device": "node-8-spammer", "metadata": {}}
{"timestamp": 1779119340, "type": "safe_tx", "device": "node-2-clean", "metadata": {}}
{"timestamp": 1779119340, "type": "safe_tx", "device": "node-9-stealth", "metadata": {}}
{"timestamp": 1779119341, "type": "safe_tx", "device": "node-8-spammer", "metadata": {}}
{"timestamp": 1779119341, "type": "safe_tx", "device": "node-8-spammer", "metadata": {}}
{"timestamp": 1779119341, "type": "safe_tx", "device": "node-1-clean", "metadata": {}}
{"timestamp": 1779119341, "type": "overflow", "device": "node-13-mixed", "metadata": {"count": 3, "window_sec": 30}}
{"timestamp": 1779119341, "type": "safe_tx", "device": "node-8-spammer", "metadata": {}}
{"timestamp": 1779119341, "type": "safe_tx", "device": "node-8-spammer", "metadata": {}}
{"timestamp": 1779119341, "type": "safe_tx", "device": "node-8-spammer", "metadata": {}}
{"timestamp": 1779119341, "type": "safe_tx", "device": "node-8-spammer", "metadata": {}}
{"timestamp": 1779119341, "type": "safe_tx", "device": "node-8-spammer", "metadata": {}}
{"timestamp": 1779119341, "type": "safe_tx", "device": "node-12-mixed", "metadata": {}}
{"timestamp": 1779119341, "type": "safe_tx", "device": "node-8-spammer", "metadata": {}}
{"timestamp": 1779119342, "type": "time_anomaly", "device": "node-15-mixed", "metadata": {}}
{"timestamp": 1779119341, "type": "safe_tx", "device": "node-3-clean", "metadata": {}}
{"timestamp": 1779119341, "type": "safe_tx", "device": "node-9-stealth", "metadata": {}}
{"timestamp": 1779119341, "type": "safe_tx", "device": "node-3-clean", "metadata": {}}
{"timestamp": 1779119341, "type": "safe_tx", "device": "node-8-spammer", "metadata": {}}
{"timestamp": 1779119342, "type": "safe_tx", "device": "node-8-spammer", "metadata": {}}
{"timestamp": 1779119342, "type": "safe_tx", "device": "node-8-spammer", "metadata": {}}
{"timestamp": 1779119342, "type": "dos_spam", "device": "node-8-spammer", "metadata": {}}
{"timestamp": 1779119342, "type": "safe_tx", "device": "node-8-spammer", "metadata": {}}
{"timestamp": 1779119342, "type": "dos_spam", "device": "node-8-spammer", "metadata": {"count": 30, "window_sec": 5}}
{"timestamp": 1779119342, "type": "safe_tx", "device": "node-8-spammer", "metadata": {}}
{"timestamp": 1779119342, "type": "safe_tx", "device": "node-8-spammer", "metadata": {}}
{"timestamp": 1779119342, "type": "safe_tx", "device": "node-10-fuzzer", "metadata": {}}
{"timestamp": 1779119342, "type": "safe_tx", "device": "node-5-clean", "metadata": {}}
{"timestamp": 1779119342, "type": "safe_tx", "device": "node-13-mixed", "metadata": {}}
{"timestamp": 1779119342, "type": "safe_tx", "device": "node-13-mixed", "metadata": {}}
{"timestamp": 1779119343, "type": "safe_tx", "device": "node-12-mixed", "metadata": {}}
{"timestamp": 1779119343, "type": "safe_tx", "device": "node-2-clean", "metadata": {}}
{"timestamp": 1779119343, "type": "fuzzing", "device": "node-10-fuzzer", "metadata": {}}
{"timestamp": 1779119343, "type": "safe_tx", "device": "node-9-stealth", "metadata": {}}
{"timestamp": 1779119343, "type": "safe_tx", "device": "node-15-mixed", "metadata": {}}
{"timestamp": 1779119343, "type": "safe_tx", "device": "node-8-spammer", "metadata": {}}
{"timestamp": 1779119343, "type": "safe_tx", "device": "node-8-spammer", "metadata": {}}
{"timestamp": 1779119343, "type": "safe_tx", "device": "node-8-spammer", "metadata": {}}
{"timestamp": 1779119343, "type": "safe_tx", "device": "node-8-spammer", "metadata": {}}
{"timestamp": 1779119343, "type": "safe_tx", "device": "node-8-spammer", "metadata": {}}
{"timestamp": 1779119343, "type": "safe_tx", "device": "node-8-spammer", "metadata": {}}
{"timestamp": 1779119343, "type": "safe_tx", "device": "node-8-spammer", "metadata": {}}
{"timestamp": 1779119343, "type": "safe_tx", "device": "node-8-spammer", "metadata": {}}
{"timestamp": 1779119343, "type": "safe_tx", "device": "node-4-clean", "metadata": {}}
{"timestamp": 1779119344, "type": "safe_tx", "device": "node-3-clean", "metadata": {}}
{"timestamp": 1779119344, "type": "safe_tx", "device": "node-10-fuzzer", "metadata": {}}
{"timestamp": 1779119345, "type": "time_anomaly", "device": "node-7-timespoof", "metadata": {}}
{"timestamp": 1779119344, "type": "safe_tx", "device": "node-5-clean", "metadata": {}}
{"timestamp": 1779119344, "type": "safe_tx", "device": "node-1-clean", "metadata": {}}
{"timestamp": 1779119344, "type": "safe_tx", "device": "node-2-clean", "metadata": {}}
{"timestamp": 1779119344, "type": "safe_tx", "device": "node-1-clean", "metadata": {}}
{"timestamp": 1779119345, "type": "safe_tx", "device": "node-8-spammer", "metadata": {}}
{"timestamp": 1779119345, "type": "safe_tx", "device": "node-8-spammer", "metadata": {}}
{"timestamp": 1779119345, "type": "safe_tx", "device": "node-8-spammer", "metadata": {}}
{"timestamp": 1779119345, "type": "safe_tx", "device": "node-8-spammer", "metadata": {}}
{"timestamp": 1779119345, "type": "safe_tx", "device": "node-8-spammer", "metadata": {}}
{"timestamp": 1779119345, "type": "safe_tx", "device": "node-8-spammer", "metadata": {}}
{"timestamp": 1779119345, "type": "safe_tx", "device": "node-8-spammer", "metadata": {}}
{"timestamp": 1779119345, "type": "dos_spam", "device": "node-8-spammer", "metadata": {}}
{"timestamp": 1779119345, "type": "safe_tx", "device": "node-8-spammer", "metadata": {}}
{"timestamp": 1779119345, "type": "safe_tx", "device": "node-8-spammer", "metadata": {}}
{"timestamp": 1779119345, "type": "safe_tx", "device": "node-14-mixed", "metadata": {}}
{"timestamp": 1779119345, "type": "safe_tx", "device": "node-8-spammer", "metadata": {}}
{"timestamp": 1779119345, "type": "safe_tx", "device": "node-8-spammer", "metadata": {}}
{"timestamp": 1779119345, "type": "safe_tx", "device": "node-8-spammer", "metadata": {}}
{"timestamp": 1779119345, "type": "safe_tx", "device": "node-8-spammer", "metadata": {}}
{"timestamp": 1779119345, "type": "safe_tx", "device": "node-4-clean", "metadata": {}}
{"timestamp": 1779119345, "type": "safe_tx", "device": "node-8-spammer", "metadata": {}}
{"timestamp": 1779119345, "type": "safe_tx", "device": "node-10-fuzzer", "metadata": {}}
{"timestamp": 1779119345, "type": "safe_tx", "device": "node-8-spammer", "metadata": {}}
{"timestamp": 1779119346, "type": "safe_tx", "device": "node-9-stealth", "metadata": {}}
{"timestamp": 1779119346, "type": "safe_tx", "device": "node-2-clean", "metadata": {}}
{"timestamp": 1779119346, "type": "safe_tx", "device": "node-3-clean", "metadata": {}}
{"timestamp": 1779119346, "type": "fuzzing", "device": "node-10-fuzzer", "metadata": {}}
{"timestamp": 1779119346, "type": "safe_tx", "device": "node-5-clean", "metadata": {}}
{"timestamp": 1779119346, "type": "safe_tx", "device": "node-8-spammer", "metadata": {}}
{"timestamp": 1779119346, "type": "safe_tx", "device": "node-1-clean", "metadata": {}}
{"timestamp": 1779119347, "type": "safe_tx", "device": "node-12-mixed", "metadata": {}}
{"timestamp": 1779119347, "type": "time_anomaly", "device": "node-7-timespoof", "metadata": {}}
{"timestamp": 1779119347, "type": "safe_tx", "device": "node-10-fuzzer", "metadata": {}}
{"timestamp": 1779119347, "type": "time_anomaly", "device": "node-15-mixed", "metadata": {}}
{"timestamp": 1779119348, "type": "safe_tx", "device": "node-8-spammer", "metadata": {}}
{"timestamp": 1779119348, "type": "safe_tx", "device": "node-8-spammer", "metadata": {}}
{"timestamp": 1779119348, "type": "safe_tx", "device": "node-8-spammer", "metadata": {}}
{"timestamp": 1779119348, "type": "safe_tx", "device": "node-8-spammer", "metadata": {}}
{"timestamp": 1779119348, "type": "safe_tx", "device": "node-8-spammer", "metadata": {}}
{"timestamp": 1779119348, "type": "overflow", "device": "node-6-overflow", "metadata": {"count": 3, "window_sec": 30}}
{"timestamp": 1779119348, "type": "safe_tx", "device": "node-8-spammer", "metadata": {}}
{"timestamp": 1779119348, "type": "dos_spam", "device": "node-8-spammer", "metadata": {"count": 30, "window_sec": 5}}
{"timestamp": 1779119348, "type": "safe_tx", "device": "node-8-spammer", "metadata": {}}
{"timestamp": 1779119348, "type": "safe_tx", "device": "node-14-mixed", "metadata": {}}
{"timestamp": 1779119348, "type": "safe_tx", "device": "node-8-spammer", "metadata": {}}
{"timestamp": 1779119348, "type": "safe_tx", "device": "node-8-spammer", "metadata": {}}
{"timestamp": 1779119348, "type": "safe_tx", "device": "node-8-spammer", "metadata": {}}
{"timestamp": 1779119348, "type": "safe_tx", "device": "node-8-spammer", "metadata": {}}
{"timestamp": 1779119348, "type": "safe_tx", "device": "node-8-spammer", "metadata": {}}
{"timestamp": 1779119348, "type": "safe_tx", "device": "node-13-mixed", "metadata": {}}
{"timestamp": 1779119349, "type": "safe_tx", "device": "node-9-stealth", "metadata": {}}
{"timestamp": 1779119349, "type": "safe_tx", "device": "node-4-clean", "metadata": {}}
{"timestamp": 1779119349, "type": "safe_tx", "device": "node-10-fuzzer", "metadata": {}}
{"timestamp": 1779119349, "type": "safe_tx", "device": "node-2-clean", "metadata": {}}
{"timestamp": 1779119349, "type": "safe_tx", "device": "node-8-spammer", "metadata": {}}
{"timestamp": 1779119349, "type": "safe_tx", "device": "node-8-spammer", "metadata": {}}
{"timestamp": 1779119349, "type": "safe_tx", "device": "node-8-spammer", "metadata": {}}
{"timestamp": 1779119349, "type": "dos_spam", "device": "node-8-spammer", "metadata": {}}
{"timestamp": 1779119349, "type": "safe_tx", "device": "node-8-spammer", "metadata": {}}
{"timestamp": 1779119349, "type": "safe_tx", "device": "node-5-clean", "metadata": {}}
{"timestamp": 1779119349, "type": "safe_tx", "device": "node-8-spammer", "metadata": {}}
{"timestamp": 1779119349, "type": "safe_tx", "device": "node-8-spammer", "metadata": {}}
{"timestamp": 1779119349, "type": "safe_tx", "device": "node-9-stealth", "metadata": {}}
{"timestamp": 1779119349, "type": "safe_tx", "device": "node-8-spammer", "metadata": {}}
{"timestamp": 1779119350, "type": "safe_tx", "device": "node-1-clean", "metadata": {}}
{"timestamp": 1779119350, "type": "safe_tx", "device": "node-11-pulsing", "metadata": {}}
{"timestamp": 1779119350, "type": "safe_tx", "device": "node-11-pulsing", "metadata": {}}
{"timestamp": 1779119350, "type": "safe_tx", "device": "node-11-pulsing", "metadata": {}}
{"timestamp": 1779119350, "type": "safe_tx", "device": "node-11-pulsing", "metadata": {}}
{"timestamp": 1779119350, "type": "safe_tx", "device": "node-11-pulsing", "metadata": {}}
{"timestamp": 1779119351, "type": "time_anomaly", "device": "node-12-mixed", "metadata": {}}
{"timestamp": 1779119350, "type": "safe_tx", "device": "node-11-pulsing", "metadata": {}}
{"timestamp": 1779119350, "type": "safe_tx", "device": "node-11-pulsing", "metadata": {}}
{"timestamp": 1779119350, "type": "safe_tx", "device": "node-10-fuzzer", "metadata": {}}
{"timestamp": 1779119350, "type": "safe_tx", "device": "node-11-pulsing", "metadata": {}}
{"timestamp": 1779119350, "type": "safe_tx", "device": "node-11-pulsing", "metadata": {}}
{"timestamp": 1779119350, "type": "safe_tx", "device": "node-11-pulsing", "metadata": {}}
{"timestamp": 1779119350, "type": "safe_tx", "device": "node-3-clean", "metadata": {}}
{"timestamp": 1779119350, "type": "safe_tx", "device": "node-11-pulsing", "metadata": {}}
{"timestamp": 1779119350, "type": "safe_tx", "device": "node-11-pulsing", "metadata": {}}
{"timestamp": 1779119350, "type": "safe_tx", "device": "node-11-pulsing", "metadata": {}}
{"timestamp": 1779119350, "type": "safe_tx", "device": "node-8-spammer", "metadata": {}}
{"timestamp": 1779119350, "type": "safe_tx", "device": "node-11-pulsing", "metadata": {}}
{"timestamp": 1779119350, "type": "safe_tx", "device": "node-8-spammer", "metadata": {}}
{"timestamp": 1779119351, "type": "safe_tx", "device": "node-11-pulsing", "metadata": {}}
{"timestamp": 1779119351, "type": "dos_spam", "device": "node-11-pulsing", "metadata": {}}
{"timestamp": 1779119351, "type": "safe_tx", "device": "node-11-pulsing", "metadata": {}}
{"timestamp": 1779119351, "type": "safe_tx", "device": "node-11-pulsing", "metadata": {}}
{"timestamp": 1779119351, "type": "safe_tx", "device": "node-5-clean", "metadata": {}}
{"timestamp": 1779119351, "type": "safe_tx", "device": "node-11-pulsing", "metadata": {}}
{"timestamp": 1779119351, "type": "safe_tx", "device": "node-11-pulsing", "metadata": {}}
{"timestamp": 1779119351, "type": "safe_tx", "device": "node-11-pulsing", "metadata": {}}
{"timestamp": 1779119351, "type": "safe_tx", "device": "node-4-clean", "metadata": {}}
{"timestamp": 1779119351, "type": "safe_tx", "device": "node-15-mixed", "metadata": {}}
{"timestamp": 1779119352, "type": "time_anomaly", "device": "node-7-timespoof", "metadata": {}}
{"timestamp": 1779119351, "type": "safe_tx", "device": "node-3-clean", "metadata": {}}
{"timestamp": 1779119352, "type": "safe_tx", "device": "node-14-mixed", "metadata": {}}
{"timestamp": 1779119352, "type": "safe_tx", "device": "node-1-clean", "metadata": {}}
{"timestamp": 1779119352, "type": "safe_tx", "device": "node-8-spammer", "metadata": {}}
{"timestamp": 1779119352, "type": "safe_tx", "device": "node-8-spammer", "metadata": {}}
{"timestamp": 1779119353, "type": "time_anomaly", "device": "node-13-mixed", "metadata": {}}
{"timestamp": 1779119352, "type": "safe_tx", "device": "node-12-mixed", "metadata": {}}
{"timestamp": 1779119353, "type": "fuzzing", "device": "node-10-fuzzer", "metadata": {}}
{"timestamp": 1779119353, "type": "safe_tx", "device": "node-4-clean", "metadata": {}}
{"timestamp": 1779119353, "type": "safe_tx", "device": "node-1-clean", "metadata": {}}
{"timestamp": 1779119353, "type": "fuzzing", "device": "node-10-fuzzer", "metadata": {}}
{"timestamp": 1779119354, "type": "time_anomaly", "device": "node-7-timespoof", "metadata": {}}
{"timestamp": 1779119353, "type": "safe_tx", "device": "node-2-clean", "metadata": {}}
{"timestamp": 1779119354, "type": "safe_tx", "device": "node-5-clean", "metadata": {}}
{"timestamp": 1779119354, "type": "safe_tx", "device": "node-13-mixed", "metadata": {}}
{"timestamp": 1779119354, "type": "safe_tx", "device": "node-3-clean", "metadata": {}}
{"timestamp": 1779119354, "type": "safe_tx", "device": "node-3-clean", "metadata": {}}
{"timestamp": 1779119354, "type": "safe_tx", "device": "node-15-mixed", "metadata": {}}
{"timestamp": 1779119354, "type": "safe_tx", "device": "node-9-stealth", "metadata": {}}
{"timestamp": 1779119354, "type": "safe_tx", "device": "node-5-clean", "metadata": {}}
{"timestamp": 1779119355, "type": "safe_tx", "device": "node-8-spammer", "metadata": {}}
{"timestamp": 1779119355, "type": "safe_tx", "device": "node-5-clean", "metadata": {}}
{"timestamp": 1779119355, "type": "safe_tx", "device": "node-14-mixed", "metadata": {}}
{"timestamp": 1779119355, "type": "fuzzing", "device": "node-10-fuzzer", "metadata": {}}
{"timestamp": 1779119355, "type": "safe_tx", "device": "node-14-mixed", "metadata": {}}
{"timestamp": 1779119355, "type": "safe_tx", "device": "node-4-clean", "metadata": {}}
{"timestamp": 1779119356, "type": "safe_tx", "device": "node-6-overflow", "metadata": {}}
{"timestamp": 1779119356, "type": "safe_tx", "device": "node-8-spammer", "metadata": {}}
{"timestamp": 1779119356, "type": "safe_tx", "device": "node-8-spammer", "metadata": {}}
{"timestamp": 1779119356, "type": "safe_tx", "device": "node-8-spammer", "metadata": {}}
{"timestamp": 1779119356, "type": "safe_tx", "device": "node-8-spammer", "metadata": {}}
{"timestamp": 1779119356, "type": "safe_tx", "device": "node-8-spammer", "metadata": {}}
{"timestamp": 1779119356, "type": "safe_tx", "device": "node-8-spammer", "metadata": {}}
{"timestamp": 1779119356, "type": "safe_tx", "device": "node-8-spammer", "metadata": {}}
{"timestamp": 1779119356, "type": "overflow", "device": "node-13-mixed", "metadata": {"count": 3, "window_sec": 30}}
{"timestamp": 1779119356, "type": "safe_tx", "device": "node-8-spammer", "metadata": {}}
{"timestamp": 1779119356, "type": "safe_tx", "device": "node-12-mixed", "metadata": {}}
{"timestamp": 1779119356, "type": "safe_tx", "device": "node-4-clean", "metadata": {}}
{"timestamp": 1779119356, "type": "safe_tx", "device": "node-1-clean", "metadata": {}}
{"timestamp": 1779119357, "type": "safe_tx", "device": "node-10-fuzzer", "metadata": {}}
{"timestamp": 1779119357, "type": "safe_tx", "device": "node-8-spammer", "metadata": {}}
{"timestamp": 1779119357, "type": "safe_tx", "device": "node-8-spammer", "metadata": {}}
{"timestamp": 1779119357, "type": "overflow", "device": "node-9-stealth", "metadata": {"count": 3, "window_sec": 30}}
{"timestamp": 1779119357, "type": "safe_tx", "device": "node-8-spammer", "metadata": {}}
{"timestamp": 1779119357, "type": "safe_tx", "device": "node-2-clean", "metadata": {}}
{"timestamp": 1779119357, "type": "safe_tx", "device": "node-14-mixed", "metadata": {}}
{"timestamp": 1779119357, "type": "safe_tx", "device": "node-4-clean", "metadata": {}}
{"timestamp": 1779119357, "type": "safe_tx", "device": "node-13-mixed", "metadata": {}}
{"timestamp": 1779119357, "type": "safe_tx", "device": "node-2-clean", "metadata": {}}
{"timestamp": 1779119357, "type": "safe_tx", "device": "node-3-clean", "metadata": {}}
{"timestamp": 1779119358, "type": "time_anomaly", "device": "node-15-mixed", "metadata": {}}
{"timestamp": 1779119358, "type": "time_anomaly", "device": "node-7-timespoof", "metadata": {}}
{"timestamp": 1779119358, "type": "safe_tx", "device": "node-4-clean", "metadata": {}}
{"timestamp": 1779119358, "type": "safe_tx", "device": "node-8-spammer", "metadata": {}}
{"timestamp": 1779119358, "type": "safe_tx", "device": "node-8-spammer", "metadata": {}}
{"timestamp": 1779119358, "type": "safe_tx", "device": "node-8-spammer", "metadata": {}}
{"timestamp": 1779119358, "type": "safe_tx", "device": "node-8-spammer", "metadata": {}}
{"timestamp": 1779119358, "type": "dos_spam", "device": "node-8-spammer", "metadata": {}}
{"timestamp": 1779119358, "type": "safe_tx", "device": "node-8-spammer", "metadata": {}}
{"timestamp": 1779119358, "type": "safe_tx", "device": "node-5-clean", "metadata": {}}
{"timestamp": 1779119358, "type": "overflow", "device": "node-15-mixed", "metadata": {"count": 3, "window_sec": 30}}
{"timestamp": 1779119359, "type": "fuzzing", "device": "node-10-fuzzer", "metadata": {}}
{"timestamp": 1779119359, "type": "safe_tx", "device": "node-9-stealth", "metadata": {}}
{"timestamp": 1779119359, "type": "safe_tx", "device": "node-8-spammer", "metadata": {}}
{"timestamp": 1779119359, "type": "safe_tx", "device": "node-8-spammer", "metadata": {}}
{"timestamp": 1779119359, "type": "safe_tx", "device": "node-8-spammer", "metadata": {}}
{"timestamp": 1779119359, "type": "safe_tx", "device": "node-2-clean", "metadata": {}}
{"timestamp": 1779119360, "type": "time_anomaly", "device": "node-12-mixed", "metadata": {}}
{"timestamp": 1779119359, "type": "safe_tx", "device": "node-9-stealth", "metadata": {}}
{"timestamp": 1779119360, "type": "time_anomaly", "device": "node-13-mixed", "metadata": {}}
{"timestamp": 1779119359, "type": "safe_tx", "device": "node-12-mixed", "metadata": {}}
{"timestamp": 1779119359, "type": "safe_tx", "device": "node-8-spammer", "metadata": {}}
{"timestamp": 1779119359, "type": "safe_tx", "device": "node-8-spammer", "metadata": {}}
{"timestamp": 1779119359, "type": "safe_tx", "device": "node-8-spammer", "metadata": {}}
{"timestamp": 1779119359, "type": "safe_tx", "device": "node-8-spammer", "metadata": {}}
{"timestamp": 1779119360, "type": "safe_tx", "device": "node-1-clean", "metadata": {}}
{"timestamp": 1779119360, "type": "fuzzing", "device": "node-10-fuzzer", "metadata": {}}
{"timestamp": 1779119360, "type": "safe_tx", "device": "node-3-clean", "metadata": {}}
{"timestamp": 1779119360, "type": "safe_tx", "device": "node-4-clean", "metadata": {}}
{"timestamp": 1779119360, "type": "overflow", "device": "node-6-overflow", "metadata": {"count": 3, "window_sec": 30}}
{"timestamp": 1779119360, "type": "safe_tx", "device": "node-8-spammer", "metadata": {}}
{"timestamp": 1779119360, "type": "safe_tx", "device": "node-8-spammer", "metadata": {}}
{"timestamp": 1779119360, "type": "safe_tx", "device": "node-8-spammer", "metadata": {}}
{"timestamp": 1779119360, "type": "safe_tx", "device": "node-8-spammer", "metadata": {}}
{"timestamp": 1779119361, "type": "safe_tx", "device": "node-8-spammer", "metadata": {}}
{"timestamp": 1779119361, "type": "safe_tx", "device": "node-8-spammer", "metadata": {}}
{"timestamp": 1779119361, "type": "safe_tx", "device": "node-8-spammer", "metadata": {}}
{"timestamp": 1779119361, "type": "dos_spam", "device": "node-8-spammer", "metadata": {"count": 30, "window_sec": 5}}
{"timestamp": 1779119361, "type": "safe_tx", "device": "node-2-clean", "metadata": {}}
{"timestamp": 1779119361, "type": "safe_tx", "device": "node-8-spammer", "metadata": {}}
{"timestamp": 1779119361, "type": "dos_spam", "device": "node-8-spammer", "metadata": {}}
{"timestamp": 1779119361, "type": "safe_tx", "device": "node-8-spammer", "metadata": {}}
{"timestamp": 1779119361, "type": "safe_tx", "device": "node-8-spammer", "metadata": {}}
{"timestamp": 1779119361, "type": "safe_tx", "device": "node-5-clean", "metadata": {}}
{"timestamp": 1779119361, "type": "safe_tx", "device": "node-4-clean", "metadata": {}}
{"timestamp": 1779119361, "type": "safe_tx", "device": "node-8-spammer", "metadata": {}}
{"timestamp": 1779119361, "type": "safe_tx", "device": "node-8-spammer", "metadata": {}}
{"timestamp": 1779119361, "type": "safe_tx", "device": "node-8-spammer", "metadata": {}}
{"timestamp": 1779119361, "type": "safe_tx", "device": "node-8-spammer", "metadata": {}}
{"timestamp": 1779119361, "type": "safe_tx", "device": "node-8-spammer", "metadata": {}}
{"timestamp": 1779119361, "type": "safe_tx", "device": "node-8-spammer", "metadata": {}}
{"timestamp": 1779119361, "type": "safe_tx", "device": "node-13-mixed", "metadata": {}}
{"timestamp": 1779119361, "type": "safe_tx", "device": "node-8-spammer", "metadata": {}}
{"timestamp": 1779119361, "type": "safe_tx", "device": "node-8-spammer", "metadata": {}}
{"timestamp": 1779119361, "type": "safe_tx", "device": "node-8-spammer", "metadata": {}}
{"timestamp": 1779119361, "type": "safe_tx", "device": "node-8-spammer", "metadata": {}}
{"timestamp": 1779119361, "type": "safe_tx", "device": "node-8-spammer", "metadata": {}}
{"timestamp": 1779119361, "type": "safe_tx", "device": "node-8-spammer", "metadata": {}}
{"timestamp": 1779119361, "type": "safe_tx", "device": "node-8-spammer", "metadata": {}}
{"timestamp": 1779119361, "type": "dos_spam", "device": "node-8-spammer", "metadata": {}}
{"timestamp": 1779119361, "type": "overflow", "device": "node-14-mixed", "metadata": {"count": 3, "window_sec": 30}}
{"timestamp": 1779119361, "type": "safe_tx", "device": "node-8-spammer", "metadata": {}}
{"timestamp": 1779119361, "type": "safe_tx", "device": "node-8-spammer", "metadata": {}}
{"timestamp": 1779119361, "type": "safe_tx", "device": "node-8-spammer", "metadata": {}}
{"timestamp": 1779119361, "type": "safe_tx", "device": "node-8-spammer", "metadata": {}}
{"timestamp": 1779119361, "type": "safe_tx", "device": "node-8-spammer", "metadata": {}}
{"timestamp": 1779119361, "type": "safe_tx", "device": "node-9-stealth", "metadata": {}}
{"timestamp": 1779119361, "type": "safe_tx", "device": "node-8-spammer", "metadata": {}}
{"timestamp": 1779119362, "type": "safe_tx", "device": "node-1-clean", "metadata": {}}
{"timestamp": 1779119362, "type": "safe_tx", "device": "node-15-mixed", "metadata": {}}
{"timestamp": 1779119362, "type": "safe_tx", "device": "node-3-clean", "metadata": {}}
{"timestamp": 1779119362, "type": "safe_tx", "device": "node-8-spammer", "metadata": {}}
{"timestamp": 1779119363, "type": "time_anomaly", "device": "node-7-timespoof", "metadata": {}}
{"timestamp": 1779119363, "type": "time_anomaly", "device": "node-13-mixed", "metadata": {}}
{"timestamp": 1779119363, "type": "safe_tx", "device": "node-1-clean", "metadata": {}}
{"timestamp": 1779119363, "type": "overflow", "device": "node-12-mixed", "metadata": {"count": 3, "window_sec": 30}}
{"timestamp": 1779119363, "type": "safe_tx", "device": "node-5-clean", "metadata": {}}
{"timestamp": 1779119363, "type": "safe_tx", "device": "node-15-mixed", "metadata": {}}
{"timestamp": 1779119363, "type": "safe_tx", "device": "node-9-stealth", "metadata": {}}
{"timestamp": 1779119363, "type": "safe_tx", "device": "node-10-fuzzer", "metadata": {}}
{"timestamp": 1779119363, "type": "safe_tx", "device": "node-8-spammer", "metadata": {}}
{"timestamp": 1779119363, "type": "safe_tx", "device": "node-8-spammer", "metadata": {}}
{"timestamp": 1779119363, "type": "safe_tx", "device": "node-8-spammer", "metadata": {}}
{"timestamp": 1779119364, "type": "safe_tx", "device": "node-8-spammer", "metadata": {}}
{"timestamp": 1779119364, "type": "safe_tx", "device": "node-8-spammer", "metadata": {}}
{"timestamp": 1779119364, "type": "safe_tx", "device": "node-8-spammer", "metadata": {}}
{"timestamp": 1779119364, "type": "safe_tx", "device": "node-8-spammer", "metadata": {}}
{"timestamp": 1779119364, "type": "dos_spam", "device": "node-8-spammer", "metadata": {"count": 30, "window_sec": 5}}
{"timestamp": 1779119364, "type": "safe_tx", "device": "node-8-spammer", "metadata": {}}
{"timestamp": 1779119364, "type": "safe_tx", "device": "node-8-spammer", "metadata": {}}
{"timestamp": 1779119364, "type": "safe_tx", "device": "node-8-spammer", "metadata": {}}
{"timestamp": 1779119364, "type": "safe_tx", "device": "node-8-spammer", "metadata": {}}
{"timestamp": 1779119364, "type": "safe_tx", "device": "node-8-spammer", "metadata": {}}
{"timestamp": 1779119364, "type": "safe_tx", "device": "node-8-spammer", "metadata": {}}
{"timestamp": 1779119364, "type": "safe_tx", "device": "node-8-spammer", "metadata": {}}
{"timestamp": 1779119364, "type": "dos_spam", "device": "node-8-spammer", "metadata": {}}
{"timestamp": 1779119364, "type": "safe_tx", "device": "node-8-spammer", "metadata": {}}
{"timestamp": 1779119364, "type": "safe_tx", "device": "node-8-spammer", "metadata": {}}
{"timestamp": 1779119364, "type": "safe_tx", "device": "node-3-clean", "metadata": {}}
{"timestamp": 1779119364, "type": "fuzzing", "device": "node-10-fuzzer", "metadata": {}}
{"timestamp": 1779119364, "type": "safe_tx", "device": "node-5-clean", "metadata": {}}
{"timestamp": 1779119364, "type": "safe_tx", "device": "node-1-clean", "metadata": {}}
{"timestamp": 1779119364, "type": "safe_tx", "device": "node-4-clean", "metadata": {}}
{"timestamp": 1779119364, "type": "safe_tx", "device": "node-2-clean", "metadata": {}}
{"timestamp": 1779119364, "type": "safe_tx", "device": "node-14-mixed", "metadata": {}}
{"timestamp": 1779119364, "type": "safe_tx", "device": "node-3-clean", "metadata": {}}
{"timestamp": 1779119365, "type": "safe_tx", "device": "node-3-clean", "metadata": {}}
{"timestamp": 1779119365, "type": "safe_tx", "device": "node-10-fuzzer", "metadata": {}}
{"timestamp": 1779119365, "type": "safe_tx", "device": "node-9-stealth", "metadata": {}}
{"timestamp": 1779119365, "type": "safe_tx", "device": "node-8-spammer", "metadata": {}}
{"timestamp": 1779119365, "type": "safe_tx", "device": "node-8-spammer", "metadata": {}}
{"timestamp": 1779119365, "type": "safe_tx", "device": "node-8-spammer", "metadata": {}}
{"timestamp": 1779119365, "type": "safe_tx", "device": "node-8-spammer", "metadata": {}}
{"timestamp": 1779119365, "type": "safe_tx", "device": "node-8-spammer", "metadata": {}}
{"timestamp": 1779119365, "type": "safe_tx", "device": "node-8-spammer", "metadata": {}}
{"timestamp": 1779119365, "type": "safe_tx", "device": "node-4-clean", "metadata": {}}
{"timestamp": 1779119366, "type": "safe_tx", "device": "node-4-clean", "metadata": {}}
{"timestamp": 1779119366, "type": "time_anomaly", "device": "node-7-timespoof", "metadata": {}}
{"timestamp": 1779119366, "type": "safe_tx", "device": "node-1-clean", "metadata": {}}
{"timestamp": 1779119366, "type": "safe_tx", "device": "node-2-clean", "metadata": {}}
{"timestamp": 1779119366, "type": "safe_tx", "device": "node-8-spammer", "metadata": {}}
{"timestamp": 1779119367, "type": "safe_tx", "device": "node-8-spammer", "metadata": {}}
{"timestamp": 1779119367, "type": "safe_tx", "device": "node-8-spammer", "metadata": {}}
{"timestamp": 1779119367, "type": "safe_tx", "device": "node-8-spammer", "metadata": {}}
{"timestamp": 1779119367, "type": "safe_tx", "device": "node-8-spammer", "metadata": {}}
{"timestamp": 1779119367, "type": "safe_tx", "device": "node-8-spammer", "metadata": {}}
{"timestamp": 1779119367, "type": "safe_tx", "device": "node-8-spammer", "metadata": {}}
{"timestamp": 1779119367, "type": "safe_tx", "device": "node-5-clean", "metadata": {}}
{"timestamp": 1779119367, "type": "safe_tx", "device": "node-9-stealth", "metadata": {}}
{"timestamp": 1779119367, "type": "fuzzing", "device": "node-10-fuzzer", "metadata": {}}
{"timestamp": 1779119367, "type": "safe_tx", "device": "node-14-mixed", "metadata": {}}
{"timestamp": 1779119368, "type": "safe_tx", "device": "node-6-overflow", "metadata": {}}
{"timestamp": 1779119368, "type": "safe_tx", "device": "node-4-clean", "metadata": {}}
{"timestamp": 1779119368, "type": "safe_tx", "device": "node-2-clean", "metadata": {}}
{"timestamp": 1779119368, "type": "safe_tx", "device": "node-13-mixed", "metadata": {}}
{"timestamp": 1779119368, "type": "safe_tx", "device": "node-8-spammer", "metadata": {}}
{"timestamp": 1779119368, "type": "safe_tx", "device": "node-14-mixed", "metadata": {}}
{"timestamp": 1779119368, "type": "safe_tx", "device": "node-8-spammer", "metadata": {}}
{"timestamp": 1779119368, "type": "safe_tx", "device": "node-8-spammer", "metadata": {}}
{"timestamp": 1779119368, "type": "safe_tx", "device": "node-8-spammer", "metadata": {}}
{"timestamp": 1779119368, "type": "safe_tx", "device": "node-8-spammer", "metadata": {}}
{"timestamp": 1779119368, "type": "safe_tx", "device": "node-8-spammer", "metadata": {}}
{"timestamp": 1779119369, "type": "time_anomaly", "device": "node-14-mixed", "metadata": {}}
{"timestamp": 1779119368, "type": "fuzzing", "device": "node-10-fuzzer", "metadata": {}}
{"timestamp": 1779119368, "type": "safe_tx", "device": "node-4-clean", "metadata": {}}
{"timestamp": 1779119369, "type": "safe_tx", "device": "node-5-clean", "metadata": {}}
{"timestamp": 1779119369, "type": "safe_tx", "device": "node-1-clean", "metadata": {}}
{"timestamp": 1779119369, "type": "safe_tx", "device": "node-8-spammer", "metadata": {}}
{"timestamp": 1779119369, "type": "safe_tx", "device": "node-8-spammer", "metadata": {}}
{"timestamp": 1779119369, "type": "dos_spam", "device": "node-8-spammer", "metadata": {"count": 30, "window_sec": 5}}
{"timestamp": 1779119369, "type": "safe_tx", "device": "node-8-spammer", "metadata": {}}
{"timestamp": 1779119369, "type": "dos_spam", "device": "node-8-spammer", "metadata": {}}
{"timestamp": 1779119369, "type": "safe_tx", "device": "node-8-spammer", "metadata": {}}
{"timestamp": 1779119369, "type": "safe_tx", "device": "node-8-spammer", "metadata": {}}
{"timestamp": 1779119369, "type": "safe_tx", "device": "node-8-spammer", "metadata": {}}
{"timestamp": 1779119369, "type": "safe_tx", "device": "node-8-spammer", "metadata": {}}
{"timestamp": 1779119369, "type": "safe_tx", "device": "node-8-spammer", "metadata": {}}
{"timestamp": 1779119369, "type": "safe_tx", "device": "node-8-spammer", "metadata": {}}
{"timestamp": 1779119369, "type": "safe_tx", "device": "node-8-spammer", "metadata": {}}
{"timestamp": 1779119369, "type": "safe_tx", "device": "node-8-spammer", "metadata": {}}
{"timestamp": 1779119369, "type": "safe_tx", "device": "node-8-spammer", "metadata": {}}
{"timestamp": 1779119369, "type": "safe_tx", "device": "node-8-spammer", "metadata": {}}
{"timestamp": 1779119369, "type": "safe_tx", "device": "node-8-spammer", "metadata": {}}
{"timestamp": 1779119369, "type": "safe_tx", "device": "node-8-spammer", "metadata": {}}
{"timestamp": 1779119369, "type": "safe_tx", "device": "node-8-spammer", "metadata": {}}
{"timestamp": 1779119369, "type": "safe_tx", "device": "node-8-spammer", "metadata": {}}
{"timestamp": 1779119369, "type": "safe_tx", "device": "node-8-spammer", "metadata": {}}
{"timestamp": 1779119369, "type": "dos_spam", "device": "node-8-spammer", "metadata": {}}
{"timestamp": 1779119369, "type": "safe_tx", "device": "node-8-spammer", "metadata": {}}
{"timestamp": 1779119369, "type": "safe_tx", "device": "node-8-spammer", "metadata": {}}
{"timestamp": 1779119370, "type": "time_anomaly", "device": "node-14-mixed", "metadata": {}}
{"timestamp": 1779119369, "type": "safe_tx", "device": "node-8-spammer", "metadata": {}}
{"timestamp": 1779119369, "type": "safe_tx", "device": "node-8-spammer", "metadata": {}}
{"timestamp": 1779119370, "type": "safe_tx", "device": "node-8-spammer", "metadata": {}}
{"timestamp": 1779119370, "type": "safe_tx", "device": "node-8-spammer", "metadata": {}}
{"timestamp": 1779119370, "type": "safe_tx", "device": "node-8-spammer", "metadata": {}}
{"timestamp": 1779119370, "type": "safe_tx", "device": "node-8-spammer", "metadata": {}}
{"timestamp": 1779119370, "type": "safe_tx", "device": "node-8-spammer", "metadata": {}}
{"timestamp": 1779119370, "type": "safe_tx", "device": "node-13-mixed", "metadata": {}}
{"timestamp": 1779119370, "type": "safe_tx", "device": "node-8-spammer", "metadata": {}}
{"timestamp": 1779119370, "type": "safe_tx", "device": "node-8-spammer", "metadata": {}}
{"timestamp": 1779119370, "type": "safe_tx", "device": "node-8-spammer", "metadata": {}}
{"timestamp": 1779119370, "type": "time_anomaly", "device": "node-14-mixed", "metadata": {}}
{"timestamp": 1779119370, "type": "safe_tx", "device": "node-8-spammer", "metadata": {}}
{"timestamp": 1779119370, "type": "safe_tx", "device": "node-1-clean", "metadata": {}}
{"timestamp": 1779119370, "type": "safe_tx", "device": "node-9-stealth", "metadata": {}}
{"timestamp": 1779119370, "type": "safe_tx", "device": "node-3-clean", "metadata": {}}
{"timestamp": 1779119370, "type": "safe_tx", "device": "node-14-mixed", "metadata": {}}
{"timestamp": 1779119371, "type": "safe_tx", "device": "node-8-spammer", "metadata": {}}
{"timestamp": 1779119371, "type": "dos_spam", "device": "node-8-spammer", "metadata": {"count": 30, "window_sec": 5}}
{"timestamp": 1779119371, "type": "overflow", "device": "node-12-mixed", "metadata": {"count": 3, "window_sec": 30}}
{"timestamp": 1779119371, "type": "time_anomaly", "device": "node-7-timespoof", "metadata": {}}
{"timestamp": 1779119371, "type": "safe_tx", "device": "node-4-clean", "metadata": {}}
{"timestamp": 1779119371, "type": "overflow", "device": "node-6-overflow", "metadata": {"count": 3, "window_sec": 30}}
{"timestamp": 1779119371, "type": "safe_tx", "device": "node-2-clean", "metadata": {}}
{"timestamp": 1779119371, "type": "safe_tx", "device": "node-8-spammer", "metadata": {}}
{"timestamp": 1779119371, "type": "dos_spam", "device": "node-8-spammer", "metadata": {}}
{"timestamp": 1779119371, "type": "safe_tx", "device": "node-15-mixed", "metadata": {}}
{"timestamp": 1779119371, "type": "safe_tx", "device": "node-8-spammer", "metadata": {}}
{"timestamp": 1779119371, "type": "safe_tx", "device": "node-8-spammer", "metadata": {}}
{"timestamp": 1779119371, "type": "safe_tx", "device": "node-12-mixed", "metadata": {}}
{"timestamp": 1779119371, "type": "safe_tx", "device": "node-8-spammer", "metadata": {}}
{"timestamp": 1779119371, "type": "safe_tx", "device": "node-8-spammer", "metadata": {}}
{"timestamp": 1779119372, "type": "safe_tx", "device": "node-4-clean", "metadata": {}}
{"timestamp": 1779119372, "type": "safe_tx", "device": "node-8-spammer", "metadata": {}}
{"timestamp": 1779119372, "type": "safe_tx", "device": "node-8-spammer", "metadata": {}}
{"timestamp": 1779119372, "type": "fuzzing", "device": "node-10-fuzzer", "metadata": {}}
{"timestamp": 1779119372, "type": "safe_tx", "device": "node-5-clean", "metadata": {}}
{"timestamp": 1779119373, "type": "time_anomaly", "device": "node-15-mixed", "metadata": {}}
{"timestamp": 1779119372, "type": "safe_tx", "device": "node-3-clean", "metadata": {}}
{"timestamp": 1779119373, "type": "safe_tx", "device": "node-2-clean", "metadata": {}}
{"timestamp": 1779119373, "type": "safe_tx", "device": "node-13-mixed", "metadata": {}}
{"timestamp": 1779119373, "type": "safe_tx", "device": "node-1-clean", "metadata": {}}
{"timestamp": 1779119373, "type": "safe_tx", "device": "node-8-spammer", "metadata": {}}
{"timestamp": 1779119373, "type": "time_anomaly", "device": "node-12-mixed", "metadata": {}}
{"timestamp": 1779119373, "type": "safe_tx", "device": "node-9-stealth", "metadata": {}}
{"timestamp": 1779119373, "type": "safe_tx", "device": "node-3-clean", "metadata": {}}
{"timestamp": 1779119373, "type": "safe_tx", "device": "node-15-mixed", "metadata": {}}
{"timestamp": 1779119373, "type": "safe_tx", "device": "node-8-spammer", "metadata": {}}
{"timestamp": 1779119373, "type": "safe_tx", "device": "node-8-spammer", "metadata": {}}
{"timestamp": 1779119373, "type": "safe_tx", "device": "node-8-spammer", "metadata": {}}
{"timestamp": 1779119374, "type": "time_anomaly", "device": "node-12-mixed", "metadata": {}}
{"timestamp": 1779119374, "type": "safe_tx", "device": "node-1-clean", "metadata": {}}
{"timestamp": 1779119375, "type": "time_anomaly", "device": "node-7-timespoof", "metadata": {}}
{"timestamp": 1779119375, "type": "safe_tx", "device": "node-2-clean", "metadata": {}}
{"timestamp": 1779119375, "type": "safe_tx", "device": "node-8-spammer", "metadata": {}}
{"timestamp": 1779119375, "type": "overflow", "device": "node-15-mixed", "metadata": {"count": 3, "window_sec": 30}}
{"timestamp": 1779119375, "type": "safe_tx", "device": "node-8-spammer", "metadata": {}}
{"timestamp": 1779119375, "type": "safe_tx", "device": "node-8-spammer", "metadata": {}}
{"timestamp": 1779119375, "type": "safe_tx", "device": "node-8-spammer", "metadata": {}}
{"timestamp": 1779119375, "type": "safe_tx", "device": "node-8-spammer", "metadata": {}}
{"timestamp": 1779119375, "type": "safe_tx", "device": "node-8-spammer", "metadata": {}}
{"timestamp": 1779119375, "type": "safe_tx", "device": "node-15-mixed", "metadata": {}}
{"timestamp": 1779119375, "type": "fuzzing", "device": "node-10-fuzzer", "metadata": {}}
{"timestamp": 1779119375, "type": "safe_tx", "device": "node-3-clean", "metadata": {}}
{"timestamp": 1779119375, "type": "safe_tx", "device": "node-5-clean", "metadata": {}}
{"timestamp": 1779119375, "type": "safe_tx", "device": "node-4-clean", "metadata": {}}
{"timestamp": 1779119376, "type": "time_anomaly", "device": "node-12-mixed", "metadata": {}}
{"timestamp": 1779119375, "type": "safe_tx", "device": "node-14-mixed", "metadata": {}}
{"timestamp": 1779119376, "type": "safe_tx", "device": "node-9-stealth", "metadata": {}}
{"timestamp": 1779119376, "type": "safe_tx", "device": "node-8-spammer", "metadata": {}}
{"timestamp": 1779119376, "type": "safe_tx", "device": "node-8-spammer", "metadata": {}}
{"timestamp": 1779119376, "type": "safe_tx", "device": "node-8-spammer", "metadata": {}}
{"timestamp": 1779119376, "type": "time_anomaly", "device": "node-15-mixed", "metadata": {}}
{"timestamp": 1779119376, "type": "safe_tx", "device": "node-8-spammer", "metadata": {}}
{"timestamp": 1779119376, "type": "safe_tx", "device": "node-8-spammer", "metadata": {}}
{"timestamp": 1779119376, "type": "safe_tx", "device": "node-1-clean", "metadata": {}}
{"timestamp": 1779119376, "type": "safe_tx", "device": "node-2-clean", "metadata": {}}
{"timestamp": 1779119376, "type": "overflow", "device": "node-6-overflow", "metadata": {"count": 3, "window_sec": 30}}
{"timestamp": 1779119377, "type": "safe_tx", "device": "node-9-stealth", "metadata": {}}
{"timestamp": 1779119377, "type": "safe_tx", "device": "node-5-clean", "metadata": {}}
{"timestamp": 1779119377, "type": "safe_tx", "device": "node-12-mixed", "metadata": {}}
{"timestamp": 1779119377, "type": "overflow", "device": "node-10-fuzzer", "metadata": {"count": 3, "window_sec": 30}}
{"timestamp": 1779119377, "type": "safe_tx", "device": "node-15-mixed", "metadata": {}}
{"timestamp": 1779119377, "type": "safe_tx", "device": "node-1-clean", "metadata": {}}
{"timestamp": 1779119377, "type": "safe_tx", "device": "node-13-mixed", "metadata": {}}
{"timestamp": 1779119377, "type": "safe_tx", "device": "node-11-pulsing", "metadata": {}}
{"timestamp": 1779119377, "type": "safe_tx", "device": "node-11-pulsing", "metadata": {}}
{"timestamp": 1779119378, "type": "safe_tx", "device": "node-11-pulsing", "metadata": {}}
{"timestamp": 1779119378, "type": "safe_tx", "device": "node-11-pulsing", "metadata": {}}
{"timestamp": 1779119378, "type": "safe_tx", "device": "node-11-pulsing", "metadata": {}}
{"timestamp": 1779119378, "type": "safe_tx", "device": "node-11-pulsing", "metadata": {}}
{"timestamp": 1779119378, "type": "safe_tx", "device": "node-11-pulsing", "metadata": {}}
{"timestamp": 1779119378, "type": "safe_tx", "device": "node-11-pulsing", "metadata": {}}
{"timestamp": 1779119378, "type": "safe_tx", "device": "node-11-pulsing", "metadata": {}}
{"timestamp": 1779119378, "type": "safe_tx", "device": "node-11-pulsing", "metadata": {}}
{"timestamp": 1779119378, "type": "safe_tx", "device": "node-11-pulsing", "metadata": {}}
{"timestamp": 1779119378, "type": "safe_tx", "device": "node-11-pulsing", "metadata": {}}
{"timestamp": 1779119378, "type": "time_anomaly", "device": "node-7-timespoof", "metadata": {}}
{"timestamp": 1779119378, "type": "safe_tx", "device": "node-8-spammer", "metadata": {}}
{"timestamp": 1779119378, "type": "safe_tx", "device": "node-11-pulsing", "metadata": {}}
{"timestamp": 1779119378, "type": "safe_tx", "device": "node-8-spammer", "metadata": {}}
{"timestamp": 1779119378, "type": "safe_tx", "device": "node-8-spammer", "metadata": {}}
{"timestamp": 1779119378, "type": "safe_tx", "device": "node-11-pulsing", "metadata": {}}
{"timestamp": 1779119378, "type": "safe_tx", "device": "node-11-pulsing", "metadata": {}}
{"timestamp": 1779119378, "type": "dos_spam", "device": "node-11-pulsing", "metadata": {}}
{"timestamp": 1779119378, "type": "safe_tx", "device": "node-11-pulsing", "metadata": {}}
{"timestamp": 1779119378, "type": "safe_tx", "device": "node-4-clean", "metadata": {}}
{"timestamp": 1779119378, "type": "safe_tx", "device": "node-11-pulsing", "metadata": {}}
{"timestamp": 1779119378, "type": "safe_tx", "device": "node-1-clean", "metadata": {}}
{"timestamp": 1779119378, "type": "safe_tx", "device": "node-11-pulsing", "metadata": {}}
{"timestamp": 1779119378, "type": "safe_tx", "device": "node-11-pulsing", "metadata": {}}
{"timestamp": 1779119378, "type": "safe_tx", "device": "node-11-pulsing", "metadata": {}}
{"timestamp": 1779119379, "type": "fuzzing", "device": "node-10-fuzzer", "metadata": {}}
{"timestamp": 1779119379, "type": "safe_tx", "device": "node-8-spammer", "metadata": {}}
{"timestamp": 1779119379, "type": "safe_tx", "device": "node-3-clean", "metadata": {}}
{"timestamp": 1779119379, "type": "safe_tx", "device": "node-3-clean", "metadata": {}}
{"timestamp": 1779119379, "type": "safe_tx", "device": "node-2-clean", "metadata": {}}
{"timestamp": 1779119380, "type": "safe_tx", "device": "node-9-stealth", "metadata": {}}
{"timestamp": 1779119380, "type": "safe_tx", "device": "node-4-clean", "metadata": {}}
{"timestamp": 1779119380, "type": "safe_tx", "device": "node-8-spammer", "metadata": {}}
{"timestamp": 1779119380, "type": "safe_tx", "device": "node-8-spammer", "metadata": {}}
{"timestamp": 1779119380, "type": "safe_tx", "device": "node-8-spammer", "metadata": {}}
{"timestamp": 1779119380, "type": "time_anomaly", "device": "node-14-mixed", "metadata": {}}
{"timestamp": 1779119380, "type": "safe_tx", "device": "node-8-spammer", "metadata": {}}
{"timestamp": 1779119380, "type": "safe_tx", "device": "node-8-spammer", "metadata": {}}
{"timestamp": 1779119380, "type": "safe_tx", "device": "node-8-spammer", "metadata": {}}
{"timestamp": 1779119380, "type": "safe_tx", "device": "node-8-spammer", "metadata": {}}
{"timestamp": 1779119380, "type": "safe_tx", "device": "node-8-spammer", "metadata": {}}
{"timestamp": 1779119380, "type": "safe_tx", "device": "node-8-spammer", "metadata": {}}
{"timestamp": 1779119380, "type": "safe_tx", "device": "node-5-clean", "metadata": {}}
{"timestamp": 1779119380, "type": "safe_tx", "device": "node-13-mixed", "metadata": {}}
{"timestamp": 1779119380, "type": "safe_tx", "device": "node-13-mixed", "metadata": {}}
{"timestamp": 1779119381, "type": "safe_tx", "device": "node-8-spammer", "metadata": {}}
{"timestamp": 1779119381, "type": "safe_tx", "device": "node-8-spammer", "metadata": {}}
{"timestamp": 1779119381, "type": "safe_tx", "device": "node-8-spammer", "metadata": {}}
{"timestamp": 1779119381, "type": "safe_tx", "device": "node-3-clean", "metadata": {}}
{"timestamp": 1779119381, "type": "safe_tx", "device": "node-8-spammer", "metadata": {}}
{"timestamp": 1779119381, "type": "safe_tx", "device": "node-8-spammer", "metadata": {}}
{"timestamp": 1779119381, "type": "dos_spam", "device": "node-8-spammer", "metadata": {}}
{"timestamp": 1779119381, "type": "safe_tx", "device": "node-8-spammer", "metadata": {}}
{"timestamp": 1779119381, "type": "safe_tx", "device": "node-8-spammer", "metadata": {}}
{"timestamp": 1779119381, "type": "safe_tx", "device": "node-8-spammer", "metadata": {}}
{"timestamp": 1779119381, "type": "safe_tx", "device": "node-8-spammer", "metadata": {}}
{"timestamp": 1779119381, "type": "safe_tx", "device": "node-8-spammer", "metadata": {}}
{"timestamp": 1779119381, "type": "safe_tx", "device": "node-14-mixed", "metadata": {}}
{"timestamp": 1779119382, "type": "safe_tx", "device": "node-12-mixed", "metadata": {}}
{"timestamp": 1779119382, "type": "time_anomaly", "device": "node-7-timespoof", "metadata": {}}
{"timestamp": 1779119382, "type": "time_anomaly", "device": "node-15-mixed", "metadata": {}}
{"timestamp": 1779119382, "type": "safe_tx", "device": "node-13-mixed", "metadata": {}}
{"timestamp": 1779119382, "type": "safe_tx", "device": "node-1-clean", "metadata": {}}
{"timestamp": 1779119382, "type": "safe_tx", "device": "node-9-stealth", "metadata": {}}
{"timestamp": 1779119382, "type": "safe_tx", "device": "node-4-clean", "metadata": {}}
{"timestamp": 1779119382, "type": "safe_tx", "device": "node-3-clean", "metadata": {}}
{"timestamp": 1779119382, "type": "fuzzing", "device": "node-10-fuzzer", "metadata": {}}
{"timestamp": 1779119383, "type": "safe_tx", "device": "node-6-overflow", "metadata": {}}
{"timestamp": 1779119383, "type": "safe_tx", "device": "node-14-mixed", "metadata": {}}
{"timestamp": 1779119383, "type": "safe_tx", "device": "node-12-mixed", "metadata": {}}
{"timestamp": 1779119383, "type": "safe_tx", "device": "node-2-clean", "metadata": {}}
{"timestamp": 1779119384, "type": "safe_tx", "device": "node-10-fuzzer", "metadata": {}}
{"timestamp": 1779119384, "type": "safe_tx", "device": "node-13-mixed", "metadata": {}}
{"timestamp": 1779119384, "type": "safe_tx", "device": "node-5-clean", "metadata": {}}
{"timestamp": 1779119384, "type": "time_anomaly", "device": "node-15-mixed", "metadata": {}}
{"timestamp": 1779119384, "type": "safe_tx", "device": "node-8-spammer", "metadata": {}}
{"timestamp": 1779119384, "type": "safe_tx", "device": "node-8-spammer", "metadata": {}}
{"timestamp": 1779119384, "type": "safe_tx", "device": "node-8-spammer", "metadata": {}}
{"timestamp": 1779119384, "type": "safe_tx", "device": "node-8-spammer", "metadata": {}}
{"timestamp": 1779119384, "type": "safe_tx", "device": "node-8-spammer", "metadata": {}}
{"timestamp": 1779119384, "type": "safe_tx", "device": "node-8-spammer", "metadata": {}}
{"timestamp": 1779119384, "type": "safe_tx", "device": "node-8-spammer", "metadata": {}}
{"timestamp": 1779119384, "type": "safe_tx", "device": "node-1-clean", "metadata": {}}
{"timestamp": 1779119384, "type": "safe_tx", "device": "node-8-spammer", "metadata": {}}
{"timestamp": 1779119384, "type": "safe_tx", "device": "node-8-spammer", "metadata": {}}
{"timestamp": 1779119384, "type": "safe_tx", "device": "node-8-spammer", "metadata": {}}
{"timestamp": 1779119384, "type": "dos_spam", "device": "node-8-spammer", "metadata": {"count": 30, "window_sec": 5}}
{"timestamp": 1779119384, "type": "safe_tx", "device": "node-8-spammer", "metadata": {}}
{"timestamp": 1779119384, "type": "safe_tx", "device": "node-4-clean", "metadata": {}}
{"timestamp": 1779119385, "type": "safe_tx", "device": "node-9-stealth", "metadata": {}}
{"timestamp": 1779119385, "type": "time_anomaly", "device": "node-7-timespoof", "metadata": {}}
{"timestamp": 1779119385, "type": "safe_tx", "device": "node-13-mixed", "metadata": {}}
{"timestamp": 1779119386, "type": "safe_tx", "device": "node-8-spammer", "metadata": {}}
{"timestamp": 1779119386, "type": "safe_tx", "device": "node-8-spammer", "metadata": {}}
{"timestamp": 1779119386, "type": "safe_tx", "device": "node-8-spammer", "metadata": {}}
{"timestamp": 1779119386, "type": "safe_tx", "device": "node-5-clean", "metadata": {}}
{"timestamp": 1779119386, "type": "safe_tx", "device": "node-8-spammer", "metadata": {}}
{"timestamp": 1779119386, "type": "dos_spam", "device": "node-8-spammer", "metadata": {}}
{"timestamp": 1779119386, "type": "safe_tx", "device": "node-8-spammer", "metadata": {}}
{"timestamp": 1779119386, "type": "time_anomaly", "device": "node-14-mixed", "metadata": {}}
{"timestamp": 1779119386, "type": "safe_tx", "device": "node-10-fuzzer", "metadata": {}}
{"timestamp": 1779119386, "type": "safe_tx", "device": "node-3-clean", "metadata": {}}
{"timestamp": 1779119386, "type": "safe_tx", "device": "node-15-mixed", "metadata": {}}
{"timestamp": 1779119386, "type": "safe_tx", "device": "node-4-clean", "metadata": {}}
{"timestamp": 1779119387, "type": "safe_tx", "device": "node-9-stealth", "metadata": {}}
{"timestamp": 1779119387, "type": "safe_tx", "device": "node-6-overflow", "metadata": {}}
{"timestamp": 1779119387, "type": "safe_tx", "device": "node-5-clean", "metadata": {}}
{"timestamp": 1779119387, "type": "safe_tx", "device": "node-2-clean", "metadata": {}}
{"timestamp": 1779119387, "type": "safe_tx", "device": "node-12-mixed", "metadata": {}}
{"timestamp": 1779119387, "type": "safe_tx", "device": "node-8-spammer", "metadata": {}}
{"timestamp": 1779119387, "type": "safe_tx", "device": "node-1-clean", "metadata": {}}
{"timestamp": 1779119387, "type": "safe_tx", "device": "node-8-spammer", "metadata": {}}
{"timestamp": 1779119387, "type": "safe_tx", "device": "node-4-clean", "metadata": {}}
{"timestamp": 1779119387, "type": "safe_tx", "device": "node-8-spammer", "metadata": {}}
{"timestamp": 1779119387, "type": "safe_tx", "device": "node-8-spammer", "metadata": {}}
{"timestamp": 1779119387, "type": "safe_tx", "device": "node-3-clean", "metadata": {}}
{"timestamp": 1779119388, "type": "fuzzing", "device": "node-10-fuzzer", "metadata": {}}
{"timestamp": 1779119388, "type": "safe_tx", "device": "node-14-mixed", "metadata": {}}
{"timestamp": 1779119388, "type": "safe_tx", "device": "node-9-stealth", "metadata": {}}
{"timestamp": 1779119389, "type": "safe_tx", "device": "node-8-spammer", "metadata": {}}
{"timestamp": 1779119389, "type": "safe_tx", "device": "node-8-spammer", "metadata": {}}
{"timestamp": 1779119389, "type": "safe_tx", "device": "node-8-spammer", "metadata": {}}
{"timestamp": 1779119389, "type": "safe_tx", "device": "node-8-spammer", "metadata": {}}
{"timestamp": 1779119389, "type": "safe_tx", "device": "node-8-spammer", "metadata": {}}
{"timestamp": 1779119389, "type": "time_anomaly", "device": "node-7-timespoof", "metadata": {}}
{"timestamp": 1779119389, "type": "fuzzing", "device": "node-10-fuzzer", "metadata": {}}
{"timestamp": 1779119389, "type": "safe_tx", "device": "node-5-clean", "metadata": {}}
{"timestamp": 1779119389, "type": "safe_tx", "device": "node-12-mixed", "metadata": {}}
{"timestamp": 1779119389, "type": "safe_tx", "device": "node-2-clean", "metadata": {}}
{"timestamp": 1779119389, "type": "safe_tx", "device": "node-6-overflow", "metadata": {}}
{"timestamp": 1779119390, "type": "safe_tx", "device": "node-13-mixed", "metadata": {}}
{"timestamp": 1779119390, "type": "fuzzing", "device": "node-10-fuzzer", "metadata": {}}
{"timestamp": 1779119390, "type": "safe_tx", "device": "node-15-mixed", "metadata": {}}
{"timestamp": 1779119390, "type": "safe_tx", "device": "node-8-spammer", "metadata": {}}
{"timestamp": 1779119390, "type": "safe_tx", "device": "node-8-spammer", "metadata": {}}
{"timestamp": 1779119390, "type": "safe_tx", "device": "node-8-spammer", "metadata": {}}
{"timestamp": 1779119390, "type": "safe_tx", "device": "node-1-clean", "metadata": {}}
{"timestamp": 1779119390, "type": "safe_tx", "device": "node-8-spammer", "metadata": {}}
{"timestamp": 1779119390, "type": "safe_tx", "device": "node-3-clean", "metadata": {}}
{"timestamp": 1779119390, "type": "safe_tx", "device": "node-14-mixed", "metadata": {}}
{"timestamp": 1779119391, "type": "safe_tx", "device": "node-9-stealth", "metadata": {}}
{"timestamp": 1779119391, "type": "safe_tx", "device": "node-10-fuzzer", "metadata": {}}
{"timestamp": 1779119391, "type": "safe_tx", "device": "node-1-clean", "metadata": {}}
{"timestamp": 1779119391, "type": "safe_tx", "device": "node-3-clean", "metadata": {}}
{"timestamp": 1779119391, "type": "safe_tx", "device": "node-4-clean", "metadata": {}}
{"timestamp": 1779119391, "type": "safe_tx", "device": "node-14-mixed", "metadata": {}}
{"timestamp": 1779119392, "type": "safe_tx", "device": "node-12-mixed", "metadata": {}}
{"timestamp": 1779119392, "type": "safe_tx", "device": "node-8-spammer", "metadata": {}}
{"timestamp": 1779119392, "type": "safe_tx", "device": "node-12-mixed", "metadata": {}}
{"timestamp": 1779119392, "type": "safe_tx", "device": "node-2-clean", "metadata": {}}
{"timestamp": 1779119392, "type": "safe_tx", "device": "node-9-stealth", "metadata": {}}
{"timestamp": 1779119392, "type": "safe_tx", "device": "node-10-fuzzer", "metadata": {}}
{"timestamp": 1779119393, "type": "safe_tx", "device": "node-5-clean", "metadata": {}}
{"timestamp": 1779119393, "type": "overflow", "device": "node-6-overflow", "metadata": {"count": 3, "window_sec": 30}}
{"timestamp": 1779119393, "type": "safe_tx", "device": "node-13-mixed", "metadata": {}}
{"timestamp": 1779119393, "type": "safe_tx", "device": "node-8-spammer", "metadata": {}}
{"timestamp": 1779119393, "type": "safe_tx", "device": "node-8-spammer", "metadata": {}}
{"timestamp": 1779119393, "type": "safe_tx", "device": "node-8-spammer", "metadata": {}}
{"timestamp": 1779119393, "type": "safe_tx", "device": "node-12-mixed", "metadata": {}}
{"timestamp": 1779119393, "type": "safe_tx", "device": "node-8-spammer", "metadata": {}}
{"timestamp": 1779119393, "type": "safe_tx", "device": "node-14-mixed", "metadata": {}}
{"timestamp": 1779119393, "type": "safe_tx", "device": "node-8-spammer", "metadata": {}}
{"timestamp": 1779119393, "type": "safe_tx", "device": "node-8-spammer", "metadata": {}}
{"timestamp": 1779119393, "type": "safe_tx", "device": "node-15-mixed", "metadata": {}}
{"timestamp": 1779119393, "type": "time_anomaly", "device": "node-14-mixed", "metadata": {}}
{"timestamp": 1779119393, "type": "safe_tx", "device": "node-3-clean", "metadata": {}}
{"timestamp": 1779119393, "type": "safe_tx", "device": "node-3-clean", "metadata": {}}
{"timestamp": 1779119393, "type": "safe_tx", "device": "node-8-spammer", "metadata": {}}
{"timestamp": 1779119394, "type": "time_anomaly", "device": "node-7-timespoof", "metadata": {}}
{"timestamp": 1779119393, "type": "safe_tx", "device": "node-8-spammer", "metadata": {}}
{"timestamp": 1779119394, "type": "safe_tx", "device": "node-8-spammer", "metadata": {}}
{"timestamp": 1779119394, "type": "safe_tx", "device": "node-8-spammer", "metadata": {}}
{"timestamp": 1779119394, "type": "safe_tx", "device": "node-8-spammer", "metadata": {}}
{"timestamp": 1779119394, "type": "safe_tx", "device": "node-8-spammer", "metadata": {}}
{"timestamp": 1779119394, "type": "safe_tx", "device": "node-8-spammer", "metadata": {}}
{"timestamp": 1779119394, "type": "safe_tx", "device": "node-5-clean", "metadata": {}}
{"timestamp": 1779119394, "type": "safe_tx", "device": "node-13-mixed", "metadata": {}}
{"timestamp": 1779119394, "type": "safe_tx", "device": "node-1-clean", "metadata": {}}
{"timestamp": 1779119394, "type": "safe_tx", "device": "node-14-mixed", "metadata": {}}
{"timestamp": 1779119395, "type": "safe_tx", "device": "node-4-clean", "metadata": {}}
{"timestamp": 1779119395, "type": "safe_tx", "device": "node-10-fuzzer", "metadata": {}}
{"timestamp": 1779119395, "type": "safe_tx", "device": "node-8-spammer", "metadata": {}}
{"timestamp": 1779119395, "type": "safe_tx", "device": "node-3-clean", "metadata": {}}
{"timestamp": 1779119395, "type": "safe_tx", "device": "node-1-clean", "metadata": {}}
{"timestamp": 1779119395, "type": "safe_tx", "device": "node-12-mixed", "metadata": {}}
{"timestamp": 1779119396, "type": "time_anomaly", "device": "node-7-timespoof", "metadata": {}}
{"timestamp": 1779119396, "type": "safe_tx", "device": "node-3-clean", "metadata": {}}
{"timestamp": 1779119396, "type": "safe_tx", "device": "node-15-mixed", "metadata": {}}
{"timestamp": 1779119396, "type": "safe_tx", "device": "node-2-clean", "metadata": {}}
{"timestamp": 1779119396, "type": "safe_tx", "device": "node-4-clean", "metadata": {}}
{"timestamp": 1779119396, "type": "safe_tx", "device": "node-5-clean", "metadata": {}}
{"timestamp": 1779119396, "type": "safe_tx", "device": "node-8-spammer", "metadata": {}}
{"timestamp": 1779119396, "type": "safe_tx", "device": "node-8-spammer", "metadata": {}}
{"timestamp": 1779119396, "type": "safe_tx", "device": "node-8-spammer", "metadata": {}}
{"timestamp": 1779119396, "type": "safe_tx", "device": "node-8-spammer", "metadata": {}}
{"timestamp": 1779119397, "type": "safe_tx", "device": "node-8-spammer", "metadata": {}}
{"timestamp": 1779119397, "type": "safe_tx", "device": "node-5-clean", "metadata": {}}
{"timestamp": 1779119397, "type": "time_anomaly", "device": "node-12-mixed", "metadata": {}}
{"timestamp": 1779119397, "type": "safe_tx", "device": "node-12-mixed", "metadata": {}}
{"timestamp": 1779119397, "type": "safe_tx", "device": "node-8-spammer", "metadata": {}}
{"timestamp": 1779119397, "type": "safe_tx", "device": "node-8-spammer", "metadata": {}}
{"timestamp": 1779119397, "type": "safe_tx", "device": "node-8-spammer", "metadata": {}}
{"timestamp": 1779119397, "type": "safe_tx", "device": "node-8-spammer", "metadata": {}}
{"timestamp": 1779119397, "type": "safe_tx", "device": "node-8-spammer", "metadata": {}}
{"timestamp": 1779119397, "type": "safe_tx", "device": "node-8-spammer", "metadata": {}}
{"timestamp": 1779119397, "type": "safe_tx", "device": "node-8-spammer", "metadata": {}}
{"timestamp": 1779119397, "type": "safe_tx", "device": "node-8-spammer", "metadata": {}}
{"timestamp": 1779119397, "type": "safe_tx", "device": "node-8-spammer", "metadata": {}}
{"timestamp": 1779119397, "type": "dos_spam", "device": "node-8-spammer", "metadata": {}}
{"timestamp": 1779119397, "type": "safe_tx", "device": "node-8-spammer", "metadata": {}}
{"timestamp": 1779119397, "type": "dos_spam", "device": "node-8-spammer", "metadata": {"count": 30, "window_sec": 5}}
{"timestamp": 1779119397, "type": "safe_tx", "device": "node-8-spammer", "metadata": {}}
{"timestamp": 1779119397, "type": "safe_tx", "device": "node-8-spammer", "metadata": {}}
{"timestamp": 1779119397, "type": "safe_tx", "device": "node-8-spammer", "metadata": {}}
{"timestamp": 1779119397, "type": "safe_tx", "device": "node-10-fuzzer", "metadata": {}}
{"timestamp": 1779119397, "type": "safe_tx", "device": "node-8-spammer", "metadata": {}}
{"timestamp": 1779119398, "type": "safe_tx", "device": "node-8-spammer", "metadata": {}}
{"timestamp": 1779119398, "type": "safe_tx", "device": "node-8-spammer", "metadata": {}}
{"timestamp": 1779119398, "type": "safe_tx", "device": "node-8-spammer", "metadata": {}}
{"timestamp": 1779119398, "type": "safe_tx", "device": "node-13-mixed", "metadata": {}}
{"timestamp": 1779119398, "type": "safe_tx", "device": "node-8-spammer", "metadata": {}}
{"timestamp": 1779119398, "type": "safe_tx", "device": "node-8-spammer", "metadata": {}}
{"timestamp": 1779119398, "type": "safe_tx", "device": "node-8-spammer", "metadata": {}}
{"timestamp": 1779119398, "type": "safe_tx", "device": "node-8-spammer", "metadata": {}}
{"timestamp": 1779119398, "type": "safe_tx", "device": "node-8-spammer", "metadata": {}}
{"timestamp": 1779119398, "type": "safe_tx", "device": "node-8-spammer", "metadata": {}}
{"timestamp": 1779119398, "type": "safe_tx", "device": "node-8-spammer", "metadata": {}}
{"timestamp": 1779119398, "type": "dos_spam", "device": "node-8-spammer", "metadata": {}}
{"timestamp": 1779119398, "type": "safe_tx", "device": "node-8-spammer", "metadata": {}}
{"timestamp": 1779119398, "type": "safe_tx", "device": "node-8-spammer", "metadata": {}}
{"timestamp": 1779119398, "type": "safe_tx", "device": "node-8-spammer", "metadata": {}}
{"timestamp": 1779119398, "type": "safe_tx", "device": "node-8-spammer", "metadata": {}}
{"timestamp": 1779119398, "type": "safe_tx", "device": "node-1-clean", "metadata": {}}
{"timestamp": 1779119398, "type": "safe_tx", "device": "node-8-spammer", "metadata": {}}
{"timestamp": 1779119398, "type": "safe_tx", "device": "node-2-clean", "metadata": {}}
{"timestamp": 1779119399, "type": "time_anomaly", "device": "node-7-timespoof", "metadata": {}}
{"timestamp": 1779119398, "type": "safe_tx", "device": "node-14-mixed", "metadata": {}}
{"timestamp": 1779119398, "type": "safe_tx", "device": "node-8-spammer", "metadata": {}}
{"timestamp": 1779119399, "type": "safe_tx", "device": "node-8-spammer", "metadata": {}}
{"timestamp": 1779119399, "type": "safe_tx", "device": "node-3-clean", "metadata": {}}
{"timestamp": 1779119399, "type": "safe_tx", "device": "node-5-clean", "metadata": {}}
{"timestamp": 1779119399, "type": "safe_tx", "device": "node-15-mixed", "metadata": {}}
{"timestamp": 1779119400, "type": "safe_tx", "device": "node-4-clean", "metadata": {}}
{"timestamp": 1779119400, "type": "safe_tx", "device": "node-10-fuzzer", "metadata": {}}
{"timestamp": 1779119400, "type": "safe_tx", "device": "node-2-clean", "metadata": {}}
{"timestamp": 1779119400, "type": "safe_tx", "device": "node-9-stealth", "metadata": {}}
{"timestamp": 1779119401, "type": "time_anomaly", "device": "node-12-mixed", "metadata": {}}
{"timestamp": 1779119401, "type": "time_anomaly", "device": "node-14-mixed", "metadata": {}}
{"timestamp": 1779119401, "type": "safe_tx", "device": "node-4-clean", "metadata": {}}
{"timestamp": 1779119401, "type": "time_anomaly", "device": "node-7-timespoof", "metadata": {}}
{"timestamp": 1779119401, "type": "safe_tx", "device": "node-6-overflow", "metadata": {}}
{"timestamp": 1779119401, "type": "safe_tx", "device": "node-8-spammer", "metadata": {}}
{"timestamp": 1779119401, "type": "safe_tx", "device": "node-8-spammer", "metadata": {}}
{"timestamp": 1779119401, "type": "safe_tx", "device": "node-8-spammer", "metadata": {}}
{"timestamp": 1779119401, "type": "safe_tx", "device": "node-5-clean", "metadata": {}}
{"timestamp": 1779119402, "type": "safe_tx", "device": "node-3-clean", "metadata": {}}
{"timestamp": 1779119402, "type": "safe_tx", "device": "node-8-spammer", "metadata": {}}
{"timestamp": 1779119402, "type": "safe_tx", "device": "node-1-clean", "metadata": {}}
{"timestamp": 1779119402, "type": "safe_tx", "device": "node-8-spammer", "metadata": {}}
{"timestamp": 1779119402, "type": "safe_tx", "device": "node-8-spammer", "metadata": {}}
{"timestamp": 1779119402, "type": "safe_tx", "device": "node-8-spammer", "metadata": {}}
{"timestamp": 1779119402, "type": "time_anomaly", "device": "node-15-mixed", "metadata": {}}
{"timestamp": 1779119402, "type": "safe_tx", "device": "node-8-spammer", "metadata": {}}
{"timestamp": 1779119402, "type": "fuzzing", "device": "node-10-fuzzer", "metadata": {}}
{"timestamp": 1779119402, "type": "safe_tx", "device": "node-8-spammer", "metadata": {}}
{"timestamp": 1779119402, "type": "dos_spam", "device": "node-8-spammer", "metadata": {"count": 30, "window_sec": 5}}
{"timestamp": 1779119402, "type": "safe_tx", "device": "node-1-clean", "metadata": {}}
{"timestamp": 1779119402, "type": "safe_tx", "device": "node-8-spammer", "metadata": {}}
{"timestamp": 1779119402, "type": "safe_tx", "device": "node-8-spammer", "metadata": {}}
{"timestamp": 1779119402, "type": "safe_tx", "device": "node-14-mixed", "metadata": {}}
{"timestamp": 1779119402, "type": "safe_tx", "device": "node-2-clean", "metadata": {}}
{"timestamp": 1779119402, "type": "safe_tx", "device": "node-5-clean", "metadata": {}}
{"timestamp": 1779119402, "type": "safe_tx", "device": "node-3-clean", "metadata": {}}
{"timestamp": 1779119403, "type": "safe_tx", "device": "node-11-pulsing", "metadata": {}}
{"timestamp": 1779119403, "type": "safe_tx", "device": "node-11-pulsing", "metadata": {}}
{"timestamp": 1779119403, "type": "safe_tx", "device": "node-11-pulsing", "metadata": {}}
{"timestamp": 1779119403, "type": "safe_tx", "device": "node-11-pulsing", "metadata": {}}
{"timestamp": 1779119403, "type": "safe_tx", "device": "node-11-pulsing", "metadata": {}}
{"timestamp": 1779119403, "type": "safe_tx", "device": "node-11-pulsing", "metadata": {}}
{"timestamp": 1779119403, "type": "safe_tx", "device": "node-15-mixed", "metadata": {}}
{"timestamp": 1779119403, "type": "safe_tx", "device": "node-11-pulsing", "metadata": {}}
{"timestamp": 1779119403, "type": "safe_tx", "device": "node-8-spammer", "metadata": {}}
{"timestamp": 1779119403, "type": "safe_tx", "device": "node-8-spammer", "metadata": {}}
{"timestamp": 1779119403, "type": "safe_tx", "device": "node-11-pulsing", "metadata": {}}
{"timestamp": 1779119403, "type": "safe_tx", "device": "node-8-spammer", "metadata": {}}
{"timestamp": 1779119403, "type": "safe_tx", "device": "node-11-pulsing", "metadata": {}}
{"timestamp": 1779119403, "type": "safe_tx", "device": "node-11-pulsing", "metadata": {}}
{"timestamp": 1779119403, "type": "safe_tx", "device": "node-5-clean", "metadata": {}}
{"timestamp": 1779119403, "type": "safe_tx", "device": "node-11-pulsing", "metadata": {}}
{"timestamp": 1779119403, "type": "safe_tx", "device": "node-11-pulsing", "metadata": {}}
{"timestamp": 1779119403, "type": "safe_tx", "device": "node-11-pulsing", "metadata": {}}
{"timestamp": 1779119403, "type": "safe_tx", "device": "node-11-pulsing", "metadata": {}}
{"timestamp": 1779119403, "type": "safe_tx", "device": "node-11-pulsing", "metadata": {}}
{"timestamp": 1779119403, "type": "dos_spam", "device": "node-11-pulsing", "metadata": {}}
{"timestamp": 1779119403, "type": "safe_tx", "device": "node-11-pulsing", "metadata": {}}
{"timestamp": 1779119404, "type": "safe_tx", "device": "node-11-pulsing", "metadata": {}}
{"timestamp": 1779119404, "type": "safe_tx", "device": "node-11-pulsing", "metadata": {}}
{"timestamp": 1779119404, "type": "safe_tx", "device": "node-5-clean", "metadata": {}}
{"timestamp": 1779119404, "type": "safe_tx", "device": "node-11-pulsing", "metadata": {}}
{"timestamp": 1779119404, "type": "safe_tx", "device": "node-8-spammer", "metadata": {}}
{"timestamp": 1779119404, "type": "safe_tx", "device": "node-8-spammer", "metadata": {}}
{"timestamp": 1779119404, "type": "safe_tx", "device": "node-11-pulsing", "metadata": {}}
{"timestamp": 1779119404, "type": "safe_tx", "device": "node-8-spammer", "metadata": {}}
{"timestamp": 1779119404, "type": "safe_tx", "device": "node-8-spammer", "metadata": {}}
{"timestamp": 1779119404, "type": "dos_spam", "device": "node-8-spammer", "metadata": {}}
{"timestamp": 1779119404, "type": "fuzzing", "device": "node-10-fuzzer", "metadata": {}}
{"timestamp": 1779119404, "type": "safe_tx", "device": "node-8-spammer", "metadata": {}}
{"timestamp": 1779119404, "type": "safe_tx", "device": "node-8-spammer", "metadata": {}}
{"timestamp": 1779119404, "type": "safe_tx", "device": "node-8-spammer", "metadata": {}}
{"timestamp": 1779119404, "type": "safe_tx", "device": "node-8-spammer", "metadata": {}}
{"timestamp": 1779119404, "type": "safe_tx", "device": "node-8-spammer", "metadata": {}}
{"timestamp": 1779119404, "type": "safe_tx", "device": "node-4-clean", "metadata": {}}
{"timestamp": 1779119404, "type": "safe_tx", "device": "node-8-spammer", "metadata": {}}
{"timestamp": 1779119404, "type": "safe_tx", "device": "node-8-spammer", "metadata": {}}
{"timestamp": 1779119404, "type": "safe_tx", "device": "node-13-mixed", "metadata": {}}
{"timestamp": 1779119404, "type": "safe_tx", "device": "node-5-clean", "metadata": {}}
{"timestamp": 1779119404, "type": "fuzzing", "device": "node-10-fuzzer", "metadata": {}}
{"timestamp": 1779119405, "type": "time_anomaly", "device": "node-14-mixed", "metadata": {}}
{"timestamp": 1779119404, "type": "safe_tx", "device": "node-12-mixed", "metadata": {}}
{"timestamp": 1779119405, "type": "time_anomaly", "device": "node-7-timespoof", "metadata": {}}
{"timestamp": 1779119405, "type": "safe_tx", "device": "node-12-mixed", "metadata": {}}
{"timestamp": 1779119405, "type": "safe_tx", "device": "node-9-stealth", "metadata": {}}
{"timestamp": 1779119405, "type": "safe_tx", "device": "node-8-spammer", "metadata": {}}
{"timestamp": 1779119405, "type": "safe_tx", "device": "node-8-spammer", "metadata": {}}
{"timestamp": 1779119405, "type": "safe_tx", "device": "node-8-spammer", "metadata": {}}
{"timestamp": 1779119405, "type": "safe_tx", "device": "node-8-spammer", "metadata": {}}
{"timestamp": 1779119405, "type": "safe_tx", "device": "node-8-spammer", "metadata": {}}
{"timestamp": 1779119405, "type": "safe_tx", "device": "node-8-spammer", "metadata": {}}
{"timestamp": 1779119405, "type": "safe_tx", "device": "node-1-clean", "metadata": {}}
{"timestamp": 1779119405, "type": "safe_tx", "device": "node-8-spammer", "metadata": {}}
{"timestamp": 1779119405, "type": "safe_tx", "device": "node-8-spammer", "metadata": {}}
{"timestamp": 1779119405, "type": "dos_spam", "device": "node-8-spammer", "metadata": {}}
{"timestamp": 1779119405, "type": "safe_tx", "device": "node-8-spammer", "metadata": {}}
{"timestamp": 1779119405, "type": "safe_tx", "device": "node-8-spammer", "metadata": {}}
{"timestamp": 1779119405, "type": "safe_tx", "device": "node-2-clean", "metadata": {}}
{"timestamp": 1779119405, "type": "fuzzing", "device": "node-10-fuzzer", "metadata": {}}
{"timestamp": 1779119406, "type": "overflow", "device": "node-9-stealth", "metadata": {"count": 3, "window_sec": 30}}
{"timestamp": 1779119406, "type": "safe_tx", "device": "node-1-clean", "metadata": {}}
{"timestamp": 1779119406, "type": "safe_tx", "device": "node-4-clean", "metadata": {}}
{"timestamp": 1779119406, "type": "safe_tx", "device": "node-13-mixed", "metadata": {}}
{"timestamp": 1779119406, "type": "safe_tx", "device": "node-3-clean", "metadata": {}}
{"timestamp": 1779119406, "type": "safe_tx", "device": "node-12-mixed", "metadata": {}}
{"timestamp": 1779119406, "type": "safe_tx", "device": "node-8-spammer", "metadata": {}}
{"timestamp": 1779119406, "type": "safe_tx", "device": "node-8-spammer", "metadata": {}}
{"timestamp": 1779119406, "type": "safe_tx", "device": "node-8-spammer", "metadata": {}}
{"timestamp": 1779119407, "type": "safe_tx", "device": "node-9-stealth", "metadata": {}}
{"timestamp": 1779119407, "type": "safe_tx", "device": "node-2-clean", "metadata": {}}
{"timestamp": 1779119407, "type": "safe_tx", "device": "node-15-mixed", "metadata": {}}
{"timestamp": 1779119407, "type": "safe_tx", "device": "node-10-fuzzer", "metadata": {}}
{"timestamp": 1779119407, "type": "safe_tx", "device": "node-1-clean", "metadata": {}}
{"timestamp": 1779119408, "type": "safe_tx", "device": "node-5-clean", "metadata": {}}
{"timestamp": 1779119408, "type": "safe_tx", "device": "node-8-spammer", "metadata": {}}
{"timestamp": 1779119408, "type": "safe_tx", "device": "node-8-spammer", "metadata": {}}
{"timestamp": 1779119408, "type": "safe_tx", "device": "node-1-clean", "metadata": {}}
{"timestamp": 1779119408, "type": "safe_tx", "device": "node-8-spammer", "metadata": {}}
{"timestamp": 1779119408, "type": "dos_spam", "device": "node-8-spammer", "metadata": {"count": 30, "window_sec": 5}}
{"timestamp": 1779119408, "type": "safe_tx", "device": "node-8-spammer", "metadata": {}}
{"timestamp": 1779119408, "type": "safe_tx", "device": "node-8-spammer", "metadata": {}}
{"timestamp": 1779119408, "type": "safe_tx", "device": "node-8-spammer", "metadata": {}}
{"timestamp": 1779119408, "type": "safe_tx", "device": "node-8-spammer", "metadata": {}}
{"timestamp": 1779119408, "type": "safe_tx", "device": "node-8-spammer", "metadata": {}}
{"timestamp": 1779119408, "type": "safe_tx", "device": "node-8-spammer", "metadata": {}}
{"timestamp": 1779119408, "type": "safe_tx", "device": "node-8-spammer", "metadata": {}}
{"timestamp": 1779119408, "type": "safe_tx", "device": "node-8-spammer", "metadata": {}}
{"timestamp": 1779119408, "type": "safe_tx", "device": "node-8-spammer", "metadata": {}}
{"timestamp": 1779119408, "type": "dos_spam", "device": "node-8-spammer", "metadata": {}}
{"timestamp": 1779119408, "type": "fuzzing", "device": "node-10-fuzzer", "metadata": {}}
{"timestamp": 1779119408, "type": "safe_tx", "device": "node-9-stealth", "metadata": {}}
{"timestamp": 1779119408, "type": "safe_tx", "device": "node-1-clean", "metadata": {}}
{"timestamp": 1779119409, "type": "safe_tx", "device": "node-14-mixed", "metadata": {}}
{"timestamp": 1779119409, "type": "safe_tx", "device": "node-1-clean", "metadata": {}}
{"timestamp": 1779119409, "type": "safe_tx", "device": "node-8-spammer", "metadata": {}}
{"timestamp": 1779119409, "type": "safe_tx", "device": "node-2-clean", "metadata": {}}
{"timestamp": 1779119409, "type": "safe_tx", "device": "node-14-mixed", "metadata": {}}
{"timestamp": 1779119409, "type": "safe_tx", "device": "node-4-clean", "metadata": {}}
{"timestamp": 1779119409, "type": "safe_tx", "device": "node-3-clean", "metadata": {}}
{"timestamp": 1779119410, "type": "safe_tx", "device": "node-12-mixed", "metadata": {}}
{"timestamp": 1779119410, "type": "safe_tx", "device": "node-13-mixed", "metadata": {}}
{"timestamp": 1779119410, "type": "safe_tx", "device": "node-8-spammer", "metadata": {}}
{"timestamp": 1779119410, "type": "safe_tx", "device": "node-8-spammer", "metadata": {}}
{"timestamp": 1779119410, "type": "safe_tx", "device": "node-8-spammer", "metadata": {}}
{"timestamp": 1779119410, "type": "safe_tx", "device": "node-5-clean", "metadata": {}}
{"timestamp": 1779119410, "type": "overflow", "device": "node-6-overflow", "metadata": {"count": 3, "window_sec": 30}}
{"timestamp": 1779119410, "type": "fuzzing", "device": "node-10-fuzzer", "metadata": {}}
{"timestamp": 1779119410, "type": "time_anomaly", "device": "node-7-timespoof", "metadata": {}}
{"timestamp": 1779119411, "type": "safe_tx", "device": "node-8-spammer", "metadata": {}}
{"timestamp": 1779119411, "type": "safe_tx", "device": "node-8-spammer", "metadata": {}}
{"timestamp": 1779119411, "type": "safe_tx", "device": "node-8-spammer", "metadata": {}}
{"timestamp": 1779119411, "type": "safe_tx", "device": "node-9-stealth", "metadata": {}}
{"timestamp": 1779119411, "type": "fuzzing", "device": "node-10-fuzzer", "metadata": {}}
{"timestamp": 1779119412, "type": "safe_tx", "device": "node-8-spammer", "metadata": {}}
{"timestamp": 1779119412, "type": "safe_tx", "device": "node-8-spammer", "metadata": {}}
{"timestamp": 1779119412, "type": "overflow", "device": "node-13-mixed", "metadata": {"count": 3, "window_sec": 30}}
{"timestamp": 1779119412, "type": "safe_tx", "device": "node-8-spammer", "metadata": {}}
{"timestamp": 1779119412, "type": "safe_tx", "device": "node-8-spammer", "metadata": {}}
{"timestamp": 1779119412, "type": "safe_tx", "device": "node-3-clean", "metadata": {}}
{"timestamp": 1779119412, "type": "safe_tx", "device": "node-8-spammer", "metadata": {}}
{"timestamp": 1779119412, "type": "safe_tx", "device": "node-8-spammer", "metadata": {}}
{"timestamp": 1779119412, "type": "safe_tx", "device": "node-14-mixed", "metadata": {}}
{"timestamp": 1779119412, "type": "safe_tx", "device": "node-12-mixed", "metadata": {}}
{"timestamp": 1779119412, "type": "safe_tx", "device": "node-13-mixed", "metadata": {}}
{"timestamp": 1779119412, "type": "safe_tx", "device": "node-8-spammer", "metadata": {}}
{"timestamp": 1779119412, "type": "safe_tx", "device": "node-8-spammer", "metadata": {}}
{"timestamp": 1779119412, "type": "safe_tx", "device": "node-8-spammer", "metadata": {}}
{"timestamp": 1779119412, "type": "dos_spam", "device": "node-8-spammer", "metadata": {}}
{"timestamp": 1779119412, "type": "safe_tx", "device": "node-14-mixed", "metadata": {}}
{"timestamp": 1779119413, "type": "safe_tx", "device": "node-1-clean", "metadata": {}}
{"timestamp": 1779119413, "type": "safe_tx", "device": "node-4-clean", "metadata": {}}
{"timestamp": 1779119413, "type": "safe_tx", "device": "node-12-mixed", "metadata": {}}
{"timestamp": 1779119413, "type": "safe_tx", "device": "node-9-stealth", "metadata": {}}
{"timestamp": 1779119413, "type": "safe_tx", "device": "node-10-fuzzer", "metadata": {}}
{"timestamp": 1779119413, "type": "safe_tx", "device": "node-8-spammer", "metadata": {}}
{"timestamp": 1779119413, "type": "safe_tx", "device": "node-8-spammer", "metadata": {}}
{"timestamp": 1779119413, "type": "safe_tx", "device": "node-8-spammer", "metadata": {}}
{"timestamp": 1779119413, "type": "safe_tx", "device": "node-8-spammer", "metadata": {}}
{"timestamp": 1779119414, "type": "safe_tx", "device": "node-4-clean", "metadata": {}}
{"timestamp": 1779119414, "type": "safe_tx", "device": "node-5-clean", "metadata": {}}
{"timestamp": 1779119414, "type": "safe_tx", "device": "node-15-mixed", "metadata": {}}
{"timestamp": 1779119414, "type": "safe_tx", "device": "node-5-clean", "metadata": {}}
{"timestamp": 1779119414, "type": "safe_tx", "device": "node-12-mixed", "metadata": {}}
{"timestamp": 1779119414, "type": "safe_tx", "device": "node-2-clean", "metadata": {}}
{"timestamp": 1779119415, "type": "safe_tx", "device": "node-8-spammer", "metadata": {}}
{"timestamp": 1779119415, "type": "safe_tx", "device": "node-4-clean", "metadata": {}}
{"timestamp": 1779119415, "type": "safe_tx", "device": "node-8-spammer", "metadata": {}}
{"timestamp": 1779119415, "type": "safe_tx", "device": "node-15-mixed", "metadata": {}}
{"timestamp": 1779119415, "type": "safe_tx", "device": "node-8-spammer", "metadata": {}}
{"timestamp": 1779119415, "type": "safe_tx", "device": "node-8-spammer", "metadata": {}}
{"timestamp": 1779119415, "type": "safe_tx", "device": "node-8-spammer", "metadata": {}}
{"timestamp": 1779119415, "type": "safe_tx", "device": "node-8-spammer", "metadata": {}}
{"timestamp": 1779119415, "type": "safe_tx", "device": "node-8-spammer", "metadata": {}}
{"timestamp": 1779119415, "type": "safe_tx", "device": "node-8-spammer", "metadata": {}}
{"timestamp": 1779119415, "type": "fuzzing", "device": "node-10-fuzzer", "metadata": {}}
{"timestamp": 1779119415, "type": "safe_tx", "device": "node-3-clean", "metadata": {}}
{"timestamp": 1779119415, "type": "safe_tx", "device": "node-13-mixed", "metadata": {}}
{"timestamp": 1779119416, "type": "time_anomaly", "device": "node-7-timespoof", "metadata": {}}
{"timestamp": 1779119416, "type": "safe_tx", "device": "node-14-mixed", "metadata": {}}
{"timestamp": 1779119416, "type": "safe_tx", "device": "node-9-stealth", "metadata": {}}
{"timestamp": 1779119416, "type": "safe_tx", "device": "node-8-spammer", "metadata": {}}
{"timestamp": 1779119416, "type": "safe_tx", "device": "node-8-spammer", "metadata": {}}
{"timestamp": 1779119416, "type": "fuzzing", "device": "node-10-fuzzer", "metadata": {}}
{"timestamp": 1779119416, "type": "safe_tx", "device": "node-1-clean", "metadata": {}}
{"timestamp": 1779119417, "type": "safe_tx", "device": "node-10-fuzzer", "metadata": {}}
{"timestamp": 1779119417, "type": "safe_tx", "device": "node-1-clean", "metadata": {}}
{"timestamp": 1779119417, "type": "safe_tx", "device": "node-2-clean", "metadata": {}}
{"timestamp": 1779119417, "type": "safe_tx", "device": "node-8-spammer", "metadata": {}}
{"timestamp": 1779119417, "type": "safe_tx", "device": "node-8-spammer", "metadata": {}}
{"timestamp": 1779119417, "type": "safe_tx", "device": "node-8-spammer", "metadata": {}}
{"timestamp": 1779119417, "type": "safe_tx", "device": "node-8-spammer", "metadata": {}}
{"timestamp": 1779119417, "type": "safe_tx", "device": "node-8-spammer", "metadata": {}}
{"timestamp": 1779119417, "type": "dos_spam", "device": "node-8-spammer", "metadata": {}}
{"timestamp": 1779119417, "type": "safe_tx", "device": "node-8-spammer", "metadata": {}}
{"timestamp": 1779119417, "type": "safe_tx", "device": "node-8-spammer", "metadata": {}}
{"timestamp": 1779119417, "type": "dos_spam", "device": "node-8-spammer", "metadata": {"count": 30, "window_sec": 5}}
{"timestamp": 1779119417, "type": "safe_tx", "device": "node-4-clean", "metadata": {}}
{"timestamp": 1779119417, "type": "safe_tx", "device": "node-14-mixed", "metadata": {}}
{"timestamp": 1779119418, "type": "safe_tx", "device": "node-15-mixed", "metadata": {}}
{"timestamp": 1779119418, "type": "safe_tx", "device": "node-12-mixed", "metadata": {}}
{"timestamp": 1779119418, "type": "safe_tx", "device": "node-5-clean", "metadata": {}}
{"timestamp": 1779119418, "type": "safe_tx", "device": "node-3-clean", "metadata": {}}
{"timestamp": 1779119418, "type": "overflow", "device": "node-6-overflow", "metadata": {"count": 3, "window_sec": 30}}
{"timestamp": 1779119418, "type": "safe_tx", "device": "node-8-spammer", "metadata": {}}
{"timestamp": 1779119418, "type": "safe_tx", "device": "node-8-spammer", "metadata": {}}
{"timestamp": 1779119418, "type": "safe_tx", "device": "node-8-spammer", "metadata": {}}
{"timestamp": 1779119418, "type": "safe_tx", "device": "node-8-spammer", "metadata": {}}
{"timestamp": 1779119419, "type": "safe_tx", "device": "node-8-spammer", "metadata": {}}
{"timestamp": 1779119419, "type": "safe_tx", "device": "node-8-spammer", "metadata": {}}
{"timestamp": 1779119419, "type": "safe_tx", "device": "node-8-spammer", "metadata": {}}
{"timestamp": 1779119419, "type": "safe_tx", "device": "node-8-spammer", "metadata": {}}
{"timestamp": 1779119419, "type": "safe_tx", "device": "node-14-mixed", "metadata": {}}
{"timestamp": 1779119419, "type": "safe_tx", "device": "node-8-spammer", "metadata": {}}
{"timestamp": 1779119419, "type": "safe_tx", "device": "node-8-spammer", "metadata": {}}
{"timestamp": 1779119419, "type": "fuzzing", "device": "node-10-fuzzer", "metadata": {}}
{"timestamp": 1779119419, "type": "safe_tx", "device": "node-8-spammer", "metadata": {}}
{"timestamp": 1779119419, "type": "safe_tx", "device": "node-8-spammer", "metadata": {}}
{"timestamp": 1779119419, "type": "safe_tx", "device": "node-9-stealth", "metadata": {}}
{"timestamp": 1779119419, "type": "safe_tx", "device": "node-5-clean", "metadata": {}}
{"timestamp": 1779119419, "type": "safe_tx", "device": "node-3-clean", "metadata": {}}
{"timestamp": 1779119419, "type": "fuzzing", "device": "node-10-fuzzer", "metadata": {}}
{"timestamp": 1779119419, "type": "safe_tx", "device": "node-13-mixed", "metadata": {}}
{"timestamp": 1779119420, "type": "safe_tx", "device": "node-5-clean", "metadata": {}}
{"timestamp": 1779119420, "type": "safe_tx", "device": "node-14-mixed", "metadata": {}}
{"timestamp": 1779119420, "type": "time_anomaly", "device": "node-7-timespoof", "metadata": {}}
{"timestamp": 1779119420, "type": "safe_tx", "device": "node-1-clean", "metadata": {}}
{"timestamp": 1779119420, "type": "safe_tx", "device": "node-13-mixed", "metadata": {}}
{"timestamp": 1779119421, "type": "safe_tx", "device": "node-4-clean", "metadata": {}}
{"timestamp": 1779119421, "type": "safe_tx", "device": "node-15-mixed", "metadata": {}}
{"timestamp": 1779119421, "type": "fuzzing", "device": "node-10-fuzzer", "metadata": {}}
{"timestamp": 1779119421, "type": "safe_tx", "device": "node-1-clean", "metadata": {}}
{"timestamp": 1779119421, "type": "safe_tx", "device": "node-2-clean", "metadata": {}}
{"timestamp": 1779119421, "type": "safe_tx", "device": "node-9-stealth", "metadata": {}}
{"timestamp": 1779119421, "type": "safe_tx", "device": "node-12-mixed", "metadata": {}}
{"timestamp": 1779119421, "type": "safe_tx", "device": "node-8-spammer", "metadata": {}}
{"timestamp": 1779119421, "type": "safe_tx", "device": "node-8-spammer", "metadata": {}}
{"timestamp": 1779119422, "type": "safe_tx", "device": "node-8-spammer", "metadata": {}}
{"timestamp": 1779119422, "type": "safe_tx", "device": "node-3-clean", "metadata": {}}
{"timestamp": 1779119422, "type": "overflow", "device": "node-15-mixed", "metadata": {"count": 3, "window_sec": 30}}
{"timestamp": 1779119423, "type": "safe_tx", "device": "node-13-mixed", "metadata": {}}
{"timestamp": 1779119423, "type": "safe_tx", "device": "node-8-spammer", "metadata": {}}
{"timestamp": 1779119423, "type": "fuzzing", "device": "node-10-fuzzer", "metadata": {}}
{"timestamp": 1779119423, "type": "safe_tx", "device": "node-14-mixed", "metadata": {}}
{"timestamp": 1779119424, "type": "time_anomaly", "device": "node-7-timespoof", "metadata": {}}
{"timestamp": 1779119424, "type": "time_anomaly", "device": "node-12-mixed", "metadata": {}}
{"timestamp": 1779119424, "type": "safe_tx", "device": "node-1-clean", "metadata": {}}
{"timestamp": 1779119424, "type": "safe_tx", "device": "node-5-clean", "metadata": {}}
{"timestamp": 1779119424, "type": "safe_tx", "device": "node-12-mixed", "metadata": {}}
{"timestamp": 1779119424, "type": "safe_tx", "device": "node-8-spammer", "metadata": {}}
{"timestamp": 1779119424, "type": "safe_tx", "device": "node-8-spammer", "metadata": {}}
{"timestamp": 1779119424, "type": "safe_tx", "device": "node-15-mixed", "metadata": {}}
{"timestamp": 1779119424, "type": "safe_tx", "device": "node-4-clean", "metadata": {}}
{"timestamp": 1779119424, "type": "fuzzing", "device": "node-10-fuzzer", "metadata": {}}
{"timestamp": 1779119425, "type": "safe_tx", "device": "node-12-mixed", "metadata": {}}
{"timestamp": 1779119425, "type": "safe_tx", "device": "node-3-clean", "metadata": {}}
{"timestamp": 1779119425, "type": "safe_tx", "device": "node-2-clean", "metadata": {}}
{"timestamp": 1779119425, "type": "safe_tx", "device": "node-5-clean", "metadata": {}}
{"timestamp": 1779119425, "type": "safe_tx", "device": "node-8-spammer", "metadata": {}}
{"timestamp": 1779119425, "type": "safe_tx", "device": "node-8-spammer", "metadata": {}}
{"timestamp": 1779119425, "type": "safe_tx", "device": "node-8-spammer", "metadata": {}}
{"timestamp": 1779119425, "type": "safe_tx", "device": "node-8-spammer", "metadata": {}}
{"timestamp": 1779119425, "type": "safe_tx", "device": "node-8-spammer", "metadata": {}}
{"timestamp": 1779119425, "type": "safe_tx", "device": "node-8-spammer", "metadata": {}}
{"timestamp": 1779119426, "type": "safe_tx", "device": "node-8-spammer", "metadata": {}}
{"timestamp": 1779119426, "type": "safe_tx", "device": "node-8-spammer", "metadata": {}}
{"timestamp": 1779119426, "type": "safe_tx", "device": "node-8-spammer", "metadata": {}}
{"timestamp": 1779119426, "type": "safe_tx", "device": "node-8-spammer", "metadata": {}}
{"timestamp": 1779119426, "type": "safe_tx", "device": "node-8-spammer", "metadata": {}}
{"timestamp": 1779119426, "type": "safe_tx", "device": "node-8-spammer", "metadata": {}}
{"timestamp": 1779119426, "type": "safe_tx", "device": "node-8-spammer", "metadata": {}}
{"timestamp": 1779119426, "type": "dos_spam", "device": "node-8-spammer", "metadata": {}}
{"timestamp": 1779119426, "type": "safe_tx", "device": "node-8-spammer", "metadata": {}}
{"timestamp": 1779119426, "type": "safe_tx", "device": "node-8-spammer", "metadata": {}}
{"timestamp": 1779119426, "type": "overflow", "device": "node-14-mixed", "metadata": {"count": 3, "window_sec": 30}}
{"timestamp": 1779119426, "type": "safe_tx", "device": "node-8-spammer", "metadata": {}}
{"timestamp": 1779119426, "type": "safe_tx", "device": "node-8-spammer", "metadata": {}}
{"timestamp": 1779119426, "type": "safe_tx", "device": "node-13-mixed", "metadata": {}}
{"timestamp": 1779119426, "type": "overflow", "device": "node-9-stealth", "metadata": {"count": 3, "window_sec": 30}}
{"timestamp": 1779119426, "type": "safe_tx", "device": "node-4-clean", "metadata": {}}
{"timestamp": 1779119426, "type": "safe_tx", "device": "node-3-clean", "metadata": {}}
{"timestamp": 1779119426, "type": "fuzzing", "device": "node-10-fuzzer", "metadata": {}}
{"timestamp": 1779119427, "type": "safe_tx", "device": "node-9-stealth", "metadata": {}}
{"timestamp": 1779119427, "type": "safe_tx", "device": "node-1-clean", "metadata": {}}
{"timestamp": 1779119427, "type": "safe_tx", "device": "node-8-spammer", "metadata": {}}
{"timestamp": 1779119427, "type": "safe_tx", "device": "node-8-spammer", "metadata": {}}
{"timestamp": 1779119427, "type": "safe_tx", "device": "node-8-spammer", "metadata": {}}
{"timestamp": 1779119427, "type": "safe_tx", "device": "node-8-spammer", "metadata": {}}
{"timestamp": 1779119427, "type": "safe_tx", "device": "node-8-spammer", "metadata": {}}
{"timestamp": 1779119427, "type": "safe_tx", "device": "node-8-spammer", "metadata": {}}
{"timestamp": 1779119427, "type": "safe_tx", "device": "node-8-spammer", "metadata": {}}
{"timestamp": 1779119427, "type": "safe_tx", "device": "node-8-spammer", "metadata": {}}
{"timestamp": 1779119427, "type": "safe_tx", "device": "node-8-spammer", "metadata": {}}
{"timestamp": 1779119427, "type": "dos_spam", "device": "node-8-spammer", "metadata": {"count": 30, "window_sec": 5}}
{"timestamp": 1779119427, "type": "safe_tx", "device": "node-8-spammer", "metadata": {}}
{"timestamp": 1779119427, "type": "safe_tx", "device": "node-13-mixed", "metadata": {}}
{"timestamp": 1779119428, "type": "time_anomaly", "device": "node-15-mixed", "metadata": {}}
{"timestamp": 1779119427, "type": "safe_tx", "device": "node-3-clean", "metadata": {}}
{"timestamp": 1779119428, "type": "safe_tx", "device": "node-15-mixed", "metadata": {}}
{"timestamp": 1779119428, "type": "safe_tx", "device": "node-12-mixed", "metadata": {}}
{"timestamp": 1779119428, "type": "safe_tx", "device": "node-13-mixed", "metadata": {}}
{"timestamp": 1779119428, "type": "safe_tx", "device": "node-3-clean", "metadata": {}}
{"timestamp": 1779119428, "type": "safe_tx", "device": "node-14-mixed", "metadata": {}}
{"timestamp": 1779119428, "type": "safe_tx", "device": "node-5-clean", "metadata": {}}
{"timestamp": 1779119428, "type": "safe_tx", "device": "node-12-mixed", "metadata": {}}
{"timestamp": 1779119428, "type": "overflow", "device": "node-6-overflow", "metadata": {"count": 3, "window_sec": 30}}
{"timestamp": 1779119429, "type": "safe_tx", "device": "node-15-mixed", "metadata": {}}
{"timestamp": 1779119429, "type": "safe_tx", "device": "node-5-clean", "metadata": {}}
{"timestamp": 1779119429, "type": "safe_tx", "device": "node-8-spammer", "metadata": {}}
{"timestamp": 1779119429, "type": "safe_tx", "device": "node-8-spammer", "metadata": {}}
{"timestamp": 1779119429, "type": "safe_tx", "device": "node-10-fuzzer", "metadata": {}}
{"timestamp": 1779119429, "type": "safe_tx", "device": "node-15-mixed", "metadata": {}}
{"timestamp": 1779119429, "type": "safe_tx", "device": "node-5-clean", "metadata": {}}
{"timestamp": 1779119429, "type": "safe_tx", "device": "node-3-clean", "metadata": {}}
{"timestamp": 1779119429, "type": "safe_tx", "device": "node-14-mixed", "metadata": {}}
{"timestamp": 1779119430, "type": "time_anomaly", "device": "node-7-timespoof", "metadata": {}}
{"timestamp": 1779119429, "type": "safe_tx", "device": "node-2-clean", "metadata": {}}
{"timestamp": 1779119429, "type": "safe_tx", "device": "node-9-stealth", "metadata": {}}
{"timestamp": 1779119429, "type": "safe_tx", "device": "node-4-clean", "metadata": {}}
{"timestamp": 1779119430, "type": "safe_tx", "device": "node-1-clean", "metadata": {}}
{"timestamp": 1779119430, "type": "fuzzing", "device": "node-10-fuzzer", "metadata": {}}
{"timestamp": 1779119430, "type": "safe_tx", "device": "node-12-mixed", "metadata": {}}
{"timestamp": 1779119430, "type": "safe_tx", "device": "node-11-pulsing", "metadata": {}}
{"timestamp": 1779119430, "type": "safe_tx", "device": "node-11-pulsing", "metadata": {}}
{"timestamp": 1779119430, "type": "safe_tx", "device": "node-11-pulsing", "metadata": {}}
{"timestamp": 1779119430, "type": "safe_tx", "device": "node-11-pulsing", "metadata": {}}
{"timestamp": 1779119430, "type": "safe_tx", "device": "node-11-pulsing", "metadata": {}}
{"timestamp": 1779119431, "type": "safe_tx", "device": "node-11-pulsing", "metadata": {}}
{"timestamp": 1779119431, "type": "safe_tx", "device": "node-11-pulsing", "metadata": {}}
{"timestamp": 1779119431, "type": "safe_tx", "device": "node-9-stealth", "metadata": {}}
{"timestamp": 1779119431, "type": "safe_tx", "device": "node-11-pulsing", "metadata": {}}
{"timestamp": 1779119431, "type": "safe_tx", "device": "node-11-pulsing", "metadata": {}}
{"timestamp": 1779119431, "type": "safe_tx", "device": "node-11-pulsing", "metadata": {}}
{"timestamp": 1779119431, "type": "safe_tx", "device": "node-11-pulsing", "metadata": {}}
{"timestamp": 1779119431, "type": "safe_tx", "device": "node-11-pulsing", "metadata": {}}
{"timestamp": 1779119431, "type": "safe_tx", "device": "node-11-pulsing", "metadata": {}}
{"timestamp": 1779119431, "type": "safe_tx", "device": "node-8-spammer", "metadata": {}}
{"timestamp": 1779119431, "type": "safe_tx", "device": "node-8-spammer", "metadata": {}}
{"timestamp": 1779119431, "type": "safe_tx", "device": "node-11-pulsing", "metadata": {}}
{"timestamp": 1779119431, "type": "safe_tx", "device": "node-8-spammer", "metadata": {}}
{"timestamp": 1779119431, "type": "safe_tx", "device": "node-8-spammer", "metadata": {}}
{"timestamp": 1779119431, "type": "safe_tx", "device": "node-11-pulsing", "metadata": {}}
{"timestamp": 1779119431, "type": "dos_spam", "device": "node-11-pulsing", "metadata": {}}
{"timestamp": 1779119431, "type": "safe_tx", "device": "node-8-spammer", "metadata": {}}
{"timestamp": 1779119431, "type": "safe_tx", "device": "node-11-pulsing", "metadata": {}}
{"timestamp": 1779119431, "type": "safe_tx", "device": "node-8-spammer", "metadata": {}}
{"timestamp": 1779119431, "type": "safe_tx", "device": "node-8-spammer", "metadata": {}}
{"timestamp": 1779119431, "type": "safe_tx", "device": "node-2-clean", "metadata": {}}
{"timestamp": 1779119431, "type": "safe_tx", "device": "node-11-pulsing", "metadata": {}}
{"timestamp": 1779119431, "type": "safe_tx", "device": "node-8-spammer", "metadata": {}}
{"timestamp": 1779119431, "type": "safe_tx", "device": "node-8-spammer", "metadata": {}}
{"timestamp": 1779119431, "type": "safe_tx", "device": "node-11-pulsing", "metadata": {}}
{"timestamp": 1779119431, "type": "safe_tx", "device": "node-8-spammer", "metadata": {}}
{"timestamp": 1779119431, "type": "safe_tx", "device": "node-15-mixed", "metadata": {}}
{"timestamp": 1779119431, "type": "safe_tx", "device": "node-11-pulsing", "metadata": {}}
{"timestamp": 1779119431, "type": "safe_tx", "device": "node-8-spammer", "metadata": {}}
{"timestamp": 1779119431, "type": "safe_tx", "device": "node-8-spammer", "metadata": {}}
{"timestamp": 1779119431, "type": "safe_tx", "device": "node-11-pulsing", "metadata": {}}
{"timestamp": 1779119431, "type": "safe_tx", "device": "node-8-spammer", "metadata": {}}
{"timestamp": 1779119431, "type": "dos_spam", "device": "node-8-spammer", "metadata": {}}
{"timestamp": 1779119431, "type": "safe_tx", "device": "node-8-spammer", "metadata": {}}
{"timestamp": 1779119431, "type": "safe_tx", "device": "node-8-spammer", "metadata": {}}
{"timestamp": 1779119431, "type": "safe_tx", "device": "node-8-spammer", "metadata": {}}
{"timestamp": 1779119431, "type": "safe_tx", "device": "node-8-spammer", "metadata": {}}
{"timestamp": 1779119431, "type": "safe_tx", "device": "node-9-stealth", "metadata": {}}
{"timestamp": 1779119431, "type": "safe_tx", "device": "node-8-spammer", "metadata": {}}
{"timestamp": 1779119432, "type": "safe_tx", "device": "node-2-clean", "metadata": {}}
{"timestamp": 1779119432, "type": "safe_tx", "device": "node-1-clean", "metadata": {}}
{"timestamp": 1779119432, "type": "safe_tx", "device": "node-4-clean", "metadata": {}}
{"timestamp": 1779119432, "type": "safe_tx", "device": "node-2-clean", "metadata": {}}
{"timestamp": 1779119432, "type": "safe_tx", "device": "node-3-clean", "metadata": {}}
{"timestamp": 1779119432, "type": "safe_tx", "device": "node-8-spammer", "metadata": {}}
{"timestamp": 1779119432, "type": "safe_tx", "device": "node-8-spammer", "metadata": {}}
{"timestamp": 1779119432, "type": "safe_tx", "device": "node-8-spammer", "metadata": {}}
{"timestamp": 1779119433, "type": "safe_tx", "device": "node-8-spammer", "metadata": {}}
{"timestamp": 1779119433, "type": "safe_tx", "device": "node-8-spammer", "metadata": {}}
{"timestamp": 1779119433, "type": "safe_tx", "device": "node-8-spammer", "metadata": {}}
{"timestamp": 1779119433, "type": "safe_tx", "device": "node-8-spammer", "metadata": {}}
{"timestamp": 1779119433, "type": "safe_tx", "device": "node-5-clean", "metadata": {}}
{"timestamp": 1779119433, "type": "safe_tx", "device": "node-8-spammer", "metadata": {}}
{"timestamp": 1779119433, "type": "safe_tx", "device": "node-14-mixed", "metadata": {}}
{"timestamp": 1779119433, "type": "safe_tx", "device": "node-8-spammer", "metadata": {}}
{"timestamp": 1779119433, "type": "safe_tx", "device": "node-8-spammer", "metadata": {}}
{"timestamp": 1779119433, "type": "dos_spam", "device": "node-8-spammer", "metadata": {"count": 30, "window_sec": 5}}
{"timestamp": 1779119433, "type": "dos_spam", "device": "node-8-spammer", "metadata": {}}
{"timestamp": 1779119433, "type": "safe_tx", "device": "node-8-spammer", "metadata": {}}
{"timestamp": 1779119433, "type": "safe_tx", "device": "node-8-spammer", "metadata": {}}
{"timestamp": 1779119433, "type": "safe_tx", "device": "node-8-spammer", "metadata": {}}
{"timestamp": 1779119433, "type": "safe_tx", "device": "node-8-spammer", "metadata": {}}
{"timestamp": 1779119433, "type": "time_anomaly", "device": "node-7-timespoof", "metadata": {}}
{"timestamp": 1779119433, "type": "safe_tx", "device": "node-10-fuzzer", "metadata": {}}
{"timestamp": 1779119433, "type": "safe_tx", "device": "node-15-mixed", "metadata": {}}
{"timestamp": 1779119434, "type": "safe_tx", "device": "node-4-clean", "metadata": {}}
{"timestamp": 1779119434, "type": "safe_tx", "device": "node-8-spammer", "metadata": {}}
{"timestamp": 1779119434, "type": "safe_tx", "device": "node-8-spammer", "metadata": {}}
{"timestamp": 1779119434, "type": "safe_tx", "device": "node-8-spammer", "metadata": {}}
{"timestamp": 1779119434, "type": "safe_tx", "device": "node-8-spammer", "metadata": {}}
{"timestamp": 1779119434, "type": "safe_tx", "device": "node-5-clean", "metadata": {}}
{"timestamp": 1779119434, "type": "safe_tx", "device": "node-10-fuzzer", "metadata": {}}
{"timestamp": 1779119434, "type": "safe_tx", "device": "node-5-clean", "metadata": {}}
{"timestamp": 1779119434, "type": "safe_tx", "device": "node-3-clean", "metadata": {}}
{"timestamp": 1779119434, "type": "safe_tx", "device": "node-9-stealth", "metadata": {}}
{"timestamp": 1779119435, "type": "safe_tx", "device": "node-1-clean", "metadata": {}}
{"timestamp": 1779119435, "type": "safe_tx", "device": "node-12-mixed", "metadata": {}}
{"timestamp": 1779119435, "type": "safe_tx", "device": "node-13-mixed", "metadata": {}}
{"timestamp": 1779119435, "type": "safe_tx", "device": "node-3-clean", "metadata": {}}
{"timestamp": 1779119435, "type": "safe_tx", "device": "node-8-spammer", "metadata": {}}
{"timestamp": 1779119435, "type": "safe_tx", "device": "node-8-spammer", "metadata": {}}
{"timestamp": 1779119435, "type": "safe_tx", "device": "node-8-spammer", "metadata": {}}
{"timestamp": 1779119435, "type": "safe_tx", "device": "node-14-mixed", "metadata": {}}
{"timestamp": 1779119436, "type": "safe_tx", "device": "node-2-clean", "metadata": {}}
{"timestamp": 1779119436, "type": "overflow", "device": "node-10-fuzzer", "metadata": {"count": 3, "window_sec": 30}}
{"timestamp": 1779119436, "type": "safe_tx", "device": "node-4-clean", "metadata": {}}
{"timestamp": 1779119436, "type": "safe_tx", "device": "node-8-spammer", "metadata": {}}
{"timestamp": 1779119436, "type": "safe_tx", "device": "node-8-spammer", "metadata": {}}
{"timestamp": 1779119436, "type": "safe_tx", "device": "node-8-spammer", "metadata": {}}
{"timestamp": 1779119436, "type": "safe_tx", "device": "node-8-spammer", "metadata": {}}
{"timestamp": 1779119436, "type": "safe_tx", "device": "node-2-clean", "metadata": {}}
{"timestamp": 1779119436, "type": "safe_tx", "device": "node-15-mixed", "metadata": {}}
{"timestamp": 1779119436, "type": "safe_tx", "device": "node-13-mixed", "metadata": {}}
{"timestamp": 1779119436, "type": "safe_tx", "device": "node-5-clean", "metadata": {}}
{"timestamp": 1779119436, "type": "safe_tx", "device": "node-9-stealth", "metadata": {}}
{"timestamp": 1779119437, "type": "time_anomaly", "device": "node-7-timespoof", "metadata": {}}
{"timestamp": 1779119437, "type": "safe_tx", "device": "node-5-clean", "metadata": {}}
{"timestamp": 1779119437, "type": "safe_tx", "device": "node-3-clean", "metadata": {}}
{"timestamp": 1779119437, "type": "safe_tx", "device": "node-8-spammer", "metadata": {}}
{"timestamp": 1779119437, "type": "safe_tx", "device": "node-8-spammer", "metadata": {}}
{"timestamp": 1779119438, "type": "safe_tx", "device": "node-13-mixed", "metadata": {}}
{"timestamp": 1779119438, "type": "safe_tx", "device": "node-12-mixed", "metadata": {}}
{"timestamp": 1779119438, "type": "safe_tx", "device": "node-9-stealth", "metadata": {}}
{"timestamp": 1779119438, "type": "safe_tx", "device": "node-1-clean", "metadata": {}}
{"timestamp": 1779119438, "type": "safe_tx", "device": "node-8-spammer", "metadata": {}}
{"timestamp": 1779119438, "type": "safe_tx", "device": "node-8-spammer", "metadata": {}}
{"timestamp": 1779119438, "type": "overflow", "device": "node-6-overflow", "metadata": {"count": 3, "window_sec": 30}}
{"timestamp": 1779119438, "type": "safe_tx", "device": "node-8-spammer", "metadata": {}}
{"timestamp": 1779119439, "type": "safe_tx", "device": "node-8-spammer", "metadata": {}}
{"timestamp": 1779119439, "type": "safe_tx", "device": "node-8-spammer", "metadata": {}}
{"timestamp": 1779119439, "type": "safe_tx", "device": "node-8-spammer", "metadata": {}}
{"timestamp": 1779119439, "type": "safe_tx", "device": "node-8-spammer", "metadata": {}}
{"timestamp": 1779119439, "type": "safe_tx", "device": "node-2-clean", "metadata": {}}
{"timestamp": 1779119439, "type": "safe_tx", "device": "node-8-spammer", "metadata": {}}
{"timestamp": 1779119439, "type": "safe_tx", "device": "node-14-mixed", "metadata": {}}
{"timestamp": 1779119439, "type": "safe_tx", "device": "node-8-spammer", "metadata": {}}
{"timestamp": 1779119439, "type": "safe_tx", "device": "node-8-spammer", "metadata": {}}
{"timestamp": 1779119439, "type": "safe_tx", "device": "node-4-clean", "metadata": {}}
{"timestamp": 1779119439, "type": "safe_tx", "device": "node-10-fuzzer", "metadata": {}}
{"timestamp": 1779119439, "type": "safe_tx", "device": "node-9-stealth", "metadata": {}}
{"timestamp": 1779119439, "type": "safe_tx", "device": "node-3-clean", "metadata": {}}
{"timestamp": 1779119439, "type": "safe_tx", "device": "node-13-mixed", "metadata": {}}
{"timestamp": 1779119439, "type": "safe_tx", "device": "node-8-spammer", "metadata": {}}
{"timestamp": 1779119439, "type": "safe_tx", "device": "node-8-spammer", "metadata": {}}
{"timestamp": 1779119440, "type": "safe_tx", "device": "node-8-spammer", "metadata": {}}
{"timestamp": 1779119440, "type": "safe_tx", "device": "node-8-spammer", "metadata": {}}
{"timestamp": 1779119440, "type": "safe_tx", "device": "node-8-spammer", "metadata": {}}
{"timestamp": 1779119440, "type": "dos_spam", "device": "node-8-spammer", "metadata": {}}
{"timestamp": 1779119440, "type": "safe_tx", "device": "node-15-mixed", "metadata": {}}
{"timestamp": 1779119440, "type": "safe_tx", "device": "node-8-spammer", "metadata": {}}
{"timestamp": 1779119440, "type": "safe_tx", "device": "node-8-spammer", "metadata": {}}
{"timestamp": 1779119440, "type": "safe_tx", "device": "node-8-spammer", "metadata": {}}
{"timestamp": 1779119440, "type": "safe_tx", "device": "node-8-spammer", "metadata": {}}
{"timestamp": 1779119440, "type": "safe_tx", "device": "node-4-clean", "metadata": {}}
{"timestamp": 1779119440, "type": "safe_tx", "device": "node-1-clean", "metadata": {}}
{"timestamp": 1779119440, "type": "overflow", "device": "node-12-mixed", "metadata": {"count": 3, "window_sec": 30}}
{"timestamp": 1779119440, "type": "safe_tx", "device": "node-15-mixed", "metadata": {}}
{"timestamp": 1779119440, "type": "safe_tx", "device": "node-8-spammer", "metadata": {}}
{"timestamp": 1779119440, "type": "safe_tx", "device": "node-8-spammer", "metadata": {}}
{"timestamp": 1779119440, "type": "dos_spam", "device": "node-8-spammer", "metadata": {"count": 30, "window_sec": 5}}
{"timestamp": 1779119441, "type": "time_anomaly", "device": "node-14-mixed", "metadata": {}}
{"timestamp": 1779119441, "type": "safe_tx", "device": "node-5-clean", "metadata": {}}
{"timestamp": 1779119441, "type": "safe_tx", "device": "node-2-clean", "metadata": {}}
{"timestamp": 1779119441, "type": "safe_tx", "device": "node-1-clean", "metadata": {}}
{"timestamp": 1779119441, "type": "safe_tx", "device": "node-3-clean", "metadata": {}}
{"timestamp": 1779119442, "type": "safe_tx", "device": "node-9-stealth", "metadata": {}}
{"timestamp": 1779119442, "type": "safe_tx", "device": "node-2-clean", "metadata": {}}
{"timestamp": 1779119442, "type": "safe_tx", "device": "node-8-spammer", "metadata": {}}
{"timestamp": 1779119442, "type": "safe_tx", "device": "node-8-spammer", "metadata": {}}
{"timestamp": 1779119442, "type": "time_anomaly", "device": "node-12-mixed", "metadata": {}}
{"timestamp": 1779119442, "type": "safe_tx", "device": "node-15-mixed", "metadata": {}}
{"timestamp": 1779119442, "type": "safe_tx", "device": "node-12-mixed", "metadata": {}}
{"timestamp": 1779119443, "type": "safe_tx", "device": "node-6-overflow", "metadata": {}}
{"timestamp": 1779119443, "type": "safe_tx", "device": "node-2-clean", "metadata": {}}
{"timestamp": 1779119443, "type": "safe_tx", "device": "node-8-spammer", "metadata": {}}
{"timestamp": 1779119443, "type": "safe_tx", "device": "node-8-spammer", "metadata": {}}
{"timestamp": 1779119443, "type": "time_anomaly", "device": "node-7-timespoof", "metadata": {}}
{"timestamp": 1779119443, "type": "safe_tx", "device": "node-8-spammer", "metadata": {}}
{"timestamp": 1779119443, "type": "overflow", "device": "node-10-fuzzer", "metadata": {"count": 3, "window_sec": 30}}
{"timestamp": 1779119443, "type": "safe_tx", "device": "node-8-spammer", "metadata": {}}
{"timestamp": 1779119443, "type": "safe_tx", "device": "node-8-spammer", "metadata": {}}
{"timestamp": 1779119443, "type": "safe_tx", "device": "node-1-clean", "metadata": {}}
{"timestamp": 1779119444, "type": "time_anomaly", "device": "node-13-mixed", "metadata": {}}
{"timestamp": 1779119444, "type": "safe_tx", "device": "node-9-stealth", "metadata": {}}
{"timestamp": 1779119444, "type": "safe_tx", "device": "node-8-spammer", "metadata": {}}
{"timestamp": 1779119444, "type": "safe_tx", "device": "node-8-spammer", "metadata": {}}
{"timestamp": 1779119444, "type": "safe_tx", "device": "node-8-spammer", "metadata": {}}
{"timestamp": 1779119444, "type": "safe_tx", "device": "node-5-clean", "metadata": {}}
{"timestamp": 1779119444, "type": "safe_tx", "device": "node-14-mixed", "metadata": {}}
{"timestamp": 1779119445, "type": "safe_tx", "device": "node-3-clean", "metadata": {}}
{"timestamp": 1779119445, "type": "safe_tx", "device": "node-15-mixed", "metadata": {}}
{"timestamp": 1779119445, "type": "safe_tx", "device": "node-12-mixed", "metadata": {}}
{"timestamp": 1779119445, "type": "safe_tx", "device": "node-2-clean", "metadata": {}}
{"timestamp": 1779119445, "type": "safe_tx", "device": "node-9-stealth", "metadata": {}}
{"timestamp": 1779119445, "type": "safe_tx", "device": "node-4-clean", "metadata": {}}
{"timestamp": 1779119445, "type": "safe_tx", "device": "node-8-spammer", "metadata": {}}
{"timestamp": 1779119445, "type": "safe_tx", "device": "node-8-spammer", "metadata": {}}
{"timestamp": 1779119445, "type": "safe_tx", "device": "node-12-mixed", "metadata": {}}
{"timestamp": 1779119445, "type": "safe_tx", "device": "node-8-spammer", "metadata": {}}
{"timestamp": 1779119445, "type": "safe_tx", "device": "node-10-fuzzer", "metadata": {}}
{"timestamp": 1779119446, "type": "safe_tx", "device": "node-9-stealth", "metadata": {}}
{"timestamp": 1779119446, "type": "safe_tx", "device": "node-1-clean", "metadata": {}}
{"timestamp": 1779119446, "type": "safe_tx", "device": "node-14-mixed", "metadata": {}}
{"timestamp": 1779119446, "type": "safe_tx", "device": "node-4-clean", "metadata": {}}
{"timestamp": 1779119446, "type": "safe_tx", "device": "node-5-clean", "metadata": {}}
{"timestamp": 1779119446, "type": "safe_tx", "device": "node-8-spammer", "metadata": {}}
{"timestamp": 1779119446, "type": "safe_tx", "device": "node-8-spammer", "metadata": {}}
{"timestamp": 1779119446, "type": "safe_tx", "device": "node-8-spammer", "metadata": {}}
{"timestamp": 1779119446, "type": "safe_tx", "device": "node-8-spammer", "metadata": {}}
{"timestamp": 1779119446, "type": "safe_tx", "device": "node-10-fuzzer", "metadata": {}}
{"timestamp": 1779119446, "type": "safe_tx", "device": "node-8-spammer", "metadata": {}}
{"timestamp": 1779119446, "type": "safe_tx", "device": "node-8-spammer", "metadata": {}}
{"timestamp": 1779119447, "type": "safe_tx", "device": "node-13-mixed", "metadata": {}}
{"timestamp": 1779119447, "type": "time_anomaly", "device": "node-7-timespoof", "metadata": {}}
{"timestamp": 1779119448, "type": "safe_tx", "device": "node-1-clean", "metadata": {}}
{"timestamp": 1779119448, "type": "safe_tx", "device": "node-3-clean", "metadata": {}}
{"timestamp": 1779119448, "type": "safe_tx", "device": "node-8-spammer", "metadata": {}}
{"timestamp": 1779119448, "type": "safe_tx", "device": "node-8-spammer", "metadata": {}}
{"timestamp": 1779119448, "type": "safe_tx", "device": "node-8-spammer", "metadata": {}}
{"timestamp": 1779119448, "type": "safe_tx", "device": "node-13-mixed", "metadata": {}}
{"timestamp": 1779119448, "type": "safe_tx", "device": "node-9-stealth", "metadata": {}}
{"timestamp": 1779119448, "type": "safe_tx", "device": "node-2-clean", "metadata": {}}
{"timestamp": 1779119449, "type": "safe_tx", "device": "node-5-clean", "metadata": {}}
{"timestamp": 1779119449, "type": "safe_tx", "device": "node-9-stealth", "metadata": {}}
{"timestamp": 1779119449, "type": "safe_tx", "device": "node-4-clean", "metadata": {}}
{"timestamp": 1779119449, "type": "time_anomaly", "device": "node-12-mixed", "metadata": {}}
{"timestamp": 1779119449, "type": "safe_tx", "device": "node-8-spammer", "metadata": {}}
{"timestamp": 1779119449, "type": "safe_tx", "device": "node-8-spammer", "metadata": {}}
{"timestamp": 1779119449, "type": "safe_tx", "device": "node-14-mixed", "metadata": {}}
{"timestamp": 1779119449, "type": "safe_tx", "device": "node-1-clean", "metadata": {}}
{"timestamp": 1779119449, "type": "safe_tx", "device": "node-10-fuzzer", "metadata": {}}
{"timestamp": 1779119450, "type": "safe_tx", "device": "node-6-overflow", "metadata": {}}
{"timestamp": 1779119450, "type": "safe_tx", "device": "node-2-clean", "metadata": {}}
{"timestamp": 1779119451, "type": "safe_tx", "device": "node-14-mixed", "metadata": {}}
{"timestamp": 1779119451, "type": "safe_tx", "device": "node-8-spammer", "metadata": {}}
{"timestamp": 1779119451, "type": "safe_tx", "device": "node-4-clean", "metadata": {}}
{"timestamp": 1779119451, "type": "safe_tx", "device": "node-8-spammer", "metadata": {}}
{"timestamp": 1779119451, "type": "safe_tx", "device": "node-10-fuzzer", "metadata": {}}
{"timestamp": 1779119451, "type": "safe_tx", "device": "node-8-spammer", "metadata": {}}
{"timestamp": 1779119451, "type": "safe_tx", "device": "node-8-spammer", "metadata": {}}
{"timestamp": 1779119451, "type": "safe_tx", "device": "node-3-clean", "metadata": {}}
{"timestamp": 1779119451, "type": "safe_tx", "device": "node-13-mixed", "metadata": {}}
{"timestamp": 1779119451, "type": "safe_tx", "device": "node-15-mixed", "metadata": {}}
{"timestamp": 1779119451, "type": "safe_tx", "device": "node-14-mixed", "metadata": {}}
{"timestamp": 1779119451, "type": "time_anomaly", "device": "node-7-timespoof", "metadata": {}}
{"timestamp": 1779119451, "type": "safe_tx", "device": "node-9-stealth", "metadata": {}}
{"timestamp": 1779119452, "type": "safe_tx", "device": "node-2-clean", "metadata": {}}
{"timestamp": 1779119452, "type": "safe_tx", "device": "node-8-spammer", "metadata": {}}
{"timestamp": 1779119452, "type": "safe_tx", "device": "node-8-spammer", "metadata": {}}
{"timestamp": 1779119452, "type": "fuzzing", "device": "node-10-fuzzer", "metadata": {}}
{"timestamp": 1779119452, "type": "safe_tx", "device": "node-8-spammer", "metadata": {}}
{"timestamp": 1779119452, "type": "safe_tx", "device": "node-8-spammer", "metadata": {}}
{"timestamp": 1779119452, "type": "safe_tx", "device": "node-8-spammer", "metadata": {}}
{"timestamp": 1779119452, "type": "safe_tx", "device": "node-8-spammer", "metadata": {}}
{"timestamp": 1779119452, "type": "safe_tx", "device": "node-5-clean", "metadata": {}}
{"timestamp": 1779119452, "type": "safe_tx", "device": "node-8-spammer", "metadata": {}}
{"timestamp": 1779119452, "type": "safe_tx", "device": "node-8-spammer", "metadata": {}}
{"timestamp": 1779119452, "type": "safe_tx", "device": "node-8-spammer", "metadata": {}}
{"timestamp": 1779119452, "type": "safe_tx", "device": "node-8-spammer", "metadata": {}}
{"timestamp": 1779119452, "type": "safe_tx", "device": "node-8-spammer", "metadata": {}}
{"timestamp": 1779119452, "type": "dos_spam", "device": "node-8-spammer", "metadata": {}}
{"timestamp": 1779119452, "type": "safe_tx", "device": "node-8-spammer", "metadata": {}}
{"timestamp": 1779119452, "type": "safe_tx", "device": "node-8-spammer", "metadata": {}}
{"timestamp": 1779119452, "type": "safe_tx", "device": "node-8-spammer", "metadata": {}}
{"timestamp": 1779119452, "type": "safe_tx", "device": "node-8-spammer", "metadata": {}}
{"timestamp": 1779119452, "type": "safe_tx", "device": "node-8-spammer", "metadata": {}}
{"timestamp": 1779119453, "type": "safe_tx", "device": "node-4-clean", "metadata": {}}
{"timestamp": 1779119453, "type": "safe_tx", "device": "node-1-clean", "metadata": {}}
{"timestamp": 1779119453, "type": "fuzzing", "device": "node-10-fuzzer", "metadata": {}}
{"timestamp": 1779119453, "type": "overflow", "device": "node-13-mixed", "metadata": {"count": 3, "window_sec": 30}}
{"timestamp": 1779119453, "type": "safe_tx", "device": "node-3-clean", "metadata": {}}
{"timestamp": 1779119454, "type": "safe_tx", "device": "node-15-mixed", "metadata": {}}
{"timestamp": 1779119454, "type": "safe_tx", "device": "node-8-spammer", "metadata": {}}
{"timestamp": 1779119454, "type": "overflow", "device": "node-6-overflow", "metadata": {"count": 3, "window_sec": 30}}
{"timestamp": 1779119454, "type": "safe_tx", "device": "node-8-spammer", "metadata": {}}
{"timestamp": 1779119454, "type": "safe_tx", "device": "node-8-spammer", "metadata": {}}
{"timestamp": 1779119454, "type": "safe_tx", "device": "node-8-spammer", "metadata": {}}
{"timestamp": 1779119454, "type": "safe_tx", "device": "node-3-clean", "metadata": {}}
{"timestamp": 1779119454, "type": "safe_tx", "device": "node-14-mixed", "metadata": {}}
{"timestamp": 1779119454, "type": "safe_tx", "device": "node-8-spammer", "metadata": {}}
{"timestamp": 1779119454, "type": "safe_tx", "device": "node-8-spammer", "metadata": {}}
{"timestamp": 1779119454, "type": "safe_tx", "device": "node-9-stealth", "metadata": {}}
{"timestamp": 1779119455, "type": "safe_tx", "device": "node-1-clean", "metadata": {}}
{"timestamp": 1779119455, "type": "overflow", "device": "node-10-fuzzer", "metadata": {"count": 3, "window_sec": 30}}
{"timestamp": 1779119455, "type": "safe_tx", "device": "node-12-mixed", "metadata": {}}
{"timestamp": 1779119455, "type": "safe_tx", "device": "node-8-spammer", "metadata": {}}
{"timestamp": 1779119455, "type": "safe_tx", "device": "node-8-spammer", "metadata": {}}
{"timestamp": 1779119455, "type": "time_anomaly", "device": "node-7-timespoof", "metadata": {}}
{"timestamp": 1779119455, "type": "safe_tx", "device": "node-8-spammer", "metadata": {}}
{"timestamp": 1779119455, "type": "safe_tx", "device": "node-8-spammer", "metadata": {}}
{"timestamp": 1779119455, "type": "dos_spam", "device": "node-8-spammer", "metadata": {"count": 30, "window_sec": 5}}
{"timestamp": 1779119455, "type": "safe_tx", "device": "node-8-spammer", "metadata": {}}
{"timestamp": 1779119455, "type": "safe_tx", "device": "node-8-spammer", "metadata": {}}
{"timestamp": 1779119455, "type": "safe_tx", "device": "node-8-spammer", "metadata": {}}
{"timestamp": 1779119455, "type": "safe_tx", "device": "node-8-spammer", "metadata": {}}
{"timestamp": 1779119455, "type": "safe_tx", "device": "node-8-spammer", "metadata": {}}
{"timestamp": 1779119455, "type": "dos_spam", "device": "node-8-spammer", "metadata": {}}
{"timestamp": 1779119455, "type": "safe_tx", "device": "node-12-mixed", "metadata": {}}
{"timestamp": 1779119455, "type": "safe_tx", "device": "node-8-spammer", "metadata": {}}
{"timestamp": 1779119455, "type": "safe_tx", "device": "node-15-mixed", "metadata": {}}
{"timestamp": 1779119455, "type": "safe_tx", "device": "node-8-spammer", "metadata": {}}
{"timestamp": 1779119455, "type": "safe_tx", "device": "node-4-clean", "metadata": {}}
{"timestamp": 1779119456, "type": "safe_tx", "device": "node-9-stealth", "metadata": {}}
{"timestamp": 1779119456, "type": "safe_tx", "device": "node-2-clean", "metadata": {}}
{"timestamp": 1779119456, "type": "safe_tx", "device": "node-13-mixed", "metadata": {}}
{"timestamp": 1779119457, "type": "safe_tx", "device": "node-8-spammer", "metadata": {}}
{"timestamp": 1779119457, "type": "safe_tx", "device": "node-8-spammer", "metadata": {}}
{"timestamp": 1779119457, "type": "safe_tx", "device": "node-10-fuzzer", "metadata": {}}
{"timestamp": 1779119457, "type": "safe_tx", "device": "node-14-mixed", "metadata": {}}
{"timestamp": 1779119457, "type": "safe_tx", "device": "node-3-clean", "metadata": {}}
{"timestamp": 1779119457, "type": "safe_tx", "device": "node-4-clean", "metadata": {}}
{"timestamp": 1779119458, "type": "safe_tx", "device": "node-14-mixed", "metadata": {}}
{"timestamp": 1779119458, "type": "time_anomaly", "device": "node-15-mixed", "metadata": {}}
{"timestamp": 1779119458, "type": "fuzzing", "device": "node-10-fuzzer", "metadata": {}}
{"timestamp": 1779119458, "type": "safe_tx", "device": "node-8-spammer", "metadata": {}}
{"timestamp": 1779119458, "type": "safe_tx", "device": "node-8-spammer", "metadata": {}}
{"timestamp": 1779119458, "type": "safe_tx", "device": "node-8-spammer", "metadata": {}}
{"timestamp": 1779119458, "type": "safe_tx", "device": "node-13-mixed", "metadata": {}}
{"timestamp": 1779119458, "type": "safe_tx", "device": "node-8-spammer", "metadata": {}}
{"timestamp": 1779119458, "type": "safe_tx", "device": "node-8-spammer", "metadata": {}}
{"timestamp": 1779119458, "type": "safe_tx", "device": "node-8-spammer", "metadata": {}}
{"timestamp": 1779119458, "type": "safe_tx", "device": "node-8-spammer", "metadata": {}}
{"timestamp": 1779119458, "type": "safe_tx", "device": "node-8-spammer", "metadata": {}}
{"timestamp": 1779119458, "type": "safe_tx", "device": "node-1-clean", "metadata": {}}
{"timestamp": 1779119458, "type": "safe_tx", "device": "node-9-stealth", "metadata": {}}
{"timestamp": 1779119459, "type": "time_anomaly", "device": "node-12-mixed", "metadata": {}}
{"timestamp": 1779119459, "type": "time_anomaly", "device": "node-15-mixed", "metadata": {}}
{"timestamp": 1779119459, "type": "safe_tx", "device": "node-2-clean", "metadata": {}}
{"timestamp": 1779119459, "type": "fuzzing", "device": "node-10-fuzzer", "metadata": {}}
{"timestamp": 1779119459, "type": "safe_tx", "device": "node-1-clean", "metadata": {}}
{"timestamp": 1779119459, "type": "safe_tx", "device": "node-14-mixed", "metadata": {}}
{"timestamp": 1779119460, "type": "safe_tx", "device": "node-5-clean", "metadata": {}}
{"timestamp": 1779119460, "type": "safe_tx", "device": "node-9-stealth", "metadata": {}}
{"timestamp": 1779119460, "type": "safe_tx", "device": "node-11-pulsing", "metadata": {}}
{"timestamp": 1779119460, "type": "safe_tx", "device": "node-11-pulsing", "metadata": {}}
{"timestamp": 1779119460, "type": "safe_tx", "device": "node-11-pulsing", "metadata": {}}
{"timestamp": 1779119460, "type": "safe_tx", "device": "node-12-mixed", "metadata": {}}
{"timestamp": 1779119460, "type": "safe_tx", "device": "node-8-spammer", "metadata": {}}
{"timestamp": 1779119460, "type": "safe_tx", "device": "node-8-spammer", "metadata": {}}
{"timestamp": 1779119460, "type": "safe_tx", "device": "node-11-pulsing", "metadata": {}}
{"timestamp": 1779119460, "type": "safe_tx", "device": "node-8-spammer", "metadata": {}}
{"timestamp": 1779119460, "type": "safe_tx", "device": "node-11-pulsing", "metadata": {}}
{"timestamp": 1779119460, "type": "safe_tx", "device": "node-15-mixed", "metadata": {}}
{"timestamp": 1779119461, "type": "time_anomaly", "device": "node-7-timespoof", "metadata": {}}
{"timestamp": 1779119460, "type": "safe_tx", "device": "node-4-clean", "metadata": {}}
{"timestamp": 1779119460, "type": "safe_tx", "device": "node-11-pulsing", "metadata": {}}
{"timestamp": 1779119461, "type": "safe_tx", "device": "node-11-pulsing", "metadata": {}}
{"timestamp": 1779119461, "type": "safe_tx", "device": "node-2-clean", "metadata": {}}
{"timestamp": 1779119461, "type": "safe_tx", "device": "node-11-pulsing", "metadata": {}}
{"timestamp": 1779119461, "type": "safe_tx", "device": "node-10-fuzzer", "metadata": {}}
{"timestamp": 1779119461, "type": "safe_tx", "device": "node-4-clean", "metadata": {}}
{"timestamp": 1779119461, "type": "safe_tx", "device": "node-11-pulsing", "metadata": {}}
{"timestamp": 1779119461, "type": "safe_tx", "device": "node-3-clean", "metadata": {}}
{"timestamp": 1779119461, "type": "safe_tx", "device": "node-11-pulsing", "metadata": {}}
{"timestamp": 1779119461, "type": "safe_tx", "device": "node-11-pulsing", "metadata": {}}
{"timestamp": 1779119461, "type": "time_anomaly", "device": "node-13-mixed", "metadata": {}}
{"timestamp": 1779119461, "type": "safe_tx", "device": "node-11-pulsing", "metadata": {}}
{"timestamp": 1779119461, "type": "safe_tx", "device": "node-11-pulsing", "metadata": {}}
{"timestamp": 1779119461, "type": "safe_tx", "device": "node-11-pulsing", "metadata": {}}
{"timestamp": 1779119461, "type": "safe_tx", "device": "node-11-pulsing", "metadata": {}}
{"timestamp": 1779119461, "type": "dos_spam", "device": "node-11-pulsing", "metadata": {}}
{"timestamp": 1779119461, "type": "safe_tx", "device": "node-8-spammer", "metadata": {}}
{"timestamp": 1779119461, "type": "safe_tx", "device": "node-8-spammer", "metadata": {}}
{"timestamp": 1779119461, "type": "safe_tx", "device": "node-11-pulsing", "metadata": {}}
{"timestamp": 1779119461, "type": "safe_tx", "device": "node-8-spammer", "metadata": {}}
{"timestamp": 1779119461, "type": "safe_tx", "device": "node-8-spammer", "metadata": {}}
{"timestamp": 1779119461, "type": "safe_tx", "device": "node-11-pulsing", "metadata": {}}
{"timestamp": 1779119461, "type": "safe_tx", "device": "node-8-spammer", "metadata": {}}
{"timestamp": 1779119461, "type": "safe_tx", "device": "node-11-pulsing", "metadata": {}}
{"timestamp": 1779119461, "type": "safe_tx", "device": "node-8-spammer", "metadata": {}}
{"timestamp": 1779119461, "type": "safe_tx", "device": "node-11-pulsing", "metadata": {}}
{"timestamp": 1779119461, "type": "safe_tx", "device": "node-8-spammer", "metadata": {}}
{"timestamp": 1779119461, "type": "safe_tx", "device": "node-8-spammer", "metadata": {}}
{"timestamp": 1779119461, "type": "safe_tx", "device": "node-11-pulsing", "metadata": {}}
{"timestamp": 1779119462, "type": "safe_tx", "device": "node-5-clean", "metadata": {}}
{"timestamp": 1779119462, "type": "overflow", "device": "node-6-overflow", "metadata": {"count": 3, "window_sec": 30}}
{"timestamp": 1779119462, "type": "safe_tx", "device": "node-9-stealth", "metadata": {}}
{"timestamp": 1779119462, "type": "safe_tx", "device": "node-4-clean", "metadata": {}}
{"timestamp": 1779119462, "type": "safe_tx", "device": "node-15-mixed", "metadata": {}}
{"timestamp": 1779119463, "type": "safe_tx", "device": "node-1-clean", "metadata": {}}
{"timestamp": 1779119463, "type": "safe_tx", "device": "node-8-spammer", "metadata": {}}
{"timestamp": 1779119463, "type": "safe_tx", "device": "node-8-spammer", "metadata": {}}
{"timestamp": 1779119463, "type": "safe_tx", "device": "node-8-spammer", "metadata": {}}
{"timestamp": 1779119463, "type": "safe_tx", "device": "node-8-spammer", "metadata": {}}
{"timestamp": 1779119463, "type": "safe_tx", "device": "node-3-clean", "metadata": {}}
{"timestamp": 1779119463, "type": "safe_tx", "device": "node-12-mixed", "metadata": {}}
{"timestamp": 1779119464, "type": "time_anomaly", "device": "node-7-timespoof", "metadata": {}}
{"timestamp": 1779119464, "type": "safe_tx", "device": "node-8-spammer", "metadata": {}}
{"timestamp": 1779119464, "type": "safe_tx", "device": "node-2-clean", "metadata": {}}
{"timestamp": 1779119464, "type": "fuzzing", "device": "node-10-fuzzer", "metadata": {}}
{"timestamp": 1779119464, "type": "time_anomaly", "device": "node-15-mixed", "metadata": {}}
{"timestamp": 1779119464, "type": "safe_tx", "device": "node-9-stealth", "metadata": {}}
{"timestamp": 1779119465, "type": "safe_tx", "device": "node-8-spammer", "metadata": {}}
{"timestamp": 1779119465, "type": "safe_tx", "device": "node-8-spammer", "metadata": {}}
{"timestamp": 1779119465, "type": "safe_tx", "device": "node-8-spammer", "metadata": {}}
{"timestamp": 1779119465, "type": "safe_tx", "device": "node-8-spammer", "metadata": {}}
{"timestamp": 1779119465, "type": "safe_tx", "device": "node-8-spammer", "metadata": {}}
{"timestamp": 1779119465, "type": "safe_tx", "device": "node-8-spammer", "metadata": {}}
{"timestamp": 1779119465, "type": "safe_tx", "device": "node-8-spammer", "metadata": {}}
{"timestamp": 1779119465, "type": "time_anomaly", "device": "node-13-mixed", "metadata": {}}
{"timestamp": 1779119465, "type": "overflow", "device": "node-14-mixed", "metadata": {"count": 3, "window_sec": 30}}
{"timestamp": 1779119465, "type": "time_anomaly", "device": "node-15-mixed", "metadata": {}}
{"timestamp": 1779119465, "type": "safe_tx", "device": "node-4-clean", "metadata": {}}
{"timestamp": 1779119466, "type": "safe_tx", "device": "node-8-spammer", "metadata": {}}
{"timestamp": 1779119466, "type": "safe_tx", "device": "node-10-fuzzer", "metadata": {}}
{"timestamp": 1779119466, "type": "safe_tx", "device": "node-8-spammer", "metadata": {}}
{"timestamp": 1779119466, "type": "safe_tx", "device": "node-8-spammer", "metadata": {}}
{"timestamp": 1779119466, "type": "time_anomaly", "device": "node-7-timespoof", "metadata": {}}
{"timestamp": 1779119466, "type": "safe_tx", "device": "node-12-mixed", "metadata": {}}
{"timestamp": 1779119466, "type": "safe_tx", "device": "node-8-spammer", "metadata": {}}
{"timestamp": 1779119466, "type": "safe_tx", "device": "node-8-spammer", "metadata": {}}
{"timestamp": 1779119466, "type": "safe_tx", "device": "node-8-spammer", "metadata": {}}
{"timestamp": 1779119466, "type": "safe_tx", "device": "node-8-spammer", "metadata": {}}
{"timestamp": 1779119466, "type": "dos_spam", "device": "node-8-spammer", "metadata": {}}
{"timestamp": 1779119466, "type": "safe_tx", "device": "node-8-spammer", "metadata": {}}
{"timestamp": 1779119466, "type": "safe_tx", "device": "node-8-spammer", "metadata": {}}
{"timestamp": 1779119466, "type": "safe_tx", "device": "node-8-spammer", "metadata": {}}
{"timestamp": 1779119466, "type": "dos_spam", "device": "node-8-spammer", "metadata": {"count": 30, "window_sec": 5}}
{"timestamp": 1779119466, "type": "safe_tx", "device": "node-8-spammer", "metadata": {}}
{"timestamp": 1779119467, "type": "safe_tx", "device": "node-1-clean", "metadata": {}}
{"timestamp": 1779119467, "type": "safe_tx", "device": "node-5-clean", "metadata": {}}
{"timestamp": 1779119467, "type": "safe_tx", "device": "node-3-clean", "metadata": {}}
{"timestamp": 1779119467, "type": "fuzzing", "device": "node-10-fuzzer", "metadata": {}}
{"timestamp": 1779119467, "type": "safe_tx", "device": "node-9-stealth", "metadata": {}}
{"timestamp": 1779119467, "type": "safe_tx", "device": "node-8-spammer", "metadata": {}}
{"timestamp": 1779119467, "type": "safe_tx", "device": "node-12-mixed", "metadata": {}}
{"timestamp": 1779119468, "type": "time_anomaly", "device": "node-14-mixed", "metadata": {}}
{"timestamp": 1779119468, "type": "safe_tx", "device": "node-8-spammer", "metadata": {}}
{"timestamp": 1779119468, "type": "safe_tx", "device": "node-8-spammer", "metadata": {}}
{"timestamp": 1779119468, "type": "safe_tx", "device": "node-8-spammer", "metadata": {}}
{"timestamp": 1779119468, "type": "safe_tx", "device": "node-8-spammer", "metadata": {}}
{"timestamp": 1779119468, "type": "safe_tx", "device": "node-4-clean", "metadata": {}}
{"timestamp": 1779119468, "type": "safe_tx", "device": "node-8-spammer", "metadata": {}}
{"timestamp": 1779119468, "type": "safe_tx", "device": "node-8-spammer", "metadata": {}}
{"timestamp": 1779119468, "type": "safe_tx", "device": "node-8-spammer", "metadata": {}}
{"timestamp": 1779119468, "type": "safe_tx", "device": "node-9-stealth", "metadata": {}}
{"timestamp": 1779119469, "type": "fuzzing", "device": "node-10-fuzzer", "metadata": {}}
{"timestamp": 1779119469, "type": "safe_tx", "device": "node-1-clean", "metadata": {}}
{"timestamp": 1779119469, "type": "safe_tx", "device": "node-3-clean", "metadata": {}}
{"timestamp": 1779119469, "type": "safe_tx", "device": "node-8-spammer", "metadata": {}}
{"timestamp": 1779119469, "type": "safe_tx", "device": "node-2-clean", "metadata": {}}
{"timestamp": 1779119469, "type": "safe_tx", "device": "node-8-spammer", "metadata": {}}
{"timestamp": 1779119469, "type": "safe_tx", "device": "node-8-spammer", "metadata": {}}
{"timestamp": 1779119469, "type": "safe_tx", "device": "node-8-spammer", "metadata": {}}
{"timestamp": 1779119469, "type": "safe_tx", "device": "node-8-spammer", "metadata": {}}
{"timestamp": 1779119469, "type": "safe_tx", "device": "node-8-spammer", "metadata": {}}
{"timestamp": 1779119469, "type": "safe_tx", "device": "node-8-spammer", "metadata": {}}
{"timestamp": 1779119469, "type": "dos_spam", "device": "node-8-spammer", "metadata": {}}
{"timestamp": 1779119469, "type": "safe_tx", "device": "node-8-spammer", "metadata": {}}
{"timestamp": 1779119469, "type": "safe_tx", "device": "node-8-spammer", "metadata": {}}
{"timestamp": 1779119469, "type": "safe_tx", "device": "node-8-spammer", "metadata": {}}
{"timestamp": 1779119469, "type": "safe_tx", "device": "node-8-spammer", "metadata": {}}
{"timestamp": 1779119469, "type": "safe_tx", "device": "node-8-spammer", "metadata": {}}
{"timestamp": 1779119469, "type": "safe_tx", "device": "node-8-spammer", "metadata": {}}
{"timestamp": 1779119469, "type": "safe_tx", "device": "node-8-spammer", "metadata": {}}
{"timestamp": 1779119469, "type": "safe_tx", "device": "node-8-spammer", "metadata": {}}
{"timestamp": 1779119469, "type": "safe_tx", "device": "node-8-spammer", "metadata": {}}
{"timestamp": 1779119469, "type": "safe_tx", "device": "node-8-spammer", "metadata": {}}
{"timestamp": 1779119469, "type": "safe_tx", "device": "node-8-spammer", "metadata": {}}
{"timestamp": 1779119469, "type": "safe_tx", "device": "node-8-spammer", "metadata": {}}
{"timestamp": 1779119469, "type": "safe_tx", "device": "node-8-spammer", "metadata": {}}
{"timestamp": 1779119469, "type": "safe_tx", "device": "node-8-spammer", "metadata": {}}
{"timestamp": 1779119469, "type": "dos_spam", "device": "node-8-spammer", "metadata": {"count": 30, "window_sec": 5}}
{"timestamp": 1779119469, "type": "safe_tx", "device": "node-8-spammer", "metadata": {}}
{"timestamp": 1779119469, "type": "dos_spam", "device": "node-8-spammer", "metadata": {}}
{"timestamp": 1779119470, "type": "safe_tx", "device": "node-8-spammer", "metadata": {}}
{"timestamp": 1779119470, "type": "safe_tx", "device": "node-8-spammer", "metadata": {}}
{"timestamp": 1779119470, "type": "safe_tx", "device": "node-8-spammer", "metadata": {}}
{"timestamp": 1779119470, "type": "safe_tx", "device": "node-8-spammer", "metadata": {}}
{"timestamp": 1779119470, "type": "safe_tx", "device": "node-15-mixed", "metadata": {}}
{"timestamp": 1779119470, "type": "safe_tx", "device": "node-8-spammer", "metadata": {}}
{"timestamp": 1779119470, "type": "safe_tx", "device": "node-8-spammer", "metadata": {}}
{"timestamp": 1779119470, "type": "safe_tx", "device": "node-8-spammer", "metadata": {}}
{"timestamp": 1779119470, "type": "safe_tx", "device": "node-8-spammer", "metadata": {}}
{"timestamp": 1779119470, "type": "safe_tx", "device": "node-8-spammer", "metadata": {}}
{"timestamp": 1779119470, "type": "safe_tx", "device": "node-8-spammer", "metadata": {}}
{"timestamp": 1779119470, "type": "safe_tx", "device": "node-8-spammer", "metadata": {}}
{"timestamp": 1779119470, "type": "safe_tx", "device": "node-14-mixed", "metadata": {}}
{"timestamp": 1779119470, "type": "safe_tx", "device": "node-8-spammer", "metadata": {}}
{"timestamp": 1779119470, "type": "safe_tx", "device": "node-9-stealth", "metadata": {}}
{"timestamp": 1779119470, "type": "safe_tx", "device": "node-8-spammer", "metadata": {}}
{"timestamp": 1779119470, "type": "safe_tx", "device": "node-8-spammer", "metadata": {}}
{"timestamp": 1779119470, "type": "safe_tx", "device": "node-10-fuzzer", "metadata": {}}
{"timestamp": 1779119471, "type": "safe_tx", "device": "node-5-clean", "metadata": {}}
{"timestamp": 1779119471, "type": "safe_tx", "device": "node-15-mixed", "metadata": {}}
{"timestamp": 1779119471, "type": "safe_tx", "device": "node-8-spammer", "metadata": {}}
{"timestamp": 1779119471, "type": "dos_spam", "device": "node-8-spammer", "metadata": {}}
{"timestamp": 1779119471, "type": "safe_tx", "device": "node-8-spammer", "metadata": {}}
{"timestamp": 1779119471, "type": "safe_tx", "device": "node-13-mixed", "metadata": {}}
{"timestamp": 1779119471, "type": "safe_tx", "device": "node-9-stealth", "metadata": {}}
{"timestamp": 1779119471, "type": "safe_tx", "device": "node-1-clean", "metadata": {}}
{"timestamp": 1779119471, "type": "safe_tx", "device": "node-12-mixed", "metadata": {}}
{"timestamp": 1779119472, "type": "time_anomaly", "device": "node-7-timespoof", "metadata": {}}
{"timestamp": 1779119472, "type": "safe_tx", "device": "node-4-clean", "metadata": {}}
{"timestamp": 1779119472, "type": "safe_tx", "device": "node-8-spammer", "metadata": {}}
{"timestamp": 1779119472, "type": "safe_tx", "device": "node-8-spammer", "metadata": {}}
{"timestamp": 1779119472, "type": "safe_tx", "device": "node-8-spammer", "metadata": {}}
{"timestamp": 1779119472, "type": "safe_tx", "device": "node-8-spammer", "metadata": {}}
{"timestamp": 1779119472, "type": "safe_tx", "device": "node-8-spammer", "metadata": {}}
{"timestamp": 1779119472, "type": "safe_tx", "device": "node-2-clean", "metadata": {}}
{"timestamp": 1779119472, "type": "safe_tx", "device": "node-10-fuzzer", "metadata": {}}
{"timestamp": 1779119472, "type": "safe_tx", "device": "node-4-clean", "metadata": {}}
{"timestamp": 1779119473, "type": "safe_tx", "device": "node-3-clean", "metadata": {}}
{"timestamp": 1779119473, "type": "fuzzing", "device": "node-10-fuzzer", "metadata": {}}
{"timestamp": 1779119473, "type": "safe_tx", "device": "node-8-spammer", "metadata": {}}
{"timestamp": 1779119473, "type": "safe_tx", "device": "node-8-spammer", "metadata": {}}
{"timestamp": 1779119473, "type": "safe_tx", "device": "node-9-stealth", "metadata": {}}
{"timestamp": 1779119473, "type": "safe_tx", "device": "node-8-spammer", "metadata": {}}
{"timestamp": 1779119473, "type": "safe_tx", "device": "node-8-spammer", "metadata": {}}
{"timestamp": 1779119473, "type": "safe_tx", "device": "node-8-spammer", "metadata": {}}
{"timestamp": 1779119473, "type": "overflow", "device": "node-6-overflow", "metadata": {"count": 3, "window_sec": 30}}
{"timestamp": 1779119473, "type": "safe_tx", "device": "node-8-spammer", "metadata": {}}
{"timestamp": 1779119473, "type": "safe_tx", "device": "node-8-spammer", "metadata": {}}
{"timestamp": 1779119473, "type": "safe_tx", "device": "node-8-spammer", "metadata": {}}
{"timestamp": 1779119473, "type": "dos_spam", "device": "node-8-spammer", "metadata": {"count": 30, "window_sec": 5}}
{"timestamp": 1779119473, "type": "safe_tx", "device": "node-8-spammer", "metadata": {}}
{"timestamp": 1779119473, "type": "dos_spam", "device": "node-8-spammer", "metadata": {}}
{"timestamp": 1779119473, "type": "safe_tx", "device": "node-14-mixed", "metadata": {}}
{"timestamp": 1779119473, "type": "safe_tx", "device": "node-5-clean", "metadata": {}}
{"timestamp": 1779119473, "type": "time_anomaly", "device": "node-12-mixed", "metadata": {}}
{"timestamp": 1779119473, "type": "safe_tx", "device": "node-15-mixed", "metadata": {}}
{"timestamp": 1779119473, "type": "safe_tx", "device": "node-1-clean", "metadata": {}}
{"timestamp": 1779119473, "type": "safe_tx", "device": "node-5-clean", "metadata": {}}
{"timestamp": 1779119474, "type": "safe_tx", "device": "node-3-clean", "metadata": {}}
{"timestamp": 1779119474, "type": "safe_tx", "device": "node-8-spammer", "metadata": {}}
{"timestamp": 1779119474, "type": "overflow", "device": "node-10-fuzzer", "metadata": {"count": 3, "window_sec": 30}}
{"timestamp": 1779119474, "type": "safe_tx", "device": "node-8-spammer", "metadata": {}}
{"timestamp": 1779119474, "type": "safe_tx", "device": "node-8-spammer", "metadata": {}}
{"timestamp": 1779119474, "type": "safe_tx", "device": "node-8-spammer", "metadata": {}}
{"timestamp": 1779119474, "type": "safe_tx", "device": "node-8-spammer", "metadata": {}}
{"timestamp": 1779119474, "type": "safe_tx", "device": "node-8-spammer", "metadata": {}}
{"timestamp": 1779119474, "type": "safe_tx", "device": "node-9-stealth", "metadata": {}}
{"timestamp": 1779119474, "type": "safe_tx", "device": "node-3-clean", "metadata": {}}
{"timestamp": 1779119475, "type": "safe_tx", "device": "node-15-mixed", "metadata": {}}
{"timestamp": 1779119475, "type": "safe_tx", "device": "node-8-spammer", "metadata": {}}
{"timestamp": 1779119475, "type": "safe_tx", "device": "node-14-mixed", "metadata": {}}
{"timestamp": 1779119475, "type": "safe_tx", "device": "node-8-spammer", "metadata": {}}
{"timestamp": 1779119475, "type": "safe_tx", "device": "node-4-clean", "metadata": {}}
{"timestamp": 1779119475, "type": "safe_tx", "device": "node-8-spammer", "metadata": {}}
{"timestamp": 1779119475, "type": "safe_tx", "device": "node-8-spammer", "metadata": {}}
{"timestamp": 1779119475, "type": "safe_tx", "device": "node-8-spammer", "metadata": {}}
{"timestamp": 1779119475, "type": "safe_tx", "device": "node-8-spammer", "metadata": {}}
{"timestamp": 1779119475, "type": "safe_tx", "device": "node-8-spammer", "metadata": {}}
{"timestamp": 1779119475, "type": "safe_tx", "device": "node-8-spammer", "metadata": {}}
{"timestamp": 1779119475, "type": "safe_tx", "device": "node-8-spammer", "metadata": {}}
{"timestamp": 1779119475, "type": "dos_spam", "device": "node-8-spammer", "metadata": {}}
{"timestamp": 1779119475, "type": "safe_tx", "device": "node-8-spammer", "metadata": {}}
{"timestamp": 1779119475, "type": "safe_tx", "device": "node-8-spammer", "metadata": {}}
{"timestamp": 1779119475, "type": "safe_tx", "device": "node-8-spammer", "metadata": {}}
{"timestamp": 1779119475, "type": "safe_tx", "device": "node-8-spammer", "metadata": {}}
{"timestamp": 1779119475, "type": "safe_tx", "device": "node-15-mixed", "metadata": {}}
{"timestamp": 1779119475, "type": "overflow", "device": "node-13-mixed", "metadata": {"count": 3, "window_sec": 30}}
{"timestamp": 1779119476, "type": "safe_tx", "device": "node-9-stealth", "metadata": {}}
{"timestamp": 1779119476, "type": "safe_tx", "device": "node-2-clean", "metadata": {}}
{"timestamp": 1779119476, "type": "overflow", "device": "node-12-mixed", "metadata": {"count": 3, "window_sec": 30}}
{"timestamp": 1779119476, "type": "safe_tx", "device": "node-1-clean", "metadata": {}}
{"timestamp": 1779119476, "type": "safe_tx", "device": "node-14-mixed", "metadata": {}}
{"timestamp": 1779119476, "type": "time_anomaly", "device": "node-7-timespoof", "metadata": {}}
{"timestamp": 1779119476, "type": "safe_tx", "device": "node-8-spammer", "metadata": {}}
{"timestamp": 1779119476, "type": "safe_tx", "device": "node-8-spammer", "metadata": {}}
{"timestamp": 1779119477, "type": "safe_tx", "device": "node-5-clean", "metadata": {}}
{"timestamp": 1779119477, "type": "safe_tx", "device": "node-3-clean", "metadata": {}}
{"timestamp": 1779119477, "type": "safe_tx", "device": "node-10-fuzzer", "metadata": {}}
{"timestamp": 1779119477, "type": "safe_tx", "device": "node-4-clean", "metadata": {}}
{"timestamp": 1779119478, "type": "safe_tx", "device": "node-6-overflow", "metadata": {}}
{"timestamp": 1779119478, "type": "safe_tx", "device": "node-14-mixed", "metadata": {}}
{"timestamp": 1779119478, "type": "safe_tx", "device": "node-8-spammer", "metadata": {}}
{"timestamp": 1779119478, "type": "safe_tx", "device": "node-1-clean", "metadata": {}}
{"timestamp": 1779119478, "type": "safe_tx", "device": "node-8-spammer", "metadata": {}}
{"timestamp": 1779119478, "type": "safe_tx", "device": "node-8-spammer", "metadata": {}}
{"timestamp": 1779119478, "type": "time_anomaly", "device": "node-13-mixed", "metadata": {}}
{"timestamp": 1779119478, "type": "safe_tx", "device": "node-5-clean", "metadata": {}}
{"timestamp": 1779119478, "type": "safe_tx", "device": "node-4-clean", "metadata": {}}
{"timestamp": 1779119478, "type": "safe_tx", "device": "node-2-clean", "metadata": {}}
{"timestamp": 1779119479, "type": "safe_tx", "device": "node-12-mixed", "metadata": {}}
{"timestamp": 1779119479, "type": "fuzzing", "device": "node-10-fuzzer", "metadata": {}}
{"timestamp": 1779119479, "type": "time_anomaly", "device": "node-7-timespoof", "metadata": {}}
{"timestamp": 1779119479, "type": "time_anomaly", "device": "node-14-mixed", "metadata": {}}
{"timestamp": 1779119479, "type": "time_anomaly", "device": "node-15-mixed", "metadata": {}}
{"timestamp": 1779119479, "type": "safe_tx", "device": "node-9-stealth", "metadata": {}}
{"timestamp": 1779119479, "type": "safe_tx", "device": "node-8-spammer", "metadata": {}}
{"timestamp": 1779119479, "type": "safe_tx", "device": "node-8-spammer", "metadata": {}}
{"timestamp": 1779119479, "type": "safe_tx", "device": "node-3-clean", "metadata": {}}
{"timestamp": 1779119479, "type": "safe_tx", "device": "node-3-clean", "metadata": {}}
{"timestamp": 1779119480, "type": "safe_tx", "device": "node-12-mixed", "metadata": {}}
{"timestamp": 1779119480, "type": "safe_tx", "device": "node-2-clean", "metadata": {}}
{"timestamp": 1779119480, "type": "safe_tx", "device": "node-9-stealth", "metadata": {}}
{"timestamp": 1779119480, "type": "fuzzing", "device": "node-10-fuzzer", "metadata": {}}
{"timestamp": 1779119481, "type": "safe_tx", "device": "node-4-clean", "metadata": {}}
{"timestamp": 1779119481, "type": "safe_tx", "device": "node-8-spammer", "metadata": {}}
{"timestamp": 1779119481, "type": "safe_tx", "device": "node-8-spammer", "metadata": {}}
{"timestamp": 1779119481, "type": "safe_tx", "device": "node-1-clean", "metadata": {}}
{"timestamp": 1779119481, "type": "safe_tx", "device": "node-13-mixed", "metadata": {}}
{"timestamp": 1779119481, "type": "safe_tx", "device": "node-14-mixed", "metadata": {}}
{"timestamp": 1779119482, "type": "safe_tx", "device": "node-9-stealth", "metadata": {}}
{"timestamp": 1779119482, "type": "safe_tx", "device": "node-15-mixed", "metadata": {}}
{"timestamp": 1779119482, "type": "safe_tx", "device": "node-8-spammer", "metadata": {}}
{"timestamp": 1779119482, "type": "safe_tx", "device": "node-8-spammer", "metadata": {}}
{"timestamp": 1779119482, "type": "safe_tx", "device": "node-8-spammer", "metadata": {}}
{"timestamp": 1779119482, "type": "safe_tx", "device": "node-5-clean", "metadata": {}}
{"timestamp": 1779119482, "type": "safe_tx", "device": "node-3-clean", "metadata": {}}
{"timestamp": 1779119482, "type": "safe_tx", "device": "node-8-spammer", "metadata": {}}
{"timestamp": 1779119482, "type": "safe_tx", "device": "node-8-spammer", "metadata": {}}
{"timestamp": 1779119482, "type": "safe_tx", "device": "node-8-spammer", "metadata": {}}
{"timestamp": 1779119482, "type": "safe_tx", "device": "node-8-spammer", "metadata": {}}
{"timestamp": 1779119482, "type": "time_anomaly", "device": "node-12-mixed", "metadata": {}}
{"timestamp": 1779119482, "type": "safe_tx", "device": "node-8-spammer", "metadata": {}}
{"timestamp": 1779119482, "type": "safe_tx", "device": "node-8-spammer", "metadata": {}}
{"timestamp": 1779119482, "type": "safe_tx", "device": "node-8-spammer", "metadata": {}}
{"timestamp": 1779119482, "type": "safe_tx", "device": "node-8-spammer", "metadata": {}}
{"timestamp": 1779119482, "type": "safe_tx", "device": "node-8-spammer", "metadata": {}}
{"timestamp": 1779119482, "type": "safe_tx", "device": "node-4-clean", "metadata": {}}
{"timestamp": 1779119482, "type": "safe_tx", "device": "node-8-spammer", "metadata": {}}
{"timestamp": 1779119482, "type": "dos_spam", "device": "node-8-spammer", "metadata": {}}
{"timestamp": 1779119482, "type": "safe_tx", "device": "node-8-spammer", "metadata": {}}
{"timestamp": 1779119482, "type": "safe_tx", "device": "node-8-spammer", "metadata": {}}
{"timestamp": 1779119482, "type": "fuzzing", "device": "node-10-fuzzer", "metadata": {}}
{"timestamp": 1779119483, "type": "safe_tx", "device": "node-2-clean", "metadata": {}}
{"timestamp": 1779119483, "type": "safe_tx", "device": "node-9-stealth", "metadata": {}}
{"timestamp": 1779119483, "type": "safe_tx", "device": "node-15-mixed", "metadata": {}}
{"timestamp": 1779119483, "type": "safe_tx", "device": "node-2-clean", "metadata": {}}
{"timestamp": 1779119483, "type": "safe_tx", "device": "node-8-spammer", "metadata": {}}
{"timestamp": 1779119483, "type": "safe_tx", "device": "node-8-spammer", "metadata": {}}
{"timestamp": 1779119483, "type": "safe_tx", "device": "node-8-spammer", "metadata": {}}
{"timestamp": 1779119483, "type": "safe_tx", "device": "node-8-spammer", "metadata": {}}
{"timestamp": 1779119484, "type": "safe_tx", "device": "node-8-spammer", "metadata": {}}
{"timestamp": 1779119484, "type": "safe_tx", "device": "node-4-clean", "metadata": {}}
{"timestamp": 1779119484, "type": "safe_tx", "device": "node-1-clean", "metadata": {}}
{"timestamp": 1779119484, "type": "safe_tx", "device": "node-13-mixed", "metadata": {}}
{"timestamp": 1779119484, "type": "safe_tx", "device": "node-14-mixed", "metadata": {}}
{"timestamp": 1779119485, "type": "safe_tx", "device": "node-5-clean", "metadata": {}}
{"timestamp": 1779119485, "type": "safe_tx", "device": "node-10-fuzzer", "metadata": {}}
{"timestamp": 1779119485, "type": "safe_tx", "device": "node-12-mixed", "metadata": {}}
{"timestamp": 1779119485, "type": "safe_tx", "device": "node-8-spammer", "metadata": {}}
{"timestamp": 1779119485, "type": "time_anomaly", "device": "node-14-mixed", "metadata": {}}
{"timestamp": 1779119485, "type": "safe_tx", "device": "node-3-clean", "metadata": {}}
{"timestamp": 1779119486, "type": "safe_tx", "device": "node-1-clean", "metadata": {}}
{"timestamp": 1779119486, "type": "safe_tx", "device": "node-8-spammer", "metadata": {}}
{"timestamp": 1779119486, "type": "safe_tx", "device": "node-8-spammer", "metadata": {}}
{"timestamp": 1779119486, "type": "fuzzing", "device": "node-10-fuzzer", "metadata": {}}
{"timestamp": 1779119486, "type": "time_anomaly", "device": "node-13-mixed", "metadata": {}}
{"timestamp": 1779119486, "type": "safe_tx", "device": "node-2-clean", "metadata": {}}
{"timestamp": 1779119486, "type": "safe_tx", "device": "node-15-mixed", "metadata": {}}
{"timestamp": 1779119486, "type": "time_anomaly", "device": "node-7-timespoof", "metadata": {}}
{"timestamp": 1779119486, "type": "safe_tx", "device": "node-13-mixed", "metadata": {}}
{"timestamp": 1779119486, "type": "safe_tx", "device": "node-4-clean", "metadata": {}}
{"timestamp": 1779119487, "type": "safe_tx", "device": "node-8-spammer", "metadata": {}}
{"timestamp": 1779119487, "type": "safe_tx", "device": "node-8-spammer", "metadata": {}}
{"timestamp": 1779119487, "type": "safe_tx", "device": "node-4-clean", "metadata": {}}
{"timestamp": 1779119487, "type": "safe_tx", "device": "node-4-clean", "metadata": {}}
{"timestamp": 1779119487, "type": "safe_tx", "device": "node-12-mixed", "metadata": {}}
{"timestamp": 1779119487, "type": "safe_tx", "device": "node-9-stealth", "metadata": {}}
{"timestamp": 1779119487, "type": "overflow", "device": "node-6-overflow", "metadata": {"count": 3, "window_sec": 30}}
{"timestamp": 1779119487, "type": "safe_tx", "device": "node-8-spammer", "metadata": {}}
{"timestamp": 1779119487, "type": "safe_tx", "device": "node-8-spammer", "metadata": {}}
{"timestamp": 1779119487, "type": "fuzzing", "device": "node-10-fuzzer", "metadata": {}}
{"timestamp": 1779119487, "type": "safe_tx", "device": "node-1-clean", "metadata": {}}
{"timestamp": 1779119488, "type": "safe_tx", "device": "node-3-clean", "metadata": {}}
{"timestamp": 1779119488, "type": "safe_tx", "device": "node-5-clean", "metadata": {}}
{"timestamp": 1779119488, "type": "safe_tx", "device": "node-13-mixed", "metadata": {}}
{"timestamp": 1779119488, "type": "safe_tx", "device": "node-8-spammer", "metadata": {}}
{"timestamp": 1779119488, "type": "safe_tx", "device": "node-8-spammer", "metadata": {}}
{"timestamp": 1779119488, "type": "safe_tx", "device": "node-8-spammer", "metadata": {}}
{"timestamp": 1779119488, "type": "safe_tx", "device": "node-9-stealth", "metadata": {}}
{"timestamp": 1779119488, "type": "safe_tx", "device": "node-8-spammer", "metadata": {}}
{"timestamp": 1779119488, "type": "safe_tx", "device": "node-8-spammer", "metadata": {}}
{"timestamp": 1779119488, "type": "safe_tx", "device": "node-8-spammer", "metadata": {}}
{"timestamp": 1779119488, "type": "safe_tx", "device": "node-8-spammer", "metadata": {}}
{"timestamp": 1779119488, "type": "safe_tx", "device": "node-2-clean", "metadata": {}}
{"timestamp": 1779119488, "type": "safe_tx", "device": "node-8-spammer", "metadata": {}}
{"timestamp": 1779119489, "type": "safe_tx", "device": "node-8-spammer", "metadata": {}}
{"timestamp": 1779119489, "type": "safe_tx", "device": "node-8-spammer", "metadata": {}}
{"timestamp": 1779119489, "type": "safe_tx", "device": "node-8-spammer", "metadata": {}}
{"timestamp": 1779119489, "type": "dos_spam", "device": "node-8-spammer", "metadata": {}}
{"timestamp": 1779119489, "type": "safe_tx", "device": "node-8-spammer", "metadata": {}}
{"timestamp": 1779119489, "type": "safe_tx", "device": "node-8-spammer", "metadata": {}}
{"timestamp": 1779119489, "type": "safe_tx", "device": "node-8-spammer", "metadata": {}}
{"timestamp": 1779119489, "type": "safe_tx", "device": "node-8-spammer", "metadata": {}}
{"timestamp": 1779119489, "type": "safe_tx", "device": "node-8-spammer", "metadata": {}}
{"timestamp": 1779119489, "type": "safe_tx", "device": "node-8-spammer", "metadata": {}}
{"timestamp": 1779119489, "type": "safe_tx", "device": "node-14-mixed", "metadata": {}}
{"timestamp": 1779119489, "type": "safe_tx", "device": "node-8-spammer", "metadata": {}}
{"timestamp": 1779119489, "type": "safe_tx", "device": "node-8-spammer", "metadata": {}}
{"timestamp": 1779119489, "type": "safe_tx", "device": "node-8-spammer", "metadata": {}}
{"timestamp": 1779119489, "type": "time_anomaly", "device": "node-7-timespoof", "metadata": {}}
{"timestamp": 1779119489, "type": "safe_tx", "device": "node-4-clean", "metadata": {}}
{"timestamp": 1779119489, "type": "safe_tx", "device": "node-12-mixed", "metadata": {}}
{"timestamp": 1779119490, "type": "safe_tx", "device": "node-8-spammer", "metadata": {}}
{"timestamp": 1779119490, "type": "safe_tx", "device": "node-8-spammer", "metadata": {}}
{"timestamp": 1779119490, "type": "safe_tx", "device": "node-8-spammer", "metadata": {}}
{"timestamp": 1779119490, "type": "dos_spam", "device": "node-8-spammer", "metadata": {"count": 30, "window_sec": 5}}
{"timestamp": 1779119490, "type": "fuzzing", "device": "node-10-fuzzer", "metadata": {}}
{"timestamp": 1779119490, "type": "safe_tx", "device": "node-1-clean", "metadata": {}}
{"timestamp": 1779119490, "type": "overflow", "device": "node-15-mixed", "metadata": {"count": 3, "window_sec": 30}}
{"timestamp": 1779119490, "type": "overflow", "device": "node-9-stealth", "metadata": {"count": 3, "window_sec": 30}}
{"timestamp": 1779119490, "type": "safe_tx", "device": "node-13-mixed", "metadata": {}}
{"timestamp": 1779119491, "type": "safe_tx", "device": "node-8-spammer", "metadata": {}}
{"timestamp": 1779119491, "type": "safe_tx", "device": "node-14-mixed", "metadata": {}}
{"timestamp": 1779119491, "type": "safe_tx", "device": "node-3-clean", "metadata": {}}
{"timestamp": 1779119491, "type": "safe_tx", "device": "node-11-pulsing", "metadata": {}}
{"timestamp": 1779119491, "type": "safe_tx", "device": "node-11-pulsing", "metadata": {}}
{"timestamp": 1779119491, "type": "safe_tx", "device": "node-11-pulsing", "metadata": {}}
{"timestamp": 1779119491, "type": "safe_tx", "device": "node-11-pulsing", "metadata": {}}
{"timestamp": 1779119492, "type": "safe_tx", "device": "node-11-pulsing", "metadata": {}}
{"timestamp": 1779119492, "type": "safe_tx", "device": "node-11-pulsing", "metadata": {}}
{"timestamp": 1779119492, "type": "safe_tx", "device": "node-10-fuzzer", "metadata": {}}
{"timestamp": 1779119492, "type": "safe_tx", "device": "node-11-pulsing", "metadata": {}}
{"timestamp": 1779119492, "type": "safe_tx", "device": "node-11-pulsing", "metadata": {}}
{"timestamp": 1779119492, "type": "safe_tx", "device": "node-11-pulsing", "metadata": {}}
{"timestamp": 1779119492, "type": "safe_tx", "device": "node-11-pulsing", "metadata": {}}
{"timestamp": 1779119492, "type": "safe_tx", "device": "node-5-clean", "metadata": {}}
{"timestamp": 1779119492, "type": "safe_tx", "device": "node-4-clean", "metadata": {}}
{"timestamp": 1779119492, "type": "safe_tx", "device": "node-11-pulsing", "metadata": {}}
{"timestamp": 1779119492, "type": "safe_tx", "device": "node-11-pulsing", "metadata": {}}
{"timestamp": 1779119492, "type": "safe_tx", "device": "node-11-pulsing", "metadata": {}}
{"timestamp": 1779119492, "type": "safe_tx", "device": "node-11-pulsing", "metadata": {}}
{"timestamp": 1779119492, "type": "safe_tx", "device": "node-11-pulsing", "metadata": {}}
{"timestamp": 1779119492, "type": "dos_spam", "device": "node-11-pulsing", "metadata": {}}
{"timestamp": 1779119492, "type": "safe_tx", "device": "node-11-pulsing", "metadata": {}}
{"timestamp": 1779119492, "type": "safe_tx", "device": "node-11-pulsing", "metadata": {}}
{"timestamp": 1779119492, "type": "safe_tx", "device": "node-11-pulsing", "metadata": {}}
{"timestamp": 1779119492, "type": "safe_tx", "device": "node-11-pulsing", "metadata": {}}
{"timestamp": 1779119492, "type": "safe_tx", "device": "node-2-clean", "metadata": {}}
{"timestamp": 1779119492, "type": "safe_tx", "device": "node-11-pulsing", "metadata": {}}
{"timestamp": 1779119492, "type": "safe_tx", "device": "node-8-spammer", "metadata": {}}
{"timestamp": 1779119492, "type": "safe_tx", "device": "node-9-stealth", "metadata": {}}
{"timestamp": 1779119492, "type": "safe_tx", "device": "node-8-spammer", "metadata": {}}
{"timestamp": 1779119492, "type": "safe_tx", "device": "node-8-spammer", "metadata": {}}
{"timestamp": 1779119492, "type": "safe_tx", "device": "node-8-spammer", "metadata": {}}
{"timestamp": 1779119493, "type": "safe_tx", "device": "node-12-mixed", "metadata": {}}
{"timestamp": 1779119493, "type": "time_anomaly", "device": "node-7-timespoof", "metadata": {}}
{"timestamp": 1779119493, "type": "time_anomaly", "device": "node-15-mixed", "metadata": {}}
{"timestamp": 1779119493, "type": "safe_tx", "device": "node-8-spammer", "metadata": {}}
{"timestamp": 1779119493, "type": "safe_tx", "device": "node-8-spammer", "metadata": {}}
{"timestamp": 1779119493, "type": "safe_tx", "device": "node-8-spammer", "metadata": {}}
{"timestamp": 1779119493, "type": "safe_tx", "device": "node-8-spammer", "metadata": {}}
{"timestamp": 1779119493, "type": "safe_tx", "device": "node-8-spammer", "metadata": {}}
{"timestamp": 1779119493, "type": "safe_tx", "device": "node-8-spammer", "metadata": {}}
{"timestamp": 1779119493, "type": "safe_tx", "device": "node-8-spammer", "metadata": {}}
{"timestamp": 1779119493, "type": "safe_tx", "device": "node-14-mixed", "metadata": {}}
{"timestamp": 1779119493, "type": "safe_tx", "device": "node-8-spammer", "metadata": {}}
{"timestamp": 1779119493, "type": "safe_tx", "device": "node-8-spammer", "metadata": {}}
{"timestamp": 1779119493, "type": "safe_tx", "device": "node-1-clean", "metadata": {}}
{"timestamp": 1779119494, "type": "fuzzing", "device": "node-10-fuzzer", "metadata": {}}
{"timestamp": 1779119494, "type": "safe_tx", "device": "node-3-clean", "metadata": {}}
{"timestamp": 1779119494, "type": "safe_tx", "device": "node-8-spammer", "metadata": {}}
{"timestamp": 1779119494, "type": "safe_tx", "device": "node-9-stealth", "metadata": {}}
{"timestamp": 1779119494, "type": "overflow", "device": "node-6-overflow", "metadata": {"count": 3, "window_sec": 30}}
{"timestamp": 1779119494, "type": "safe_tx", "device": "node-8-spammer", "metadata": {}}
{"timestamp": 1779119494, "type": "dos_spam", "device": "node-8-spammer", "metadata": {}}
{"timestamp": 1779119494, "type": "safe_tx", "device": "node-8-spammer", "metadata": {}}
{"timestamp": 1779119494, "type": "safe_tx", "device": "node-8-spammer", "metadata": {}}
{"timestamp": 1779119494, "type": "safe_tx", "device": "node-8-spammer", "metadata": {}}
{"timestamp": 1779119494, "type": "safe_tx", "device": "node-8-spammer", "metadata": {}}
{"timestamp": 1779119494, "type": "safe_tx", "device": "node-8-spammer", "metadata": {}}
{"timestamp": 1779119494, "type": "safe_tx", "device": "node-8-spammer", "metadata": {}}
{"timestamp": 1779119494, "type": "safe_tx", "device": "node-8-spammer", "metadata": {}}
{"timestamp": 1779119495, "type": "safe_tx", "device": "node-8-spammer", "metadata": {}}
{"timestamp": 1779119495, "type": "safe_tx", "device": "node-8-spammer", "metadata": {}}
{"timestamp": 1779119495, "type": "safe_tx", "device": "node-8-spammer", "metadata": {}}
{"timestamp": 1779119495, "type": "fuzzing", "device": "node-10-fuzzer", "metadata": {}}
{"timestamp": 1779119495, "type": "safe_tx", "device": "node-8-spammer", "metadata": {}}
{"timestamp": 1779119495, "type": "safe_tx", "device": "node-8-spammer", "metadata": {}}
{"timestamp": 1779119495, "type": "safe_tx", "device": "node-8-spammer", "metadata": {}}
{"timestamp": 1779119495, "type": "safe_tx", "device": "node-8-spammer", "metadata": {}}
{"timestamp": 1779119495, "type": "dos_spam", "device": "node-8-spammer", "metadata": {"count": 30, "window_sec": 5}}
{"timestamp": 1779119495, "type": "safe_tx", "device": "node-8-spammer", "metadata": {}}
{"timestamp": 1779119495, "type": "dos_spam", "device": "node-8-spammer", "metadata": {}}
{"timestamp": 1779119495, "type": "safe_tx", "device": "node-8-spammer", "metadata": {}}
{"timestamp": 1779119495, "type": "safe_tx", "device": "node-8-spammer", "metadata": {}}
{"timestamp": 1779119495, "type": "safe_tx", "device": "node-8-spammer", "metadata": {}}
{"timestamp": 1779119495, "type": "safe_tx", "device": "node-8-spammer", "metadata": {}}
{"timestamp": 1779119495, "type": "safe_tx", "device": "node-8-spammer", "metadata": {}}
{"timestamp": 1779119495, "type": "safe_tx", "device": "node-4-clean", "metadata": {}}
{"timestamp": 1779119495, "type": "safe_tx", "device": "node-5-clean", "metadata": {}}
{"timestamp": 1779119495, "type": "safe_tx", "device": "node-8-spammer", "metadata": {}}
{"timestamp": 1779119495, "type": "safe_tx", "device": "node-8-spammer", "metadata": {}}
{"timestamp": 1779119495, "type": "safe_tx", "device": "node-8-spammer", "metadata": {}}
{"timestamp": 1779119495, "type": "safe_tx", "device": "node-8-spammer", "metadata": {}}
{"timestamp": 1779119495, "type": "safe_tx", "device": "node-8-spammer", "metadata": {}}
{"timestamp": 1779119495, "type": "safe_tx", "device": "node-8-spammer", "metadata": {}}
{"timestamp": 1779119495, "type": "safe_tx", "device": "node-8-spammer", "metadata": {}}
{"timestamp": 1779119495, "type": "safe_tx", "device": "node-8-spammer", "metadata": {}}
{"timestamp": 1779119495, "type": "time_anomaly", "device": "node-7-timespoof", "metadata": {}}
{"timestamp": 1779119495, "type": "safe_tx", "device": "node-8-spammer", "metadata": {}}
{"timestamp": 1779119495, "type": "safe_tx", "device": "node-8-spammer", "metadata": {}}
{"timestamp": 1779119495, "type": "dos_spam", "device": "node-8-spammer", "metadata": {}}
{"timestamp": 1779119495, "type": "safe_tx", "device": "node-8-spammer", "metadata": {}}
{"timestamp": 1779119495, "type": "safe_tx", "device": "node-8-spammer", "metadata": {}}
{"timestamp": 1779119495, "type": "safe_tx", "device": "node-8-spammer", "metadata": {}}
{"timestamp": 1779119495, "type": "safe_tx", "device": "node-8-spammer", "metadata": {}}
{"timestamp": 1779119495, "type": "safe_tx", "device": "node-2-clean", "metadata": {}}
{"timestamp": 1779119495, "type": "safe_tx", "device": "node-8-spammer", "metadata": {}}
{"timestamp": 1779119495, "type": "safe_tx", "device": "node-8-spammer", "metadata": {}}
{"timestamp": 1779119495, "type": "safe_tx", "device": "node-8-spammer", "metadata": {}}
{"timestamp": 1779119496, "type": "safe_tx", "device": "node-8-spammer", "metadata": {}}
{"timestamp": 1779119496, "type": "safe_tx", "device": "node-8-spammer", "metadata": {}}
{"timestamp": 1779119496, "type": "safe_tx", "device": "node-8-spammer", "metadata": {}}
{"timestamp": 1779119496, "type": "safe_tx", "device": "node-8-spammer", "metadata": {}}
{"timestamp": 1779119496, "type": "safe_tx", "device": "node-8-spammer", "metadata": {}}
{"timestamp": 1779119496, "type": "safe_tx", "device": "node-8-spammer", "metadata": {}}
{"timestamp": 1779119496, "type": "safe_tx", "device": "node-8-spammer", "metadata": {}}
{"timestamp": 1779119496, "type": "dos_spam", "device": "node-8-spammer", "metadata": {"count": 30, "window_sec": 5}}
{"timestamp": 1779119496, "type": "safe_tx", "device": "node-8-spammer", "metadata": {}}
{"timestamp": 1779119496, "type": "dos_spam", "device": "node-8-spammer", "metadata": {}}
{"timestamp": 1779119496, "type": "safe_tx", "device": "node-8-spammer", "metadata": {}}
{"timestamp": 1779119496, "type": "safe_tx", "device": "node-3-clean", "metadata": {}}
{"timestamp": 1779119496, "type": "safe_tx", "device": "node-1-clean", "metadata": {}}
{"timestamp": 1779119496, "type": "safe_tx", "device": "node-5-clean", "metadata": {}}
{"timestamp": 1779119496, "type": "overflow", "device": "node-13-mixed", "metadata": {"count": 3, "window_sec": 30}}
{"timestamp": 1779119496, "type": "safe_tx", "device": "node-12-mixed", "metadata": {}}
{"timestamp": 1779119496, "type": "fuzzing", "device": "node-10-fuzzer", "metadata": {}}
{"timestamp": 1779119497, "type": "safe_tx", "device": "node-2-clean", "metadata": {}}
{"timestamp": 1779119497, "type": "safe_tx", "device": "node-8-spammer", "metadata": {}}
{"timestamp": 1779119497, "type": "safe_tx", "device": "node-15-mixed", "metadata": {}}
{"timestamp": 1779119497, "type": "safe_tx", "device": "node-8-spammer", "metadata": {}}
{"timestamp": 1779119497, "type": "safe_tx", "device": "node-8-spammer", "metadata": {}}
{"timestamp": 1779119497, "type": "safe_tx", "device": "node-8-spammer", "metadata": {}}
{"timestamp": 1779119497, "type": "safe_tx", "device": "node-8-spammer", "metadata": {}}
{"timestamp": 1779119497, "type": "safe_tx", "device": "node-8-spammer", "metadata": {}}
{"timestamp": 1779119497, "type": "safe_tx", "device": "node-13-mixed", "metadata": {}}
{"timestamp": 1779119497, "type": "safe_tx", "device": "node-8-spammer", "metadata": {}}
{"timestamp": 1779119497, "type": "safe_tx", "device": "node-8-spammer", "metadata": {}}
{"timestamp": 1779119497, "type": "safe_tx", "device": "node-8-spammer", "metadata": {}}
{"timestamp": 1779119497, "type": "safe_tx", "device": "node-8-spammer", "metadata": {}}
{"timestamp": 1779119497, "type": "safe_tx", "device": "node-8-spammer", "metadata": {}}
{"timestamp": 1779119497, "type": "safe_tx", "device": "node-8-spammer", "metadata": {}}
{"timestamp": 1779119497, "type": "safe_tx", "device": "node-8-spammer", "metadata": {}}
{"timestamp": 1779119497, "type": "safe_tx", "device": "node-8-spammer", "metadata": {}}
{"timestamp": 1779119497, "type": "dos_spam", "device": "node-8-spammer", "metadata": {}}
{"timestamp": 1779119497, "type": "safe_tx", "device": "node-8-spammer", "metadata": {}}
{"timestamp": 1779119497, "type": "safe_tx", "device": "node-8-spammer", "metadata": {}}
{"timestamp": 1779119497, "type": "safe_tx", "device": "node-8-spammer", "metadata": {}}
{"timestamp": 1779119497, "type": "safe_tx", "device": "node-8-spammer", "metadata": {}}
{"timestamp": 1779119497, "type": "fuzzing", "device": "node-10-fuzzer", "metadata": {}}
{"timestamp": 1779119497, "type": "safe_tx", "device": "node-8-spammer", "metadata": {}}
{"timestamp": 1779119497, "type": "safe_tx", "device": "node-8-spammer", "metadata": {}}
{"timestamp": 1779119497, "type": "safe_tx", "device": "node-8-spammer", "metadata": {}}
{"timestamp": 1779119497, "type": "safe_tx", "device": "node-8-spammer", "metadata": {}}
{"timestamp": 1779119498, "type": "safe_tx", "device": "node-8-spammer", "metadata": {}}
{"timestamp": 1779119498, "type": "safe_tx", "device": "node-8-spammer", "metadata": {}}
{"timestamp": 1779119498, "type": "time_anomaly", "device": "node-15-mixed", "metadata": {}}
{"timestamp": 1779119498, "type": "safe_tx", "device": "node-8-spammer", "metadata": {}}
{"timestamp": 1779119498, "type": "safe_tx", "device": "node-8-spammer", "metadata": {}}
{"timestamp": 1779119498, "type": "safe_tx", "device": "node-8-spammer", "metadata": {}}
{"timestamp": 1779119498, "type": "safe_tx", "device": "node-8-spammer", "metadata": {}}
{"timestamp": 1779119498, "type": "dos_spam", "device": "node-8-spammer", "metadata": {"count": 30, "window_sec": 5}}
{"timestamp": 1779119498, "type": "safe_tx", "device": "node-8-spammer", "metadata": {}}
{"timestamp": 1779119498, "type": "dos_spam", "device": "node-8-spammer", "metadata": {}}
{"timestamp": 1779119498, "type": "safe_tx", "device": "node-14-mixed", "metadata": {}}
{"timestamp": 1779119499, "type": "overflow", "device": "node-14-mixed", "metadata": {"count": 3, "window_sec": 30}}
{"timestamp": 1779119499, "type": "safe_tx", "device": "node-3-clean", "metadata": {}}
{"timestamp": 1779119499, "type": "safe_tx", "device": "node-1-clean", "metadata": {}}
{"timestamp": 1779119499, "type": "safe_tx", "device": "node-12-mixed", "metadata": {}}
{"timestamp": 1779119499, "type": "overflow", "device": "node-10-fuzzer", "metadata": {"count": 3, "window_sec": 30}}
{"timestamp": 1779119499, "type": "safe_tx", "device": "node-5-clean", "metadata": {}}
{"timestamp": 1779119499, "type": "safe_tx", "device": "node-2-clean", "metadata": {}}
{"timestamp": 1779119499, "type": "safe_tx", "device": "node-9-stealth", "metadata": {}}
{"timestamp": 1779119499, "type": "safe_tx", "device": "node-8-spammer", "metadata": {}}
{"timestamp": 1779119499, "type": "safe_tx", "device": "node-8-spammer", "metadata": {}}
{"timestamp": 1779119499, "type": "safe_tx", "device": "node-8-spammer", "metadata": {}}
{"timestamp": 1779119500, "type": "safe_tx", "device": "node-4-clean", "metadata": {}}
{"timestamp": 1779119500, "type": "safe_tx", "device": "node-14-mixed", "metadata": {}}
{"timestamp": 1779119500, "type": "safe_tx", "device": "node-5-clean", "metadata": {}}
{"timestamp": 1779119501, "type": "time_anomaly", "device": "node-7-timespoof", "metadata": {}}
{"timestamp": 1779119500, "type": "safe_tx", "device": "node-8-spammer", "metadata": {}}
{"timestamp": 1779119500, "type": "safe_tx", "device": "node-8-spammer", "metadata": {}}
{"timestamp": 1779119500, "type": "safe_tx", "device": "node-8-spammer", "metadata": {}}
{"timestamp": 1779119500, "type": "safe_tx", "device": "node-8-spammer", "metadata": {}}
{"timestamp": 1779119500, "type": "safe_tx", "device": "node-6-overflow", "metadata": {}}
{"timestamp": 1779119500, "type": "safe_tx", "device": "node-8-spammer", "metadata": {}}
{"timestamp": 1779119501, "type": "time_anomaly", "device": "node-15-mixed", "metadata": {}}
{"timestamp": 1779119500, "type": "safe_tx", "device": "node-4-clean", "metadata": {}}
{"timestamp": 1779119500, "type": "safe_tx", "device": "node-9-stealth", "metadata": {}}
{"timestamp": 1779119501, "type": "safe_tx", "device": "node-8-spammer", "metadata": {}}
{"timestamp": 1779119501, "type": "safe_tx", "device": "node-8-spammer", "metadata": {}}
{"timestamp": 1779119501, "type": "safe_tx", "device": "node-8-spammer", "metadata": {}}
{"timestamp": 1779119501, "type": "safe_tx", "device": "node-2-clean", "metadata": {}}
{"timestamp": 1779119502, "type": "safe_tx", "device": "node-12-mixed", "metadata": {}}
{"timestamp": 1779119502, "type": "safe_tx", "device": "node-14-mixed", "metadata": {}}
{"timestamp": 1779119502, "type": "safe_tx", "device": "node-5-clean", "metadata": {}}
{"timestamp": 1779119502, "type": "safe_tx", "device": "node-8-spammer", "metadata": {}}
{"timestamp": 1779119502, "type": "safe_tx", "device": "node-8-spammer", "metadata": {}}
{"timestamp": 1779119502, "type": "safe_tx", "device": "node-12-mixed", "metadata": {}}
{"timestamp": 1779119502, "type": "safe_tx", "device": "node-14-mixed", "metadata": {}}
{"timestamp": 1779119502, "type": "safe_tx", "device": "node-5-clean", "metadata": {}}
{"timestamp": 1779119503, "type": "time_anomaly", "device": "node-13-mixed", "metadata": {}}
{"timestamp": 1779119502, "type": "safe_tx", "device": "node-6-overflow", "metadata": {}}
{"timestamp": 1779119502, "type": "safe_tx", "device": "node-15-mixed", "metadata": {}}
{"timestamp": 1779119502, "type": "safe_tx", "device": "node-3-clean", "metadata": {}}
{"timestamp": 1779119502, "type": "safe_tx", "device": "node-8-spammer", "metadata": {}}
{"timestamp": 1779119503, "type": "safe_tx", "device": "node-8-spammer", "metadata": {}}
{"timestamp": 1779119503, "type": "safe_tx", "device": "node-13-mixed", "metadata": {}}
{"timestamp": 1779119503, "type": "overflow", "device": "node-9-stealth", "metadata": {"count": 3, "window_sec": 30}}
{"timestamp": 1779119503, "type": "safe_tx", "device": "node-2-clean", "metadata": {}}
{"timestamp": 1779119503, "type": "safe_tx", "device": "node-10-fuzzer", "metadata": {}}
{"timestamp": 1779119503, "type": "safe_tx", "device": "node-4-clean", "metadata": {}}
{"timestamp": 1779119504, "type": "time_anomaly", "device": "node-14-mixed", "metadata": {}}
{"timestamp": 1779119503, "type": "safe_tx", "device": "node-2-clean", "metadata": {}}
{"timestamp": 1779119503, "type": "safe_tx", "device": "node-5-clean", "metadata": {}}
{"timestamp": 1779119504, "type": "safe_tx", "device": "node-8-spammer", "metadata": {}}
{"timestamp": 1779119504, "type": "safe_tx", "device": "node-8-spammer", "metadata": {}}
{"timestamp": 1779119504, "type": "safe_tx", "device": "node-8-spammer", "metadata": {}}
{"timestamp": 1779119504, "type": "safe_tx", "device": "node-8-spammer", "metadata": {}}
{"timestamp": 1779119504, "type": "safe_tx", "device": "node-8-spammer", "metadata": {}}
{"timestamp": 1779119504, "type": "safe_tx", "device": "node-8-spammer", "metadata": {}}
{"timestamp": 1779119504, "type": "safe_tx", "device": "node-8-spammer", "metadata": {}}
{"timestamp": 1779119504, "type": "safe_tx", "device": "node-8-spammer", "metadata": {}}
{"timestamp": 1779119504, "type": "safe_tx", "device": "node-12-mixed", "metadata": {}}
{"timestamp": 1779119504, "type": "safe_tx", "device": "node-1-clean", "metadata": {}}
{"timestamp": 1779119504, "type": "safe_tx", "device": "node-15-mixed", "metadata": {}}
{"timestamp": 1779119505, "type": "time_anomaly", "device": "node-7-timespoof", "metadata": {}}
{"timestamp": 1779119504, "type": "safe_tx", "device": "node-12-mixed", "metadata": {}}
{"timestamp": 1779119506, "type": "time_anomaly", "device": "node-13-mixed", "metadata": {}}
{"timestamp": 1779119505, "type": "fuzzing", "device": "node-10-fuzzer", "metadata": {}}
{"timestamp": 1779119505, "type": "safe_tx", "device": "node-12-mixed", "metadata": {}}
{"timestamp": 1779119505, "type": "safe_tx", "device": "node-3-clean", "metadata": {}}
{"timestamp": 1779119506, "type": "safe_tx", "device": "node-12-mixed", "metadata": {}}
{"timestamp": 1779119506, "type": "safe_tx", "device": "node-14-mixed", "metadata": {}}
{"timestamp": 1779119506, "type": "safe_tx", "device": "node-8-spammer", "metadata": {}}
{"timestamp": 1779119506, "type": "safe_tx", "device": "node-8-spammer", "metadata": {}}
{"timestamp": 1779119506, "type": "safe_tx", "device": "node-8-spammer", "metadata": {}}
{"timestamp": 1779119506, "type": "safe_tx", "device": "node-8-spammer", "metadata": {}}
{"timestamp": 1779119506, "type": "safe_tx", "device": "node-8-spammer", "metadata": {}}
{"timestamp": 1779119506, "type": "safe_tx", "device": "node-8-spammer", "metadata": {}}
{"timestamp": 1779119506, "type": "safe_tx", "device": "node-8-spammer", "metadata": {}}
{"timestamp": 1779119506, "type": "dos_spam", "device": "node-8-spammer", "metadata": {}}
{"timestamp": 1779119506, "type": "fuzzing", "device": "node-10-fuzzer", "metadata": {}}
{"timestamp": 1779119507, "type": "safe_tx", "device": "node-4-clean", "metadata": {}}
{"timestamp": 1779119507, "type": "safe_tx", "device": "node-1-clean", "metadata": {}}
{"timestamp": 1779119507, "type": "safe_tx", "device": "node-5-clean", "metadata": {}}
{"timestamp": 1779119507, "type": "fuzzing", "device": "node-10-fuzzer", "metadata": {}}
{"timestamp": 1779119507, "type": "safe_tx", "device": "node-2-clean", "metadata": {}}
{"timestamp": 1779119507, "type": "safe_tx", "device": "node-15-mixed", "metadata": {}}
{"timestamp": 1779119508, "type": "time_anomaly", "device": "node-14-mixed", "metadata": {}}
{"timestamp": 1779119508, "type": "safe_tx", "device": "node-5-clean", "metadata": {}}
{"timestamp": 1779119509, "type": "time_anomaly", "device": "node-12-mixed", "metadata": {}}
{"timestamp": 1779119508, "type": "fuzzing", "device": "node-10-fuzzer", "metadata": {}}
{"timestamp": 1779119508, "type": "safe_tx", "device": "node-3-clean", "metadata": {}}
{"timestamp": 1779119508, "type": "safe_tx", "device": "node-1-clean", "metadata": {}}
{"timestamp": 1779119509, "type": "time_anomaly", "device": "node-7-timespoof", "metadata": {}}
{"timestamp": 1779119509, "type": "time_anomaly", "device": "node-14-mixed", "metadata": {}}
{"timestamp": 1779119509, "type": "safe_tx", "device": "node-4-clean", "metadata": {}}
{"timestamp": 1779119509, "type": "safe_tx", "device": "node-6-overflow", "metadata": {}}
{"timestamp": 1779119509, "type": "safe_tx", "device": "node-2-clean", "metadata": {}}
{"timestamp": 1779119509, "type": "safe_tx", "device": "node-8-spammer", "metadata": {}}
{"timestamp": 1779119509, "type": "safe_tx", "device": "node-8-spammer", "metadata": {}}
{"timestamp": 1779119509, "type": "safe_tx", "device": "node-8-spammer", "metadata": {}}
{"timestamp": 1779119509, "type": "safe_tx", "device": "node-8-spammer", "metadata": {}}
{"timestamp": 1779119509, "type": "safe_tx", "device": "node-5-clean", "metadata": {}}
{"timestamp": 1779119509, "type": "safe_tx", "device": "node-3-clean", "metadata": {}}
{"timestamp": 1779119510, "type": "overflow", "device": "node-10-fuzzer", "metadata": {"count": 3, "window_sec": 30}}
{"timestamp": 1779119510, "type": "safe_tx", "device": "node-13-mixed", "metadata": {}}
{"timestamp": 1779119511, "type": "time_anomaly", "device": "node-15-mixed", "metadata": {}}
{"timestamp": 1779119510, "type": "safe_tx", "device": "node-10-fuzzer", "metadata": {}}
{"timestamp": 1779119510, "type": "safe_tx", "device": "node-8-spammer", "metadata": {}}
{"timestamp": 1779119511, "type": "safe_tx", "device": "node-2-clean", "metadata": {}}
{"timestamp": 1779119511, "type": "safe_tx", "device": "node-3-clean", "metadata": {}}
{"timestamp": 1779119511, "type": "safe_tx", "device": "node-8-spammer", "metadata": {}}
{"timestamp": 1779119511, "type": "safe_tx", "device": "node-8-spammer", "metadata": {}}
{"timestamp": 1779119511, "type": "safe_tx", "device": "node-8-spammer", "metadata": {}}
{"timestamp": 1779119511, "type": "safe_tx", "device": "node-8-spammer", "metadata": {}}
{"timestamp": 1779119511, "type": "safe_tx", "device": "node-8-spammer", "metadata": {}}
{"timestamp": 1779119512, "type": "time_anomaly", "device": "node-14-mixed", "metadata": {}}
{"timestamp": 1779119511, "type": "overflow", "device": "node-6-overflow", "metadata": {"count": 3, "window_sec": 30}}
{"timestamp": 1779119511, "type": "safe_tx", "device": "node-8-spammer", "metadata": {}}
{"timestamp": 1779119511, "type": "safe_tx", "device": "node-8-spammer", "metadata": {}}
{"timestamp": 1779119511, "type": "safe_tx", "device": "node-8-spammer", "metadata": {}}
{"timestamp": 1779119511, "type": "safe_tx", "device": "node-8-spammer", "metadata": {}}
{"timestamp": 1779119511, "type": "safe_tx", "device": "node-8-spammer", "metadata": {}}
{"timestamp": 1779119511, "type": "dos_spam", "device": "node-8-spammer", "metadata": {}}
{"timestamp": 1779119511, "type": "fuzzing", "device": "node-10-fuzzer", "metadata": {}}
{"timestamp": 1779119512, "type": "safe_tx", "device": "node-9-stealth", "metadata": {}}
{"timestamp": 1779119512, "type": "safe_tx", "device": "node-5-clean", "metadata": {}}
{"timestamp": 1779119512, "type": "safe_tx", "device": "node-4-clean", "metadata": {}}
{"timestamp": 1779119512, "type": "safe_tx", "device": "node-2-clean", "metadata": {}}
{"timestamp": 1779119512, "type": "fuzzing", "device": "node-10-fuzzer", "metadata": {}}
{"timestamp": 1779119512, "type": "safe_tx", "device": "node-1-clean", "metadata": {}}
{"timestamp": 1779119512, "type": "safe_tx", "device": "node-8-spammer", "metadata": {}}
{"timestamp": 1779119512, "type": "safe_tx", "device": "node-8-spammer", "metadata": {}}
{"timestamp": 1779119513, "type": "time_anomaly", "device": "node-15-mixed", "metadata": {}}
{"timestamp": 1779119512, "type": "safe_tx", "device": "node-8-spammer", "metadata": {}}
{"timestamp": 1779119513, "type": "safe_tx", "device": "node-8-spammer", "metadata": {}}
{"timestamp": 1779119513, "type": "safe_tx", "device": "node-8-spammer", "metadata": {}}
{"timestamp": 1779119513, "type": "safe_tx", "device": "node-8-spammer", "metadata": {}}
{"timestamp": 1779119513, "type": "safe_tx", "device": "node-8-spammer", "metadata": {}}
{"timestamp": 1779119513, "type": "safe_tx", "device": "node-8-spammer", "metadata": {}}
{"timestamp": 1779119513, "type": "safe_tx", "device": "node-12-mixed", "metadata": {}}
{"timestamp": 1779119513, "type": "safe_tx", "device": "node-8-spammer", "metadata": {}}
{"timestamp": 1779119513, "type": "safe_tx", "device": "node-8-spammer", "metadata": {}}
{"timestamp": 1779119513, "type": "safe_tx", "device": "node-8-spammer", "metadata": {}}
{"timestamp": 1779119513, "type": "safe_tx", "device": "node-8-spammer", "metadata": {}}
{"timestamp": 1779119513, "type": "safe_tx", "device": "node-8-spammer", "metadata": {}}
{"timestamp": 1779119513, "type": "safe_tx", "device": "node-8-spammer", "metadata": {}}
{"timestamp": 1779119513, "type": "safe_tx", "device": "node-8-spammer", "metadata": {}}
{"timestamp": 1779119513, "type": "dos_spam", "device": "node-8-spammer", "metadata": {"count": 30, "window_sec": 5}}
{"timestamp": 1779119513, "type": "dos_spam", "device": "node-8-spammer", "metadata": {}}
{"timestamp": 1779119513, "type": "safe_tx", "device": "node-8-spammer", "metadata": {}}
{"timestamp": 1779119513, "type": "safe_tx", "device": "node-8-spammer", "metadata": {}}
{"timestamp": 1779119513, "type": "safe_tx", "device": "node-8-spammer", "metadata": {}}
{"timestamp": 1779119513, "type": "safe_tx", "device": "node-1-clean", "metadata": {}}
{"timestamp": 1779119513, "type": "safe_tx", "device": "node-8-spammer", "metadata": {}}
{"timestamp": 1779119513, "type": "safe_tx", "device": "node-8-spammer", "metadata": {}}
{"timestamp": 1779119513, "type": "safe_tx", "device": "node-8-spammer", "metadata": {}}
{"timestamp": 1779119513, "type": "safe_tx", "device": "node-9-stealth", "metadata": {}}
{"timestamp": 1779119514, "type": "time_anomaly", "device": "node-7-timespoof", "metadata": {}}
{"timestamp": 1779119514, "type": "safe_tx", "device": "node-13-mixed", "metadata": {}}
{"timestamp": 1779119514, "type": "safe_tx", "device": "node-14-mixed", "metadata": {}}
{"timestamp": 1779119514, "type": "safe_tx", "device": "node-10-fuzzer", "metadata": {}}
{"timestamp": 1779119514, "type": "safe_tx", "device": "node-15-mixed", "metadata": {}}
{"timestamp": 1779119514, "type": "safe_tx", "device": "node-8-spammer", "metadata": {}}
{"timestamp": 1779119514, "type": "safe_tx", "device": "node-8-spammer", "metadata": {}}
{"timestamp": 1779119514, "type": "safe_tx", "device": "node-8-spammer", "metadata": {}}
{"timestamp": 1779119514, "type": "safe_tx", "device": "node-8-spammer", "metadata": {}}
{"timestamp": 1779119514, "type": "safe_tx", "device": "node-8-spammer", "metadata": {}}
{"timestamp": 1779119515, "type": "safe_tx", "device": "node-2-clean", "metadata": {}}
{"timestamp": 1779119515, "type": "safe_tx", "device": "node-4-clean", "metadata": {}}
{"timestamp": 1779119515, "type": "safe_tx", "device": "node-1-clean", "metadata": {}}
{"timestamp": 1779119515, "type": "overflow", "device": "node-12-mixed", "metadata": {"count": 3, "window_sec": 30}}
{"timestamp": 1779119515, "type": "safe_tx", "device": "node-13-mixed", "metadata": {}}
{"timestamp": 1779119516, "type": "safe_tx", "device": "node-3-clean", "metadata": {}}
{"timestamp": 1779119516, "type": "safe_tx", "device": "node-5-clean", "metadata": {}}
{"timestamp": 1779119517, "type": "time_anomaly", "device": "node-7-timespoof", "metadata": {}}
{"timestamp": 1779119516, "type": "safe_tx", "device": "node-8-spammer", "metadata": {}}
{"timestamp": 1779119516, "type": "safe_tx", "device": "node-9-stealth", "metadata": {}}
{"timestamp": 1779119516, "type": "safe_tx", "device": "node-8-spammer", "metadata": {}}
{"timestamp": 1779119516, "type": "safe_tx", "device": "node-8-spammer", "metadata": {}}
{"timestamp": 1779119516, "type": "safe_tx", "device": "node-8-spammer", "metadata": {}}
{"timestamp": 1779119516, "type": "safe_tx", "device": "node-8-spammer", "metadata": {}}
{"timestamp": 1779119516, "type": "safe_tx", "device": "node-8-spammer", "metadata": {}}
{"timestamp": 1779119517, "type": "time_anomaly", "device": "node-12-mixed", "metadata": {}}
{"timestamp": 1779119517, "type": "safe_tx", "device": "node-14-mixed", "metadata": {}}
{"timestamp": 1779119517, "type": "safe_tx", "device": "node-3-clean", "metadata": {}}
{"timestamp": 1779119517, "type": "safe_tx", "device": "node-8-spammer", "metadata": {}}
{"timestamp": 1779119517, "type": "safe_tx", "device": "node-4-clean", "metadata": {}}
{"timestamp": 1779119517, "type": "safe_tx", "device": "node-9-stealth", "metadata": {}}
{"timestamp": 1779119518, "type": "safe_tx", "device": "node-5-clean", "metadata": {}}
{"timestamp": 1779119518, "type": "safe_tx", "device": "node-10-fuzzer", "metadata": {}}
{"timestamp": 1779119518, "type": "safe_tx", "device": "node-13-mixed", "metadata": {}}
{"timestamp": 1779119518, "type": "safe_tx", "device": "node-15-mixed", "metadata": {}}
{"timestamp": 1779119518, "type": "safe_tx", "device": "node-2-clean", "metadata": {}}
{"timestamp": 1779119518, "type": "safe_tx", "device": "node-12-mixed", "metadata": {}}
{"timestamp": 1779119518, "type": "safe_tx", "device": "node-1-clean", "metadata": {}}
{"timestamp": 1779119518, "type": "safe_tx", "device": "node-8-spammer", "metadata": {}}
{"timestamp": 1779119518, "type": "safe_tx", "device": "node-8-spammer", "metadata": {}}
{"timestamp": 1779119519, "type": "safe_tx", "device": "node-8-spammer", "metadata": {}}
{"timestamp": 1779119519, "type": "safe_tx", "device": "node-8-spammer", "metadata": {}}
{"timestamp": 1779119519, "type": "safe_tx", "device": "node-8-spammer", "metadata": {}}
{"timestamp": 1779119519, "type": "safe_tx", "device": "node-8-spammer", "metadata": {}}
{"timestamp": 1779119519, "type": "safe_tx", "device": "node-8-spammer", "metadata": {}}
{"timestamp": 1779119519, "type": "safe_tx", "device": "node-1-clean", "metadata": {}}
{"timestamp": 1779119519, "type": "safe_tx", "device": "node-4-clean", "metadata": {}}
{"timestamp": 1779119519, "type": "overflow", "device": "node-9-stealth", "metadata": {"count": 3, "window_sec": 30}}
{"timestamp": 1779119520, "type": "safe_tx", "device": "node-5-clean", "metadata": {}}
{"timestamp": 1779119520, "type": "safe_tx", "device": "node-8-spammer", "metadata": {}}
{"timestamp": 1779119520, "type": "safe_tx", "device": "node-4-clean", "metadata": {}}
{"timestamp": 1779119521, "type": "time_anomaly", "device": "node-7-timespoof", "metadata": {}}
{"timestamp": 1779119520, "type": "safe_tx", "device": "node-10-fuzzer", "metadata": {}}
{"timestamp": 1779119520, "type": "overflow", "device": "node-6-overflow", "metadata": {"count": 3, "window_sec": 30}}
{"timestamp": 1779119520, "type": "safe_tx", "device": "node-13-mixed", "metadata": {}}
{"timestamp": 1779119521, "type": "overflow", "device": "node-10-fuzzer", "metadata": {"count": 3, "window_sec": 30}}
{"timestamp": 1779119521, "type": "safe_tx", "device": "node-3-clean", "metadata": {}}
{"timestamp": 1779119521, "type": "safe_tx", "device": "node-12-mixed", "metadata": {}}
{"timestamp": 1779119522, "type": "time_anomaly", "device": "node-14-mixed", "metadata": {}}
{"timestamp": 1779119521, "type": "safe_tx", "device": "node-4-clean", "metadata": {}}
{"timestamp": 1779119521, "type": "safe_tx", "device": "node-8-spammer", "metadata": {}}
{"timestamp": 1779119521, "type": "safe_tx", "device": "node-8-spammer", "metadata": {}}
{"timestamp": 1779119521, "type": "safe_tx", "device": "node-8-spammer", "metadata": {}}
{"timestamp": 1779119521, "type": "safe_tx", "device": "node-8-spammer", "metadata": {}}
{"timestamp": 1779119521, "type": "safe_tx", "device": "node-1-clean", "metadata": {}}
{"timestamp": 1779119522, "type": "time_anomaly", "device": "node-15-mixed", "metadata": {}}
{"timestamp": 1779119521, "type": "safe_tx", "device": "node-11-pulsing", "metadata": {}}
{"timestamp": 1779119522, "type": "time_anomaly", "device": "node-13-mixed", "metadata": {}}
{"timestamp": 1779119522, "type": "safe_tx", "device": "node-11-pulsing", "metadata": {}}
{"timestamp": 1779119522, "type": "safe_tx", "device": "node-11-pulsing", "metadata": {}}
{"timestamp": 1779119522, "type": "safe_tx", "device": "node-5-clean", "metadata": {}}
{"timestamp": 1779119522, "type": "safe_tx", "device": "node-1-clean", "metadata": {}}
{"timestamp": 1779119522, "type": "safe_tx", "device": "node-11-pulsing", "metadata": {}}
{"timestamp": 1779119522, "type": "safe_tx", "device": "node-11-pulsing", "metadata": {}}
{"timestamp": 1779119522, "type": "safe_tx", "device": "node-11-pulsing", "metadata": {}}
{"timestamp": 1779119522, "type": "safe_tx", "device": "node-3-clean", "metadata": {}}
{"timestamp": 1779119522, "type": "safe_tx", "device": "node-11-pulsing", "metadata": {}}
{"timestamp": 1779119522, "type": "safe_tx", "device": "node-11-pulsing", "metadata": {}}
{"timestamp": 1779119523, "type": "time_anomaly", "device": "node-12-mixed", "metadata": {}}
{"timestamp": 1779119522, "type": "safe_tx", "device": "node-11-pulsing", "metadata": {}}
{"timestamp": 1779119522, "type": "safe_tx", "device": "node-11-pulsing", "metadata": {}}
{"timestamp": 1779119522, "type": "safe_tx", "device": "node-11-pulsing", "metadata": {}}
{"timestamp": 1779119522, "type": "safe_tx", "device": "node-11-pulsing", "metadata": {}}
{"timestamp": 1779119522, "type": "safe_tx", "device": "node-11-pulsing", "metadata": {}}
{"timestamp": 1779119522, "type": "safe_tx", "device": "node-2-clean", "metadata": {}}
{"timestamp": 1779119522, "type": "safe_tx", "device": "node-11-pulsing", "metadata": {}}
{"timestamp": 1779119522, "type": "safe_tx", "device": "node-11-pulsing", "metadata": {}}
{"timestamp": 1779119522, "type": "dos_spam", "device": "node-11-pulsing", "metadata": {}}
{"timestamp": 1779119522, "type": "safe_tx", "device": "node-8-spammer", "metadata": {}}
{"timestamp": 1779119522, "type": "safe_tx", "device": "node-11-pulsing", "metadata": {}}
{"timestamp": 1779119522, "type": "safe_tx", "device": "node-8-spammer", "metadata": {}}
{"timestamp": 1779119522, "type": "safe_tx", "device": "node-8-spammer", "metadata": {}}
{"timestamp": 1779119522, "type": "safe_tx", "device": "node-11-pulsing", "metadata": {}}
{"timestamp": 1779119522, "type": "safe_tx", "device": "node-8-spammer", "metadata": {}}
{"timestamp": 1779119522, "type": "safe_tx", "device": "node-8-spammer", "metadata": {}}
{"timestamp": 1779119522, "type": "safe_tx", "device": "node-11-pulsing", "metadata": {}}
{"timestamp": 1779119522, "type": "safe_tx", "device": "node-11-pulsing", "metadata": {}}
{"timestamp": 1779119523, "type": "safe_tx", "device": "node-11-pulsing", "metadata": {}}
{"timestamp": 1779119523, "type": "safe_tx", "device": "node-5-clean", "metadata": {}}
{"timestamp": 1779119523, "type": "safe_tx", "device": "node-13-mixed", "metadata": {}}
{"timestamp": 1779119523, "type": "fuzzing", "device": "node-10-fuzzer", "metadata": {}}
{"timestamp": 1779119523, "type": "overflow", "device": "node-15-mixed", "metadata": {"count": 3, "window_sec": 30}}
{"timestamp": 1779119523, "type": "safe_tx", "device": "node-8-spammer", "metadata": {}}
{"timestamp": 1779119523, "type": "safe_tx", "device": "node-8-spammer", "metadata": {}}
{"timestamp": 1779119523, "type": "safe_tx", "device": "node-14-mixed", "metadata": {}}
{"timestamp": 1779119524, "type": "safe_tx", "device": "node-5-clean", "metadata": {}}
{"timestamp": 1779119524, "type": "safe_tx", "device": "node-8-spammer", "metadata": {}}
{"timestamp": 1779119524, "type": "safe_tx", "device": "node-8-spammer", "metadata": {}}
{"timestamp": 1779119524, "type": "safe_tx", "device": "node-8-spammer", "metadata": {}}
{"timestamp": 1779119525, "type": "time_anomaly", "device": "node-7-timespoof", "metadata": {}}
{"timestamp": 1779119524, "type": "safe_tx", "device": "node-9-stealth", "metadata": {}}
{"timestamp": 1779119525, "type": "safe_tx", "device": "node-10-fuzzer", "metadata": {}}
{"timestamp": 1779119525, "type": "safe_tx", "device": "node-8-spammer", "metadata": {}}
{"timestamp": 1779119525, "type": "safe_tx", "device": "node-4-clean", "metadata": {}}
{"timestamp": 1779119525, "type": "safe_tx", "device": "node-4-clean", "metadata": {}}
{"timestamp": 1779119525, "type": "safe_tx", "device": "node-1-clean", "metadata": {}}
{"timestamp": 1779119525, "type": "safe_tx", "device": "node-5-clean", "metadata": {}}
{"timestamp": 1779119525, "type": "safe_tx", "device": "node-2-clean", "metadata": {}}
{"timestamp": 1779119526, "type": "safe_tx", "device": "node-15-mixed", "metadata": {}}
{"timestamp": 1779119526, "type": "safe_tx", "device": "node-3-clean", "metadata": {}}
{"timestamp": 1779119527, "type": "time_anomaly", "device": "node-12-mixed", "metadata": {}}
{"timestamp": 1779119526, "type": "safe_tx", "device": "node-14-mixed", "metadata": {}}
{"timestamp": 1779119526, "type": "safe_tx", "device": "node-13-mixed", "metadata": {}}
{"timestamp": 1779119526, "type": "safe_tx", "device": "node-4-clean", "metadata": {}}
{"timestamp": 1779119526, "type": "safe_tx", "device": "node-8-spammer", "metadata": {}}
{"timestamp": 1779119526, "type": "fuzzing", "device": "node-10-fuzzer", "metadata": {}}
{"timestamp": 1779119526, "type": "safe_tx", "device": "node-15-mixed", "metadata": {}}
{"timestamp": 1779119527, "type": "safe_tx", "device": "node-8-spammer", "metadata": {}}
{"timestamp": 1779119527, "type": "safe_tx", "device": "node-9-stealth", "metadata": {}}
{"timestamp": 1779119527, "type": "safe_tx", "device": "node-8-spammer", "metadata": {}}
{"timestamp": 1779119527, "type": "safe_tx", "device": "node-8-spammer", "metadata": {}}
{"timestamp": 1779119527, "type": "safe_tx", "device": "node-8-spammer", "metadata": {}}
{"timestamp": 1779119527, "type": "safe_tx", "device": "node-8-spammer", "metadata": {}}
{"timestamp": 1779119527, "type": "safe_tx", "device": "node-8-spammer", "metadata": {}}
{"timestamp": 1779119528, "type": "safe_tx", "device": "node-2-clean", "metadata": {}}
{"timestamp": 1779119528, "type": "safe_tx", "device": "node-3-clean", "metadata": {}}
{"timestamp": 1779119528, "type": "safe_tx", "device": "node-12-mixed", "metadata": {}}
{"timestamp": 1779119529, "type": "time_anomaly", "device": "node-7-timespoof", "metadata": {}}
{"timestamp": 1779119528, "type": "safe_tx", "device": "node-10-fuzzer", "metadata": {}}
{"timestamp": 1779119528, "type": "safe_tx", "device": "node-4-clean", "metadata": {}}
{"timestamp": 1779119528, "type": "safe_tx", "device": "node-9-stealth", "metadata": {}}
{"timestamp": 1779119528, "type": "safe_tx", "device": "node-1-clean", "metadata": {}}
{"timestamp": 1779119528, "type": "safe_tx", "device": "node-8-spammer", "metadata": {}}
{"timestamp": 1779119528, "type": "safe_tx", "device": "node-8-spammer", "metadata": {}}
{"timestamp": 1779119528, "type": "safe_tx", "device": "node-8-spammer", "metadata": {}}
{"timestamp": 1779119528, "type": "safe_tx", "device": "node-8-spammer", "metadata": {}}
{"timestamp": 1779119529, "type": "safe_tx", "device": "node-8-spammer", "metadata": {}}
{"timestamp": 1779119529, "type": "safe_tx", "device": "node-8-spammer", "metadata": {}}
{"timestamp": 1779119529, "type": "safe_tx", "device": "node-8-spammer", "metadata": {}}
{"timestamp": 1779119529, "type": "safe_tx", "device": "node-8-spammer", "metadata": {}}
{"timestamp": 1779119529, "type": "safe_tx", "device": "node-8-spammer", "metadata": {}}
{"timestamp": 1779119529, "type": "dos_spam", "device": "node-8-spammer", "metadata": {}}
{"timestamp": 1779119529, "type": "safe_tx", "device": "node-8-spammer", "metadata": {}}
{"timestamp": 1779119529, "type": "safe_tx", "device": "node-8-spammer", "metadata": {}}
{"timestamp": 1779119529, "type": "safe_tx", "device": "node-8-spammer", "metadata": {}}
{"timestamp": 1779119529, "type": "safe_tx", "device": "node-8-spammer", "metadata": {}}
{"timestamp": 1779119529, "type": "safe_tx", "device": "node-8-spammer", "metadata": {}}
{"timestamp": 1779119529, "type": "safe_tx", "device": "node-8-spammer", "metadata": {}}
{"timestamp": 1779119529, "type": "safe_tx", "device": "node-14-mixed", "metadata": {}}
{"timestamp": 1779119529, "type": "safe_tx", "device": "node-8-spammer", "metadata": {}}
{"timestamp": 1779119529, "type": "safe_tx", "device": "node-8-spammer", "metadata": {}}
{"timestamp": 1779119529, "type": "safe_tx", "device": "node-8-spammer", "metadata": {}}
{"timestamp": 1779119529, "type": "safe_tx", "device": "node-5-clean", "metadata": {}}
{"timestamp": 1779119529, "type": "safe_tx", "device": "node-10-fuzzer", "metadata": {}}
{"timestamp": 1779119530, "type": "time_anomaly", "device": "node-13-mixed", "metadata": {}}
{"timestamp": 1779119530, "type": "safe_tx", "device": "node-8-spammer", "metadata": {}}
{"timestamp": 1779119530, "type": "safe_tx", "device": "node-8-spammer", "metadata": {}}
{"timestamp": 1779119530, "type": "safe_tx", "device": "node-9-stealth", "metadata": {}}
{"timestamp": 1779119530, "type": "safe_tx", "device": "node-8-spammer", "metadata": {}}
{"timestamp": 1779119530, "type": "safe_tx", "device": "node-8-spammer", "metadata": {}}
{"timestamp": 1779119530, "type": "dos_spam", "device": "node-8-spammer", "metadata": {"count": 30, "window_sec": 5}}
{"timestamp": 1779119530, "type": "safe_tx", "device": "node-15-mixed", "metadata": {}}
{"timestamp": 1779119530, "type": "safe_tx", "device": "node-8-spammer", "metadata": {}}
{"timestamp": 1779119530, "type": "safe_tx", "device": "node-8-spammer", "metadata": {}}
{"timestamp": 1779119530, "type": "dos_spam", "device": "node-8-spammer", "metadata": {}}
{"timestamp": 1779119530, "type": "safe_tx", "device": "node-14-mixed", "metadata": {}}
{"timestamp": 1779119530, "type": "safe_tx", "device": "node-8-spammer", "metadata": {}}
{"timestamp": 1779119530, "type": "safe_tx", "device": "node-8-spammer", "metadata": {}}
{"timestamp": 1779119530, "type": "overflow", "device": "node-6-overflow", "metadata": {"count": 3, "window_sec": 30}}
{"timestamp": 1779119530, "type": "safe_tx", "device": "node-8-spammer", "metadata": {}}
{"timestamp": 1779119532, "type": "time_anomaly", "device": "node-14-mixed", "metadata": {}}
{"timestamp": 1779119531, "type": "safe_tx", "device": "node-12-mixed", "metadata": {}}
{"timestamp": 1779119531, "type": "safe_tx", "device": "node-2-clean", "metadata": {}}
{"timestamp": 1779119531, "type": "safe_tx", "device": "node-3-clean", "metadata": {}}
{"timestamp": 1779119532, "type": "time_anomaly", "device": "node-7-timespoof", "metadata": {}}
{"timestamp": 1779119532, "type": "safe_tx", "device": "node-8-spammer", "metadata": {}}
{"timestamp": 1779119532, "type": "safe_tx", "device": "node-8-spammer", "metadata": {}}
{"timestamp": 1779119532, "type": "safe_tx", "device": "node-8-spammer", "metadata": {}}
{"timestamp": 1779119532, "type": "safe_tx", "device": "node-8-spammer", "metadata": {}}
{"timestamp": 1779119532, "type": "safe_tx", "device": "node-8-spammer", "metadata": {}}
{"timestamp": 1779119532, "type": "safe_tx", "device": "node-1-clean", "metadata": {}}
{"timestamp": 1779119532, "type": "safe_tx", "device": "node-8-spammer", "metadata": {}}
{"timestamp": 1779119532, "type": "safe_tx", "device": "node-8-spammer", "metadata": {}}
{"timestamp": 1779119532, "type": "safe_tx", "device": "node-4-clean", "metadata": {}}
{"timestamp": 1779119532, "type": "safe_tx", "device": "node-10-fuzzer", "metadata": {}}
{"timestamp": 1779119532, "type": "safe_tx", "device": "node-13-mixed", "metadata": {}}
{"timestamp": 1779119532, "type": "safe_tx", "device": "node-9-stealth", "metadata": {}}
{"timestamp": 1779119532, "type": "fuzzing", "device": "node-10-fuzzer", "metadata": {}}
{"timestamp": 1779119532, "type": "safe_tx", "device": "node-5-clean", "metadata": {}}
{"timestamp": 1779119532, "type": "safe_tx", "device": "node-12-mixed", "metadata": {}}
{"timestamp": 1779119532, "type": "safe_tx", "device": "node-15-mixed", "metadata": {}}
{"timestamp": 1779119533, "type": "safe_tx", "device": "node-8-spammer", "metadata": {}}
{"timestamp": 1779119533, "type": "safe_tx", "device": "node-8-spammer", "metadata": {}}
{"timestamp": 1779119533, "type": "safe_tx", "device": "node-8-spammer", "metadata": {}}
{"timestamp": 1779119533, "type": "safe_tx", "device": "node-8-spammer", "metadata": {}}
{"timestamp": 1779119533, "type": "safe_tx", "device": "node-9-stealth", "metadata": {}}
{"timestamp": 1779119533, "type": "safe_tx", "device": "node-8-spammer", "metadata": {}}
{"timestamp": 1779119533, "type": "safe_tx", "device": "node-8-spammer", "metadata": {}}
{"timestamp": 1779119533, "type": "safe_tx", "device": "node-1-clean", "metadata": {}}
{"timestamp": 1779119533, "type": "safe_tx", "device": "node-8-spammer", "metadata": {}}
{"timestamp": 1779119533, "type": "safe_tx", "device": "node-8-spammer", "metadata": {}}
{"timestamp": 1779119533, "type": "dos_spam", "device": "node-8-spammer", "metadata": {}}
{"timestamp": 1779119533, "type": "safe_tx", "device": "node-8-spammer", "metadata": {}}
{"timestamp": 1779119533, "type": "safe_tx", "device": "node-8-spammer", "metadata": {}}
{"timestamp": 1779119533, "type": "safe_tx", "device": "node-8-spammer", "metadata": {}}
{"timestamp": 1779119533, "type": "safe_tx", "device": "node-8-spammer", "metadata": {}}
{"timestamp": 1779119533, "type": "safe_tx", "device": "node-5-clean", "metadata": {}}
{"timestamp": 1779119533, "type": "safe_tx", "device": "node-15-mixed", "metadata": {}}
{"timestamp": 1779119534, "type": "overflow", "device": "node-14-mixed", "metadata": {"count": 3, "window_sec": 30}}
{"timestamp": 1779119534, "type": "safe_tx", "device": "node-12-mixed", "metadata": {}}
{"timestamp": 1779119534, "type": "safe_tx", "device": "node-8-spammer", "metadata": {}}
{"timestamp": 1779119534, "type": "safe_tx", "device": "node-8-spammer", "metadata": {}}
{"timestamp": 1779119535, "type": "time_anomaly", "device": "node-13-mixed", "metadata": {}}
{"timestamp": 1779119535, "type": "safe_tx", "device": "node-9-stealth", "metadata": {}}
{"timestamp": 1779119535, "type": "safe_tx", "device": "node-1-clean", "metadata": {}}
{"timestamp": 1779119535, "type": "safe_tx", "device": "node-3-clean", "metadata": {}}
{"timestamp": 1779119535, "type": "safe_tx", "device": "node-2-clean", "metadata": {}}
{"timestamp": 1779119535, "type": "safe_tx", "device": "node-8-spammer", "metadata": {}}
{"timestamp": 1779119535, "type": "safe_tx", "device": "node-8-spammer", "metadata": {}}
{"timestamp": 1779119536, "type": "safe_tx", "device": "node-4-clean", "metadata": {}}
{"timestamp": 1779119536, "type": "safe_tx", "device": "node-10-fuzzer", "metadata": {}}
{"timestamp": 1779119537, "type": "time_anomaly", "device": "node-14-mixed", "metadata": {}}
{"timestamp": 1779119537, "type": "time_anomaly", "device": "node-7-timespoof", "metadata": {}}
{"timestamp": 1779119536, "type": "fuzzing", "device": "node-10-fuzzer", "metadata": {}}
{"timestamp": 1779119537, "type": "safe_tx", "device": "node-8-spammer", "metadata": {}}
{"timestamp": 1779119537, "type": "safe_tx", "device": "node-8-spammer", "metadata": {}}
{"timestamp": 1779119537, "type": "safe_tx", "device": "node-8-spammer", "metadata": {}}
{"timestamp": 1779119537, "type": "safe_tx", "device": "node-8-spammer", "metadata": {}}
{"timestamp": 1779119537, "type": "safe_tx", "device": "node-12-mixed", "metadata": {}}
{"timestamp": 1779119537, "type": "safe_tx", "device": "node-8-spammer", "metadata": {}}
{"timestamp": 1779119537, "type": "safe_tx", "device": "node-8-spammer", "metadata": {}}
{"timestamp": 1779119537, "type": "safe_tx", "device": "node-8-spammer", "metadata": {}}
{"timestamp": 1779119537, "type": "dos_spam", "device": "node-8-spammer", "metadata": {"count": 30, "window_sec": 5}}
{"timestamp": 1779119537, "type": "fuzzing", "device": "node-10-fuzzer", "metadata": {}}
{"timestamp": 1779119537, "type": "safe_tx", "device": "node-3-clean", "metadata": {}}
{"timestamp": 1779119537, "type": "safe_tx", "device": "node-8-spammer", "metadata": {}}
{"timestamp": 1779119537, "type": "safe_tx", "device": "node-5-clean", "metadata": {}}
{"timestamp": 1779119537, "type": "safe_tx", "device": "node-8-spammer", "metadata": {}}
{"timestamp": 1779119537, "type": "safe_tx", "device": "node-8-spammer", "metadata": {}}
{"timestamp": 1779119537, "type": "safe_tx", "device": "node-8-spammer", "metadata": {}}
{"timestamp": 1779119537, "type": "safe_tx", "device": "node-8-spammer", "metadata": {}}
{"timestamp": 1779119537, "type": "safe_tx", "device": "node-8-spammer", "metadata": {}}
{"timestamp": 1779119537, "type": "dos_spam", "device": "node-8-spammer", "metadata": {}}
{"timestamp": 1779119537, "type": "safe_tx", "device": "node-8-spammer", "metadata": {}}
{"timestamp": 1779119537, "type": "safe_tx", "device": "node-8-spammer", "metadata": {}}
{"timestamp": 1779119537, "type": "safe_tx", "device": "node-8-spammer", "metadata": {}}
{"timestamp": 1779119537, "type": "safe_tx", "device": "node-13-mixed", "metadata": {}}
{"timestamp": 1779119537, "type": "safe_tx", "device": "node-4-clean", "metadata": {}}
{"timestamp": 1779119537, "type": "safe_tx", "device": "node-9-stealth", "metadata": {}}
{"timestamp": 1779119538, "type": "time_anomaly", "device": "node-15-mixed", "metadata": {}}
{"timestamp": 1779119538, "type": "overflow", "device": "node-13-mixed", "metadata": {"count": 3, "window_sec": 30}}
{"timestamp": 1779119538, "type": "safe_tx", "device": "node-2-clean", "metadata": {}}
{"timestamp": 1779119538, "type": "safe_tx", "device": "node-12-mixed", "metadata": {}}
{"timestamp": 1779119538, "type": "overflow", "device": "node-10-fuzzer", "metadata": {"count": 3, "window_sec": 30}}
{"timestamp": 1779119538, "type": "safe_tx", "device": "node-1-clean", "metadata": {}}
{"timestamp": 1779119538, "type": "safe_tx", "device": "node-8-spammer", "metadata": {}}
{"timestamp": 1779119538, "type": "safe_tx", "device": "node-8-spammer", "metadata": {}}
{"timestamp": 1779119538, "type": "safe_tx", "device": "node-8-spammer", "metadata": {}}
{"timestamp": 1779119538, "type": "safe_tx", "device": "node-8-spammer", "metadata": {}}
{"timestamp": 1779119538, "type": "safe_tx", "device": "node-8-spammer", "metadata": {}}
{"timestamp": 1779119539, "type": "safe_tx", "device": "node-1-clean", "metadata": {}}
{"timestamp": 1779119539, "type": "safe_tx", "device": "node-14-mixed", "metadata": {}}
{"timestamp": 1779119539, "type": "safe_tx", "device": "node-8-spammer", "metadata": {}}
{"timestamp": 1779119539, "type": "safe_tx", "device": "node-8-spammer", "metadata": {}}
{"timestamp": 1779119539, "type": "safe_tx", "device": "node-8-spammer", "metadata": {}}
{"timestamp": 1779119539, "type": "safe_tx", "device": "node-8-spammer", "metadata": {}}
{"timestamp": 1779119539, "type": "safe_tx", "device": "node-8-spammer", "metadata": {}}
{"timestamp": 1779119539, "type": "safe_tx", "device": "node-5-clean", "metadata": {}}
{"timestamp": 1779119539, "type": "safe_tx", "device": "node-8-spammer", "metadata": {}}
{"timestamp": 1779119539, "type": "safe_tx", "device": "node-8-spammer", "metadata": {}}
{"timestamp": 1779119539, "type": "dos_spam", "device": "node-8-spammer", "metadata": {}}
{"timestamp": 1779119539, "type": "safe_tx", "device": "node-8-spammer", "metadata": {}}
{"timestamp": 1779119539, "type": "safe_tx", "device": "node-10-fuzzer", "metadata": {}}
{"timestamp": 1779119539, "type": "safe_tx", "device": "node-9-stealth", "metadata": {}}
{"timestamp": 1779119540, "type": "safe_tx", "device": "node-13-mixed", "metadata": {}}
{"timestamp": 1779119540, "type": "safe_tx", "device": "node-3-clean", "metadata": {}}
{"timestamp": 1779119541, "type": "time_anomaly", "device": "node-15-mixed", "metadata": {}}
{"timestamp": 1779119541, "type": "time_anomaly", "device": "node-12-mixed", "metadata": {}}
{"timestamp": 1779119540, "type": "safe_tx", "device": "node-9-stealth", "metadata": {}}
{"timestamp": 1779119540, "type": "safe_tx", "device": "node-8-spammer", "metadata": {}}
{"timestamp": 1779119540, "type": "safe_tx", "device": "node-8-spammer", "metadata": {}}
{"timestamp": 1779119540, "type": "safe_tx", "device": "node-8-spammer", "metadata": {}}
{"timestamp": 1779119541, "type": "safe_tx", "device": "node-8-spammer", "metadata": {}}
{"timestamp": 1779119541, "type": "safe_tx", "device": "node-8-spammer", "metadata": {}}
{"timestamp": 1779119541, "type": "overflow", "device": "node-6-overflow", "metadata": {"count": 3, "window_sec": 30}}
{"timestamp": 1779119541, "type": "safe_tx", "device": "node-4-clean", "metadata": {}}
{"timestamp": 1779119541, "type": "safe_tx", "device": "node-8-spammer", "metadata": {}}
{"timestamp": 1779119541, "type": "safe_tx", "device": "node-5-clean", "metadata": {}}
{"timestamp": 1779119541, "type": "safe_tx", "device": "node-4-clean", "metadata": {}}
{"timestamp": 1779119541, "type": "safe_tx", "device": "node-8-spammer", "metadata": {}}
{"timestamp": 1779119541, "type": "fuzzing", "device": "node-10-fuzzer", "metadata": {}}
{"timestamp": 1779119541, "type": "safe_tx", "device": "node-2-clean", "metadata": {}}
{"timestamp": 1779119542, "type": "safe_tx", "device": "node-1-clean", "metadata": {}}
{"timestamp": 1779119542, "type": "safe_tx", "device": "node-12-mixed", "metadata": {}}
{"timestamp": 1779119542, "type": "safe_tx", "device": "node-10-fuzzer", "metadata": {}}
{"timestamp": 1779119542, "type": "safe_tx", "device": "node-14-mixed", "metadata": {}}
{"timestamp": 1779119542, "type": "safe_tx", "device": "node-8-spammer", "metadata": {}}
{"timestamp": 1779119542, "type": "dos_spam", "device": "node-8-spammer", "metadata": {"count": 30, "window_sec": 5}}
{"timestamp": 1779119542, "type": "safe_tx", "device": "node-8-spammer", "metadata": {}}
{"timestamp": 1779119542, "type": "safe_tx", "device": "node-8-spammer", "metadata": {}}
{"timestamp": 1779119542, "type": "safe_tx", "device": "node-8-spammer", "metadata": {}}
{"timestamp": 1779119542, "type": "safe_tx", "device": "node-8-spammer", "metadata": {}}
{"timestamp": 1779119542, "type": "safe_tx", "device": "node-1-clean", "metadata": {}}
{"timestamp": 1779119542, "type": "safe_tx", "device": "node-8-spammer", "metadata": {}}
{"timestamp": 1779119542, "type": "safe_tx", "device": "node-8-spammer", "metadata": {}}
{"timestamp": 1779119542, "type": "safe_tx", "device": "node-15-mixed", "metadata": {}}
{"timestamp": 1779119542, "type": "safe_tx", "device": "node-2-clean", "metadata": {}}
{"timestamp": 1779119543, "type": "safe_tx", "device": "node-9-stealth", "metadata": {}}
{"timestamp": 1779119543, "type": "time_anomaly", "device": "node-7-timespoof", "metadata": {}}
{"timestamp": 1779119543, "type": "safe_tx", "device": "node-1-clean", "metadata": {}}
{"timestamp": 1779119543, "type": "safe_tx", "device": "node-3-clean", "metadata": {}}
{"timestamp": 1779119544, "type": "fuzzing", "device": "node-10-fuzzer", "metadata": {}}
{"timestamp": 1779119544, "type": "safe_tx", "device": "node-9-stealth", "metadata": {}}
{"timestamp": 1779119544, "type": "safe_tx", "device": "node-5-clean", "metadata": {}}
{"timestamp": 1779119544, "type": "safe_tx", "device": "node-8-spammer", "metadata": {}}
{"timestamp": 1779119544, "type": "safe_tx", "device": "node-2-clean", "metadata": {}}
{"timestamp": 1779119544, "type": "safe_tx", "device": "node-15-mixed", "metadata": {}}
{"timestamp": 1779119545, "type": "safe_tx", "device": "node-3-clean", "metadata": {}}
{"timestamp": 1779119545, "type": "safe_tx", "device": "node-4-clean", "metadata": {}}
{"timestamp": 1779119545, "type": "safe_tx", "device": "node-10-fuzzer", "metadata": {}}
{"timestamp": 1779119545, "type": "safe_tx", "device": "node-12-mixed", "metadata": {}}
{"timestamp": 1779119545, "type": "safe_tx", "device": "node-8-spammer", "metadata": {}}
{"timestamp": 1779119545, "type": "safe_tx", "device": "node-8-spammer", "metadata": {}}
{"timestamp": 1779119545, "type": "safe_tx", "device": "node-8-spammer", "metadata": {}}
{"timestamp": 1779119546, "type": "safe_tx", "device": "node-5-clean", "metadata": {}}
{"timestamp": 1779119546, "type": "safe_tx", "device": "node-13-mixed", "metadata": {}}
{"timestamp": 1779119546, "type": "overflow", "device": "node-15-mixed", "metadata": {"count": 3, "window_sec": 30}}
{"timestamp": 1779119547, "type": "time_anomaly", "device": "node-7-timespoof", "metadata": {}}
{"timestamp": 1779119546, "type": "safe_tx", "device": "node-1-clean", "metadata": {}}
{"timestamp": 1779119547, "type": "safe_tx", "device": "node-4-clean", "metadata": {}}
{"timestamp": 1779119547, "type": "safe_tx", "device": "node-9-stealth", "metadata": {}}
{"timestamp": 1779119547, "type": "fuzzing", "device": "node-10-fuzzer", "metadata": {}}
{"timestamp": 1779119547, "type": "safe_tx", "device": "node-1-clean", "metadata": {}}
{"timestamp": 1779119547, "type": "safe_tx", "device": "node-14-mixed", "metadata": {}}
{"timestamp": 1779119547, "type": "safe_tx", "device": "node-8-spammer", "metadata": {}}
{"timestamp": 1779119547, "type": "safe_tx", "device": "node-8-spammer", "metadata": {}}
{"timestamp": 1779119547, "type": "safe_tx", "device": "node-8-spammer", "metadata": {}}
{"timestamp": 1779119548, "type": "safe_tx", "device": "node-8-spammer", "metadata": {}}
{"timestamp": 1779119548, "type": "safe_tx", "device": "node-8-spammer", "metadata": {}}
{"timestamp": 1779119548, "type": "safe_tx", "device": "node-8-spammer", "metadata": {}}
{"timestamp": 1779119548, "type": "safe_tx", "device": "node-8-spammer", "metadata": {}}
{"timestamp": 1779119548, "type": "safe_tx", "device": "node-8-spammer", "metadata": {}}
{"timestamp": 1779119548, "type": "safe_tx", "device": "node-3-clean", "metadata": {}}
{"timestamp": 1779119548, "type": "safe_tx", "device": "node-8-spammer", "metadata": {}}
{"timestamp": 1779119548, "type": "safe_tx", "device": "node-8-spammer", "metadata": {}}
{"timestamp": 1779119549, "type": "time_anomaly", "device": "node-15-mixed", "metadata": {}}
{"timestamp": 1779119548, "type": "safe_tx", "device": "node-15-mixed", "metadata": {}}
{"timestamp": 1779119548, "type": "safe_tx", "device": "node-6-overflow", "metadata": {}}
{"timestamp": 1779119548, "type": "safe_tx", "device": "node-2-clean", "metadata": {}}
{"timestamp": 1779119548, "type": "safe_tx", "device": "node-12-mixed", "metadata": {}}
{"timestamp": 1779119549, "type": "safe_tx", "device": "node-8-spammer", "metadata": {}}
{"timestamp": 1779119549, "type": "safe_tx", "device": "node-8-spammer", "metadata": {}}
{"timestamp": 1779119549, "type": "safe_tx", "device": "node-8-spammer", "metadata": {}}
{"timestamp": 1779119549, "type": "overflow", "device": "node-13-mixed", "metadata": {"count": 3, "window_sec": 30}}
{"timestamp": 1779119549, "type": "safe_tx", "device": "node-3-clean", "metadata": {}}
{"timestamp": 1779119549, "type": "safe_tx", "device": "node-12-mixed", "metadata": {}}
{"timestamp": 1779119549, "type": "safe_tx", "device": "node-9-stealth", "metadata": {}}
{"timestamp": 1779119550, "type": "time_anomaly", "device": "node-15-mixed", "metadata": {}}
{"timestamp": 1779119549, "type": "safe_tx", "device": "node-5-clean", "metadata": {}}
{"timestamp": 1779119549, "type": "safe_tx", "device": "node-10-fuzzer", "metadata": {}}
{"timestamp": 1779119550, "type": "time_anomaly", "device": "node-12-mixed", "metadata": {}}
{"timestamp": 1779119550, "type": "safe_tx", "device": "node-4-clean", "metadata": {}}
{"timestamp": 1779119550, "type": "overflow", "device": "node-6-overflow", "metadata": {"count": 3, "window_sec": 30}}
{"timestamp": 1779119550, "type": "safe_tx", "device": "node-8-spammer", "metadata": {}}
{"timestamp": 1779119550, "type": "safe_tx", "device": "node-8-spammer", "metadata": {}}
{"timestamp": 1779119550, "type": "safe_tx", "device": "node-8-spammer", "metadata": {}}
{"timestamp": 1779119550, "type": "safe_tx", "device": "node-8-spammer", "metadata": {}}
{"timestamp": 1779119550, "type": "safe_tx", "device": "node-8-spammer", "metadata": {}}
{"timestamp": 1779119550, "type": "dos_spam", "device": "node-8-spammer", "metadata": {}}
{"timestamp": 1779119550, "type": "safe_tx", "device": "node-8-spammer", "metadata": {}}
{"timestamp": 1779119550, "type": "safe_tx", "device": "node-8-spammer", "metadata": {}}
{"timestamp": 1779119551, "type": "safe_tx", "device": "node-8-spammer", "metadata": {}}
{"timestamp": 1779119551, "type": "safe_tx", "device": "node-8-spammer", "metadata": {}}
{"timestamp": 1779119551, "type": "safe_tx", "device": "node-8-spammer", "metadata": {}}
{"timestamp": 1779119551, "type": "safe_tx", "device": "node-8-spammer", "metadata": {}}
{"timestamp": 1779119551, "type": "safe_tx", "device": "node-8-spammer", "metadata": {}}
{"timestamp": 1779119551, "type": "safe_tx", "device": "node-8-spammer", "metadata": {}}
{"timestamp": 1779119552, "type": "time_anomaly", "device": "node-7-timespoof", "metadata": {}}
{"timestamp": 1779119551, "type": "safe_tx", "device": "node-8-spammer", "metadata": {}}
{"timestamp": 1779119551, "type": "safe_tx", "device": "node-8-spammer", "metadata": {}}
{"timestamp": 1779119551, "type": "safe_tx", "device": "node-1-clean", "metadata": {}}
{"timestamp": 1779119551, "type": "safe_tx", "device": "node-9-stealth", "metadata": {}}
{"timestamp": 1779119551, "type": "safe_tx", "device": "node-14-mixed", "metadata": {}}
{"timestamp": 1779119551, "type": "fuzzing", "device": "node-10-fuzzer", "metadata": {}}
{"timestamp": 1779119552, "type": "safe_tx", "device": "node-8-spammer", "metadata": {}}
{"timestamp": 1779119552, "type": "safe_tx", "device": "node-8-spammer", "metadata": {}}
{"timestamp": 1779119552, "type": "dos_spam", "device": "node-8-spammer", "metadata": {"count": 30, "window_sec": 5}}
{"timestamp": 1779119552, "type": "safe_tx", "device": "node-8-spammer", "metadata": {}}
{"timestamp": 1779119552, "type": "safe_tx", "device": "node-8-spammer", "metadata": {}}
{"timestamp": 1779119552, "type": "safe_tx", "device": "node-8-spammer", "metadata": {}}
{"timestamp": 1779119552, "type": "dos_spam", "device": "node-8-spammer", "metadata": {}}
{"timestamp": 1779119552, "type": "safe_tx", "device": "node-8-spammer", "metadata": {}}
{"timestamp": 1779119552, "type": "safe_tx", "device": "node-4-clean", "metadata": {}}
{"timestamp": 1779119552, "type": "safe_tx", "device": "node-8-spammer", "metadata": {}}
{"timestamp": 1779119552, "type": "safe_tx", "device": "node-8-spammer", "metadata": {}}
{"timestamp": 1779119552, "type": "safe_tx", "device": "node-8-spammer", "metadata": {}}
{"timestamp": 1779119552, "type": "safe_tx", "device": "node-8-spammer", "metadata": {}}
{"timestamp": 1779119552, "type": "safe_tx", "device": "node-2-clean", "metadata": {}}
{"timestamp": 1779119552, "type": "safe_tx", "device": "node-8-spammer", "metadata": {}}
{"timestamp": 1779119552, "type": "safe_tx", "device": "node-5-clean", "metadata": {}}
{"timestamp": 1779119552, "type": "safe_tx", "device": "node-9-stealth", "metadata": {}}
{"timestamp": 1779119552, "type": "fuzzing", "device": "node-10-fuzzer", "metadata": {}}
{"timestamp": 1779119552, "type": "safe_tx", "device": "node-3-clean", "metadata": {}}
{"timestamp": 1779119553, "type": "safe_tx", "device": "node-11-pulsing", "metadata": {}}
{"timestamp": 1779119553, "type": "safe_tx", "device": "node-11-pulsing", "metadata": {}}
{"timestamp": 1779119553, "type": "safe_tx", "device": "node-11-pulsing", "metadata": {}}
{"timestamp": 1779119553, "type": "safe_tx", "device": "node-11-pulsing", "metadata": {}}
{"timestamp": 1779119553, "type": "safe_tx", "device": "node-11-pulsing", "metadata": {}}
{"timestamp": 1779119553, "type": "safe_tx", "device": "node-11-pulsing", "metadata": {}}
{"timestamp": 1779119553, "type": "safe_tx", "device": "node-8-spammer", "metadata": {}}
{"timestamp": 1779119553, "type": "safe_tx", "device": "node-8-spammer", "metadata": {}}
{"timestamp": 1779119553, "type": "safe_tx", "device": "node-11-pulsing", "metadata": {}}
{"timestamp": 1779119553, "type": "safe_tx", "device": "node-11-pulsing", "metadata": {}}
{"timestamp": 1779119553, "type": "safe_tx", "device": "node-11-pulsing", "metadata": {}}
{"timestamp": 1779119553, "type": "safe_tx", "device": "node-11-pulsing", "metadata": {}}
{"timestamp": 1779119553, "type": "safe_tx", "device": "node-11-pulsing", "metadata": {}}
{"timestamp": 1779119553, "type": "fuzzing", "device": "node-10-fuzzer", "metadata": {}}
{"timestamp": 1779119553, "type": "safe_tx", "device": "node-11-pulsing", "metadata": {}}
{"timestamp": 1779119553, "type": "safe_tx", "device": "node-4-clean", "metadata": {}}
{"timestamp": 1779119553, "type": "safe_tx", "device": "node-11-pulsing", "metadata": {}}
{"timestamp": 1779119553, "type": "safe_tx", "device": "node-11-pulsing", "metadata": {}}
{"timestamp": 1779119553, "type": "safe_tx", "device": "node-11-pulsing", "metadata": {}}
{"timestamp": 1779119553, "type": "dos_spam", "device": "node-11-pulsing", "metadata": {}}
{"timestamp": 1779119553, "type": "safe_tx", "device": "node-9-stealth", "metadata": {}}
{"timestamp": 1779119553, "type": "safe_tx", "device": "node-3-clean", "metadata": {}}
{"timestamp": 1779119553, "type": "safe_tx", "device": "node-11-pulsing", "metadata": {}}
{"timestamp": 1779119553, "type": "safe_tx", "device": "node-11-pulsing", "metadata": {}}
{"timestamp": 1779119553, "type": "safe_tx", "device": "node-11-pulsing", "metadata": {}}
{"timestamp": 1779119554, "type": "time_anomaly", "device": "node-12-mixed", "metadata": {}}
{"timestamp": 1779119553, "type": "safe_tx", "device": "node-2-clean", "metadata": {}}
{"timestamp": 1779119554, "type": "safe_tx", "device": "node-11-pulsing", "metadata": {}}
{"timestamp": 1779119554, "type": "safe_tx", "device": "node-11-pulsing", "metadata": {}}
{"timestamp": 1779119554, "type": "safe_tx", "device": "node-8-spammer", "metadata": {}}
{"timestamp": 1779119554, "type": "safe_tx", "device": "node-8-spammer", "metadata": {}}
{"timestamp": 1779119554, "type": "safe_tx", "device": "node-8-spammer", "metadata": {}}
{"timestamp": 1779119554, "type": "safe_tx", "device": "node-8-spammer", "metadata": {}}
{"timestamp": 1779119554, "type": "safe_tx", "device": "node-8-spammer", "metadata": {}}
{"timestamp": 1779119554, "type": "safe_tx", "device": "node-8-spammer", "metadata": {}}
{"timestamp": 1779119554, "type": "safe_tx", "device": "node-13-mixed", "metadata": {}}
{"timestamp": 1779119554, "type": "safe_tx", "device": "node-15-mixed", "metadata": {}}
{"timestamp": 1779119554, "type": "safe_tx", "device": "node-14-mixed", "metadata": {}}
{"timestamp": 1779119555, "type": "safe_tx", "device": "node-1-clean", "metadata": {}}
{"timestamp": 1779119555, "type": "safe_tx", "device": "node-10-fuzzer", "metadata": {}}
{"timestamp": 1779119555, "type": "safe_tx", "device": "node-3-clean", "metadata": {}}
{"timestamp": 1779119555, "type": "safe_tx", "device": "node-8-spammer", "metadata": {}}
{"timestamp": 1779119555, "type": "safe_tx", "device": "node-8-spammer", "metadata": {}}
{"timestamp": 1779119555, "type": "safe_tx", "device": "node-8-spammer", "metadata": {}}
{"timestamp": 1779119555, "type": "safe_tx", "device": "node-8-spammer", "metadata": {}}
{"timestamp": 1779119555, "type": "safe_tx", "device": "node-8-spammer", "metadata": {}}
{"timestamp": 1779119555, "type": "safe_tx", "device": "node-8-spammer", "metadata": {}}
{"timestamp": 1779119555, "type": "safe_tx", "device": "node-8-spammer", "metadata": {}}
{"timestamp": 1779119555, "type": "dos_spam", "device": "node-8-spammer", "metadata": {}}
{"timestamp": 1779119555, "type": "safe_tx", "device": "node-8-spammer", "metadata": {}}
{"timestamp": 1779119555, "type": "safe_tx", "device": "node-13-mixed", "metadata": {}}
{"timestamp": 1779119555, "type": "safe_tx", "device": "node-1-clean", "metadata": {}}
{"timestamp": 1779119555, "type": "safe_tx", "device": "node-8-spammer", "metadata": {}}
{"timestamp": 1779119555, "type": "safe_tx", "device": "node-8-spammer", "metadata": {}}
{"timestamp": 1779119555, "type": "safe_tx", "device": "node-8-spammer", "metadata": {}}
{"timestamp": 1779119555, "type": "safe_tx", "device": "node-8-spammer", "metadata": {}}
{"timestamp": 1779119555, "type": "safe_tx", "device": "node-8-spammer", "metadata": {}}
{"timestamp": 1779119555, "type": "dos_spam", "device": "node-8-spammer", "metadata": {"count": 30, "window_sec": 5}}
{"timestamp": 1779119555, "type": "safe_tx", "device": "node-8-spammer", "metadata": {}}
{"timestamp": 1779119555, "type": "safe_tx", "device": "node-8-spammer", "metadata": {}}
{"timestamp": 1779119556, "type": "safe_tx", "device": "node-8-spammer", "metadata": {}}
{"timestamp": 1779119556, "type": "safe_tx", "device": "node-8-spammer", "metadata": {}}
{"timestamp": 1779119556, "type": "safe_tx", "device": "node-8-spammer", "metadata": {}}
{"timestamp": 1779119557, "type": "time_anomaly", "device": "node-7-timespoof", "metadata": {}}
{"timestamp": 1779119556, "type": "safe_tx", "device": "node-9-stealth", "metadata": {}}
{"timestamp": 1779119556, "type": "safe_tx", "device": "node-1-clean", "metadata": {}}
{"timestamp": 1779119557, "type": "safe_tx", "device": "node-10-fuzzer", "metadata": {}}
{"timestamp": 1779119557, "type": "safe_tx", "device": "node-3-clean", "metadata": {}}
{"timestamp": 1779119557, "type": "safe_tx", "device": "node-8-spammer", "metadata": {}}
{"timestamp": 1779119557, "type": "safe_tx", "device": "node-8-spammer", "metadata": {}}
{"timestamp": 1779119557, "type": "safe_tx", "device": "node-8-spammer", "metadata": {}}
{"timestamp": 1779119557, "type": "safe_tx", "device": "node-12-mixed", "metadata": {}}
{"timestamp": 1779119558, "type": "time_anomaly", "device": "node-14-mixed", "metadata": {}}
{"timestamp": 1779119557, "type": "safe_tx", "device": "node-1-clean", "metadata": {}}
{"timestamp": 1779119557, "type": "fuzzing", "device": "node-10-fuzzer", "metadata": {}}
{"timestamp": 1779119558, "type": "safe_tx", "device": "node-3-clean", "metadata": {}}
{"timestamp": 1779119558, "type": "safe_tx", "device": "node-8-spammer", "metadata": {}}
{"timestamp": 1779119558, "type": "safe_tx", "device": "node-8-spammer", "metadata": {}}
{"timestamp": 1779119558, "type": "safe_tx", "device": "node-8-spammer", "metadata": {}}
{"timestamp": 1779119558, "type": "safe_tx", "device": "node-8-spammer", "metadata": {}}
{"timestamp": 1779119558, "type": "safe_tx", "device": "node-8-spammer", "metadata": {}}
{"timestamp": 1779119558, "type": "safe_tx", "device": "node-8-spammer", "metadata": {}}
{"timestamp": 1779119558, "type": "safe_tx", "device": "node-4-clean", "metadata": {}}
{"timestamp": 1779119558, "type": "safe_tx", "device": "node-8-spammer", "metadata": {}}
{"timestamp": 1779119558, "type": "safe_tx", "device": "node-8-spammer", "metadata": {}}
{"timestamp": 1779119558, "type": "safe_tx", "device": "node-8-spammer", "metadata": {}}
{"timestamp": 1779119558, "type": "dos_spam", "device": "node-8-spammer", "metadata": {}}
{"timestamp": 1779119558, "type": "safe_tx", "device": "node-8-spammer", "metadata": {}}
{"timestamp": 1779119558, "type": "safe_tx", "device": "node-8-spammer", "metadata": {}}
{"timestamp": 1779119558, "type": "safe_tx", "device": "node-8-spammer", "metadata": {}}
{"timestamp": 1779119558, "type": "safe_tx", "device": "node-8-spammer", "metadata": {}}
{"timestamp": 1779119558, "type": "safe_tx", "device": "node-8-spammer", "metadata": {}}
{"timestamp": 1779119558, "type": "safe_tx", "device": "node-9-stealth", "metadata": {}}
{"timestamp": 1779119558, "type": "safe_tx", "device": "node-2-clean", "metadata": {}}
{"timestamp": 1779119559, "type": "safe_tx", "device": "node-13-mixed", "metadata": {}}
{"timestamp": 1779119559, "type": "safe_tx", "device": "node-12-mixed", "metadata": {}}
{"timestamp": 1779119559, "type": "safe_tx", "device": "node-2-clean", "metadata": {}}
{"timestamp": 1779119560, "type": "time_anomaly", "device": "node-15-mixed", "metadata": {}}
{"timestamp": 1779119559, "type": "safe_tx", "device": "node-10-fuzzer", "metadata": {}}
{"timestamp": 1779119559, "type": "safe_tx", "device": "node-5-clean", "metadata": {}}
{"timestamp": 1779119560, "type": "overflow", "device": "node-12-mixed", "metadata": {"count": 3, "window_sec": 30}}
{"timestamp": 1779119560, "type": "safe_tx", "device": "node-8-spammer", "metadata": {}}
{"timestamp": 1779119560, "type": "safe_tx", "device": "node-8-spammer", "metadata": {}}
{"timestamp": 1779119560, "type": "safe_tx", "device": "node-8-spammer", "metadata": {}}
{"timestamp": 1779119560, "type": "safe_tx", "device": "node-8-spammer", "metadata": {}}
{"timestamp": 1779119560, "type": "safe_tx", "device": "node-9-stealth", "metadata": {}}
{"timestamp": 1779119560, "type": "safe_tx", "device": "node-8-spammer", "metadata": {}}
{"timestamp": 1779119560, "type": "safe_tx", "device": "node-8-spammer", "metadata": {}}
{"timestamp": 1779119560, "type": "safe_tx", "device": "node-8-spammer", "metadata": {}}
{"timestamp": 1779119560, "type": "safe_tx", "device": "node-4-clean", "metadata": {}}
{"timestamp": 1779119560, "type": "safe_tx", "device": "node-9-stealth", "metadata": {}}
{"timestamp": 1779119561, "type": "safe_tx", "device": "node-13-mixed", "metadata": {}}
{"timestamp": 1779119561, "type": "safe_tx", "device": "node-3-clean", "metadata": {}}
{"timestamp": 1779119561, "type": "safe_tx", "device": "node-8-spammer", "metadata": {}}
{"timestamp": 1779119561, "type": "safe_tx", "device": "node-8-spammer", "metadata": {}}
{"timestamp": 1779119561, "type": "safe_tx", "device": "node-8-spammer", "metadata": {}}
{"timestamp": 1779119561, "type": "dos_spam", "device": "node-8-spammer", "metadata": {"count": 30, "window_sec": 5}}
{"timestamp": 1779119561, "type": "safe_tx", "device": "node-8-spammer", "metadata": {}}
{"timestamp": 1779119561, "type": "safe_tx", "device": "node-8-spammer", "metadata": {}}
{"timestamp": 1779119561, "type": "safe_tx", "device": "node-8-spammer", "metadata": {}}
{"timestamp": 1779119561, "type": "safe_tx", "device": "node-8-spammer", "metadata": {}}
{"timestamp": 1779119561, "type": "safe_tx", "device": "node-8-spammer", "metadata": {}}
{"timestamp": 1779119561, "type": "dos_spam", "device": "node-8-spammer", "metadata": {}}
{"timestamp": 1779119561, "type": "safe_tx", "device": "node-8-spammer", "metadata": {}}
{"timestamp": 1779119561, "type": "safe_tx", "device": "node-10-fuzzer", "metadata": {}}
{"timestamp": 1779119562, "type": "time_anomaly", "device": "node-15-mixed", "metadata": {}}
{"timestamp": 1779119561, "type": "safe_tx", "device": "node-1-clean", "metadata": {}}
{"timestamp": 1779119562, "type": "safe_tx", "device": "node-5-clean", "metadata": {}}
{"timestamp": 1779119562, "type": "safe_tx", "device": "node-12-mixed", "metadata": {}}
{"timestamp": 1779119562, "type": "safe_tx", "device": "node-14-mixed", "metadata": {}}
{"timestamp": 1779119562, "type": "safe_tx", "device": "node-8-spammer", "metadata": {}}
{"timestamp": 1779119562, "type": "safe_tx", "device": "node-8-spammer", "metadata": {}}
{"timestamp": 1779119563, "type": "time_anomaly", "device": "node-7-timespoof", "metadata": {}}
{"timestamp": 1779119562, "type": "safe_tx", "device": "node-8-spammer", "metadata": {}}
{"timestamp": 1779119562, "type": "safe_tx", "device": "node-8-spammer", "metadata": {}}
{"timestamp": 1779119562, "type": "safe_tx", "device": "node-8-spammer", "metadata": {}}
{"timestamp": 1779119562, "type": "safe_tx", "device": "node-8-spammer", "metadata": {}}
{"timestamp": 1779119562, "type": "safe_tx", "device": "node-8-spammer", "metadata": {}}
{"timestamp": 1779119562, "type": "safe_tx", "device": "node-8-spammer", "metadata": {}}
{"timestamp": 1779119562, "type": "safe_tx", "device": "node-8-spammer", "metadata": {}}
{"timestamp": 1779119562, "type": "safe_tx", "device": "node-9-stealth", "metadata": {}}
{"timestamp": 1779119563, "type": "safe_tx", "device": "node-10-fuzzer", "metadata": {}}
{"timestamp": 1779119563, "type": "safe_tx", "device": "node-2-clean", "metadata": {}}
{"timestamp": 1779119563, "type": "safe_tx", "device": "node-5-clean", "metadata": {}}
{"timestamp": 1779119563, "type": "safe_tx", "device": "node-13-mixed", "metadata": {}}
{"timestamp": 1779119563, "type": "safe_tx", "device": "node-4-clean", "metadata": {}}
{"timestamp": 1779119564, "type": "time_anomaly", "device": "node-14-mixed", "metadata": {}}
{"timestamp": 1779119564, "type": "safe_tx", "device": "node-3-clean", "metadata": {}}
{"timestamp": 1779119564, "type": "safe_tx", "device": "node-1-clean", "metadata": {}}
{"timestamp": 1779119564, "type": "safe_tx", "device": "node-12-mixed", "metadata": {}}
{"timestamp": 1779119564, "type": "safe_tx", "device": "node-4-clean", "metadata": {}}
{"timestamp": 1779119564, "type": "overflow", "device": "node-6-overflow", "metadata": {"count": 3, "window_sec": 30}}
{"timestamp": 1779119564, "type": "safe_tx", "device": "node-10-fuzzer", "metadata": {}}
{"timestamp": 1779119564, "type": "safe_tx", "device": "node-8-spammer", "metadata": {}}
{"timestamp": 1779119565, "type": "safe_tx", "device": "node-8-spammer", "metadata": {}}
{"timestamp": 1779119565, "type": "safe_tx", "device": "node-8-spammer", "metadata": {}}
{"timestamp": 1779119565, "type": "safe_tx", "device": "node-8-spammer", "metadata": {}}
{"timestamp": 1779119565, "type": "safe_tx", "device": "node-8-spammer", "metadata": {}}
{"timestamp": 1779119565, "type": "safe_tx", "device": "node-14-mixed", "metadata": {}}
{"timestamp": 1779119565, "type": "safe_tx", "device": "node-8-spammer", "metadata": {}}
{"timestamp": 1779119565, "type": "safe_tx", "device": "node-8-spammer", "metadata": {}}
{"timestamp": 1779119565, "type": "safe_tx", "device": "node-8-spammer", "metadata": {}}
{"timestamp": 1779119565, "type": "safe_tx", "device": "node-2-clean", "metadata": {}}
{"timestamp": 1779119565, "type": "safe_tx", "device": "node-13-mixed", "metadata": {}}
{"timestamp": 1779119565, "type": "safe_tx", "device": "node-15-mixed", "metadata": {}}
{"timestamp": 1779119565, "type": "safe_tx", "device": "node-4-clean", "metadata": {}}
{"timestamp": 1779119565, "type": "safe_tx", "device": "node-10-fuzzer", "metadata": {}}
{"timestamp": 1779119565, "type": "safe_tx", "device": "node-9-stealth", "metadata": {}}
{"timestamp": 1779119566, "type": "safe_tx", "device": "node-5-clean", "metadata": {}}
{"timestamp": 1779119566, "type": "safe_tx", "device": "node-8-spammer", "metadata": {}}
{"timestamp": 1779119566, "type": "safe_tx", "device": "node-8-spammer", "metadata": {}}
{"timestamp": 1779119566, "type": "safe_tx", "device": "node-8-spammer", "metadata": {}}
{"timestamp": 1779119566, "type": "safe_tx", "device": "node-8-spammer", "metadata": {}}
{"timestamp": 1779119566, "type": "safe_tx", "device": "node-8-spammer", "metadata": {}}
{"timestamp": 1779119566, "type": "safe_tx", "device": "node-8-spammer", "metadata": {}}
{"timestamp": 1779119567, "type": "safe_tx", "device": "node-10-fuzzer", "metadata": {}}
{"timestamp": 1779119567, "type": "safe_tx", "device": "node-12-mixed", "metadata": {}}
{"timestamp": 1779119567, "type": "safe_tx", "device": "node-4-clean", "metadata": {}}
{"timestamp": 1779119567, "type": "safe_tx", "device": "node-1-clean", "metadata": {}}
{"timestamp": 1779119567, "type": "safe_tx", "device": "node-13-mixed", "metadata": {}}
{"timestamp": 1779119567, "type": "safe_tx", "device": "node-8-spammer", "metadata": {}}
{"timestamp": 1779119567, "type": "safe_tx", "device": "node-4-clean", "metadata": {}}
{"timestamp": 1779119567, "type": "safe_tx", "device": "node-8-spammer", "metadata": {}}
{"timestamp": 1779119567, "type": "dos_spam", "device": "node-8-spammer", "metadata": {}}
{"timestamp": 1779119567, "type": "safe_tx", "device": "node-8-spammer", "metadata": {}}
{"timestamp": 1779119567, "type": "safe_tx", "device": "node-8-spammer", "metadata": {}}
{"timestamp": 1779119567, "type": "safe_tx", "device": "node-15-mixed", "metadata": {}}
{"timestamp": 1779119567, "type": "safe_tx", "device": "node-8-spammer", "metadata": {}}
{"timestamp": 1779119567, "type": "safe_tx", "device": "node-3-clean", "metadata": {}}
{"timestamp": 1779119567, "type": "safe_tx", "device": "node-8-spammer", "metadata": {}}
{"timestamp": 1779119568, "type": "safe_tx", "device": "node-5-clean", "metadata": {}}
{"timestamp": 1779119568, "type": "safe_tx", "device": "node-2-clean", "metadata": {}}
{"timestamp": 1779119569, "type": "time_anomaly", "device": "node-7-timespoof", "metadata": {}}
{"timestamp": 1779119568, "type": "safe_tx", "device": "node-10-fuzzer", "metadata": {}}
{"timestamp": 1779119568, "type": "safe_tx", "device": "node-2-clean", "metadata": {}}
{"timestamp": 1779119568, "type": "safe_tx", "device": "node-9-stealth", "metadata": {}}
{"timestamp": 1779119569, "type": "time_anomaly", "device": "node-14-mixed", "metadata": {}}
{"timestamp": 1779119568, "type": "safe_tx", "device": "node-3-clean", "metadata": {}}
{"timestamp": 1779119568, "type": "safe_tx", "device": "node-2-clean", "metadata": {}}
{"timestamp": 1779119569, "type": "safe_tx", "device": "node-6-overflow", "metadata": {}}
{"timestamp": 1779119569, "type": "safe_tx", "device": "node-8-spammer", "metadata": {}}
{"timestamp": 1779119569, "type": "safe_tx", "device": "node-8-spammer", "metadata": {}}
{"timestamp": 1779119569, "type": "safe_tx", "device": "node-5-clean", "metadata": {}}
{"timestamp": 1779119569, "type": "safe_tx", "device": "node-8-spammer", "metadata": {}}
{"timestamp": 1779119569, "type": "safe_tx", "device": "node-4-clean", "metadata": {}}
{"timestamp": 1779119569, "type": "safe_tx", "device": "node-8-spammer", "metadata": {}}
{"timestamp": 1779119569, "type": "safe_tx", "device": "node-8-spammer", "metadata": {}}
{"timestamp": 1779119569, "type": "safe_tx", "device": "node-2-clean", "metadata": {}}
{"timestamp": 1779119569, "type": "safe_tx", "device": "node-12-mixed", "metadata": {}}
{"timestamp": 1779119569, "type": "safe_tx", "device": "node-9-stealth", "metadata": {}}
{"timestamp": 1779119569, "type": "safe_tx", "device": "node-13-mixed", "metadata": {}}
{"timestamp": 1779119570, "type": "safe_tx", "device": "node-14-mixed", "metadata": {}}
{"timestamp": 1779119570, "type": "safe_tx", "device": "node-8-spammer", "metadata": {}}
{"timestamp": 1779119570, "type": "safe_tx", "device": "node-12-mixed", "metadata": {}}
{"timestamp": 1779119570, "type": "safe_tx", "device": "node-8-spammer", "metadata": {}}
{"timestamp": 1779119570, "type": "safe_tx", "device": "node-8-spammer", "metadata": {}}
{"timestamp": 1779119570, "type": "safe_tx", "device": "node-12-mixed", "metadata": {}}
{"timestamp": 1779119571, "type": "safe_tx", "device": "node-10-fuzzer", "metadata": {}}
{"timestamp": 1779119571, "type": "safe_tx", "device": "node-8-spammer", "metadata": {}}
{"timestamp": 1779119571, "type": "safe_tx", "device": "node-8-spammer", "metadata": {}}
{"timestamp": 1779119571, "type": "safe_tx", "device": "node-1-clean", "metadata": {}}
{"timestamp": 1779119571, "type": "safe_tx", "device": "node-6-overflow", "metadata": {}}
{"timestamp": 1779119571, "type": "safe_tx", "device": "node-1-clean", "metadata": {}}
{"timestamp": 1779119571, "type": "safe_tx", "device": "node-15-mixed", "metadata": {}}
{"timestamp": 1779119571, "type": "safe_tx", "device": "node-3-clean", "metadata": {}}
{"timestamp": 1779119571, "type": "safe_tx", "device": "node-9-stealth", "metadata": {}}
{"timestamp": 1779119571, "type": "safe_tx", "device": "node-2-clean", "metadata": {}}
{"timestamp": 1779119572, "type": "safe_tx", "device": "node-14-mixed", "metadata": {}}
{"timestamp": 1779119572, "type": "safe_tx", "device": "node-8-spammer", "metadata": {}}
{"timestamp": 1779119572, "type": "safe_tx", "device": "node-8-spammer", "metadata": {}}
{"timestamp": 1779119572, "type": "safe_tx", "device": "node-8-spammer", "metadata": {}}
{"timestamp": 1779119572, "type": "safe_tx", "device": "node-13-mixed", "metadata": {}}
{"timestamp": 1779119572, "type": "safe_tx", "device": "node-4-clean", "metadata": {}}
{"timestamp": 1779119573, "type": "time_anomaly", "device": "node-15-mixed", "metadata": {}}
{"timestamp": 1779119573, "type": "fuzzing", "device": "node-10-fuzzer", "metadata": {}}
{"timestamp": 1779119573, "type": "safe_tx", "device": "node-3-clean", "metadata": {}}
{"timestamp": 1779119574, "type": "time_anomaly", "device": "node-7-timespoof", "metadata": {}}
{"timestamp": 1779119573, "type": "safe_tx", "device": "node-8-spammer", "metadata": {}}
{"timestamp": 1779119573, "type": "safe_tx", "device": "node-8-spammer", "metadata": {}}
{"timestamp": 1779119573, "type": "safe_tx", "device": "node-8-spammer", "metadata": {}}
{"timestamp": 1779119573, "type": "safe_tx", "device": "node-8-spammer", "metadata": {}}
{"timestamp": 1779119573, "type": "safe_tx", "device": "node-8-spammer", "metadata": {}}
{"timestamp": 1779119573, "type": "safe_tx", "device": "node-8-spammer", "metadata": {}}
{"timestamp": 1779119573, "type": "safe_tx", "device": "node-8-spammer", "metadata": {}}
{"timestamp": 1779119573, "type": "safe_tx", "device": "node-8-spammer", "metadata": {}}
{"timestamp": 1779119574, "type": "safe_tx", "device": "node-9-stealth", "metadata": {}}
{"timestamp": 1779119574, "type": "safe_tx", "device": "node-5-clean", "metadata": {}}
{"timestamp": 1779119574, "type": "safe_tx", "device": "node-14-mixed", "metadata": {}}
{"timestamp": 1779119574, "type": "fuzzing", "device": "node-10-fuzzer", "metadata": {}}
{"timestamp": 1779119575, "type": "time_anomaly", "device": "node-13-mixed", "metadata": {}}
{"timestamp": 1779119575, "type": "safe_tx", "device": "node-2-clean", "metadata": {}}
{"timestamp": 1779119575, "type": "safe_tx", "device": "node-8-spammer", "metadata": {}}
{"timestamp": 1779119575, "type": "safe_tx", "device": "node-8-spammer", "metadata": {}}
{"timestamp": 1779119575, "type": "safe_tx", "device": "node-8-spammer", "metadata": {}}
{"timestamp": 1779119575, "type": "safe_tx", "device": "node-8-spammer", "metadata": {}}
{"timestamp": 1779119575, "type": "safe_tx", "device": "node-8-spammer", "metadata": {}}
{"timestamp": 1779119575, "type": "safe_tx", "device": "node-8-spammer", "metadata": {}}
{"timestamp": 1779119575, "type": "fuzzing", "device": "node-10-fuzzer", "metadata": {}}
{"timestamp": 1779119575, "type": "safe_tx", "device": "node-8-spammer", "metadata": {}}
{"timestamp": 1779119575, "type": "dos_spam", "device": "node-8-spammer", "metadata": {}}
{"timestamp": 1779119575, "type": "safe_tx", "device": "node-8-spammer", "metadata": {}}
{"timestamp": 1779119575, "type": "safe_tx", "device": "node-15-mixed", "metadata": {}}
{"timestamp": 1779119575, "type": "safe_tx", "device": "node-8-spammer", "metadata": {}}
{"timestamp": 1779119575, "type": "safe_tx", "device": "node-8-spammer", "metadata": {}}
{"timestamp": 1779119575, "type": "safe_tx", "device": "node-8-spammer", "metadata": {}}
{"timestamp": 1779119575, "type": "safe_tx", "device": "node-8-spammer", "metadata": {}}
{"timestamp": 1779119575, "type": "safe_tx", "device": "node-8-spammer", "metadata": {}}
{"timestamp": 1779119575, "type": "safe_tx", "device": "node-8-spammer", "metadata": {}}
{"timestamp": 1779119575, "type": "dos_spam", "device": "node-8-spammer", "metadata": {"count": 30, "window_sec": 5}}
{"timestamp": 1779119575, "type": "safe_tx", "device": "node-5-clean", "metadata": {}}
{"timestamp": 1779119575, "type": "safe_tx", "device": "node-8-spammer", "metadata": {}}
{"timestamp": 1779119575, "type": "safe_tx", "device": "node-9-stealth", "metadata": {}}
{"timestamp": 1779119575, "type": "safe_tx", "device": "node-8-spammer", "metadata": {}}
{"timestamp": 1779119575, "type": "safe_tx", "device": "node-8-spammer", "metadata": {}}
{"timestamp": 1779119576, "type": "safe_tx", "device": "node-1-clean", "metadata": {}}
{"timestamp": 1779119576, "type": "safe_tx", "device": "node-14-mixed", "metadata": {}}
{"timestamp": 1779119576, "type": "safe_tx", "device": "node-4-clean", "metadata": {}}
{"timestamp": 1779119576, "type": "safe_tx", "device": "node-6-overflow", "metadata": {}}
{"timestamp": 1779119576, "type": "safe_tx", "device": "node-8-spammer", "metadata": {}}
{"timestamp": 1779119576, "type": "fuzzing", "device": "node-10-fuzzer", "metadata": {}}
{"timestamp": 1779119577, "type": "time_anomaly", "device": "node-7-timespoof", "metadata": {}}
{"timestamp": 1779119576, "type": "safe_tx", "device": "node-13-mixed", "metadata": {}}
{"timestamp": 1779119576, "type": "safe_tx", "device": "node-9-stealth", "metadata": {}}
{"timestamp": 1779119577, "type": "safe_tx", "device": "node-3-clean", "metadata": {}}
{"timestamp": 1779119577, "type": "safe_tx", "device": "node-1-clean", "metadata": {}}
{"timestamp": 1779119577, "type": "safe_tx", "device": "node-12-mixed", "metadata": {}}
{"timestamp": 1779119577, "type": "safe_tx", "device": "node-9-stealth", "metadata": {}}
{"timestamp": 1779119577, "type": "safe_tx", "device": "node-14-mixed", "metadata": {}}
{"timestamp": 1779119577, "type": "safe_tx", "device": "node-2-clean", "metadata": {}}
{"timestamp": 1779119577, "type": "safe_tx", "device": "node-8-spammer", "metadata": {}}
{"timestamp": 1779119577, "type": "safe_tx", "device": "node-8-spammer", "metadata": {}}
{"timestamp": 1779119577, "type": "safe_tx", "device": "node-8-spammer", "metadata": {}}
{"timestamp": 1779119577, "type": "safe_tx", "device": "node-8-spammer", "metadata": {}}
{"timestamp": 1779119577, "type": "dos_spam", "device": "node-8-spammer", "metadata": {}}
{"timestamp": 1779119578, "type": "safe_tx", "device": "node-8-spammer", "metadata": {}}
{"timestamp": 1779119578, "type": "safe_tx", "device": "node-1-clean", "metadata": {}}
{"timestamp": 1779119578, "type": "safe_tx", "device": "node-8-spammer", "metadata": {}}
{"timestamp": 1779119578, "type": "safe_tx", "device": "node-8-spammer", "metadata": {}}
{"timestamp": 1779119578, "type": "fuzzing", "device": "node-10-fuzzer", "metadata": {}}
{"timestamp": 1779119578, "type": "safe_tx", "device": "node-8-spammer", "metadata": {}}
{"timestamp": 1779119578, "type": "safe_tx", "device": "node-8-spammer", "metadata": {}}
{"timestamp": 1779119578, "type": "safe_tx", "device": "node-8-spammer", "metadata": {}}
{"timestamp": 1779119578, "type": "safe_tx", "device": "node-8-spammer", "metadata": {}}
{"timestamp": 1779119578, "type": "safe_tx", "device": "node-8-spammer", "metadata": {}}
{"timestamp": 1779119578, "type": "safe_tx", "device": "node-8-spammer", "metadata": {}}
{"timestamp": 1779119578, "type": "safe_tx", "device": "node-8-spammer", "metadata": {}}
{"timestamp": 1779119578, "type": "safe_tx", "device": "node-8-spammer", "metadata": {}}
{"timestamp": 1779119578, "type": "safe_tx", "device": "node-8-spammer", "metadata": {}}
{"timestamp": 1779119578, "type": "safe_tx", "device": "node-15-mixed", "metadata": {}}
{"timestamp": 1779119578, "type": "safe_tx", "device": "node-5-clean", "metadata": {}}
{"timestamp": 1779119578, "type": "safe_tx", "device": "node-13-mixed", "metadata": {}}
{"timestamp": 1779119579, "type": "time_anomaly", "device": "node-14-mixed", "metadata": {}}
{"timestamp": 1779119579, "type": "safe_tx", "device": "node-8-spammer", "metadata": {}}
{"timestamp": 1779119579, "type": "safe_tx", "device": "node-5-clean", "metadata": {}}
{"timestamp": 1779119579, "type": "safe_tx", "device": "node-14-mixed", "metadata": {}}
{"timestamp": 1779119579, "type": "safe_tx", "device": "node-4-clean", "metadata": {}}
{"timestamp": 1779119579, "type": "safe_tx", "device": "node-5-clean", "metadata": {}}
{"timestamp": 1779119579, "type": "safe_tx", "device": "node-4-clean", "metadata": {}}
{"timestamp": 1779119580, "type": "fuzzing", "device": "node-10-fuzzer", "metadata": {}}
{"timestamp": 1779119580, "type": "safe_tx", "device": "node-1-clean", "metadata": {}}
{"timestamp": 1779119580, "type": "safe_tx", "device": "node-15-mixed", "metadata": {}}
{"timestamp": 1779119580, "type": "safe_tx", "device": "node-5-clean", "metadata": {}}
{"timestamp": 1779119580, "type": "safe_tx", "device": "node-14-mixed", "metadata": {}}
{"timestamp": 1779119580, "type": "safe_tx", "device": "node-8-spammer", "metadata": {}}
{"timestamp": 1779119580, "type": "safe_tx", "device": "node-13-mixed", "metadata": {}}
{"timestamp": 1779119580, "type": "safe_tx", "device": "node-12-mixed", "metadata": {}}
{"timestamp": 1779119580, "type": "safe_tx", "device": "node-3-clean", "metadata": {}}
{"timestamp": 1779119580, "type": "safe_tx", "device": "node-12-mixed", "metadata": {}}
{"timestamp": 1779119581, "type": "safe_tx", "device": "node-11-pulsing", "metadata": {}}
{"timestamp": 1779119581, "type": "time_anomaly", "device": "node-14-mixed", "metadata": {}}
{"timestamp": 1779119581, "type": "safe_tx", "device": "node-11-pulsing", "metadata": {}}
{"timestamp": 1779119581, "type": "safe_tx", "device": "node-11-pulsing", "metadata": {}}
{"timestamp": 1779119581, "type": "safe_tx", "device": "node-2-clean", "metadata": {}}
{"timestamp": 1779119581, "type": "safe_tx", "device": "node-11-pulsing", "metadata": {}}
{"timestamp": 1779119581, "type": "safe_tx", "device": "node-11-pulsing", "metadata": {}}
{"timestamp": 1779119581, "type": "overflow", "device": "node-9-stealth", "metadata": {"count": 3, "window_sec": 30}}
{"timestamp": 1779119581, "type": "safe_tx", "device": "node-11-pulsing", "metadata": {}}
{"timestamp": 1779119581, "type": "safe_tx", "device": "node-11-pulsing", "metadata": {}}
{"timestamp": 1779119581, "type": "safe_tx", "device": "node-11-pulsing", "metadata": {}}
{"timestamp": 1779119582, "type": "time_anomaly", "device": "node-7-timespoof", "metadata": {}}
{"timestamp": 1779119581, "type": "safe_tx", "device": "node-11-pulsing", "metadata": {}}
{"timestamp": 1779119581, "type": "safe_tx", "device": "node-11-pulsing", "metadata": {}}
{"timestamp": 1779119581, "type": "safe_tx", "device": "node-11-pulsing", "metadata": {}}
{"timestamp": 1779119581, "type": "safe_tx", "device": "node-8-spammer", "metadata": {}}
{"timestamp": 1779119581, "type": "safe_tx", "device": "node-11-pulsing", "metadata": {}}
{"timestamp": 1779119581, "type": "overflow", "device": "node-10-fuzzer", "metadata": {"count": 3, "window_sec": 30}}
{"timestamp": 1779119581, "type": "safe_tx", "device": "node-8-spammer", "metadata": {}}
{"timestamp": 1779119581, "type": "safe_tx", "device": "node-11-pulsing", "metadata": {}}
{"timestamp": 1779119581, "type": "safe_tx", "device": "node-8-spammer", "metadata": {}}
{"timestamp": 1779119581, "type": "safe_tx", "device": "node-11-pulsing", "metadata": {}}
{"timestamp": 1779119581, "type": "safe_tx", "device": "node-11-pulsing", "metadata": {}}
{"timestamp": 1779119581, "type": "dos_spam", "device": "node-11-pulsing", "metadata": {}}
{"timestamp": 1779119581, "type": "safe_tx", "device": "node-11-pulsing", "metadata": {}}
{"timestamp": 1779119581, "type": "safe_tx", "device": "node-11-pulsing", "metadata": {}}
{"timestamp": 1779119581, "type": "safe_tx", "device": "node-11-pulsing", "metadata": {}}
{"timestamp": 1779119582, "type": "safe_tx", "device": "node-11-pulsing", "metadata": {}}
{"timestamp": 1779119582, "type": "safe_tx", "device": "node-11-pulsing", "metadata": {}}
{"timestamp": 1779119582, "type": "overflow", "device": "node-15-mixed", "metadata": {"count": 3, "window_sec": 30}}
{"timestamp": 1779119582, "type": "safe_tx", "device": "node-1-clean", "metadata": {}}
{"timestamp": 1779119582, "type": "safe_tx", "device": "node-10-fuzzer", "metadata": {}}
{"timestamp": 1779119583, "type": "safe_tx", "device": "node-8-spammer", "metadata": {}}
{"timestamp": 1779119583, "type": "safe_tx", "device": "node-8-spammer", "metadata": {}}
{"timestamp": 1779119583, "type": "time_anomaly", "device": "node-14-mixed", "metadata": {}}
{"timestamp": 1779119583, "type": "safe_tx", "device": "node-8-spammer", "metadata": {}}
{"timestamp": 1779119583, "type": "safe_tx", "device": "node-8-spammer", "metadata": {}}
{"timestamp": 1779119583, "type": "safe_tx", "device": "node-3-clean", "metadata": {}}
{"timestamp": 1779119583, "type": "safe_tx", "device": "node-8-spammer", "metadata": {}}
{"timestamp": 1779119583, "type": "safe_tx", "device": "node-8-spammer", "metadata": {}}
{"timestamp": 1779119583, "type": "safe_tx", "device": "node-8-spammer", "metadata": {}}
{"timestamp": 1779119583, "type": "safe_tx", "device": "node-4-clean", "metadata": {}}
{"timestamp": 1779119583, "type": "safe_tx", "device": "node-5-clean", "metadata": {}}
{"timestamp": 1779119583, "type": "safe_tx", "device": "node-9-stealth", "metadata": {}}
{"timestamp": 1779119583, "type": "safe_tx", "device": "node-2-clean", "metadata": {}}
{"timestamp": 1779119583, "type": "safe_tx", "device": "node-13-mixed", "metadata": {}}
{"timestamp": 1779119584, "type": "time_anomaly", "device": "node-14-mixed", "metadata": {}}
{"timestamp": 1779119584, "type": "safe_tx", "device": "node-12-mixed", "metadata": {}}
{"timestamp": 1779119584, "type": "safe_tx", "device": "node-10-fuzzer", "metadata": {}}
{"timestamp": 1779119584, "type": "safe_tx", "device": "node-15-mixed", "metadata": {}}
{"timestamp": 1779119584, "type": "safe_tx", "device": "node-8-spammer", "metadata": {}}
{"timestamp": 1779119584, "type": "safe_tx", "device": "node-8-spammer", "metadata": {}}
{"timestamp": 1779119584, "type": "safe_tx", "device": "node-8-spammer", "metadata": {}}
{"timestamp": 1779119584, "type": "safe_tx", "device": "node-8-spammer", "metadata": {}}
{"timestamp": 1779119584, "type": "safe_tx", "device": "node-1-clean", "metadata": {}}
{"timestamp": 1779119584, "type": "safe_tx", "device": "node-6-overflow", "metadata": {}}
{"timestamp": 1779119584, "type": "safe_tx", "device": "node-13-mixed", "metadata": {}}
{"timestamp": 1779119584, "type": "safe_tx", "device": "node-3-clean", "metadata": {}}
{"timestamp": 1779119585, "type": "safe_tx", "device": "node-12-mixed", "metadata": {}}
{"timestamp": 1779119585, "type": "safe_tx", "device": "node-2-clean", "metadata": {}}
{"timestamp": 1779119585, "type": "safe_tx", "device": "node-4-clean", "metadata": {}}
{"timestamp": 1779119585, "type": "safe_tx", "device": "node-8-spammer", "metadata": {}}
{"timestamp": 1779119585, "type": "safe_tx", "device": "node-8-spammer", "metadata": {}}
{"timestamp": 1779119585, "type": "safe_tx", "device": "node-8-spammer", "metadata": {}}
{"timestamp": 1779119585, "type": "safe_tx", "device": "node-8-spammer", "metadata": {}}
{"timestamp": 1779119585, "type": "dos_spam", "device": "node-8-spammer", "metadata": {}}
{"timestamp": 1779119585, "type": "safe_tx", "device": "node-4-clean", "metadata": {}}
{"timestamp": 1779119585, "type": "safe_tx", "device": "node-8-spammer", "metadata": {}}
{"timestamp": 1779119585, "type": "safe_tx", "device": "node-13-mixed", "metadata": {}}
{"timestamp": 1779119586, "type": "fuzzing", "device": "node-10-fuzzer", "metadata": {}}
{"timestamp": 1779119586, "type": "safe_tx", "device": "node-14-mixed", "metadata": {}}
{"timestamp": 1779119586, "type": "overflow", "device": "node-12-mixed", "metadata": {"count": 3, "window_sec": 30}}
{"timestamp": 1779119586, "type": "safe_tx", "device": "node-8-spammer", "metadata": {}}
{"timestamp": 1779119586, "type": "safe_tx", "device": "node-8-spammer", "metadata": {}}
{"timestamp": 1779119586, "type": "safe_tx", "device": "node-8-spammer", "metadata": {}}
{"timestamp": 1779119586, "type": "safe_tx", "device": "node-8-spammer", "metadata": {}}
{"timestamp": 1779119586, "type": "safe_tx", "device": "node-8-spammer", "metadata": {}}
{"timestamp": 1779119586, "type": "safe_tx", "device": "node-8-spammer", "metadata": {}}
{"timestamp": 1779119586, "type": "safe_tx", "device": "node-9-stealth", "metadata": {}}
{"timestamp": 1779119587, "type": "time_anomaly", "device": "node-7-timespoof", "metadata": {}}
{"timestamp": 1779119586, "type": "safe_tx", "device": "node-8-spammer", "metadata": {}}
{"timestamp": 1779119586, "type": "safe_tx", "device": "node-8-spammer", "metadata": {}}
{"timestamp": 1779119586, "type": "safe_tx", "device": "node-8-spammer", "metadata": {}}
{"timestamp": 1779119586, "type": "safe_tx", "device": "node-8-spammer", "metadata": {}}
{"timestamp": 1779119586, "type": "safe_tx", "device": "node-8-spammer", "metadata": {}}
{"timestamp": 1779119586, "type": "dos_spam", "device": "node-8-spammer", "metadata": {"count": 30, "window_sec": 5}}
{"timestamp": 1779119586, "type": "safe_tx", "device": "node-8-spammer", "metadata": {}}
{"timestamp": 1779119586, "type": "safe_tx", "device": "node-5-clean", "metadata": {}}
{"timestamp": 1779119586, "type": "safe_tx", "device": "node-4-clean", "metadata": {}}
{"timestamp": 1779119587, "type": "time_anomaly", "device": "node-14-mixed", "metadata": {}}
{"timestamp": 1779119587, "type": "safe_tx", "device": "node-3-clean", "metadata": {}}
{"timestamp": 1779119587, "type": "safe_tx", "device": "node-1-clean", "metadata": {}}
{"timestamp": 1779119587, "type": "safe_tx", "device": "node-3-clean", "metadata": {}}
{"timestamp": 1779119587, "type": "safe_tx", "device": "node-2-clean", "metadata": {}}
{"timestamp": 1779119587, "type": "safe_tx", "device": "node-13-mixed", "metadata": {}}
{"timestamp": 1779119587, "type": "safe_tx", "device": "node-15-mixed", "metadata": {}}
{"timestamp": 1779119588, "type": "fuzzing", "device": "node-10-fuzzer", "metadata": {}}
{"timestamp": 1779119588, "type": "safe_tx", "device": "node-14-mixed", "metadata": {}}
{"timestamp": 1779119588, "type": "safe_tx", "device": "node-9-stealth", "metadata": {}}
{"timestamp": 1779119588, "type": "safe_tx", "device": "node-2-clean", "metadata": {}}
{"timestamp": 1779119588, "type": "safe_tx", "device": "node-12-mixed", "metadata": {}}
{"timestamp": 1779119588, "type": "safe_tx", "device": "node-15-mixed", "metadata": {}}
{"timestamp": 1779119589, "type": "time_anomaly", "device": "node-7-timespoof", "metadata": {}}
{"timestamp": 1779119589, "type": "fuzzing", "device": "node-10-fuzzer", "metadata": {}}
{"timestamp": 1779119590, "type": "safe_tx", "device": "node-3-clean", "metadata": {}}
{"timestamp": 1779119590, "type": "safe_tx", "device": "node-8-spammer", "metadata": {}}
{"timestamp": 1779119590, "type": "safe_tx", "device": "node-8-spammer", "metadata": {}}
{"timestamp": 1779119590, "type": "safe_tx", "device": "node-8-spammer", "metadata": {}}
{"timestamp": 1779119590, "type": "safe_tx", "device": "node-2-clean", "metadata": {}}
{"timestamp": 1779119590, "type": "safe_tx", "device": "node-8-spammer", "metadata": {}}
{"timestamp": 1779119590, "type": "safe_tx", "device": "node-8-spammer", "metadata": {}}
{"timestamp": 1779119590, "type": "safe_tx", "device": "node-4-clean", "metadata": {}}
{"timestamp": 1779119590, "type": "safe_tx", "device": "node-8-spammer", "metadata": {}}
{"timestamp": 1779119590, "type": "safe_tx", "device": "node-1-clean", "metadata": {}}
{"timestamp": 1779119590, "type": "safe_tx", "device": "node-5-clean", "metadata": {}}
{"timestamp": 1779119591, "type": "time_anomaly", "device": "node-12-mixed", "metadata": {}}
{"timestamp": 1779119591, "type": "safe_tx", "device": "node-8-spammer", "metadata": {}}
{"timestamp": 1779119591, "type": "fuzzing", "device": "node-10-fuzzer", "metadata": {}}
{"timestamp": 1779119591, "type": "safe_tx", "device": "node-8-spammer", "metadata": {}}
{"timestamp": 1779119591, "type": "safe_tx", "device": "node-8-spammer", "metadata": {}}
{"timestamp": 1779119591, "type": "safe_tx", "device": "node-5-clean", "metadata": {}}
{"timestamp": 1779119591, "type": "safe_tx", "device": "node-8-spammer", "metadata": {}}
{"timestamp": 1779119591, "type": "safe_tx", "device": "node-8-spammer", "metadata": {}}
{"timestamp": 1779119591, "type": "safe_tx", "device": "node-8-spammer", "metadata": {}}
{"timestamp": 1779119591, "type": "safe_tx", "device": "node-13-mixed", "metadata": {}}
{"timestamp": 1779119591, "type": "safe_tx", "device": "node-15-mixed", "metadata": {}}
{"timestamp": 1779119591, "type": "safe_tx", "device": "node-4-clean", "metadata": {}}
{"timestamp": 1779119591, "type": "safe_tx", "device": "node-3-clean", "metadata": {}}
{"timestamp": 1779119592, "type": "safe_tx", "device": "node-13-mixed", "metadata": {}}
{"timestamp": 1779119592, "type": "time_anomaly", "device": "node-13-mixed", "metadata": {}}
{"timestamp": 1779119592, "type": "safe_tx", "device": "node-9-stealth", "metadata": {}}
{"timestamp": 1779119592, "type": "safe_tx", "device": "node-8-spammer", "metadata": {}}
{"timestamp": 1779119592, "type": "safe_tx", "device": "node-8-spammer", "metadata": {}}
{"timestamp": 1779119592, "type": "safe_tx", "device": "node-8-spammer", "metadata": {}}
{"timestamp": 1779119592, "type": "dos_spam", "device": "node-8-spammer", "metadata": {}}
{"timestamp": 1779119592, "type": "safe_tx", "device": "node-8-spammer", "metadata": {}}
{"timestamp": 1779119592, "type": "safe_tx", "device": "node-8-spammer", "metadata": {}}
{"timestamp": 1779119592, "type": "safe_tx", "device": "node-8-spammer", "metadata": {}}
{"timestamp": 1779119592, "type": "safe_tx", "device": "node-8-spammer", "metadata": {}}
{"timestamp": 1779119592, "type": "safe_tx", "device": "node-8-spammer", "metadata": {}}
{"timestamp": 1779119592, "type": "overflow", "device": "node-14-mixed", "metadata": {"count": 3, "window_sec": 30}}
{"timestamp": 1779119592, "type": "safe_tx", "device": "node-8-spammer", "metadata": {}}
{"timestamp": 1779119593, "type": "time_anomaly", "device": "node-15-mixed", "metadata": {}}
{"timestamp": 1779119592, "type": "safe_tx", "device": "node-8-spammer", "metadata": {}}
{"timestamp": 1779119592, "type": "safe_tx", "device": "node-8-spammer", "metadata": {}}
{"timestamp": 1779119592, "type": "safe_tx", "device": "node-8-spammer", "metadata": {}}
{"timestamp": 1779119592, "type": "safe_tx", "device": "node-8-spammer", "metadata": {}}
{"timestamp": 1779119592, "type": "safe_tx", "device": "node-8-spammer", "metadata": {}}
{"timestamp": 1779119592, "type": "safe_tx", "device": "node-8-spammer", "metadata": {}}
{"timestamp": 1779119592, "type": "safe_tx", "device": "node-8-spammer", "metadata": {}}
{"timestamp": 1779119593, "type": "safe_tx", "device": "node-8-spammer", "metadata": {}}
{"timestamp": 1779119593, "type": "safe_tx", "device": "node-8-spammer", "metadata": {}}
{"timestamp": 1779119593, "type": "dos_spam", "device": "node-8-spammer", "metadata": {"count": 30, "window_sec": 5}}
{"timestamp": 1779119593, "type": "dos_spam", "device": "node-8-spammer", "metadata": {}}
{"timestamp": 1779119593, "type": "safe_tx", "device": "node-5-clean", "metadata": {}}
{"timestamp": 1779119593, "type": "time_anomaly", "device": "node-7-timespoof", "metadata": {}}
{"timestamp": 1779119593, "type": "time_anomaly", "device": "node-12-mixed", "metadata": {}}
{"timestamp": 1779119593, "type": "safe_tx", "device": "node-3-clean", "metadata": {}}
{"timestamp": 1779119593, "type": "safe_tx", "device": "node-1-clean", "metadata": {}}
{"timestamp": 1779119593, "type": "safe_tx", "device": "node-2-clean", "metadata": {}}
{"timestamp": 1779119593, "type": "fuzzing", "device": "node-10-fuzzer", "metadata": {}}
{"timestamp": 1779119593, "type": "overflow", "device": "node-6-overflow", "metadata": {"count": 3, "window_sec": 30}}
{"timestamp": 1779119594, "type": "safe_tx", "device": "node-8-spammer", "metadata": {}}
{"timestamp": 1779119594, "type": "safe_tx", "device": "node-8-spammer", "metadata": {}}
{"timestamp": 1779119594, "type": "safe_tx", "device": "node-8-spammer", "metadata": {}}
{"timestamp": 1779119594, "type": "safe_tx", "device": "node-8-spammer", "metadata": {}}
{"timestamp": 1779119594, "type": "safe_tx", "device": "node-8-spammer", "metadata": {}}
{"timestamp": 1779119594, "type": "safe_tx", "device": "node-8-spammer", "metadata": {}}
{"timestamp": 1779119594, "type": "safe_tx", "device": "node-8-spammer", "metadata": {}}
{"timestamp": 1779119594, "type": "safe_tx", "device": "node-2-clean", "metadata": {}}
{"timestamp": 1779119594, "type": "safe_tx", "device": "node-8-spammer", "metadata": {}}
{"timestamp": 1779119594, "type": "safe_tx", "device": "node-8-spammer", "metadata": {}}
{"timestamp": 1779119594, "type": "safe_tx", "device": "node-8-spammer", "metadata": {}}
{"timestamp": 1779119594, "type": "safe_tx", "device": "node-8-spammer", "metadata": {}}
{"timestamp": 1779119594, "type": "safe_tx", "device": "node-9-stealth", "metadata": {}}
{"timestamp": 1779119594, "type": "safe_tx", "device": "node-1-clean", "metadata": {}}
{"timestamp": 1779119594, "type": "safe_tx", "device": "node-4-clean", "metadata": {}}
{"timestamp": 1779119595, "type": "safe_tx", "device": "node-5-clean", "metadata": {}}
{"timestamp": 1779119595, "type": "safe_tx", "device": "node-14-mixed", "metadata": {}}
{"timestamp": 1779119595, "type": "fuzzing", "device": "node-10-fuzzer", "metadata": {}}
{"timestamp": 1779119595, "type": "safe_tx", "device": "node-8-spammer", "metadata": {}}
{"timestamp": 1779119595, "type": "safe_tx", "device": "node-8-spammer", "metadata": {}}
{"timestamp": 1779119595, "type": "safe_tx", "device": "node-8-spammer", "metadata": {}}
{"timestamp": 1779119595, "type": "safe_tx", "device": "node-8-spammer", "metadata": {}}
{"timestamp": 1779119595, "type": "dos_spam", "device": "node-8-spammer", "metadata": {}}
{"timestamp": 1779119595, "type": "safe_tx", "device": "node-8-spammer", "metadata": {}}
{"timestamp": 1779119595, "type": "safe_tx", "device": "node-13-mixed", "metadata": {}}
{"timestamp": 1779119595, "type": "safe_tx", "device": "node-5-clean", "metadata": {}}
{"timestamp": 1779119595, "type": "safe_tx", "device": "node-2-clean", "metadata": {}}
{"timestamp": 1779119596, "type": "safe_tx", "device": "node-2-clean", "metadata": {}}
{"timestamp": 1779119596, "type": "safe_tx", "device": "node-10-fuzzer", "metadata": {}}
{"timestamp": 1779119596, "type": "safe_tx", "device": "node-8-spammer", "metadata": {}}
{"timestamp": 1779119596, "type": "safe_tx", "device": "node-9-stealth", "metadata": {}}
{"timestamp": 1779119596, "type": "safe_tx", "device": "node-1-clean", "metadata": {}}
{"timestamp": 1779119596, "type": "safe_tx", "device": "node-15-mixed", "metadata": {}}
{"timestamp": 1779119597, "type": "safe_tx", "device": "node-5-clean", "metadata": {}}
{"timestamp": 1779119597, "type": "safe_tx", "device": "node-2-clean", "metadata": {}}
{"timestamp": 1779119597, "type": "safe_tx", "device": "node-12-mixed", "metadata": {}}
{"timestamp": 1779119597, "type": "safe_tx", "device": "node-3-clean", "metadata": {}}
{"timestamp": 1779119597, "type": "safe_tx", "device": "node-8-spammer", "metadata": {}}
{"timestamp": 1779119597, "type": "safe_tx", "device": "node-8-spammer", "metadata": {}}
{"timestamp": 1779119597, "type": "safe_tx", "device": "node-8-spammer", "metadata": {}}
{"timestamp": 1779119597, "type": "safe_tx", "device": "node-8-spammer", "metadata": {}}
{"timestamp": 1779119597, "type": "safe_tx", "device": "node-8-spammer", "metadata": {}}
{"timestamp": 1779119597, "type": "safe_tx", "device": "node-8-spammer", "metadata": {}}
{"timestamp": 1779119597, "type": "safe_tx", "device": "node-8-spammer", "metadata": {}}
{"timestamp": 1779119597, "type": "safe_tx", "device": "node-8-spammer", "metadata": {}}
{"timestamp": 1779119598, "type": "time_anomaly", "device": "node-7-timespoof", "metadata": {}}
{"timestamp": 1779119598, "type": "safe_tx", "device": "node-3-clean", "metadata": {}}
{"timestamp": 1779119598, "type": "safe_tx", "device": "node-10-fuzzer", "metadata": {}}
{"timestamp": 1779119598, "type": "safe_tx", "device": "node-4-clean", "metadata": {}}
{"timestamp": 1779119598, "type": "safe_tx", "device": "node-14-mixed", "metadata": {}}
{"timestamp": 1779119598, "type": "safe_tx", "device": "node-1-clean", "metadata": {}}
{"timestamp": 1779119599, "type": "time_anomaly", "device": "node-12-mixed", "metadata": {}}
{"timestamp": 1779119598, "type": "safe_tx", "device": "node-9-stealth", "metadata": {}}
{"timestamp": 1779119598, "type": "safe_tx", "device": "node-5-clean", "metadata": {}}
{"timestamp": 1779119598, "type": "safe_tx", "device": "node-8-spammer", "metadata": {}}
{"timestamp": 1779119598, "type": "safe_tx", "device": "node-8-spammer", "metadata": {}}
{"timestamp": 1779119598, "type": "safe_tx", "device": "node-8-spammer", "metadata": {}}
{"timestamp": 1779119598, "type": "safe_tx", "device": "node-8-spammer", "metadata": {}}
{"timestamp": 1779119598, "type": "safe_tx", "device": "node-8-spammer", "metadata": {}}
{"timestamp": 1779119598, "type": "dos_spam", "device": "node-8-spammer", "metadata": {"count": 30, "window_sec": 5}}
{"timestamp": 1779119599, "type": "safe_tx", "device": "node-8-spammer", "metadata": {}}
{"timestamp": 1779119599, "type": "safe_tx", "device": "node-8-spammer", "metadata": {}}
{"timestamp": 1779119599, "type": "dos_spam", "device": "node-8-spammer", "metadata": {}}
{"timestamp": 1779119599, "type": "safe_tx", "device": "node-8-spammer", "metadata": {}}
{"timestamp": 1779119599, "type": "overflow", "device": "node-10-fuzzer", "metadata": {"count": 3, "window_sec": 30}}
{"timestamp": 1779119599, "type": "safe_tx", "device": "node-2-clean", "metadata": {}}
{"timestamp": 1779119599, "type": "safe_tx", "device": "node-8-spammer", "metadata": {}}
{"timestamp": 1779119599, "type": "safe_tx", "device": "node-8-spammer", "metadata": {}}
{"timestamp": 1779119599, "type": "safe_tx", "device": "node-8-spammer", "metadata": {}}
{"timestamp": 1779119599, "type": "safe_tx", "device": "node-8-spammer", "metadata": {}}
{"timestamp": 1779119599, "type": "safe_tx", "device": "node-8-spammer", "metadata": {}}
{"timestamp": 1779119599, "type": "safe_tx", "device": "node-8-spammer", "metadata": {}}
{"timestamp": 1779119599, "type": "safe_tx", "device": "node-8-spammer", "metadata": {}}
{"timestamp": 1779119599, "type": "safe_tx", "device": "node-8-spammer", "metadata": {}}
{"timestamp": 1779119599, "type": "safe_tx", "device": "node-8-spammer", "metadata": {}}
{"timestamp": 1779119600, "type": "safe_tx", "device": "node-13-mixed", "metadata": {}}
{"timestamp": 1779119600, "type": "safe_tx", "device": "node-8-spammer", "metadata": {}}
{"timestamp": 1779119600, "type": "safe_tx", "device": "node-8-spammer", "metadata": {}}
{"timestamp": 1779119600, "type": "safe_tx", "device": "node-8-spammer", "metadata": {}}
{"timestamp": 1779119600, "type": "safe_tx", "device": "node-8-spammer", "metadata": {}}
{"timestamp": 1779119600, "type": "safe_tx", "device": "node-14-mixed", "metadata": {}}
{"timestamp": 1779119600, "type": "safe_tx", "device": "node-8-spammer", "metadata": {}}
{"timestamp": 1779119600, "type": "dos_spam", "device": "node-8-spammer", "metadata": {}}
{"timestamp": 1779119600, "type": "safe_tx", "device": "node-8-spammer", "metadata": {}}
{"timestamp": 1779119600, "type": "safe_tx", "device": "node-8-spammer", "metadata": {}}
{"timestamp": 1779119600, "type": "safe_tx", "device": "node-4-clean", "metadata": {}}
{"timestamp": 1779119600, "type": "safe_tx", "device": "node-1-clean", "metadata": {}}
{"timestamp": 1779119600, "type": "safe_tx", "device": "node-13-mixed", "metadata": {}}
{"timestamp": 1779119600, "type": "safe_tx", "device": "node-3-clean", "metadata": {}}
{"timestamp": 1779119600, "type": "safe_tx", "device": "node-1-clean", "metadata": {}}
{"timestamp": 1779119601, "type": "time_anomaly", "device": "node-15-mixed", "metadata": {}}
{"timestamp": 1779119601, "type": "safe_tx", "device": "node-1-clean", "metadata": {}}
{"timestamp": 1779119601, "type": "safe_tx", "device": "node-8-spammer", "metadata": {}}
{"timestamp": 1779119601, "type": "safe_tx", "device": "node-8-spammer", "metadata": {}}
{"timestamp": 1779119601, "type": "safe_tx", "device": "node-8-spammer", "metadata": {}}
{"timestamp": 1779119601, "type": "safe_tx", "device": "node-8-spammer", "metadata": {}}
{"timestamp": 1779119601, "type": "safe_tx", "device": "node-8-spammer", "metadata": {}}
{"timestamp": 1779119601, "type": "safe_tx", "device": "node-8-spammer", "metadata": {}}
{"timestamp": 1779119601, "type": "safe_tx", "device": "node-8-spammer", "metadata": {}}
{"timestamp": 1779119601, "type": "safe_tx", "device": "node-8-spammer", "metadata": {}}
{"timestamp": 1779119601, "type": "overflow", "device": "node-6-overflow", "metadata": {"count": 3, "window_sec": 30}}
{"timestamp": 1779119601, "type": "safe_tx", "device": "node-9-stealth", "metadata": {}}
{"timestamp": 1779119601, "type": "safe_tx", "device": "node-12-mixed", "metadata": {}}
{"timestamp": 1779119602, "type": "time_anomaly", "device": "node-15-mixed", "metadata": {}}
{"timestamp": 1779119602, "type": "safe_tx", "device": "node-3-clean", "metadata": {}}
{"timestamp": 1779119602, "type": "safe_tx", "device": "node-1-clean", "metadata": {}}
{"timestamp": 1779119602, "type": "safe_tx", "device": "node-4-clean", "metadata": {}}
{"timestamp": 1779119602, "type": "safe_tx", "device": "node-12-mixed", "metadata": {}}
{"timestamp": 1779119602, "type": "safe_tx", "device": "node-14-mixed", "metadata": {}}
{"timestamp": 1779119602, "type": "safe_tx", "device": "node-1-clean", "metadata": {}}
{"timestamp": 1779119602, "type": "safe_tx", "device": "node-5-clean", "metadata": {}}
{"timestamp": 1779119602, "type": "safe_tx", "device": "node-8-spammer", "metadata": {}}
{"timestamp": 1779119602, "type": "safe_tx", "device": "node-8-spammer", "metadata": {}}
{"timestamp": 1779119602, "type": "safe_tx", "device": "node-8-spammer", "metadata": {}}
{"timestamp": 1779119602, "type": "dos_spam", "device": "node-8-spammer", "metadata": {"count": 30, "window_sec": 5}}
{"timestamp": 1779119602, "type": "safe_tx", "device": "node-8-spammer", "metadata": {}}
{"timestamp": 1779119602, "type": "safe_tx", "device": "node-8-spammer", "metadata": {}}
{"timestamp": 1779119602, "type": "dos_spam", "device": "node-8-spammer", "metadata": {}}
{"timestamp": 1779119602, "type": "safe_tx", "device": "node-8-spammer", "metadata": {}}
{"timestamp": 1779119602, "type": "safe_tx", "device": "node-8-spammer", "metadata": {}}
{"timestamp": 1779119602, "type": "safe_tx", "device": "node-13-mixed", "metadata": {}}
{"timestamp": 1779119602, "type": "safe_tx", "device": "node-8-spammer", "metadata": {}}
{"timestamp": 1779119602, "type": "safe_tx", "device": "node-8-spammer", "metadata": {}}
{"timestamp": 1779119602, "type": "safe_tx", "device": "node-8-spammer", "metadata": {}}
{"timestamp": 1779119602, "type": "safe_tx", "device": "node-8-spammer", "metadata": {}}
{"timestamp": 1779119602, "type": "safe_tx", "device": "node-8-spammer", "metadata": {}}
{"timestamp": 1779119603, "type": "safe_tx", "device": "node-2-clean", "metadata": {}}
{"timestamp": 1779119603, "type": "safe_tx", "device": "node-15-mixed", "metadata": {}}
{"timestamp": 1779119603, "type": "safe_tx", "device": "node-3-clean", "metadata": {}}
{"timestamp": 1779119603, "type": "safe_tx", "device": "node-12-mixed", "metadata": {}}
{"timestamp": 1779119604, "type": "time_anomaly", "device": "node-7-timespoof", "metadata": {}}
{"timestamp": 1779119603, "type": "safe_tx", "device": "node-14-mixed", "metadata": {}}
{"timestamp": 1779119604, "type": "safe_tx", "device": "node-6-overflow", "metadata": {}}
{"timestamp": 1779119604, "type": "safe_tx", "device": "node-8-spammer", "metadata": {}}
{"timestamp": 1779119604, "type": "safe_tx", "device": "node-8-spammer", "metadata": {}}
{"timestamp": 1779119604, "type": "safe_tx", "device": "node-8-spammer", "metadata": {}}
{"timestamp": 1779119604, "type": "safe_tx", "device": "node-8-spammer", "metadata": {}}
{"timestamp": 1779119604, "type": "safe_tx", "device": "node-8-spammer", "metadata": {}}
{"timestamp": 1779119604, "type": "safe_tx", "device": "node-5-clean", "metadata": {}}
{"timestamp": 1779119604, "type": "safe_tx", "device": "node-9-stealth", "metadata": {}}
{"timestamp": 1779119604, "type": "safe_tx", "device": "node-3-clean", "metadata": {}}
{"timestamp": 1779119604, "type": "safe_tx", "device": "node-2-clean", "metadata": {}}
{"timestamp": 1779119605, "type": "safe_tx", "device": "node-8-spammer", "metadata": {}}
{"timestamp": 1779119605, "type": "safe_tx", "device": "node-8-spammer", "metadata": {}}
{"timestamp": 1779119605, "type": "safe_tx", "device": "node-8-spammer", "metadata": {}}
{"timestamp": 1779119605, "type": "safe_tx", "device": "node-8-spammer", "metadata": {}}
{"timestamp": 1779119605, "type": "safe_tx", "device": "node-8-spammer", "metadata": {}}
{"timestamp": 1779119605, "type": "safe_tx", "device": "node-8-spammer", "metadata": {}}
{"timestamp": 1779119606, "type": "time_anomaly", "device": "node-12-mixed", "metadata": {}}
{"timestamp": 1779119605, "type": "safe_tx", "device": "node-8-spammer", "metadata": {}}
{"timestamp": 1779119605, "type": "safe_tx", "device": "node-8-spammer", "metadata": {}}
{"timestamp": 1779119605, "type": "safe_tx", "device": "node-4-clean", "metadata": {}}
{"timestamp": 1779119605, "type": "safe_tx", "device": "node-8-spammer", "metadata": {}}
{"timestamp": 1779119605, "type": "safe_tx", "device": "node-8-spammer", "metadata": {}}
{"timestamp": 1779119605, "type": "dos_spam", "device": "node-8-spammer", "metadata": {}}
{"timestamp": 1779119605, "type": "safe_tx", "device": "node-8-spammer", "metadata": {}}
{"timestamp": 1779119605, "type": "safe_tx", "device": "node-1-clean", "metadata": {}}
{"timestamp": 1779119605, "type": "safe_tx", "device": "node-10-fuzzer", "metadata": {}}
{"timestamp": 1779119606, "type": "time_anomaly", "device": "node-14-mixed", "metadata": {}}
{"timestamp": 1779119605, "type": "safe_tx", "device": "node-11-pulsing", "metadata": {}}
{"timestamp": 1779119606, "type": "safe_tx", "device": "node-11-pulsing", "metadata": {}}
{"timestamp": 1779119606, "type": "safe_tx", "device": "node-11-pulsing", "metadata": {}}
{"timestamp": 1779119606, "type": "safe_tx", "device": "node-11-pulsing", "metadata": {}}
{"timestamp": 1779119606, "type": "safe_tx", "device": "node-11-pulsing", "metadata": {}}
{"timestamp": 1779119606, "type": "safe_tx", "device": "node-11-pulsing", "metadata": {}}
{"timestamp": 1779119606, "type": "safe_tx", "device": "node-11-pulsing", "metadata": {}}
{"timestamp": 1779119606, "type": "overflow", "device": "node-9-stealth", "metadata": {"count": 3, "window_sec": 30}}
{"timestamp": 1779119606, "type": "safe_tx", "device": "node-11-pulsing", "metadata": {}}
{"timestamp": 1779119606, "type": "fuzzing", "device": "node-10-fuzzer", "metadata": {}}
{"timestamp": 1779119606, "type": "safe_tx", "device": "node-11-pulsing", "metadata": {}}
{"timestamp": 1779119606, "type": "safe_tx", "device": "node-4-clean", "metadata": {}}
{"timestamp": 1779119606, "type": "safe_tx", "device": "node-11-pulsing", "metadata": {}}
{"timestamp": 1779119606, "type": "safe_tx", "device": "node-11-pulsing", "metadata": {}}
{"timestamp": 1779119606, "type": "safe_tx", "device": "node-11-pulsing", "metadata": {}}
{"timestamp": 1779119606, "type": "safe_tx", "device": "node-11-pulsing", "metadata": {}}
{"timestamp": 1779119607, "type": "time_anomaly", "device": "node-15-mixed", "metadata": {}}
{"timestamp": 1779119606, "type": "safe_tx", "device": "node-11-pulsing", "metadata": {}}
{"timestamp": 1779119606, "type": "safe_tx", "device": "node-11-pulsing", "metadata": {}}
{"timestamp": 1779119606, "type": "dos_spam", "device": "node-11-pulsing", "metadata": {}}
{"timestamp": 1779119606, "type": "safe_tx", "device": "node-11-pulsing", "metadata": {}}
{"timestamp": 1779119606, "type": "safe_tx", "device": "node-3-clean", "metadata": {}}
{"timestamp": 1779119606, "type": "safe_tx", "device": "node-8-spammer", "metadata": {}}
{"timestamp": 1779119606, "type": "safe_tx", "device": "node-11-pulsing", "metadata": {}}
{"timestamp": 1779119606, "type": "safe_tx", "device": "node-8-spammer", "metadata": {}}
{"timestamp": 1779119606, "type": "safe_tx", "device": "node-8-spammer", "metadata": {}}
{"timestamp": 1779119606, "type": "safe_tx", "device": "node-11-pulsing", "metadata": {}}
{"timestamp": 1779119606, "type": "safe_tx", "device": "node-8-spammer", "metadata": {}}
{"timestamp": 1779119607, "type": "time_anomaly", "device": "node-7-timespoof", "metadata": {}}
{"timestamp": 1779119606, "type": "safe_tx", "device": "node-8-spammer", "metadata": {}}
{"timestamp": 1779119606, "type": "dos_spam", "device": "node-8-spammer", "metadata": {"count": 30, "window_sec": 5}}
{"timestamp": 1779119606, "type": "safe_tx", "device": "node-11-pulsing", "metadata": {}}
{"timestamp": 1779119606, "type": "safe_tx", "device": "node-8-spammer", "metadata": {}}
{"timestamp": 1779119607, "type": "safe_tx", "device": "node-11-pulsing", "metadata": {}}
{"timestamp": 1779119607, "type": "safe_tx", "device": "node-8-spammer", "metadata": {}}
{"timestamp": 1779119607, "type": "safe_tx", "device": "node-8-spammer", "metadata": {}}
{"timestamp": 1779119607, "type": "safe_tx", "device": "node-8-spammer", "metadata": {}}
{"timestamp": 1779119607, "type": "safe_tx", "device": "node-9-stealth", "metadata": {}}
{"timestamp": 1779119607, "type": "safe_tx", "device": "node-8-spammer", "metadata": {}}
{"timestamp": 1779119607, "type": "safe_tx", "device": "node-8-spammer", "metadata": {}}
{"timestamp": 1779119607, "type": "safe_tx", "device": "node-8-spammer", "metadata": {}}
{"timestamp": 1779119607, "type": "safe_tx", "device": "node-8-spammer", "metadata": {}}
{"timestamp": 1779119607, "type": "safe_tx", "device": "node-8-spammer", "metadata": {}}
{"timestamp": 1779119607, "type": "dos_spam", "device": "node-8-spammer", "metadata": {}}
{"timestamp": 1779119607, "type": "safe_tx", "device": "node-8-spammer", "metadata": {}}
{"timestamp": 1779119607, "type": "time_anomaly", "device": "node-14-mixed", "metadata": {}}
{"timestamp": 1779119607, "type": "safe_tx", "device": "node-8-spammer", "metadata": {}}
{"timestamp": 1779119607, "type": "safe_tx", "device": "node-8-spammer", "metadata": {}}
{"timestamp": 1779119607, "type": "safe_tx", "device": "node-8-spammer", "metadata": {}}
{"timestamp": 1779119607, "type": "safe_tx", "device": "node-8-spammer", "metadata": {}}
{"timestamp": 1779119607, "type": "safe_tx", "device": "node-8-spammer", "metadata": {}}
{"timestamp": 1779119607, "type": "safe_tx", "device": "node-8-spammer", "metadata": {}}
{"timestamp": 1779119607, "type": "safe_tx", "device": "node-2-clean", "metadata": {}}
{"timestamp": 1779119607, "type": "safe_tx", "device": "node-8-spammer", "metadata": {}}
{"timestamp": 1779119607, "type": "safe_tx", "device": "node-8-spammer", "metadata": {}}
{"timestamp": 1779119607, "type": "safe_tx", "device": "node-8-spammer", "metadata": {}}
{"timestamp": 1779119607, "type": "safe_tx", "device": "node-8-spammer", "metadata": {}}
{"timestamp": 1779119607, "type": "safe_tx", "device": "node-8-spammer", "metadata": {}}
{"timestamp": 1779119607, "type": "safe_tx", "device": "node-8-spammer", "metadata": {}}
{"timestamp": 1779119607, "type": "safe_tx", "device": "node-8-spammer", "metadata": {}}
{"timestamp": 1779119607, "type": "safe_tx", "device": "node-8-spammer", "metadata": {}}
{"timestamp": 1779119607, "type": "dos_spam", "device": "node-8-spammer", "metadata": {}}
{"timestamp": 1779119607, "type": "safe_tx", "device": "node-5-clean", "metadata": {}}
{"timestamp": 1779119607, "type": "safe_tx", "device": "node-6-overflow", "metadata": {}}
{"timestamp": 1779119607, "type": "safe_tx", "device": "node-15-mixed", "metadata": {}}
{"timestamp": 1779119608, "type": "safe_tx", "device": "node-2-clean", "metadata": {}}
{"timestamp": 1779119608, "type": "safe_tx", "device": "node-10-fuzzer", "metadata": {}}
{"timestamp": 1779119608, "type": "time_anomaly", "device": "node-13-mixed", "metadata": {}}
{"timestamp": 1779119608, "type": "safe_tx", "device": "node-5-clean", "metadata": {}}
{"timestamp": 1779119608, "type": "safe_tx", "device": "node-8-spammer", "metadata": {}}
{"timestamp": 1779119608, "type": "safe_tx", "device": "node-8-spammer", "metadata": {}}
{"timestamp": 1779119608, "type": "safe_tx", "device": "node-8-spammer", "metadata": {}}
{"timestamp": 1779119608, "type": "safe_tx", "device": "node-8-spammer", "metadata": {}}
{"timestamp": 1779119608, "type": "safe_tx", "device": "node-8-spammer", "metadata": {}}
{"timestamp": 1779119608, "type": "safe_tx", "device": "node-8-spammer", "metadata": {}}
{"timestamp": 1779119608, "type": "dos_spam", "device": "node-8-spammer", "metadata": {"count": 30, "window_sec": 5}}
{"timestamp": 1779119608, "type": "safe_tx", "device": "node-8-spammer", "metadata": {}}
{"timestamp": 1779119608, "type": "safe_tx", "device": "node-8-spammer", "metadata": {}}
{"timestamp": 1779119608, "type": "safe_tx", "device": "node-8-spammer", "metadata": {}}
{"timestamp": 1779119608, "type": "safe_tx", "device": "node-8-spammer", "metadata": {}}
{"timestamp": 1779119608, "type": "safe_tx", "device": "node-3-clean", "metadata": {}}
{"timestamp": 1779119608, "type": "safe_tx", "device": "node-3-clean", "metadata": {}}
{"timestamp": 1779119609, "type": "safe_tx", "device": "node-1-clean", "metadata": {}}
{"timestamp": 1779119609, "type": "safe_tx", "device": "node-9-stealth", "metadata": {}}
{"timestamp": 1779119609, "type": "safe_tx", "device": "node-14-mixed", "metadata": {}}
{"timestamp": 1779119609, "type": "safe_tx", "device": "node-8-spammer", "metadata": {}}
{"timestamp": 1779119609, "type": "safe_tx", "device": "node-8-spammer", "metadata": {}}
{"timestamp": 1779119609, "type": "safe_tx", "device": "node-4-clean", "metadata": {}}
{"timestamp": 1779119609, "type": "safe_tx", "device": "node-8-spammer", "metadata": {}}
{"timestamp": 1779119609, "type": "safe_tx", "device": "node-8-spammer", "metadata": {}}
{"timestamp": 1779119609, "type": "safe_tx", "device": "node-8-spammer", "metadata": {}}
{"timestamp": 1779119609, "type": "dos_spam", "device": "node-8-spammer", "metadata": {}}
{"timestamp": 1779119609, "type": "safe_tx", "device": "node-8-spammer", "metadata": {}}
{"timestamp": 1779119609, "type": "safe_tx", "device": "node-8-spammer", "metadata": {}}
{"timestamp": 1779119609, "type": "safe_tx", "device": "node-8-spammer", "metadata": {}}
{"timestamp": 1779119610, "type": "safe_tx", "device": "node-4-clean", "metadata": {}}
{"timestamp": 1779119610, "type": "safe_tx", "device": "node-15-mixed", "metadata": {}}
{"timestamp": 1779119610, "type": "fuzzing", "device": "node-10-fuzzer", "metadata": {}}
{"timestamp": 1779119610, "type": "safe_tx", "device": "node-2-clean", "metadata": {}}
{"timestamp": 1779119610, "type": "safe_tx", "device": "node-12-mixed", "metadata": {}}
{"timestamp": 1779119610, "type": "safe_tx", "device": "node-8-spammer", "metadata": {}}
{"timestamp": 1779119610, "type": "safe_tx", "device": "node-8-spammer", "metadata": {}}
{"timestamp": 1779119610, "type": "safe_tx", "device": "node-8-spammer", "metadata": {}}
{"timestamp": 1779119610, "type": "safe_tx", "device": "node-8-spammer", "metadata": {}}
{"timestamp": 1779119610, "type": "safe_tx", "device": "node-8-spammer", "metadata": {}}
{"timestamp": 1779119610, "type": "safe_tx", "device": "node-8-spammer", "metadata": {}}
{"timestamp": 1779119610, "type": "safe_tx", "device": "node-8-spammer", "metadata": {}}
{"timestamp": 1779119610, "type": "safe_tx", "device": "node-8-spammer", "metadata": {}}
{"timestamp": 1779119610, "type": "safe_tx", "device": "node-8-spammer", "metadata": {}}
{"timestamp": 1779119610, "type": "safe_tx", "device": "node-8-spammer", "metadata": {}}
{"timestamp": 1779119611, "type": "safe_tx", "device": "node-8-spammer", "metadata": {}}
{"timestamp": 1779119611, "type": "safe_tx", "device": "node-8-spammer", "metadata": {}}
{"timestamp": 1779119611, "type": "dos_spam", "device": "node-8-spammer", "metadata": {}}
{"timestamp": 1779119611, "type": "safe_tx", "device": "node-5-clean", "metadata": {}}
{"timestamp": 1779119611, "type": "overflow", "device": "node-13-mixed", "metadata": {"count": 3, "window_sec": 30}}
{"timestamp": 1779119611, "type": "safe_tx", "device": "node-12-mixed", "metadata": {}}
{"timestamp": 1779119611, "type": "safe_tx", "device": "node-2-clean", "metadata": {}}
{"timestamp": 1779119611, "type": "safe_tx", "device": "node-1-clean", "metadata": {}}
{"timestamp": 1779119612, "type": "safe_tx", "device": "node-1-clean", "metadata": {}}
{"timestamp": 1779119612, "type": "overflow", "device": "node-10-fuzzer", "metadata": {"count": 3, "window_sec": 30}}
{"timestamp": 1779119612, "type": "safe_tx", "device": "node-14-mixed", "metadata": {}}
{"timestamp": 1779119612, "type": "safe_tx", "device": "node-9-stealth", "metadata": {}}
{"timestamp": 1779119612, "type": "safe_tx", "device": "node-3-clean", "metadata": {}}
{"timestamp": 1779119612, "type": "safe_tx", "device": "node-1-clean", "metadata": {}}
{"timestamp": 1779119612, "type": "safe_tx", "device": "node-8-spammer", "metadata": {}}
{"timestamp": 1779119612, "type": "safe_tx", "device": "node-8-spammer", "metadata": {}}
{"timestamp": 1779119612, "type": "safe_tx", "device": "node-8-spammer", "metadata": {}}
{"timestamp": 1779119612, "type": "safe_tx", "device": "node-8-spammer", "metadata": {}}
{"timestamp": 1779119612, "type": "safe_tx", "device": "node-8-spammer", "metadata": {}}
{"timestamp": 1779119612, "type": "safe_tx", "device": "node-8-spammer", "metadata": {}}
{"timestamp": 1779119612, "type": "dos_spam", "device": "node-8-spammer", "metadata": {"count": 30, "window_sec": 5}}
{"timestamp": 1779119612, "type": "safe_tx", "device": "node-8-spammer", "metadata": {}}
{"timestamp": 1779119612, "type": "safe_tx", "device": "node-8-spammer", "metadata": {}}
{"timestamp": 1779119612, "type": "safe_tx", "device": "node-3-clean", "metadata": {}}
{"timestamp": 1779119613, "type": "time_anomaly", "device": "node-7-timespoof", "metadata": {}}
{"timestamp": 1779119612, "type": "safe_tx", "device": "node-8-spammer", "metadata": {}}
{"timestamp": 1779119612, "type": "safe_tx", "device": "node-4-clean", "metadata": {}}
{"timestamp": 1779119612, "type": "safe_tx", "device": "node-15-mixed", "metadata": {}}
{"timestamp": 1779119613, "type": "safe_tx", "device": "node-12-mixed", "metadata": {}}
{"timestamp": 1779119613, "type": "safe_tx", "device": "node-8-spammer", "metadata": {}}
{"timestamp": 1779119613, "type": "safe_tx", "device": "node-8-spammer", "metadata": {}}
{"timestamp": 1779119613, "type": "safe_tx", "device": "node-1-clean", "metadata": {}}
{"timestamp": 1779119614, "type": "time_anomaly", "device": "node-14-mixed", "metadata": {}}
{"timestamp": 1779119614, "type": "safe_tx", "device": "node-13-mixed", "metadata": {}}
{"timestamp": 1779119614, "type": "safe_tx", "device": "node-8-spammer", "metadata": {}}
{"timestamp": 1779119614, "type": "safe_tx", "device": "node-8-spammer", "metadata": {}}
{"timestamp": 1779119614, "type": "safe_tx", "device": "node-8-spammer", "metadata": {}}
{"timestamp": 1779119614, "type": "safe_tx", "device": "node-5-clean", "metadata": {}}
{"timestamp": 1779119614, "type": "safe_tx", "device": "node-3-clean", "metadata": {}}
{"timestamp": 1779119614, "type": "safe_tx", "device": "node-2-clean", "metadata": {}}
{"timestamp": 1779119614, "type": "safe_tx", "device": "node-9-stealth", "metadata": {}}
{"timestamp": 1779119615, "type": "safe_tx", "device": "node-3-clean", "metadata": {}}
{"timestamp": 1779119615, "type": "safe_tx", "device": "node-4-clean", "metadata": {}}
{"timestamp": 1779119615, "type": "overflow", "device": "node-10-fuzzer", "metadata": {"count": 3, "window_sec": 30}}
{"timestamp": 1779119616, "type": "time_anomaly", "device": "node-15-mixed", "metadata": {}}
{"timestamp": 1779119615, "type": "safe_tx", "device": "node-8-spammer", "metadata": {}}
{"timestamp": 1779119616, "type": "time_anomaly", "device": "node-13-mixed", "metadata": {}}
{"timestamp": 1779119615, "type": "overflow", "device": "node-6-overflow", "metadata": {"count": 3, "window_sec": 30}}
{"timestamp": 1779119616, "type": "overflow", "device": "node-12-mixed", "metadata": {"count": 3, "window_sec": 30}}
{"timestamp": 1779119616, "type": "time_anomaly", "device": "node-7-timespoof", "metadata": {}}
{"timestamp": 1779119616, "type": "safe_tx", "device": "node-8-spammer", "metadata": {}}
{"timestamp": 1779119616, "type": "safe_tx", "device": "node-8-spammer", "metadata": {}}
{"timestamp": 1779119616, "type": "safe_tx", "device": "node-8-spammer", "metadata": {}}
{"timestamp": 1779119616, "type": "safe_tx", "device": "node-8-spammer", "metadata": {}}
{"timestamp": 1779119617, "type": "safe_tx", "device": "node-8-spammer", "metadata": {}}
{"timestamp": 1779119617, "type": "safe_tx", "device": "node-8-spammer", "metadata": {}}
{"timestamp": 1779119617, "type": "safe_tx", "device": "node-9-stealth", "metadata": {}}
{"timestamp": 1779119617, "type": "fuzzing", "device": "node-10-fuzzer", "metadata": {}}
{"timestamp": 1779119617, "type": "safe_tx", "device": "node-15-mixed", "metadata": {}}
{"timestamp": 1779119617, "type": "safe_tx", "device": "node-1-clean", "metadata": {}}
{"timestamp": 1779119617, "type": "safe_tx", "device": "node-14-mixed", "metadata": {}}
{"timestamp": 1779119618, "type": "time_anomaly", "device": "node-7-timespoof", "metadata": {}}
{"timestamp": 1779119618, "type": "safe_tx", "device": "node-5-clean", "metadata": {}}
{"timestamp": 1779119618, "type": "safe_tx", "device": "node-2-clean", "metadata": {}}
{"timestamp": 1779119618, "type": "time_anomaly", "device": "node-12-mixed", "metadata": {}}
{"timestamp": 1779119618, "type": "safe_tx", "device": "node-8-spammer", "metadata": {}}
{"timestamp": 1779119618, "type": "safe_tx", "device": "node-9-stealth", "metadata": {}}
{"timestamp": 1779119618, "type": "safe_tx", "device": "node-13-mixed", "metadata": {}}
{"timestamp": 1779119618, "type": "safe_tx", "device": "node-4-clean", "metadata": {}}
{"timestamp": 1779119618, "type": "safe_tx", "device": "node-3-clean", "metadata": {}}
{"timestamp": 1779119618, "type": "fuzzing", "device": "node-10-fuzzer", "metadata": {}}
{"timestamp": 1779119619, "type": "safe_tx", "device": "node-14-mixed", "metadata": {}}
{"timestamp": 1779119619, "type": "safe_tx", "device": "node-4-clean", "metadata": {}}
{"timestamp": 1779119619, "type": "safe_tx", "device": "node-12-mixed", "metadata": {}}
{"timestamp": 1779119619, "type": "safe_tx", "device": "node-15-mixed", "metadata": {}}
{"timestamp": 1779119619, "type": "safe_tx", "device": "node-14-mixed", "metadata": {}}
{"timestamp": 1779119620, "type": "fuzzing", "device": "node-10-fuzzer", "metadata": {}}
{"timestamp": 1779119620, "type": "safe_tx", "device": "node-1-clean", "metadata": {}}
{"timestamp": 1779119620, "type": "safe_tx", "device": "node-6-overflow", "metadata": {}}
{"timestamp": 1779119620, "type": "safe_tx", "device": "node-3-clean", "metadata": {}}
{"timestamp": 1779119620, "type": "safe_tx", "device": "node-8-spammer", "metadata": {}}
{"timestamp": 1779119620, "type": "safe_tx", "device": "node-15-mixed", "metadata": {}}
{"timestamp": 1779119620, "type": "safe_tx", "device": "node-9-stealth", "metadata": {}}
{"timestamp": 1779119621, "type": "safe_tx", "device": "node-1-clean", "metadata": {}}
{"timestamp": 1779119621, "type": "safe_tx", "device": "node-5-clean", "metadata": {}}
{"timestamp": 1779119621, "type": "safe_tx", "device": "node-2-clean", "metadata": {}}
{"timestamp": 1779119621, "type": "safe_tx", "device": "node-3-clean", "metadata": {}}
{"timestamp": 1779119621, "type": "safe_tx", "device": "node-9-stealth", "metadata": {}}
{"timestamp": 1779119621, "type": "safe_tx", "device": "node-8-spammer", "metadata": {}}
{"timestamp": 1779119621, "type": "safe_tx", "device": "node-8-spammer", "metadata": {}}
{"timestamp": 1779119621, "type": "safe_tx", "device": "node-4-clean", "metadata": {}}
{"timestamp": 1779119621, "type": "safe_tx", "device": "node-13-mixed", "metadata": {}}
{"timestamp": 1779119622, "type": "time_anomaly", "device": "node-7-timespoof", "metadata": {}}
{"timestamp": 1779119623, "type": "time_anomaly", "device": "node-12-mixed", "metadata": {}}
{"timestamp": 1779119622, "type": "safe_tx", "device": "node-13-mixed", "metadata": {}}
{"timestamp": 1779119622, "type": "safe_tx", "device": "node-8-spammer", "metadata": {}}
{"timestamp": 1779119623, "type": "safe_tx", "device": "node-4-clean", "metadata": {}}
{"timestamp": 1779119623, "type": "safe_tx", "device": "node-9-stealth", "metadata": {}}
{"timestamp": 1779119623, "type": "safe_tx", "device": "node-3-clean", "metadata": {}}
{"timestamp": 1779119623, "type": "safe_tx", "device": "node-14-mixed", "metadata": {}}
{"timestamp": 1779119623, "type": "safe_tx", "device": "node-15-mixed", "metadata": {}}
{"timestamp": 1779119623, "type": "safe_tx", "device": "node-2-clean", "metadata": {}}
{"timestamp": 1779119624, "type": "safe_tx", "device": "node-8-spammer", "metadata": {}}
{"timestamp": 1779119624, "type": "safe_tx", "device": "node-8-spammer", "metadata": {}}
{"timestamp": 1779119624, "type": "safe_tx", "device": "node-8-spammer", "metadata": {}}
{"timestamp": 1779119624, "type": "safe_tx", "device": "node-8-spammer", "metadata": {}}
{"timestamp": 1779119624, "type": "safe_tx", "device": "node-1-clean", "metadata": {}}
{"timestamp": 1779119624, "type": "safe_tx", "device": "node-5-clean", "metadata": {}}
{"timestamp": 1779119624, "type": "safe_tx", "device": "node-5-clean", "metadata": {}}
{"timestamp": 1779119625, "type": "time_anomaly", "device": "node-12-mixed", "metadata": {}}
{"timestamp": 1779119625, "type": "overflow", "device": "node-15-mixed", "metadata": {"count": 3, "window_sec": 30}}
{"timestamp": 1779119625, "type": "time_anomaly", "device": "node-7-timespoof", "metadata": {}}
{"timestamp": 1779119625, "type": "safe_tx", "device": "node-5-clean", "metadata": {}}
{"timestamp": 1779119625, "type": "safe_tx", "device": "node-3-clean", "metadata": {}}
{"timestamp": 1779119625, "type": "safe_tx", "device": "node-8-spammer", "metadata": {}}
{"timestamp": 1779119625, "type": "safe_tx", "device": "node-8-spammer", "metadata": {}}
{"timestamp": 1779119625, "type": "safe_tx", "device": "node-8-spammer", "metadata": {}}
{"timestamp": 1779119625, "type": "safe_tx", "device": "node-8-spammer", "metadata": {}}
{"timestamp": 1779119625, "type": "safe_tx", "device": "node-8-spammer", "metadata": {}}
{"timestamp": 1779119625, "type": "safe_tx", "device": "node-8-spammer", "metadata": {}}
{"timestamp": 1779119625, "type": "safe_tx", "device": "node-9-stealth", "metadata": {}}
{"timestamp": 1779119625, "type": "safe_tx", "device": "node-8-spammer", "metadata": {}}
{"timestamp": 1779119625, "type": "safe_tx", "device": "node-8-spammer", "metadata": {}}
{"timestamp": 1779119625, "type": "fuzzing", "device": "node-10-fuzzer", "metadata": {}}
{"timestamp": 1779119625, "type": "safe_tx", "device": "node-8-spammer", "metadata": {}}
{"timestamp": 1779119625, "type": "safe_tx", "device": "node-8-spammer", "metadata": {}}
{"timestamp": 1779119626, "type": "time_anomaly", "device": "node-13-mixed", "metadata": {}}
{"timestamp": 1779119626, "type": "safe_tx", "device": "node-14-mixed", "metadata": {}}
{"timestamp": 1779119626, "type": "safe_tx", "device": "node-1-clean", "metadata": {}}
{"timestamp": 1779119626, "type": "safe_tx", "device": "node-15-mixed", "metadata": {}}
{"timestamp": 1779119626, "type": "safe_tx", "device": "node-4-clean", "metadata": {}}
{"timestamp": 1779119626, "type": "safe_tx", "device": "node-8-spammer", "metadata": {}}
{"timestamp": 1779119626, "type": "dos_spam", "device": "node-8-spammer", "metadata": {}}
{"timestamp": 1779119626, "type": "safe_tx", "device": "node-8-spammer", "metadata": {}}
{"timestamp": 1779119626, "type": "safe_tx", "device": "node-5-clean", "metadata": {}}
{"timestamp": 1779119626, "type": "safe_tx", "device": "node-13-mixed", "metadata": {}}
{"timestamp": 1779119626, "type": "overflow", "device": "node-6-overflow", "metadata": {"count": 3, "window_sec": 30}}
{"timestamp": 1779119626, "type": "safe_tx", "device": "node-15-mixed", "metadata": {}}
{"timestamp": 1779119626, "type": "safe_tx", "device": "node-2-clean", "metadata": {}}
{"timestamp": 1779119627, "type": "safe_tx", "device": "node-9-stealth", "metadata": {}}
{"timestamp": 1779119627, "type": "safe_tx", "device": "node-8-spammer", "metadata": {}}
{"timestamp": 1779119627, "type": "safe_tx", "device": "node-8-spammer", "metadata": {}}
{"timestamp": 1779119627, "type": "safe_tx", "device": "node-12-mixed", "metadata": {}}
{"timestamp": 1779119627, "type": "fuzzing", "device": "node-10-fuzzer", "metadata": {}}
{"timestamp": 1779119627, "type": "safe_tx", "device": "node-9-stealth", "metadata": {}}
{"timestamp": 1779119628, "type": "time_anomaly", "device": "node-12-mixed", "metadata": {}}
{"timestamp": 1779119628, "type": "safe_tx", "device": "node-3-clean", "metadata": {}}
{"timestamp": 1779119628, "type": "safe_tx", "device": "node-2-clean", "metadata": {}}
{"timestamp": 1779119628, "type": "safe_tx", "device": "node-13-mixed", "metadata": {}}
{"timestamp": 1779119629, "type": "time_anomaly", "device": "node-7-timespoof", "metadata": {}}
{"timestamp": 1779119628, "type": "safe_tx", "device": "node-8-spammer", "metadata": {}}
{"timestamp": 1779119628, "type": "safe_tx", "device": "node-8-spammer", "metadata": {}}
{"timestamp": 1779119628, "type": "safe_tx", "device": "node-8-spammer", "metadata": {}}
{"timestamp": 1779119628, "type": "safe_tx", "device": "node-8-spammer", "metadata": {}}
{"timestamp": 1779119629, "type": "safe_tx", "device": "node-9-stealth", "metadata": {}}
{"timestamp": 1779119629, "type": "safe_tx", "device": "node-1-clean", "metadata": {}}
{"timestamp": 1779119629, "type": "fuzzing", "device": "node-10-fuzzer", "metadata": {}}
{"timestamp": 1779119629, "type": "safe_tx", "device": "node-14-mixed", "metadata": {}}
{"timestamp": 1779119629, "type": "safe_tx", "device": "node-13-mixed", "metadata": {}}
{"timestamp": 1779119629, "type": "safe_tx", "device": "node-8-spammer", "metadata": {}}
{"timestamp": 1779119629, "type": "safe_tx", "device": "node-8-spammer", "metadata": {}}
{"timestamp": 1779119630, "type": "safe_tx", "device": "node-4-clean", "metadata": {}}
{"timestamp": 1779119630, "type": "safe_tx", "device": "node-2-clean", "metadata": {}}
{"timestamp": 1779119630, "type": "safe_tx", "device": "node-5-clean", "metadata": {}}
{"timestamp": 1779119630, "type": "safe_tx", "device": "node-3-clean", "metadata": {}}
{"timestamp": 1779119630, "type": "safe_tx", "device": "node-12-mixed", "metadata": {}}
{"timestamp": 1779119630, "type": "safe_tx", "device": "node-11-pulsing", "metadata": {}}
{"timestamp": 1779119630, "type": "safe_tx", "device": "node-11-pulsing", "metadata": {}}
{"timestamp": 1779119630, "type": "safe_tx", "device": "node-11-pulsing", "metadata": {}}
{"timestamp": 1779119630, "type": "safe_tx", "device": "node-10-fuzzer", "metadata": {}}
{"timestamp": 1779119630, "type": "safe_tx", "device": "node-11-pulsing", "metadata": {}}
{"timestamp": 1779119630, "type": "safe_tx", "device": "node-11-pulsing", "metadata": {}}
{"timestamp": 1779119631, "type": "time_anomaly", "device": "node-7-timespoof", "metadata": {}}
{"timestamp": 1779119631, "type": "safe_tx", "device": "node-11-pulsing", "metadata": {}}
{"timestamp": 1779119631, "type": "safe_tx", "device": "node-11-pulsing", "metadata": {}}
{"timestamp": 1779119631, "type": "safe_tx", "device": "node-9-stealth", "metadata": {}}
{"timestamp": 1779119631, "type": "safe_tx", "device": "node-11-pulsing", "metadata": {}}
{"timestamp": 1779119631, "type": "safe_tx", "device": "node-11-pulsing", "metadata": {}}
{"timestamp": 1779119631, "type": "safe_tx", "device": "node-11-pulsing", "metadata": {}}
{"timestamp": 1779119631, "type": "safe_tx", "device": "node-11-pulsing", "metadata": {}}
{"timestamp": 1779119631, "type": "safe_tx", "device": "node-11-pulsing", "metadata": {}}
{"timestamp": 1779119631, "type": "safe_tx", "device": "node-11-pulsing", "metadata": {}}
{"timestamp": 1779119631, "type": "safe_tx", "device": "node-11-pulsing", "metadata": {}}
{"timestamp": 1779119631, "type": "safe_tx", "device": "node-11-pulsing", "metadata": {}}
{"timestamp": 1779119631, "type": "dos_spam", "device": "node-11-pulsing", "metadata": {}}
{"timestamp": 1779119631, "type": "safe_tx", "device": "node-11-pulsing", "metadata": {}}
{"timestamp": 1779119631, "type": "safe_tx", "device": "node-11-pulsing", "metadata": {}}
{"timestamp": 1779119631, "type": "safe_tx", "device": "node-11-pulsing", "metadata": {}}
{"timestamp": 1779119632, "type": "time_anomaly", "device": "node-13-mixed", "metadata": {}}
{"timestamp": 1779119631, "type": "safe_tx", "device": "node-11-pulsing", "metadata": {}}
{"timestamp": 1779119631, "type": "safe_tx", "device": "node-2-clean", "metadata": {}}
{"timestamp": 1779119631, "type": "safe_tx", "device": "node-11-pulsing", "metadata": {}}
{"timestamp": 1779119631, "type": "safe_tx", "device": "node-8-spammer", "metadata": {}}
{"timestamp": 1779119631, "type": "safe_tx", "device": "node-8-spammer", "metadata": {}}
{"timestamp": 1779119631, "type": "safe_tx", "device": "node-8-spammer", "metadata": {}}
{"timestamp": 1779119631, "type": "safe_tx", "device": "node-8-spammer", "metadata": {}}
{"timestamp": 1779119631, "type": "safe_tx", "device": "node-8-spammer", "metadata": {}}
{"timestamp": 1779119631, "type": "safe_tx", "device": "node-8-spammer", "metadata": {}}
{"timestamp": 1779119631, "type": "safe_tx", "device": "node-8-spammer", "metadata": {}}
{"timestamp": 1779119632, "type": "overflow", "device": "node-14-mixed", "metadata": {"count": 3, "window_sec": 30}}
{"timestamp": 1779119632, "type": "safe_tx", "device": "node-1-clean", "metadata": {}}
{"timestamp": 1779119632, "type": "safe_tx", "device": "node-8-spammer", "metadata": {}}
{"timestamp": 1779119632, "type": "safe_tx", "device": "node-8-spammer", "metadata": {}}
{"timestamp": 1779119632, "type": "safe_tx", "device": "node-8-spammer", "metadata": {}}
{"timestamp": 1779119632, "type": "safe_tx", "device": "node-8-spammer", "metadata": {}}
{"timestamp": 1779119632, "type": "safe_tx", "device": "node-8-spammer", "metadata": {}}
{"timestamp": 1779119632, "type": "safe_tx", "device": "node-8-spammer", "metadata": {}}
{"timestamp": 1779119632, "type": "safe_tx", "device": "node-8-spammer", "metadata": {}}
{"timestamp": 1779119632, "type": "safe_tx", "device": "node-2-clean", "metadata": {}}
{"timestamp": 1779119632, "type": "safe_tx", "device": "node-8-spammer", "metadata": {}}
{"timestamp": 1779119632, "type": "dos_spam", "device": "node-8-spammer", "metadata": {}}
{"timestamp": 1779119632, "type": "safe_tx", "device": "node-15-mixed", "metadata": {}}
{"timestamp": 1779119632, "type": "safe_tx", "device": "node-8-spammer", "metadata": {}}
{"timestamp": 1779119632, "type": "safe_tx", "device": "node-8-spammer", "metadata": {}}
{"timestamp": 1779119632, "type": "safe_tx", "device": "node-9-stealth", "metadata": {}}
{"timestamp": 1779119632, "type": "safe_tx", "device": "node-4-clean", "metadata": {}}
{"timestamp": 1779119632, "type": "fuzzing", "device": "node-10-fuzzer", "metadata": {}}
{"timestamp": 1779119633, "type": "safe_tx", "device": "node-8-spammer", "metadata": {}}
{"timestamp": 1779119633, "type": "safe_tx", "device": "node-8-spammer", "metadata": {}}
{"timestamp": 1779119633, "type": "safe_tx", "device": "node-8-spammer", "metadata": {}}
{"timestamp": 1779119633, "type": "safe_tx", "device": "node-8-spammer", "metadata": {}}
{"timestamp": 1779119633, "type": "safe_tx", "device": "node-8-spammer", "metadata": {}}
{"timestamp": 1779119633, "type": "safe_tx", "device": "node-13-mixed", "metadata": {}}
{"timestamp": 1779119633, "type": "safe_tx", "device": "node-5-clean", "metadata": {}}
{"timestamp": 1779119634, "type": "overflow", "device": "node-6-overflow", "metadata": {"count": 3, "window_sec": 30}}
{"timestamp": 1779119634, "type": "overflow", "device": "node-10-fuzzer", "metadata": {"count": 3, "window_sec": 30}}
{"timestamp": 1779119634, "type": "safe_tx", "device": "node-3-clean", "metadata": {}}
{"timestamp": 1779119634, "type": "safe_tx", "device": "node-8-spammer", "metadata": {}}
{"timestamp": 1779119635, "type": "safe_tx", "device": "node-8-spammer", "metadata": {}}
{"timestamp": 1779119635, "type": "safe_tx", "device": "node-8-spammer", "metadata": {}}
{"timestamp": 1779119635, "type": "safe_tx", "device": "node-8-spammer", "metadata": {}}
{"timestamp": 1779119635, "type": "safe_tx", "device": "node-8-spammer", "metadata": {}}
{"timestamp": 1779119635, "type": "safe_tx", "device": "node-8-spammer", "metadata": {}}
{"timestamp": 1779119635, "type": "safe_tx", "device": "node-1-clean", "metadata": {}}
{"timestamp": 1779119635, "type": "safe_tx", "device": "node-8-spammer", "metadata": {}}
{"timestamp": 1779119635, "type": "safe_tx", "device": "node-8-spammer", "metadata": {}}
{"timestamp": 1779119635, "type": "dos_spam", "device": "node-8-spammer", "metadata": {"count": 30, "window_sec": 5}}
{"timestamp": 1779119635, "type": "safe_tx", "device": "node-8-spammer", "metadata": {}}
{"timestamp": 1779119635, "type": "safe_tx", "device": "node-8-spammer", "metadata": {}}
{"timestamp": 1779119635, "type": "dos_spam", "device": "node-8-spammer", "metadata": {}}
{"timestamp": 1779119635, "type": "safe_tx", "device": "node-8-spammer", "metadata": {}}
{"timestamp": 1779119635, "type": "safe_tx", "device": "node-8-spammer", "metadata": {}}
{"timestamp": 1779119635, "type": "safe_tx", "device": "node-15-mixed", "metadata": {}}
{"timestamp": 1779119635, "type": "safe_tx", "device": "node-8-spammer", "metadata": {}}
{"timestamp": 1779119635, "type": "safe_tx", "device": "node-8-spammer", "metadata": {}}
{"timestamp": 1779119635, "type": "safe_tx", "device": "node-12-mixed", "metadata": {}}
{"timestamp": 1779119635, "type": "safe_tx", "device": "node-8-spammer", "metadata": {}}
{"timestamp": 1779119635, "type": "safe_tx", "device": "node-8-spammer", "metadata": {}}
{"timestamp": 1779119635, "type": "safe_tx", "device": "node-8-spammer", "metadata": {}}
{"timestamp": 1779119635, "type": "safe_tx", "device": "node-8-spammer", "metadata": {}}
{"timestamp": 1779119635, "type": "safe_tx", "device": "node-10-fuzzer", "metadata": {}}
{"timestamp": 1779119635, "type": "safe_tx", "device": "node-2-clean", "metadata": {}}
{"timestamp": 1779119636, "type": "safe_tx", "device": "node-8-spammer", "metadata": {}}
{"timestamp": 1779119636, "type": "safe_tx", "device": "node-8-spammer", "metadata": {}}
{"timestamp": 1779119636, "type": "safe_tx", "device": "node-4-clean", "metadata": {}}
{"timestamp": 1779119636, "type": "safe_tx", "device": "node-14-mixed", "metadata": {}}
{"timestamp": 1779119636, "type": "safe_tx", "device": "node-5-clean", "metadata": {}}
{"timestamp": 1779119637, "type": "time_anomaly", "device": "node-7-timespoof", "metadata": {}}
{"timestamp": 1779119636, "type": "safe_tx", "device": "node-14-mixed", "metadata": {}}
{"timestamp": 1779119636, "type": "safe_tx", "device": "node-9-stealth", "metadata": {}}
{"timestamp": 1779119636, "type": "safe_tx", "device": "node-1-clean", "metadata": {}}
{"timestamp": 1779119636, "type": "safe_tx", "device": "node-8-spammer", "metadata": {}}
{"timestamp": 1779119636, "type": "safe_tx", "device": "node-8-spammer", "metadata": {}}
{"timestamp": 1779119636, "type": "safe_tx", "device": "node-8-spammer", "metadata": {}}
{"timestamp": 1779119636, "type": "safe_tx", "device": "node-8-spammer", "metadata": {}}
{"timestamp": 1779119637, "type": "safe_tx", "device": "node-8-spammer", "metadata": {}}
{"timestamp": 1779119637, "type": "dos_spam", "device": "node-8-spammer", "metadata": {}}
{"timestamp": 1779119637, "type": "safe_tx", "device": "node-8-spammer", "metadata": {}}
{"timestamp": 1779119637, "type": "safe_tx", "device": "node-8-spammer", "metadata": {}}
{"timestamp": 1779119637, "type": "safe_tx", "device": "node-3-clean", "metadata": {}}
{"timestamp": 1779119638, "type": "safe_tx", "device": "node-8-spammer", "metadata": {}}
{"timestamp": 1779119638, "type": "safe_tx", "device": "node-8-spammer", "metadata": {}}
{"timestamp": 1779119638, "type": "time_anomaly", "device": "node-12-mixed", "metadata": {}}
{"timestamp": 1779119638, "type": "safe_tx", "device": "node-8-spammer", "metadata": {}}
{"timestamp": 1779119638, "type": "safe_tx", "device": "node-10-fuzzer", "metadata": {}}
{"timestamp": 1779119638, "type": "safe_tx", "device": "node-15-mixed", "metadata": {}}
{"timestamp": 1779119638, "type": "safe_tx", "device": "node-9-stealth", "metadata": {}}
{"timestamp": 1779119638, "type": "safe_tx", "device": "node-8-spammer", "metadata": {}}
{"timestamp": 1779119638, "type": "safe_tx", "device": "node-8-spammer", "metadata": {}}
{"timestamp": 1779119638, "type": "safe_tx", "device": "node-8-spammer", "metadata": {}}
{"timestamp": 1779119638, "type": "safe_tx", "device": "node-8-spammer", "metadata": {}}
{"timestamp": 1779119639, "type": "safe_tx", "device": "node-8-spammer", "metadata": {}}
{"timestamp": 1779119639, "type": "safe_tx", "device": "node-8-spammer", "metadata": {}}
{"timestamp": 1779119639, "type": "safe_tx", "device": "node-8-spammer", "metadata": {}}
{"timestamp": 1779119639, "type": "safe_tx", "device": "node-8-spammer", "metadata": {}}
{"timestamp": 1779119639, "type": "dos_spam", "device": "node-8-spammer", "metadata": {"count": 30, "window_sec": 5}}
{"timestamp": 1779119639, "type": "safe_tx", "device": "node-8-spammer", "metadata": {}}
{"timestamp": 1779119639, "type": "safe_tx", "device": "node-12-mixed", "metadata": {}}
{"timestamp": 1779119639, "type": "safe_tx", "device": "node-8-spammer", "metadata": {}}
{"timestamp": 1779119639, "type": "dos_spam", "device": "node-8-spammer", "metadata": {}}
{"timestamp": 1779119639, "type": "safe_tx", "device": "node-8-spammer", "metadata": {}}
{"timestamp": 1779119639, "type": "safe_tx", "device": "node-8-spammer", "metadata": {}}
{"timestamp": 1779119639, "type": "safe_tx", "device": "node-14-mixed", "metadata": {}}
{"timestamp": 1779119639, "type": "safe_tx", "device": "node-1-clean", "metadata": {}}
{"timestamp": 1779119639, "type": "safe_tx", "device": "node-8-spammer", "metadata": {}}
{"timestamp": 1779119639, "type": "safe_tx", "device": "node-8-spammer", "metadata": {}}
{"timestamp": 1779119639, "type": "fuzzing", "device": "node-10-fuzzer", "metadata": {}}
{"timestamp": 1779119639, "type": "safe_tx", "device": "node-8-spammer", "metadata": {}}
{"timestamp": 1779119639, "type": "safe_tx", "device": "node-8-spammer", "metadata": {}}
{"timestamp": 1779119639, "type": "safe_tx", "device": "node-2-clean", "metadata": {}}
{"timestamp": 1779119639, "type": "safe_tx", "device": "node-8-spammer", "metadata": {}}
{"timestamp": 1779119639, "type": "safe_tx", "device": "node-8-spammer", "metadata": {}}
{"timestamp": 1779119639, "type": "safe_tx", "device": "node-8-spammer", "metadata": {}}
{"timestamp": 1779119639, "type": "overflow", "device": "node-13-mixed", "metadata": {"count": 3, "window_sec": 30}}
{"timestamp": 1779119639, "type": "safe_tx", "device": "node-3-clean", "metadata": {}}
{"timestamp": 1779119639, "type": "safe_tx", "device": "node-14-mixed", "metadata": {}}
{"timestamp": 1779119639, "type": "safe_tx", "device": "node-4-clean", "metadata": {}}
{"timestamp": 1779119639, "type": "safe_tx", "device": "node-2-clean", "metadata": {}}
{"timestamp": 1779119640, "type": "fuzzing", "device": "node-10-fuzzer", "metadata": {}}
{"timestamp": 1779119640, "type": "safe_tx", "device": "node-5-clean", "metadata": {}}
{"timestamp": 1779119640, "type": "safe_tx", "device": "node-4-clean", "metadata": {}}
{"timestamp": 1779119640, "type": "time_anomaly", "device": "node-7-timespoof", "metadata": {}}
{"timestamp": 1779119640, "type": "safe_tx", "device": "node-8-spammer", "metadata": {}}
{"timestamp": 1779119640, "type": "safe_tx", "device": "node-8-spammer", "metadata": {}}
{"timestamp": 1779119640, "type": "safe_tx", "device": "node-8-spammer", "metadata": {}}
{"timestamp": 1779119640, "type": "safe_tx", "device": "node-8-spammer", "metadata": {}}
{"timestamp": 1779119640, "type": "safe_tx", "device": "node-2-clean", "metadata": {}}
{"timestamp": 1779119641, "type": "safe_tx", "device": "node-8-spammer", "metadata": {}}
{"timestamp": 1779119641, "type": "safe_tx", "device": "node-8-spammer", "metadata": {}}
{"timestamp": 1779119641, "type": "dos_spam", "device": "node-8-spammer", "metadata": {}}
{"timestamp": 1779119641, "type": "safe_tx", "device": "node-9-stealth", "metadata": {}}
{"timestamp": 1779119642, "type": "safe_tx", "device": "node-13-mixed", "metadata": {}}
{"timestamp": 1779119642, "type": "safe_tx", "device": "node-15-mixed", "metadata": {}}
{"timestamp": 1779119642, "type": "safe_tx", "device": "node-5-clean", "metadata": {}}
{"timestamp": 1779119642, "type": "safe_tx", "device": "node-6-overflow", "metadata": {}}
{"timestamp": 1779119642, "type": "safe_tx", "device": "node-12-mixed", "metadata": {}}
{"timestamp": 1779119642, "type": "safe_tx", "device": "node-8-spammer", "metadata": {}}
{"timestamp": 1779119643, "type": "time_anomaly", "device": "node-7-timespoof", "metadata": {}}
{"timestamp": 1779119642, "type": "safe_tx", "device": "node-2-clean", "metadata": {}}
{"timestamp": 1779119642, "type": "safe_tx", "device": "node-1-clean", "metadata": {}}
{"timestamp": 1779119643, "type": "fuzzing", "device": "node-10-fuzzer", "metadata": {}}
{"timestamp": 1779119643, "type": "safe_tx", "device": "node-3-clean", "metadata": {}}
{"timestamp": 1779119643, "type": "safe_tx", "device": "node-8-spammer", "metadata": {}}
{"timestamp": 1779119643, "type": "safe_tx", "device": "node-8-spammer", "metadata": {}}
{"timestamp": 1779119643, "type": "safe_tx", "device": "node-8-spammer", "metadata": {}}
{"timestamp": 1779119643, "type": "safe_tx", "device": "node-8-spammer", "metadata": {}}
{"timestamp": 1779119643, "type": "safe_tx", "device": "node-8-spammer", "metadata": {}}
{"timestamp": 1779119643, "type": "safe_tx", "device": "node-8-spammer", "metadata": {}}
{"timestamp": 1779119643, "type": "safe_tx", "device": "node-8-spammer", "metadata": {}}
{"timestamp": 1779119643, "type": "safe_tx", "device": "node-8-spammer", "metadata": {}}
{"timestamp": 1779119643, "type": "safe_tx", "device": "node-8-spammer", "metadata": {}}
{"timestamp": 1779119643, "type": "safe_tx", "device": "node-8-spammer", "metadata": {}}
{"timestamp": 1779119643, "type": "safe_tx", "device": "node-1-clean", "metadata": {}}
{"timestamp": 1779119643, "type": "safe_tx", "device": "node-8-spammer", "metadata": {}}
{"timestamp": 1779119643, "type": "safe_tx", "device": "node-8-spammer", "metadata": {}}
{"timestamp": 1779119643, "type": "dos_spam", "device": "node-8-spammer", "metadata": {"count": 30, "window_sec": 5}}
{"timestamp": 1779119643, "type": "safe_tx", "device": "node-4-clean", "metadata": {}}
{"timestamp": 1779119643, "type": "overflow", "device": "node-15-mixed", "metadata": {"count": 3, "window_sec": 30}}
{"timestamp": 1779119643, "type": "safe_tx", "device": "node-10-fuzzer", "metadata": {}}
{"timestamp": 1779119644, "type": "safe_tx", "device": "node-15-mixed", "metadata": {}}
{"timestamp": 1779119644, "type": "fuzzing", "device": "node-10-fuzzer", "metadata": {}}
{"timestamp": 1779119644, "type": "safe_tx", "device": "node-5-clean", "metadata": {}}
{"timestamp": 1779119644, "type": "overflow", "device": "node-14-mixed", "metadata": {"count": 3, "window_sec": 30}}
{"timestamp": 1779119644, "type": "safe_tx", "device": "node-5-clean", "metadata": {}}
{"timestamp": 1779119644, "type": "safe_tx", "device": "node-9-stealth", "metadata": {}}
{"timestamp": 1779119644, "type": "safe_tx", "device": "node-8-spammer", "metadata": {}}
{"timestamp": 1779119644, "type": "safe_tx", "device": "node-8-spammer", "metadata": {}}
{"timestamp": 1779119644, "type": "dos_spam", "device": "node-8-spammer", "metadata": {}}
{"timestamp": 1779119644, "type": "safe_tx", "device": "node-8-spammer", "metadata": {}}
{"timestamp": 1779119645, "type": "safe_tx", "device": "node-8-spammer", "metadata": {}}
{"timestamp": 1779119645, "type": "safe_tx", "device": "node-8-spammer", "metadata": {}}
{"timestamp": 1779119645, "type": "safe_tx", "device": "node-15-mixed", "metadata": {}}
{"timestamp": 1779119645, "type": "safe_tx", "device": "node-8-spammer", "metadata": {}}
{"timestamp": 1779119645, "type": "safe_tx", "device": "node-8-spammer", "metadata": {}}
{"timestamp": 1779119645, "type": "safe_tx", "device": "node-8-spammer", "metadata": {}}
{"timestamp": 1779119645, "type": "safe_tx", "device": "node-8-spammer", "metadata": {}}
{"timestamp": 1779119645, "type": "safe_tx", "device": "node-8-spammer", "metadata": {}}
{"timestamp": 1779119645, "type": "safe_tx", "device": "node-8-spammer", "metadata": {}}
{"timestamp": 1779119645, "type": "safe_tx", "device": "node-8-spammer", "metadata": {}}
{"timestamp": 1779119645, "type": "safe_tx", "device": "node-8-spammer", "metadata": {}}
{"timestamp": 1779119645, "type": "safe_tx", "device": "node-8-spammer", "metadata": {}}
{"timestamp": 1779119645, "type": "safe_tx", "device": "node-8-spammer", "metadata": {}}
{"timestamp": 1779119645, "type": "safe_tx", "device": "node-8-spammer", "metadata": {}}
{"timestamp": 1779119645, "type": "safe_tx", "device": "node-8-spammer", "metadata": {}}
{"timestamp": 1779119645, "type": "dos_spam", "device": "node-8-spammer", "metadata": {}}
{"timestamp": 1779119645, "type": "safe_tx", "device": "node-8-spammer", "metadata": {}}
{"timestamp": 1779119645, "type": "safe_tx", "device": "node-12-mixed", "metadata": {}}
{"timestamp": 1779119645, "type": "safe_tx", "device": "node-8-spammer", "metadata": {}}
{"timestamp": 1779119645, "type": "safe_tx", "device": "node-8-spammer", "metadata": {}}
{"timestamp": 1779119645, "type": "safe_tx", "device": "node-8-spammer", "metadata": {}}
{"timestamp": 1779119645, "type": "safe_tx", "device": "node-8-spammer", "metadata": {}}
{"timestamp": 1779119645, "type": "safe_tx", "device": "node-8-spammer", "metadata": {}}
{"timestamp": 1779119645, "type": "safe_tx", "device": "node-8-spammer", "metadata": {}}
{"timestamp": 1779119645, "type": "overflow", "device": "node-6-overflow", "metadata": {"count": 3, "window_sec": 30}}
{"timestamp": 1779119646, "type": "fuzzing", "device": "node-10-fuzzer", "metadata": {}}
{"timestamp": 1779119646, "type": "safe_tx", "device": "node-1-clean", "metadata": {}}
{"timestamp": 1779119646, "type": "safe_tx", "device": "node-8-spammer", "metadata": {}}
{"timestamp": 1779119646, "type": "safe_tx", "device": "node-8-spammer", "metadata": {}}
{"timestamp": 1779119646, "type": "safe_tx", "device": "node-8-spammer", "metadata": {}}
{"timestamp": 1779119646, "type": "safe_tx", "device": "node-13-mixed", "metadata": {}}
{"timestamp": 1779119646, "type": "safe_tx", "device": "node-8-spammer", "metadata": {}}
{"timestamp": 1779119646, "type": "safe_tx", "device": "node-8-spammer", "metadata": {}}
{"timestamp": 1779119646, "type": "safe_tx", "device": "node-8-spammer", "metadata": {}}
{"timestamp": 1779119646, "type": "dos_spam", "device": "node-8-spammer", "metadata": {"count": 30, "window_sec": 5}}
{"timestamp": 1779119646, "type": "safe_tx", "device": "node-8-spammer", "metadata": {}}
{"timestamp": 1779119646, "type": "safe_tx", "device": "node-1-clean", "metadata": {}}
{"timestamp": 1779119646, "type": "safe_tx", "device": "node-3-clean", "metadata": {}}
{"timestamp": 1779119646, "type": "safe_tx", "device": "node-8-spammer", "metadata": {}}
{"timestamp": 1779119646, "type": "dos_spam", "device": "node-8-spammer", "metadata": {}}
{"timestamp": 1779119646, "type": "safe_tx", "device": "node-9-stealth", "metadata": {}}
{"timestamp": 1779119646, "type": "safe_tx", "device": "node-8-spammer", "metadata": {}}
{"timestamp": 1779119646, "type": "safe_tx", "device": "node-8-spammer", "metadata": {}}
{"timestamp": 1779119647, "type": "safe_tx", "device": "node-8-spammer", "metadata": {}}
{"timestamp": 1779119647, "type": "safe_tx", "device": "node-5-clean", "metadata": {}}
{"timestamp": 1779119647, "type": "safe_tx", "device": "node-4-clean", "metadata": {}}
{"timestamp": 1779119647, "type": "safe_tx", "device": "node-10-fuzzer", "metadata": {}}
{"timestamp": 1779119648, "type": "time_anomaly", "device": "node-7-timespoof", "metadata": {}}
{"timestamp": 1779119647, "type": "safe_tx", "device": "node-2-clean", "metadata": {}}
{"timestamp": 1779119648, "type": "safe_tx", "device": "node-14-mixed", "metadata": {}}
{"timestamp": 1779119648, "type": "safe_tx", "device": "node-8-spammer", "metadata": {}}
{"timestamp": 1779119648, "type": "safe_tx", "device": "node-8-spammer", "metadata": {}}
{"timestamp": 1779119648, "type": "safe_tx", "device": "node-8-spammer", "metadata": {}}
{"timestamp": 1779119648, "type": "safe_tx", "device": "node-5-clean", "metadata": {}}
{"timestamp": 1779119648, "type": "safe_tx", "device": "node-8-spammer", "metadata": {}}
{"timestamp": 1779119648, "type": "safe_tx", "device": "node-8-spammer", "metadata": {}}
{"timestamp": 1779119648, "type": "safe_tx", "device": "node-8-spammer", "metadata": {}}
{"timestamp": 1779119648, "type": "safe_tx", "device": "node-5-clean", "metadata": {}}
{"timestamp": 1779119648, "type": "safe_tx", "device": "node-5-clean", "metadata": {}}
{"timestamp": 1779119648, "type": "safe_tx", "device": "node-6-overflow", "metadata": {}}
{"timestamp": 1779119648, "type": "safe_tx", "device": "node-12-mixed", "metadata": {}}
{"timestamp": 1779119649, "type": "safe_tx", "device": "node-9-stealth", "metadata": {}}
{"timestamp": 1779119649, "type": "safe_tx", "device": "node-13-mixed", "metadata": {}}
{"timestamp": 1779119649, "type": "safe_tx", "device": "node-5-clean", "metadata": {}}
{"timestamp": 1779119649, "type": "safe_tx", "device": "node-13-mixed", "metadata": {}}
{"timestamp": 1779119649, "type": "safe_tx", "device": "node-8-spammer", "metadata": {}}
{"timestamp": 1779119649, "type": "safe_tx", "device": "node-8-spammer", "metadata": {}}
{"timestamp": 1779119649, "type": "safe_tx", "device": "node-8-spammer", "metadata": {}}
{"timestamp": 1779119649, "type": "safe_tx", "device": "node-8-spammer", "metadata": {}}
{"timestamp": 1779119649, "type": "safe_tx", "device": "node-8-spammer", "metadata": {}}
{"timestamp": 1779119649, "type": "safe_tx", "device": "node-8-spammer", "metadata": {}}
{"timestamp": 1779119649, "type": "safe_tx", "device": "node-8-spammer", "metadata": {}}
{"timestamp": 1779119649, "type": "safe_tx", "device": "node-8-spammer", "metadata": {}}
{"timestamp": 1779119649, "type": "dos_spam", "device": "node-8-spammer", "metadata": {}}
{"timestamp": 1779119649, "type": "safe_tx", "device": "node-8-spammer", "metadata": {}}
{"timestamp": 1779119649, "type": "safe_tx", "device": "node-8-spammer", "metadata": {}}
{"timestamp": 1779119649, "type": "safe_tx", "device": "node-8-spammer", "metadata": {}}
{"timestamp": 1779119649, "type": "safe_tx", "device": "node-8-spammer", "metadata": {}}
{"timestamp": 1779119649, "type": "safe_tx", "device": "node-8-spammer", "metadata": {}}
{"timestamp": 1779119650, "type": "safe_tx", "device": "node-8-spammer", "metadata": {}}
{"timestamp": 1779119650, "type": "safe_tx", "device": "node-4-clean", "metadata": {}}
{"timestamp": 1779119650, "type": "safe_tx", "device": "node-8-spammer", "metadata": {}}
{"timestamp": 1779119650, "type": "safe_tx", "device": "node-8-spammer", "metadata": {}}
{"timestamp": 1779119650, "type": "safe_tx", "device": "node-8-spammer", "metadata": {}}
{"timestamp": 1779119650, "type": "safe_tx", "device": "node-8-spammer", "metadata": {}}
{"timestamp": 1779119650, "type": "safe_tx", "device": "node-5-clean", "metadata": {}}
{"timestamp": 1779119650, "type": "safe_tx", "device": "node-8-spammer", "metadata": {}}
{"timestamp": 1779119650, "type": "dos_spam", "device": "node-8-spammer", "metadata": {"count": 30, "window_sec": 5}}
{"timestamp": 1779119650, "type": "safe_tx", "device": "node-8-spammer", "metadata": {}}
{"timestamp": 1779119650, "type": "safe_tx", "device": "node-8-spammer", "metadata": {}}
{"timestamp": 1779119650, "type": "safe_tx", "device": "node-14-mixed", "metadata": {}}
{"timestamp": 1779119650, "type": "safe_tx", "device": "node-8-spammer", "metadata": {}}
{"timestamp": 1779119650, "type": "safe_tx", "device": "node-8-spammer", "metadata": {}}
{"timestamp": 1779119650, "type": "dos_spam", "device": "node-8-spammer", "metadata": {}}
{"timestamp": 1779119650, "type": "safe_tx", "device": "node-1-clean", "metadata": {}}
{"timestamp": 1779119650, "type": "fuzzing", "device": "node-10-fuzzer", "metadata": {}}
{"timestamp": 1779119650, "type": "safe_tx", "device": "node-2-clean", "metadata": {}}
{"timestamp": 1779119650, "type": "safe_tx", "device": "node-4-clean", "metadata": {}}
{"timestamp": 1779119650, "type": "safe_tx", "device": "node-15-mixed", "metadata": {}}
{"timestamp": 1779119651, "type": "safe_tx", "device": "node-3-clean", "metadata": {}}
{"timestamp": 1779119651, "type": "safe_tx", "device": "node-12-mixed", "metadata": {}}
{"timestamp": 1779119651, "type": "safe_tx", "device": "node-8-spammer", "metadata": {}}
{"timestamp": 1779119651, "type": "safe_tx", "device": "node-8-spammer", "metadata": {}}
{"timestamp": 1779119651, "type": "safe_tx", "device": "node-8-spammer", "metadata": {}}
{"timestamp": 1779119651, "type": "safe_tx", "device": "node-8-spammer", "metadata": {}}
{"timestamp": 1779119651, "type": "safe_tx", "device": "node-8-spammer", "metadata": {}}
{"timestamp": 1779119651, "type": "safe_tx", "device": "node-8-spammer", "metadata": {}}
{"timestamp": 1779119651, "type": "safe_tx", "device": "node-8-spammer", "metadata": {}}
{"timestamp": 1779119651, "type": "safe_tx", "device": "node-8-spammer", "metadata": {}}
{"timestamp": 1779119651, "type": "safe_tx", "device": "node-8-spammer", "metadata": {}}
{"timestamp": 1779119651, "type": "overflow", "device": "node-10-fuzzer", "metadata": {"count": 3, "window_sec": 30}}
{"timestamp": 1779119651, "type": "safe_tx", "device": "node-8-spammer", "metadata": {}}
{"timestamp": 1779119651, "type": "safe_tx", "device": "node-8-spammer", "metadata": {}}
{"timestamp": 1779119651, "type": "safe_tx", "device": "node-8-spammer", "metadata": {}}
{"timestamp": 1779119651, "type": "safe_tx", "device": "node-9-stealth", "metadata": {}}
{"timestamp": 1779119651, "type": "safe_tx", "device": "node-8-spammer", "metadata": {}}
{"timestamp": 1779119651, "type": "safe_tx", "device": "node-13-mixed", "metadata": {}}
{"timestamp": 1779119651, "type": "safe_tx", "device": "node-8-spammer", "metadata": {}}
{"timestamp": 1779119651, "type": "safe_tx", "device": "node-8-spammer", "metadata": {}}
{"timestamp": 1779119651, "type": "dos_spam", "device": "node-8-spammer", "metadata": {}}
{"timestamp": 1779119651, "type": "safe_tx", "device": "node-8-spammer", "metadata": {}}
{"timestamp": 1779119651, "type": "safe_tx", "device": "node-8-spammer", "metadata": {}}
{"timestamp": 1779119651, "type": "safe_tx", "device": "node-12-mixed", "metadata": {}}
{"timestamp": 1779119651, "type": "safe_tx", "device": "node-8-spammer", "metadata": {}}
{"timestamp": 1779119651, "type": "safe_tx", "device": "node-8-spammer", "metadata": {}}
{"timestamp": 1779119652, "type": "safe_tx", "device": "node-4-clean", "metadata": {}}
{"timestamp": 1779119652, "type": "safe_tx", "device": "node-1-clean", "metadata": {}}
{"timestamp": 1779119652, "type": "time_anomaly", "device": "node-7-timespoof", "metadata": {}}
{"timestamp": 1779119652, "type": "safe_tx", "device": "node-8-spammer", "metadata": {}}
{"timestamp": 1779119652, "type": "safe_tx", "device": "node-8-spammer", "metadata": {}}
{"timestamp": 1779119652, "type": "safe_tx", "device": "node-4-clean", "metadata": {}}
{"timestamp": 1779119652, "type": "safe_tx", "device": "node-8-spammer", "metadata": {}}
{"timestamp": 1779119652, "type": "safe_tx", "device": "node-8-spammer", "metadata": {}}
{"timestamp": 1779119652, "type": "safe_tx", "device": "node-8-spammer", "metadata": {}}
{"timestamp": 1779119652, "type": "safe_tx", "device": "node-8-spammer", "metadata": {}}
{"timestamp": 1779119652, "type": "safe_tx", "device": "node-8-spammer", "metadata": {}}
{"timestamp": 1779119652, "type": "dos_spam", "device": "node-8-spammer", "metadata": {"count": 30, "window_sec": 5}}
{"timestamp": 1779119652, "type": "safe_tx", "device": "node-8-spammer", "metadata": {}}
{"timestamp": 1779119652, "type": "safe_tx", "device": "node-14-mixed", "metadata": {}}
{"timestamp": 1779119652, "type": "safe_tx", "device": "node-8-spammer", "metadata": {}}
{"timestamp": 1779119652, "type": "safe_tx", "device": "node-8-spammer", "metadata": {}}
{"timestamp": 1779119652, "type": "safe_tx", "device": "node-10-fuzzer", "metadata": {}}
{"timestamp": 1779119653, "type": "safe_tx", "device": "node-14-mixed", "metadata": {}}
{"timestamp": 1779119653, "type": "safe_tx", "device": "node-5-clean", "metadata": {}}
{"timestamp": 1779119653, "type": "safe_tx", "device": "node-3-clean", "metadata": {}}
{"timestamp": 1779119653, "type": "safe_tx", "device": "node-2-clean", "metadata": {}}
{"timestamp": 1779119653, "type": "safe_tx", "device": "node-9-stealth", "metadata": {}}
{"timestamp": 1779119653, "type": "safe_tx", "device": "node-8-spammer", "metadata": {}}
{"timestamp": 1779119653, "type": "dos_spam", "device": "node-8-spammer", "metadata": {}}
{"timestamp": 1779119653, "type": "safe_tx", "device": "node-8-spammer", "metadata": {}}
{"timestamp": 1779119653, "type": "safe_tx", "device": "node-8-spammer", "metadata": {}}
{"timestamp": 1779119653, "type": "safe_tx", "device": "node-8-spammer", "metadata": {}}
{"timestamp": 1779119653, "type": "safe_tx", "device": "node-1-clean", "metadata": {}}
{"timestamp": 1779119653, "type": "safe_tx", "device": "node-8-spammer", "metadata": {}}
{"timestamp": 1779119653, "type": "safe_tx", "device": "node-8-spammer", "metadata": {}}
{"timestamp": 1779119653, "type": "safe_tx", "device": "node-8-spammer", "metadata": {}}
{"timestamp": 1779119654, "type": "safe_tx", "device": "node-13-mixed", "metadata": {}}
{"timestamp": 1779119654, "type": "safe_tx", "device": "node-15-mixed", "metadata": {}}
{"timestamp": 1779119654, "type": "safe_tx", "device": "node-2-clean", "metadata": {}}
{"timestamp": 1779119654, "type": "safe_tx", "device": "node-8-spammer", "metadata": {}}
{"timestamp": 1779119654, "type": "safe_tx", "device": "node-8-spammer", "metadata": {}}
{"timestamp": 1779119654, "type": "safe_tx", "device": "node-4-clean", "metadata": {}}
{"timestamp": 1779119654, "type": "safe_tx", "device": "node-8-spammer", "metadata": {}}
{"timestamp": 1779119654, "type": "safe_tx", "device": "node-8-spammer", "metadata": {}}
{"timestamp": 1779119654, "type": "safe_tx", "device": "node-8-spammer", "metadata": {}}
{"timestamp": 1779119654, "type": "safe_tx", "device": "node-8-spammer", "metadata": {}}
{"timestamp": 1779119654, "type": "safe_tx", "device": "node-8-spammer", "metadata": {}}
{"timestamp": 1779119654, "type": "safe_tx", "device": "node-8-spammer", "metadata": {}}
{"timestamp": 1779119654, "type": "safe_tx", "device": "node-12-mixed", "metadata": {}}
{"timestamp": 1779119655, "type": "safe_tx", "device": "node-15-mixed", "metadata": {}}
{"timestamp": 1779119655, "type": "safe_tx", "device": "node-8-spammer", "metadata": {}}
{"timestamp": 1779119655, "type": "dos_spam", "device": "node-8-spammer", "metadata": {}}
{"timestamp": 1779119655, "type": "safe_tx", "device": "node-8-spammer", "metadata": {}}
{"timestamp": 1779119655, "type": "safe_tx", "device": "node-8-spammer", "metadata": {}}
{"timestamp": 1779119655, "type": "safe_tx", "device": "node-8-spammer", "metadata": {}}
{"timestamp": 1779119655, "type": "safe_tx", "device": "node-1-clean", "metadata": {}}
{"timestamp": 1779119655, "type": "safe_tx", "device": "node-8-spammer", "metadata": {}}
{"timestamp": 1779119655, "type": "safe_tx", "device": "node-8-spammer", "metadata": {}}
{"timestamp": 1779119655, "type": "safe_tx", "device": "node-8-spammer", "metadata": {}}
{"timestamp": 1779119655, "type": "safe_tx", "device": "node-8-spammer", "metadata": {}}
{"timestamp": 1779119655, "type": "safe_tx", "device": "node-9-stealth", "metadata": {}}
{"timestamp": 1779119655, "type": "safe_tx", "device": "node-8-spammer", "metadata": {}}
{"timestamp": 1779119655, "type": "safe_tx", "device": "node-8-spammer", "metadata": {}}
{"timestamp": 1779119656, "type": "safe_tx", "device": "node-12-mixed", "metadata": {}}
{"timestamp": 1779119656, "type": "safe_tx", "device": "node-8-spammer", "metadata": {}}
{"timestamp": 1779119656, "type": "safe_tx", "device": "node-8-spammer", "metadata": {}}
{"timestamp": 1779119656, "type": "dos_spam", "device": "node-8-spammer", "metadata": {"count": 30, "window_sec": 5}}
{"timestamp": 1779119656, "type": "safe_tx", "device": "node-8-spammer", "metadata": {}}
{"timestamp": 1779119656, "type": "safe_tx", "device": "node-8-spammer", "metadata": {}}
{"timestamp": 1779119656, "type": "safe_tx", "device": "node-8-spammer", "metadata": {}}
{"timestamp": 1779119656, "type": "safe_tx", "device": "node-8-spammer", "metadata": {}}
{"timestamp": 1779119656, "type": "dos_spam", "device": "node-8-spammer", "metadata": {}}
{"timestamp": 1779119656, "type": "safe_tx", "device": "node-14-mixed", "metadata": {}}
{"timestamp": 1779119656, "type": "safe_tx", "device": "node-8-spammer", "metadata": {}}
{"timestamp": 1779119656, "type": "safe_tx", "device": "node-8-spammer", "metadata": {}}
{"timestamp": 1779119656, "type": "safe_tx", "device": "node-8-spammer", "metadata": {}}
{"timestamp": 1779119656, "type": "safe_tx", "device": "node-8-spammer", "metadata": {}}
{"timestamp": 1779119656, "type": "safe_tx", "device": "node-8-spammer", "metadata": {}}
{"timestamp": 1779119656, "type": "safe_tx", "device": "node-8-spammer", "metadata": {}}
{"timestamp": 1779119656, "type": "safe_tx", "device": "node-8-spammer", "metadata": {}}
{"timestamp": 1779119656, "type": "safe_tx", "device": "node-8-spammer", "metadata": {}}
{"timestamp": 1779119656, "type": "safe_tx", "device": "node-10-fuzzer", "metadata": {}}
{"timestamp": 1779119656, "type": "safe_tx", "device": "node-8-spammer", "metadata": {}}
{"timestamp": 1779119656, "type": "safe_tx", "device": "node-8-spammer", "metadata": {}}
{"timestamp": 1779119657, "type": "time_anomaly", "device": "node-7-timespoof", "metadata": {}}
{"timestamp": 1779119656, "type": "safe_tx", "device": "node-5-clean", "metadata": {}}
{"timestamp": 1779119656, "type": "safe_tx", "device": "node-3-clean", "metadata": {}}
{"timestamp": 1779119657, "type": "safe_tx", "device": "node-4-clean", "metadata": {}}
{"timestamp": 1779119657, "type": "safe_tx", "device": "node-1-clean", "metadata": {}}
{"timestamp": 1779119657, "type": "safe_tx", "device": "node-11-pulsing", "metadata": {}}
{"timestamp": 1779119657, "type": "safe_tx", "device": "node-11-pulsing", "metadata": {}}
{"timestamp": 1779119657, "type": "safe_tx", "device": "node-11-pulsing", "metadata": {}}
{"timestamp": 1779119657, "type": "safe_tx", "device": "node-2-clean", "metadata": {}}
{"timestamp": 1779119657, "type": "time_anomaly", "device": "node-13-mixed", "metadata": {}}
{"timestamp": 1779119657, "type": "safe_tx", "device": "node-11-pulsing", "metadata": {}}
{"timestamp": 1779119657, "type": "time_anomaly", "device": "node-15-mixed", "metadata": {}}
{"timestamp": 1779119657, "type": "safe_tx", "device": "node-4-clean", "metadata": {}}
{"timestamp": 1779119657, "type": "safe_tx", "device": "node-11-pulsing", "metadata": {}}
{"timestamp": 1779119657, "type": "safe_tx", "device": "node-11-pulsing", "metadata": {}}
{"timestamp": 1779119657, "type": "safe_tx", "device": "node-11-pulsing", "metadata": {}}
{"timestamp": 1779119657, "type": "safe_tx", "device": "node-2-clean", "metadata": {}}
{"timestamp": 1779119657, "type": "safe_tx", "device": "node-11-pulsing", "metadata": {}}
{"timestamp": 1779119657, "type": "safe_tx", "device": "node-9-stealth", "metadata": {}}
{"timestamp": 1779119657, "type": "safe_tx", "device": "node-12-mixed", "metadata": {}}
{"timestamp": 1779119657, "type": "safe_tx", "device": "node-11-pulsing", "metadata": {}}
{"timestamp": 1779119657, "type": "safe_tx", "device": "node-11-pulsing", "metadata": {}}
{"timestamp": 1779119657, "type": "safe_tx", "device": "node-11-pulsing", "metadata": {}}
{"timestamp": 1779119657, "type": "safe_tx", "device": "node-11-pulsing", "metadata": {}}
{"timestamp": 1779119657, "type": "safe_tx", "device": "node-11-pulsing", "metadata": {}}
{"timestamp": 1779119657, "type": "safe_tx", "device": "node-8-spammer", "metadata": {}}
{"timestamp": 1779119657, "type": "safe_tx", "device": "node-8-spammer", "metadata": {}}
{"timestamp": 1779119657, "type": "safe_tx", "device": "node-8-spammer", "metadata": {}}
{"timestamp": 1779119657, "type": "safe_tx", "device": "node-11-pulsing", "metadata": {}}
{"timestamp": 1779119658, "type": "safe_tx", "device": "node-8-spammer", "metadata": {}}
{"timestamp": 1779119658, "type": "safe_tx", "device": "node-11-pulsing", "metadata": {}}
{"timestamp": 1779119658, "type": "dos_spam", "device": "node-11-pulsing", "metadata": {}}
{"timestamp": 1779119658, "type": "time_anomaly", "device": "node-13-mixed", "metadata": {}}
{"timestamp": 1779119658, "type": "safe_tx", "device": "node-11-pulsing", "metadata": {}}
{"timestamp": 1779119658, "type": "safe_tx", "device": "node-11-pulsing", "metadata": {}}
{"timestamp": 1779119658, "type": "fuzzing", "device": "node-10-fuzzer", "metadata": {}}
{"timestamp": 1779119658, "type": "safe_tx", "device": "node-11-pulsing", "metadata": {}}
{"timestamp": 1779119658, "type": "safe_tx", "device": "node-11-pulsing", "metadata": {}}
{"timestamp": 1779119658, "type": "safe_tx", "device": "node-11-pulsing", "metadata": {}}
{"timestamp": 1779119658, "type": "safe_tx", "device": "node-4-clean", "metadata": {}}
{"timestamp": 1779119658, "type": "safe_tx", "device": "node-5-clean", "metadata": {}}
{"timestamp": 1779119658, "type": "safe_tx", "device": "node-15-mixed", "metadata": {}}
{"timestamp": 1779119659, "type": "safe_tx", "device": "node-9-stealth", "metadata": {}}
{"timestamp": 1779119659, "type": "safe_tx", "device": "node-13-mixed", "metadata": {}}
{"timestamp": 1779119659, "type": "safe_tx", "device": "node-14-mixed", "metadata": {}}
{"timestamp": 1779119659, "type": "safe_tx", "device": "node-6-overflow", "metadata": {}}
{"timestamp": 1779119659, "type": "safe_tx", "device": "node-15-mixed", "metadata": {}}
{"timestamp": 1779119659, "type": "fuzzing", "device": "node-10-fuzzer", "metadata": {}}
{"timestamp": 1779119660, "type": "safe_tx", "device": "node-1-clean", "metadata": {}}
{"timestamp": 1779119660, "type": "safe_tx", "device": "node-8-spammer", "metadata": {}}
{"timestamp": 1779119660, "type": "safe_tx", "device": "node-2-clean", "metadata": {}}
{"timestamp": 1779119660, "type": "safe_tx", "device": "node-8-spammer", "metadata": {}}
{"timestamp": 1779119660, "type": "safe_tx", "device": "node-8-spammer", "metadata": {}}
{"timestamp": 1779119660, "type": "safe_tx", "device": "node-3-clean", "metadata": {}}
{"timestamp": 1779119660, "type": "safe_tx", "device": "node-8-spammer", "metadata": {}}
{"timestamp": 1779119660, "type": "safe_tx", "device": "node-5-clean", "metadata": {}}
{"timestamp": 1779119660, "type": "safe_tx", "device": "node-9-stealth", "metadata": {}}
{"timestamp": 1779119661, "type": "safe_tx", "device": "node-3-clean", "metadata": {}}
{"timestamp": 1779119661, "type": "time_anomaly", "device": "node-7-timespoof", "metadata": {}}
{"timestamp": 1779119661, "type": "overflow", "device": "node-10-fuzzer", "metadata": {"count": 3, "window_sec": 30}}
{"timestamp": 1779119661, "type": "safe_tx", "device": "node-4-clean", "metadata": {}}
{"timestamp": 1779119661, "type": "safe_tx", "device": "node-8-spammer", "metadata": {}}
{"timestamp": 1779119661, "type": "safe_tx", "device": "node-8-spammer", "metadata": {}}
{"timestamp": 1779119661, "type": "safe_tx", "device": "node-8-spammer", "metadata": {}}
{"timestamp": 1779119662, "type": "safe_tx", "device": "node-8-spammer", "metadata": {}}
{"timestamp": 1779119662, "type": "safe_tx", "device": "node-8-spammer", "metadata": {}}
{"timestamp": 1779119662, "type": "safe_tx", "device": "node-9-stealth", "metadata": {}}
{"timestamp": 1779119662, "type": "overflow", "device": "node-6-overflow", "metadata": {"count": 3, "window_sec": 30}}
{"timestamp": 1779119662, "type": "safe_tx", "device": "node-8-spammer", "metadata": {}}
{"timestamp": 1779119662, "type": "safe_tx", "device": "node-14-mixed", "metadata": {}}
{"timestamp": 1779119662, "type": "safe_tx", "device": "node-13-mixed", "metadata": {}}
{"timestamp": 1779119662, "type": "safe_tx", "device": "node-5-clean", "metadata": {}}
{"timestamp": 1779119662, "type": "safe_tx", "device": "node-14-mixed", "metadata": {}}
{"timestamp": 1779119662, "type": "safe_tx", "device": "node-8-spammer", "metadata": {}}
{"timestamp": 1779119662, "type": "safe_tx", "device": "node-8-spammer", "metadata": {}}
{"timestamp": 1779119662, "type": "safe_tx", "device": "node-8-spammer", "metadata": {}}
{"timestamp": 1779119663, "type": "safe_tx", "device": "node-4-clean", "metadata": {}}
{"timestamp": 1779119663, "type": "time_anomaly", "device": "node-15-mixed", "metadata": {}}
{"timestamp": 1779119663, "type": "safe_tx", "device": "node-10-fuzzer", "metadata": {}}
{"timestamp": 1779119663, "type": "safe_tx", "device": "node-9-stealth", "metadata": {}}
{"timestamp": 1779119663, "type": "safe_tx", "device": "node-4-clean", "metadata": {}}
{"timestamp": 1779119664, "type": "time_anomaly", "device": "node-13-mixed", "metadata": {}}
{"timestamp": 1779119663, "type": "overflow", "device": "node-15-mixed", "metadata": {"count": 3, "window_sec": 30}}
{"timestamp": 1779119663, "type": "safe_tx", "device": "node-6-overflow", "metadata": {}}
{"timestamp": 1779119664, "type": "safe_tx", "device": "node-1-clean", "metadata": {}}
{"timestamp": 1779119664, "type": "safe_tx", "device": "node-8-spammer", "metadata": {}}
{"timestamp": 1779119664, "type": "safe_tx", "device": "node-2-clean", "metadata": {}}
{"timestamp": 1779119664, "type": "time_anomaly", "device": "node-7-timespoof", "metadata": {}}
{"timestamp": 1779119665, "type": "safe_tx", "device": "node-10-fuzzer", "metadata": {}}
{"timestamp": 1779119665, "type": "safe_tx", "device": "node-8-spammer", "metadata": {}}
{"timestamp": 1779119665, "type": "safe_tx", "device": "node-8-spammer", "metadata": {}}
{"timestamp": 1779119665, "type": "safe_tx", "device": "node-12-mixed", "metadata": {}}
{"timestamp": 1779119665, "type": "safe_tx", "device": "node-8-spammer", "metadata": {}}
{"timestamp": 1779119665, "type": "safe_tx", "device": "node-8-spammer", "metadata": {}}
{"timestamp": 1779119665, "type": "safe_tx", "device": "node-9-stealth", "metadata": {}}
{"timestamp": 1779119665, "type": "safe_tx", "device": "node-13-mixed", "metadata": {}}
{"timestamp": 1779119665, "type": "safe_tx", "device": "node-8-spammer", "metadata": {}}
{"timestamp": 1779119665, "type": "safe_tx", "device": "node-8-spammer", "metadata": {}}
{"timestamp": 1779119665, "type": "safe_tx", "device": "node-8-spammer", "metadata": {}}
{"timestamp": 1779119665, "type": "safe_tx", "device": "node-8-spammer", "metadata": {}}
{"timestamp": 1779119665, "type": "safe_tx", "device": "node-8-spammer", "metadata": {}}
{"timestamp": 1779119665, "type": "safe_tx", "device": "node-5-clean", "metadata": {}}
{"timestamp": 1779119665, "type": "safe_tx", "device": "node-2-clean", "metadata": {}}
{"timestamp": 1779119666, "type": "time_anomaly", "device": "node-14-mixed", "metadata": {}}
{"timestamp": 1779119666, "type": "safe_tx", "device": "node-3-clean", "metadata": {}}
{"timestamp": 1779119666, "type": "safe_tx", "device": "node-1-clean", "metadata": {}}
{"timestamp": 1779119666, "type": "safe_tx", "device": "node-8-spammer", "metadata": {}}
{"timestamp": 1779119666, "type": "safe_tx", "device": "node-8-spammer", "metadata": {}}
{"timestamp": 1779119667, "type": "time_anomaly", "device": "node-7-timespoof", "metadata": {}}
{"timestamp": 1779119667, "type": "safe_tx", "device": "node-5-clean", "metadata": {}}
{"timestamp": 1779119667, "type": "safe_tx", "device": "node-3-clean", "metadata": {}}
{"timestamp": 1779119667, "type": "safe_tx", "device": "node-4-clean", "metadata": {}}
{"timestamp": 1779119667, "type": "safe_tx", "device": "node-14-mixed", "metadata": {}}
{"timestamp": 1779119667, "type": "safe_tx", "device": "node-9-stealth", "metadata": {}}
{"timestamp": 1779119667, "type": "safe_tx", "device": "node-3-clean", "metadata": {}}
{"timestamp": 1779119668, "type": "safe_tx", "device": "node-2-clean", "metadata": {}}
{"timestamp": 1779119668, "type": "safe_tx", "device": "node-13-mixed", "metadata": {}}
{"timestamp": 1779119668, "type": "safe_tx", "device": "node-4-clean", "metadata": {}}
{"timestamp": 1779119668, "type": "safe_tx", "device": "node-12-mixed", "metadata": {}}
{"timestamp": 1779119668, "type": "safe_tx", "device": "node-1-clean", "metadata": {}}
{"timestamp": 1779119669, "type": "safe_tx", "device": "node-8-spammer", "metadata": {}}
{"timestamp": 1779119669, "type": "safe_tx", "device": "node-8-spammer", "metadata": {}}
{"timestamp": 1779119669, "type": "safe_tx", "device": "node-8-spammer", "metadata": {}}
{"timestamp": 1779119669, "type": "safe_tx", "device": "node-8-spammer", "metadata": {}}
{"timestamp": 1779119669, "type": "safe_tx", "device": "node-8-spammer", "metadata": {}}
{"timestamp": 1779119669, "type": "safe_tx", "device": "node-8-spammer", "metadata": {}}
{"timestamp": 1779119669, "type": "safe_tx", "device": "node-8-spammer", "metadata": {}}
{"timestamp": 1779119669, "type": "safe_tx", "device": "node-8-spammer", "metadata": {}}
{"timestamp": 1779119669, "type": "safe_tx", "device": "node-8-spammer", "metadata": {}}
{"timestamp": 1779119669, "type": "safe_tx", "device": "node-8-spammer", "metadata": {}}
{"timestamp": 1779119669, "type": "safe_tx", "device": "node-8-spammer", "metadata": {}}
{"timestamp": 1779119669, "type": "safe_tx", "device": "node-10-fuzzer", "metadata": {}}
{"timestamp": 1779119669, "type": "safe_tx", "device": "node-15-mixed", "metadata": {}}
{"timestamp": 1779119669, "type": "safe_tx", "device": "node-3-clean", "metadata": {}}
{"timestamp": 1779119670, "type": "time_anomaly", "device": "node-14-mixed", "metadata": {}}
{"timestamp": 1779119670, "type": "safe_tx", "device": "node-10-fuzzer", "metadata": {}}
{"timestamp": 1779119670, "type": "safe_tx", "device": "node-2-clean", "metadata": {}}
{"timestamp": 1779119670, "type": "safe_tx", "device": "node-9-stealth", "metadata": {}}
{"timestamp": 1779119670, "type": "safe_tx", "device": "node-8-spammer", "metadata": {}}
{"timestamp": 1779119670, "type": "safe_tx", "device": "node-4-clean", "metadata": {}}
{"timestamp": 1779119670, "type": "safe_tx", "device": "node-5-clean", "metadata": {}}
{"timestamp": 1779119671, "type": "safe_tx", "device": "node-3-clean", "metadata": {}}
{"timestamp": 1779119671, "type": "overflow", "device": "node-10-fuzzer", "metadata": {"count": 3, "window_sec": 30}}
{"timestamp": 1779119671, "type": "safe_tx", "device": "node-4-clean", "metadata": {}}
{"timestamp": 1779119671, "type": "time_anomaly", "device": "node-7-timespoof", "metadata": {}}
{"timestamp": 1779119671, "type": "safe_tx", "device": "node-2-clean", "metadata": {}}
{"timestamp": 1779119671, "type": "safe_tx", "device": "node-12-mixed", "metadata": {}}
{"timestamp": 1779119671, "type": "safe_tx", "device": "node-13-mixed", "metadata": {}}
{"timestamp": 1779119671, "type": "safe_tx", "device": "node-5-clean", "metadata": {}}
{"timestamp": 1779119672, "type": "safe_tx", "device": "node-1-clean", "metadata": {}}
{"timestamp": 1779119672, "type": "safe_tx", "device": "node-9-stealth", "metadata": {}}
{"timestamp": 1779119672, "type": "safe_tx", "device": "node-6-overflow", "metadata": {}}
{"timestamp": 1779119672, "type": "safe_tx", "device": "node-8-spammer", "metadata": {}}
{"timestamp": 1779119672, "type": "safe_tx", "device": "node-15-mixed", "metadata": {}}
{"timestamp": 1779119672, "type": "safe_tx", "device": "node-10-fuzzer", "metadata": {}}
{"timestamp": 1779119673, "type": "time_anomaly", "device": "node-12-mixed", "metadata": {}}
{"timestamp": 1779119673, "type": "safe_tx", "device": "node-14-mixed", "metadata": {}}
{"timestamp": 1779119673, "type": "safe_tx", "device": "node-9-stealth", "metadata": {}}
{"timestamp": 1779119673, "type": "safe_tx", "device": "node-8-spammer", "metadata": {}}
{"timestamp": 1779119673, "type": "safe_tx", "device": "node-13-mixed", "metadata": {}}
{"timestamp": 1779119674, "type": "safe_tx", "device": "node-14-mixed", "metadata": {}}
{"timestamp": 1779119674, "type": "safe_tx", "device": "node-2-clean", "metadata": {}}
{"timestamp": 1779119674, "type": "time_anomaly", "device": "node-7-timespoof", "metadata": {}}
{"timestamp": 1779119674, "type": "safe_tx", "device": "node-2-clean", "metadata": {}}
{"timestamp": 1779119674, "type": "safe_tx", "device": "node-3-clean", "metadata": {}}
{"timestamp": 1779119674, "type": "safe_tx", "device": "node-8-spammer", "metadata": {}}
{"timestamp": 1779119674, "type": "safe_tx", "device": "node-9-stealth", "metadata": {}}
{"timestamp": 1779119674, "type": "safe_tx", "device": "node-8-spammer", "metadata": {}}
{"timestamp": 1779119674, "type": "safe_tx", "device": "node-8-spammer", "metadata": {}}
{"timestamp": 1779119674, "type": "safe_tx", "device": "node-8-spammer", "metadata": {}}
{"timestamp": 1779119674, "type": "safe_tx", "device": "node-8-spammer", "metadata": {}}
{"timestamp": 1779119674, "type": "safe_tx", "device": "node-8-spammer", "metadata": {}}
{"timestamp": 1779119674, "type": "safe_tx", "device": "node-8-spammer", "metadata": {}}
{"timestamp": 1779119675, "type": "safe_tx", "device": "node-2-clean", "metadata": {}}
{"timestamp": 1779119675, "type": "safe_tx", "device": "node-15-mixed", "metadata": {}}
{"timestamp": 1779119675, "type": "safe_tx", "device": "node-12-mixed", "metadata": {}}
{"timestamp": 1779119675, "type": "safe_tx", "device": "node-4-clean", "metadata": {}}
{"timestamp": 1779119675, "type": "safe_tx", "device": "node-3-clean", "metadata": {}}
{"timestamp": 1779119675, "type": "safe_tx", "device": "node-1-clean", "metadata": {}}
{"timestamp": 1779119676, "type": "safe_tx", "device": "node-5-clean", "metadata": {}}
{"timestamp": 1779119676, "type": "safe_tx", "device": "node-6-overflow", "metadata": {}}
{"timestamp": 1779119676, "type": "safe_tx", "device": "node-14-mixed", "metadata": {}}
{"timestamp": 1779119676, "type": "safe_tx", "device": "node-8-spammer", "metadata": {}}
{"timestamp": 1779119676, "type": "safe_tx", "device": "node-8-spammer", "metadata": {}}
{"timestamp": 1779119676, "type": "safe_tx", "device": "node-8-spammer", "metadata": {}}
{"timestamp": 1779119676, "type": "safe_tx", "device": "node-8-spammer", "metadata": {}}
{"timestamp": 1779119676, "type": "safe_tx", "device": "node-8-spammer", "metadata": {}}
{"timestamp": 1779119676, "type": "safe_tx", "device": "node-8-spammer", "metadata": {}}
{"timestamp": 1779119676, "type": "safe_tx", "device": "node-8-spammer", "metadata": {}}
{"timestamp": 1779119676, "type": "safe_tx", "device": "node-8-spammer", "metadata": {}}
{"timestamp": 1779119676, "type": "dos_spam", "device": "node-8-spammer", "metadata": {}}
{"timestamp": 1779119676, "type": "safe_tx", "device": "node-8-spammer", "metadata": {}}
{"timestamp": 1779119676, "type": "fuzzing", "device": "node-10-fuzzer", "metadata": {}}
{"timestamp": 1779119677, "type": "time_anomaly", "device": "node-13-mixed", "metadata": {}}
{"timestamp": 1779119676, "type": "safe_tx", "device": "node-8-spammer", "metadata": {}}
{"timestamp": 1779119676, "type": "safe_tx", "device": "node-9-stealth", "metadata": {}}
{"timestamp": 1779119676, "type": "safe_tx", "device": "node-8-spammer", "metadata": {}}
{"timestamp": 1779119676, "type": "safe_tx", "device": "node-8-spammer", "metadata": {}}
{"timestamp": 1779119676, "type": "safe_tx", "device": "node-1-clean", "metadata": {}}
{"timestamp": 1779119677, "type": "safe_tx", "device": "node-13-mixed", "metadata": {}}
{"timestamp": 1779119677, "type": "time_anomaly", "device": "node-7-timespoof", "metadata": {}}
{"timestamp": 1779119677, "type": "safe_tx", "device": "node-4-clean", "metadata": {}}
{"timestamp": 1779119677, "type": "safe_tx", "device": "node-13-mixed", "metadata": {}}
{"timestamp": 1779119677, "type": "safe_tx", "device": "node-3-clean", "metadata": {}}
{"timestamp": 1779119677, "type": "safe_tx", "device": "node-15-mixed", "metadata": {}}
{"timestamp": 1779119677, "type": "safe_tx", "device": "node-10-fuzzer", "metadata": {}}
{"timestamp": 1779119677, "type": "safe_tx", "device": "node-8-spammer", "metadata": {}}
{"timestamp": 1779119677, "type": "safe_tx", "device": "node-8-spammer", "metadata": {}}
{"timestamp": 1779119677, "type": "safe_tx", "device": "node-8-spammer", "metadata": {}}
{"timestamp": 1779119678, "type": "safe_tx", "device": "node-8-spammer", "metadata": {}}
{"timestamp": 1779119678, "type": "safe_tx", "device": "node-8-spammer", "metadata": {}}
{"timestamp": 1779119678, "type": "safe_tx", "device": "node-8-spammer", "metadata": {}}
{"timestamp": 1779119678, "type": "safe_tx", "device": "node-8-spammer", "metadata": {}}
{"timestamp": 1779119678, "type": "overflow", "device": "node-6-overflow", "metadata": {"count": 3, "window_sec": 30}}
{"timestamp": 1779119678, "type": "time_anomaly", "device": "node-12-mixed", "metadata": {}}
{"timestamp": 1779119678, "type": "safe_tx", "device": "node-10-fuzzer", "metadata": {}}
{"timestamp": 1779119678, "type": "safe_tx", "device": "node-8-spammer", "metadata": {}}
{"timestamp": 1779119679, "type": "safe_tx", "device": "node-8-spammer", "metadata": {}}
{"timestamp": 1779119679, "type": "safe_tx", "device": "node-2-clean", "metadata": {}}
{"timestamp": 1779119679, "type": "safe_tx", "device": "node-8-spammer", "metadata": {}}
{"timestamp": 1779119679, "type": "safe_tx", "device": "node-8-spammer", "metadata": {}}
{"timestamp": 1779119679, "type": "dos_spam", "device": "node-8-spammer", "metadata": {"count": 30, "window_sec": 5}}
{"timestamp": 1779119679, "type": "safe_tx", "device": "node-14-mixed", "metadata": {}}
{"timestamp": 1779119679, "type": "safe_tx", "device": "node-9-stealth", "metadata": {}}
{"timestamp": 1779119679, "type": "safe_tx", "device": "node-4-clean", "metadata": {}}
{"timestamp": 1779119679, "type": "safe_tx", "device": "node-2-clean", "metadata": {}}
{"timestamp": 1779119680, "type": "time_anomaly", "device": "node-13-mixed", "metadata": {}}
{"timestamp": 1779119679, "type": "safe_tx", "device": "node-8-spammer", "metadata": {}}
{"timestamp": 1779119679, "type": "safe_tx", "device": "node-8-spammer", "metadata": {}}
{"timestamp": 1779119679, "type": "safe_tx", "device": "node-8-spammer", "metadata": {}}
{"timestamp": 1779119679, "type": "safe_tx", "device": "node-8-spammer", "metadata": {}}
{"timestamp": 1779119679, "type": "dos_spam", "device": "node-8-spammer", "metadata": {}}
{"timestamp": 1779119679, "type": "safe_tx", "device": "node-8-spammer", "metadata": {}}
{"timestamp": 1779119680, "type": "safe_tx", "device": "node-8-spammer", "metadata": {}}
{"timestamp": 1779119680, "type": "safe_tx", "device": "node-8-spammer", "metadata": {}}
{"timestamp": 1779119680, "type": "safe_tx", "device": "node-8-spammer", "metadata": {}}
{"timestamp": 1779119680, "type": "safe_tx", "device": "node-8-spammer", "metadata": {}}
{"timestamp": 1779119680, "type": "safe_tx", "device": "node-10-fuzzer", "metadata": {}}
{"timestamp": 1779119680, "type": "safe_tx", "device": "node-8-spammer", "metadata": {}}
{"timestamp": 1779119680, "type": "safe_tx", "device": "node-8-spammer", "metadata": {}}
{"timestamp": 1779119680, "type": "safe_tx", "device": "node-8-spammer", "metadata": {}}
{"timestamp": 1779119680, "type": "overflow", "device": "node-14-mixed", "metadata": {"count": 3, "window_sec": 30}}
{"timestamp": 1779119680, "type": "safe_tx", "device": "node-8-spammer", "metadata": {}}
{"timestamp": 1779119680, "type": "safe_tx", "device": "node-8-spammer", "metadata": {}}
{"timestamp": 1779119680, "type": "safe_tx", "device": "node-8-spammer", "metadata": {}}
{"timestamp": 1779119680, "type": "safe_tx", "device": "node-8-spammer", "metadata": {}}
{"timestamp": 1779119680, "type": "safe_tx", "device": "node-8-spammer", "metadata": {}}
{"timestamp": 1779119680, "type": "safe_tx", "device": "node-8-spammer", "metadata": {}}
{"timestamp": 1779119680, "type": "safe_tx", "device": "node-8-spammer", "metadata": {}}
{"timestamp": 1779119680, "type": "dos_spam", "device": "node-8-spammer", "metadata": {}}
{"timestamp": 1779119680, "type": "time_anomaly", "device": "node-7-timespoof", "metadata": {}}
{"timestamp": 1779119680, "type": "safe_tx", "device": "node-8-spammer", "metadata": {}}
{"timestamp": 1779119680, "type": "safe_tx", "device": "node-8-spammer", "metadata": {}}
{"timestamp": 1779119680, "type": "safe_tx", "device": "node-3-clean", "metadata": {}}
{"timestamp": 1779119680, "type": "safe_tx", "device": "node-1-clean", "metadata": {}}
{"timestamp": 1779119681, "type": "safe_tx", "device": "node-3-clean", "metadata": {}}
{"timestamp": 1779119681, "type": "safe_tx", "device": "node-5-clean", "metadata": {}}
{"timestamp": 1779119681, "type": "safe_tx", "device": "node-12-mixed", "metadata": {}}
{"timestamp": 1779119681, "type": "fuzzing", "device": "node-10-fuzzer", "metadata": {}}
{"timestamp": 1779119681, "type": "safe_tx", "device": "node-8-spammer", "metadata": {}}
{"timestamp": 1779119681, "type": "safe_tx", "device": "node-9-stealth", "metadata": {}}
{"timestamp": 1779119681, "type": "safe_tx", "device": "node-8-spammer", "metadata": {}}
{"timestamp": 1779119681, "type": "safe_tx", "device": "node-8-spammer", "metadata": {}}
{"timestamp": 1779119681, "type": "safe_tx", "device": "node-8-spammer", "metadata": {}}
{"timestamp": 1779119681, "type": "safe_tx", "device": "node-8-spammer", "metadata": {}}
{"timestamp": 1779119681, "type": "safe_tx", "device": "node-8-spammer", "metadata": {}}
{"timestamp": 1779119681, "type": "safe_tx", "device": "node-8-spammer", "metadata": {}}
{"timestamp": 1779119681, "type": "safe_tx", "device": "node-8-spammer", "metadata": {}}
{"timestamp": 1779119681, "type": "safe_tx", "device": "node-8-spammer", "metadata": {}}
{"timestamp": 1779119681, "type": "dos_spam", "device": "node-8-spammer", "metadata": {"count": 30, "window_sec": 5}}
{"timestamp": 1779119681, "type": "safe_tx", "device": "node-8-spammer", "metadata": {}}
{"timestamp": 1779119681, "type": "safe_tx", "device": "node-8-spammer", "metadata": {}}
{"timestamp": 1779119681, "type": "safe_tx", "device": "node-8-spammer", "metadata": {}}
{"timestamp": 1779119682, "type": "safe_tx", "device": "node-8-spammer", "metadata": {}}
{"timestamp": 1779119682, "type": "dos_spam", "device": "node-8-spammer", "metadata": {}}
{"timestamp": 1779119682, "type": "safe_tx", "device": "node-8-spammer", "metadata": {}}
{"timestamp": 1779119682, "type": "safe_tx", "device": "node-8-spammer", "metadata": {}}
{"timestamp": 1779119682, "type": "safe_tx", "device": "node-8-spammer", "metadata": {}}
{"timestamp": 1779119682, "type": "safe_tx", "device": "node-8-spammer", "metadata": {}}
{"timestamp": 1779119682, "type": "safe_tx", "device": "node-13-mixed", "metadata": {}}
{"timestamp": 1779119682, "type": "safe_tx", "device": "node-8-spammer", "metadata": {}}
{"timestamp": 1779119682, "type": "safe_tx", "device": "node-2-clean", "metadata": {}}
{"timestamp": 1779119682, "type": "safe_tx", "device": "node-8-spammer", "metadata": {}}
{"timestamp": 1779119682, "type": "safe_tx", "device": "node-8-spammer", "metadata": {}}
{"timestamp": 1779119682, "type": "safe_tx", "device": "node-8-spammer", "metadata": {}}
{"timestamp": 1779119682, "type": "safe_tx", "device": "node-8-spammer", "metadata": {}}
{"timestamp": 1779119682, "type": "safe_tx", "device": "node-8-spammer", "metadata": {}}
{"timestamp": 1779119682, "type": "safe_tx", "device": "node-8-spammer", "metadata": {}}
{"timestamp": 1779119682, "type": "safe_tx", "device": "node-8-spammer", "metadata": {}}
{"timestamp": 1779119682, "type": "safe_tx", "device": "node-8-spammer", "metadata": {}}
{"timestamp": 1779119682, "type": "safe_tx", "device": "node-8-spammer", "metadata": {}}
{"timestamp": 1779119682, "type": "safe_tx", "device": "node-9-stealth", "metadata": {}}
{"timestamp": 1779119682, "type": "safe_tx", "device": "node-8-spammer", "metadata": {}}
{"timestamp": 1779119682, "type": "dos_spam", "device": "node-8-spammer", "metadata": {}}
{"timestamp": 1779119682, "type": "safe_tx", "device": "node-8-spammer", "metadata": {}}
{"timestamp": 1779119682, "type": "safe_tx", "device": "node-8-spammer", "metadata": {}}
{"timestamp": 1779119682, "type": "fuzzing", "device": "node-10-fuzzer", "metadata": {}}
{"timestamp": 1779119682, "type": "safe_tx", "device": "node-8-spammer", "metadata": {}}
{"timestamp": 1779119682, "type": "safe_tx", "device": "node-8-spammer", "metadata": {}}
{"timestamp": 1779119682, "type": "safe_tx", "device": "node-8-spammer", "metadata": {}}
{"timestamp": 1779119682, "type": "safe_tx", "device": "node-8-spammer", "metadata": {}}
{"timestamp": 1779119682, "type": "safe_tx", "device": "node-4-clean", "metadata": {}}
{"timestamp": 1779119682, "type": "safe_tx", "device": "node-8-spammer", "metadata": {}}
{"timestamp": 1779119682, "type": "safe_tx", "device": "node-8-spammer", "metadata": {}}
{"timestamp": 1779119682, "type": "safe_tx", "device": "node-8-spammer", "metadata": {}}
{"timestamp": 1779119682, "type": "safe_tx", "device": "node-8-spammer", "metadata": {}}
{"timestamp": 1779119682, "type": "safe_tx", "device": "node-8-spammer", "metadata": {}}
{"timestamp": 1779119682, "type": "dos_spam", "device": "node-8-spammer", "metadata": {"count": 30, "window_sec": 5}}
{"timestamp": 1779119682, "type": "safe_tx", "device": "node-8-spammer", "metadata": {}}
{"timestamp": 1779119682, "type": "safe_tx", "device": "node-8-spammer", "metadata": {}}
{"timestamp": 1779119682, "type": "safe_tx", "device": "node-8-spammer", "metadata": {}}
{"timestamp": 1779119683, "type": "safe_tx", "device": "node-2-clean", "metadata": {}}
{"timestamp": 1779119683, "type": "safe_tx", "device": "node-3-clean", "metadata": {}}
{"timestamp": 1779119683, "type": "safe_tx", "device": "node-10-fuzzer", "metadata": {}}
{"timestamp": 1779119683, "type": "overflow", "device": "node-15-mixed", "metadata": {"count": 3, "window_sec": 30}}
{"timestamp": 1779119684, "type": "safe_tx", "device": "node-1-clean", "metadata": {}}
{"timestamp": 1779119684, "type": "time_anomaly", "device": "node-7-timespoof", "metadata": {}}
{"timestamp": 1779119684, "type": "safe_tx", "device": "node-9-stealth", "metadata": {}}
{"timestamp": 1779119684, "type": "safe_tx", "device": "node-12-mixed", "metadata": {}}
{"timestamp": 1779119684, "type": "safe_tx", "device": "node-15-mixed", "metadata": {}}
{"timestamp": 1779119684, "type": "safe_tx", "device": "node-10-fuzzer", "metadata": {}}
{"timestamp": 1779119684, "type": "safe_tx", "device": "node-13-mixed", "metadata": {}}
{"timestamp": 1779119684, "type": "safe_tx", "device": "node-1-clean", "metadata": {}}
{"timestamp": 1779119685, "type": "safe_tx", "device": "node-5-clean", "metadata": {}}
{"timestamp": 1779119685, "type": "time_anomaly", "device": "node-13-mixed", "metadata": {}}
{"timestamp": 1779119685, "type": "safe_tx", "device": "node-15-mixed", "metadata": {}}
{"timestamp": 1779119685, "type": "safe_tx", "device": "node-9-stealth", "metadata": {}}
{"timestamp": 1779119685, "type": "safe_tx", "device": "node-2-clean", "metadata": {}}
{"timestamp": 1779119685, "type": "safe_tx", "device": "node-5-clean", "metadata": {}}
{"timestamp": 1779119685, "type": "safe_tx", "device": "node-3-clean", "metadata": {}}
{"timestamp": 1779119685, "type": "safe_tx", "device": "node-9-stealth", "metadata": {}}
{"timestamp": 1779119686, "type": "safe_tx", "device": "node-4-clean", "metadata": {}}
{"timestamp": 1779119686, "type": "safe_tx", "device": "node-10-fuzzer", "metadata": {}}
{"timestamp": 1779119686, "type": "safe_tx", "device": "node-14-mixed", "metadata": {}}
{"timestamp": 1779119686, "type": "safe_tx", "device": "node-4-clean", "metadata": {}}
{"timestamp": 1779119686, "type": "safe_tx", "device": "node-8-spammer", "metadata": {}}
{"timestamp": 1779119686, "type": "safe_tx", "device": "node-8-spammer", "metadata": {}}
{"timestamp": 1779119686, "type": "safe_tx", "device": "node-11-pulsing", "metadata": {}}
{"timestamp": 1779119686, "type": "safe_tx", "device": "node-8-spammer", "metadata": {}}
{"timestamp": 1779119686, "type": "safe_tx", "device": "node-11-pulsing", "metadata": {}}
{"timestamp": 1779119686, "type": "safe_tx", "device": "node-8-spammer", "metadata": {}}
{"timestamp": 1779119686, "type": "safe_tx", "device": "node-11-pulsing", "metadata": {}}
{"timestamp": 1779119686, "type": "safe_tx", "device": "node-13-mixed", "metadata": {}}
{"timestamp": 1779119686, "type": "safe_tx", "device": "node-8-spammer", "metadata": {}}
{"timestamp": 1779119687, "type": "safe_tx", "device": "node-11-pulsing", "metadata": {}}
{"timestamp": 1779119687, "type": "safe_tx", "device": "node-8-spammer", "metadata": {}}
{"timestamp": 1779119687, "type": "safe_tx", "device": "node-9-stealth", "metadata": {}}
{"timestamp": 1779119687, "type": "safe_tx", "device": "node-8-spammer", "metadata": {}}
{"timestamp": 1779119687, "type": "safe_tx", "device": "node-11-pulsing", "metadata": {}}
{"timestamp": 1779119687, "type": "safe_tx", "device": "node-8-spammer", "metadata": {}}
{"timestamp": 1779119687, "type": "safe_tx", "device": "node-11-pulsing", "metadata": {}}
{"timestamp": 1779119687, "type": "safe_tx", "device": "node-8-spammer", "metadata": {}}
{"timestamp": 1779119687, "type": "safe_tx", "device": "node-11-pulsing", "metadata": {}}
{"timestamp": 1779119687, "type": "safe_tx", "device": "node-8-spammer", "metadata": {}}
{"timestamp": 1779119687, "type": "safe_tx", "device": "node-8-spammer", "metadata": {}}
{"timestamp": 1779119687, "type": "safe_tx", "device": "node-11-pulsing", "metadata": {}}
{"timestamp": 1779119687, "type": "safe_tx", "device": "node-11-pulsing", "metadata": {}}
{"timestamp": 1779119687, "type": "safe_tx", "device": "node-11-pulsing", "metadata": {}}
{"timestamp": 1779119687, "type": "safe_tx", "device": "node-11-pulsing", "metadata": {}}
{"timestamp": 1779119687, "type": "safe_tx", "device": "node-11-pulsing", "metadata": {}}
{"timestamp": 1779119687, "type": "safe_tx", "device": "node-4-clean", "metadata": {}}
{"timestamp": 1779119687, "type": "safe_tx", "device": "node-11-pulsing", "metadata": {}}
{"timestamp": 1779119687, "type": "safe_tx", "device": "node-11-pulsing", "metadata": {}}
{"timestamp": 1779119687, "type": "time_anomaly", "device": "node-15-mixed", "metadata": {}}
{"timestamp": 1779119687, "type": "safe_tx", "device": "node-11-pulsing", "metadata": {}}
{"timestamp": 1779119687, "type": "dos_spam", "device": "node-11-pulsing", "metadata": {}}
{"timestamp": 1779119687, "type": "safe_tx", "device": "node-11-pulsing", "metadata": {}}
{"timestamp": 1779119687, "type": "safe_tx", "device": "node-11-pulsing", "metadata": {}}
{"timestamp": 1779119687, "type": "safe_tx", "device": "node-11-pulsing", "metadata": {}}
{"timestamp": 1779119687, "type": "overflow", "device": "node-6-overflow", "metadata": {"count": 3, "window_sec": 30}}
{"timestamp": 1779119687, "type": "safe_tx", "device": "node-11-pulsing", "metadata": {}}
{"timestamp": 1779119687, "type": "safe_tx", "device": "node-11-pulsing", "metadata": {}}
{"timestamp": 1779119687, "type": "safe_tx", "device": "node-4-clean", "metadata": {}}
{"timestamp": 1779119688, "type": "safe_tx", "device": "node-8-spammer", "metadata": {}}
{"timestamp": 1779119688, "type": "safe_tx", "device": "node-8-spammer", "metadata": {}}
{"timestamp": 1779119688, "type": "safe_tx", "device": "node-8-spammer", "metadata": {}}
{"timestamp": 1779119688, "type": "safe_tx", "device": "node-8-spammer", "metadata": {}}
{"timestamp": 1779119688, "type": "dos_spam", "device": "node-8-spammer", "metadata": {}}
{"timestamp": 1779119688, "type": "safe_tx", "device": "node-8-spammer", "metadata": {}}
{"timestamp": 1779119688, "type": "safe_tx", "device": "node-8-spammer", "metadata": {}}
{"timestamp": 1779119688, "type": "safe_tx", "device": "node-2-clean", "metadata": {}}
{"timestamp": 1779119688, "type": "safe_tx", "device": "node-5-clean", "metadata": {}}
{"timestamp": 1779119688, "type": "safe_tx", "device": "node-1-clean", "metadata": {}}
{"timestamp": 1779119688, "type": "fuzzing", "device": "node-10-fuzzer", "metadata": {}}
{"timestamp": 1779119689, "type": "time_anomaly", "device": "node-14-mixed", "metadata": {}}
{"timestamp": 1779119689, "type": "safe_tx", "device": "node-8-spammer", "metadata": {}}
{"timestamp": 1779119689, "type": "safe_tx", "device": "node-8-spammer", "metadata": {}}
{"timestamp": 1779119689, "type": "safe_tx", "device": "node-8-spammer", "metadata": {}}
{"timestamp": 1779119689, "type": "safe_tx", "device": "node-8-spammer", "metadata": {}}
{"timestamp": 1779119689, "type": "safe_tx", "device": "node-8-spammer", "metadata": {}}
{"timestamp": 1779119689, "type": "safe_tx", "device": "node-8-spammer", "metadata": {}}
{"timestamp": 1779119689, "type": "time_anomaly", "device": "node-7-timespoof", "metadata": {}}
{"timestamp": 1779119689, "type": "safe_tx", "device": "node-3-clean", "metadata": {}}
{"timestamp": 1779119689, "type": "safe_tx", "device": "node-13-mixed", "metadata": {}}
{"timestamp": 1779119689, "type": "safe_tx", "device": "node-12-mixed", "metadata": {}}
{"timestamp": 1779119689, "type": "safe_tx", "device": "node-9-stealth", "metadata": {}}
{"timestamp": 1779119689, "type": "safe_tx", "device": "node-15-mixed", "metadata": {}}
{"timestamp": 1779119690, "type": "safe_tx", "device": "node-8-spammer", "metadata": {}}
{"timestamp": 1779119690, "type": "safe_tx", "device": "node-8-spammer", "metadata": {}}
{"timestamp": 1779119690, "type": "safe_tx", "device": "node-14-mixed", "metadata": {}}
{"timestamp": 1779119690, "type": "fuzzing", "device": "node-10-fuzzer", "metadata": {}}
{"timestamp": 1779119691, "type": "safe_tx", "device": "node-1-clean", "metadata": {}}
{"timestamp": 1779119691, "type": "safe_tx", "device": "node-6-overflow", "metadata": {}}
{"timestamp": 1779119691, "type": "safe_tx", "device": "node-10-fuzzer", "metadata": {}}
{"timestamp": 1779119691, "type": "safe_tx", "device": "node-8-spammer", "metadata": {}}
{"timestamp": 1779119691, "type": "safe_tx", "device": "node-5-clean", "metadata": {}}
{"timestamp": 1779119691, "type": "safe_tx", "device": "node-8-spammer", "metadata": {}}
{"timestamp": 1779119691, "type": "safe_tx", "device": "node-8-spammer", "metadata": {}}
{"timestamp": 1779119691, "type": "safe_tx", "device": "node-8-spammer", "metadata": {}}
{"timestamp": 1779119691, "type": "safe_tx", "device": "node-8-spammer", "metadata": {}}
{"timestamp": 1779119691, "type": "dos_spam", "device": "node-8-spammer", "metadata": {"count": 30, "window_sec": 5}}
{"timestamp": 1779119691, "type": "safe_tx", "device": "node-8-spammer", "metadata": {}}
{"timestamp": 1779119691, "type": "safe_tx", "device": "node-8-spammer", "metadata": {}}
{"timestamp": 1779119691, "type": "dos_spam", "device": "node-8-spammer", "metadata": {}}
{"timestamp": 1779119691, "type": "safe_tx", "device": "node-8-spammer", "metadata": {}}
{"timestamp": 1779119691, "type": "safe_tx", "device": "node-8-spammer", "metadata": {}}
{"timestamp": 1779119691, "type": "safe_tx", "device": "node-2-clean", "metadata": {}}
{"timestamp": 1779119691, "type": "time_anomaly", "device": "node-12-mixed", "metadata": {}}
{"timestamp": 1779119691, "type": "safe_tx", "device": "node-8-spammer", "metadata": {}}
{"timestamp": 1779119691, "type": "safe_tx", "device": "node-14-mixed", "metadata": {}}
{"timestamp": 1779119691, "type": "safe_tx", "device": "node-8-spammer", "metadata": {}}
{"timestamp": 1779119691, "type": "safe_tx", "device": "node-8-spammer", "metadata": {}}
{"timestamp": 1779119691, "type": "safe_tx", "device": "node-8-spammer", "metadata": {}}
{"timestamp": 1779119691, "type": "safe_tx", "device": "node-8-spammer", "metadata": {}}
{"timestamp": 1779119691, "type": "safe_tx", "device": "node-8-spammer", "metadata": {}}
{"timestamp": 1779119691, "type": "safe_tx", "device": "node-8-spammer", "metadata": {}}
{"timestamp": 1779119691, "type": "safe_tx", "device": "node-8-spammer", "metadata": {}}
{"timestamp": 1779119691, "type": "safe_tx", "device": "node-14-mixed", "metadata": {}}
{"timestamp": 1779119691, "type": "safe_tx", "device": "node-8-spammer", "metadata": {}}
{"timestamp": 1779119691, "type": "safe_tx", "device": "node-8-spammer", "metadata": {}}
{"timestamp": 1779119691, "type": "fuzzing", "device": "node-10-fuzzer", "metadata": {}}
{"timestamp": 1779119691, "type": "safe_tx", "device": "node-9-stealth", "metadata": {}}
{"timestamp": 1779119692, "type": "safe_tx", "device": "node-3-clean", "metadata": {}}
{"timestamp": 1779119692, "type": "safe_tx", "device": "node-1-clean", "metadata": {}}
{"timestamp": 1779119692, "type": "safe_tx", "device": "node-13-mixed", "metadata": {}}
{"timestamp": 1779119692, "type": "safe_tx", "device": "node-15-mixed", "metadata": {}}
{"timestamp": 1779119693, "type": "safe_tx", "device": "node-4-clean", "metadata": {}}
{"timestamp": 1779119693, "type": "safe_tx", "device": "node-8-spammer", "metadata": {}}
{"timestamp": 1779119693, "type": "safe_tx", "device": "node-8-spammer", "metadata": {}}
{"timestamp": 1779119693, "type": "safe_tx", "device": "node-6-overflow", "metadata": {}}
{"timestamp": 1779119693, "type": "safe_tx", "device": "node-8-spammer", "metadata": {}}
{"timestamp": 1779119693, "type": "dos_spam", "device": "node-8-spammer", "metadata": {}}
{"timestamp": 1779119693, "type": "safe_tx", "device": "node-8-spammer", "metadata": {}}
{"timestamp": 1779119693, "type": "safe_tx", "device": "node-10-fuzzer", "metadata": {}}
{"timestamp": 1779119693, "type": "safe_tx", "device": "node-15-mixed", "metadata": {}}
{"timestamp": 1779119693, "type": "safe_tx", "device": "node-2-clean", "metadata": {}}
{"timestamp": 1779119693, "type": "time_anomaly", "device": "node-12-mixed", "metadata": {}}
{"timestamp": 1779119694, "type": "time_anomaly", "device": "node-7-timespoof", "metadata": {}}
{"timestamp": 1779119694, "type": "safe_tx", "device": "node-5-clean", "metadata": {}}
{"timestamp": 1779119694, "type": "safe_tx", "device": "node-4-clean", "metadata": {}}
{"timestamp": 1779119694, "type": "safe_tx", "device": "node-3-clean", "metadata": {}}
{"timestamp": 1779119694, "type": "safe_tx", "device": "node-8-spammer", "metadata": {}}
{"timestamp": 1779119694, "type": "safe_tx", "device": "node-8-spammer", "metadata": {}}
{"timestamp": 1779119694, "type": "safe_tx", "device": "node-8-spammer", "metadata": {}}
{"timestamp": 1779119694, "type": "safe_tx", "device": "node-15-mixed", "metadata": {}}
{"timestamp": 1779119694, "type": "safe_tx", "device": "node-8-spammer", "metadata": {}}
{"timestamp": 1779119694, "type": "safe_tx", "device": "node-8-spammer", "metadata": {}}
{"timestamp": 1779119694, "type": "safe_tx", "device": "node-9-stealth", "metadata": {}}
{"timestamp": 1779119695, "type": "overflow", "device": "node-14-mixed", "metadata": {"count": 3, "window_sec": 30}}
{"timestamp": 1779119695, "type": "fuzzing", "device": "node-10-fuzzer", "metadata": {}}
{"timestamp": 1779119695, "type": "time_anomaly", "device": "node-12-mixed", "metadata": {}}
{"timestamp": 1779119695, "type": "safe_tx", "device": "node-3-clean", "metadata": {}}
{"timestamp": 1779119695, "type": "safe_tx", "device": "node-1-clean", "metadata": {}}
{"timestamp": 1779119695, "type": "safe_tx", "device": "node-8-spammer", "metadata": {}}
{"timestamp": 1779119696, "type": "safe_tx", "device": "node-10-fuzzer", "metadata": {}}
{"timestamp": 1779119697, "type": "time_anomaly", "device": "node-14-mixed", "metadata": {}}
{"timestamp": 1779119696, "type": "safe_tx", "device": "node-9-stealth", "metadata": {}}
{"timestamp": 1779119696, "type": "safe_tx", "device": "node-2-clean", "metadata": {}}
{"timestamp": 1779119696, "type": "safe_tx", "device": "node-13-mixed", "metadata": {}}
{"timestamp": 1779119697, "type": "safe_tx", "device": "node-8-spammer", "metadata": {}}
{"timestamp": 1779119697, "type": "safe_tx", "device": "node-8-spammer", "metadata": {}}
{"timestamp": 1779119697, "type": "safe_tx", "device": "node-8-spammer", "metadata": {}}
{"timestamp": 1779119697, "type": "safe_tx", "device": "node-3-clean", "metadata": {}}
{"timestamp": 1779119697, "type": "safe_tx", "device": "node-5-clean", "metadata": {}}
{"timestamp": 1779119697, "type": "safe_tx", "device": "node-12-mixed", "metadata": {}}
{"timestamp": 1779119697, "type": "safe_tx", "device": "node-15-mixed", "metadata": {}}
{"timestamp": 1779119697, "type": "safe_tx", "device": "node-10-fuzzer", "metadata": {}}
{"timestamp": 1779119697, "type": "safe_tx", "device": "node-1-clean", "metadata": {}}
{"timestamp": 1779119697, "type": "safe_tx", "device": "node-2-clean", "metadata": {}}
{"timestamp": 1779119697, "type": "safe_tx", "device": "node-9-stealth", "metadata": {}}
{"timestamp": 1779119697, "type": "safe_tx", "device": "node-8-spammer", "metadata": {}}
{"timestamp": 1779119697, "type": "safe_tx", "device": "node-8-spammer", "metadata": {}}
{"timestamp": 1779119697, "type": "safe_tx", "device": "node-8-spammer", "metadata": {}}
{"timestamp": 1779119697, "type": "safe_tx", "device": "node-8-spammer", "metadata": {}}
{"timestamp": 1779119697, "type": "safe_tx", "device": "node-8-spammer", "metadata": {}}
{"timestamp": 1779119697, "type": "safe_tx", "device": "node-8-spammer", "metadata": {}}
{"timestamp": 1779119697, "type": "safe_tx", "device": "node-8-spammer", "metadata": {}}
{"timestamp": 1779119697, "type": "safe_tx", "device": "node-8-spammer", "metadata": {}}
{"timestamp": 1779119698, "type": "safe_tx", "device": "node-8-spammer", "metadata": {}}
{"timestamp": 1779119698, "type": "safe_tx", "device": "node-8-spammer", "metadata": {}}
{"timestamp": 1779119698, "type": "safe_tx", "device": "node-8-spammer", "metadata": {}}
{"timestamp": 1779119698, "type": "safe_tx", "device": "node-8-spammer", "metadata": {}}
{"timestamp": 1779119698, "type": "dos_spam", "device": "node-8-spammer", "metadata": {}}
{"timestamp": 1779119698, "type": "safe_tx", "device": "node-8-spammer", "metadata": {}}
{"timestamp": 1779119698, "type": "time_anomaly", "device": "node-7-timespoof", "metadata": {}}
{"timestamp": 1779119698, "type": "safe_tx", "device": "node-8-spammer", "metadata": {}}
{"timestamp": 1779119698, "type": "safe_tx", "device": "node-8-spammer", "metadata": {}}
{"timestamp": 1779119698, "type": "safe_tx", "device": "node-1-clean", "metadata": {}}
{"timestamp": 1779119698, "type": "safe_tx", "device": "node-4-clean", "metadata": {}}
{"timestamp": 1779119698, "type": "safe_tx", "device": "node-2-clean", "metadata": {}}
{"timestamp": 1779119698, "type": "safe_tx", "device": "node-3-clean", "metadata": {}}
{"timestamp": 1779119698, "type": "safe_tx", "device": "node-13-mixed", "metadata": {}}
{"timestamp": 1779119698, "type": "safe_tx", "device": "node-14-mixed", "metadata": {}}
{"timestamp": 1779119699, "type": "time_anomaly", "device": "node-12-mixed", "metadata": {}}
{"timestamp": 1779119699, "type": "safe_tx", "device": "node-8-spammer", "metadata": {}}
{"timestamp": 1779119699, "type": "safe_tx", "device": "node-8-spammer", "metadata": {}}
{"timestamp": 1779119699, "type": "fuzzing", "device": "node-10-fuzzer", "metadata": {}}
{"timestamp": 1779119699, "type": "time_anomaly", "device": "node-13-mixed", "metadata": {}}
{"timestamp": 1779119699, "type": "safe_tx", "device": "node-8-spammer", "metadata": {}}
{"timestamp": 1779119699, "type": "safe_tx", "device": "node-8-spammer", "metadata": {}}
{"timestamp": 1779119699, "type": "safe_tx", "device": "node-8-spammer", "metadata": {}}
{"timestamp": 1779119699, "type": "safe_tx", "device": "node-15-mixed", "metadata": {}}
{"timestamp": 1779119699, "type": "safe_tx", "device": "node-8-spammer", "metadata": {}}
{"timestamp": 1779119699, "type": "dos_spam", "device": "node-8-spammer", "metadata": {"count": 30, "window_sec": 5}}
{"timestamp": 1779119699, "type": "safe_tx", "device": "node-8-spammer", "metadata": {}}
{"timestamp": 1779119699, "type": "safe_tx", "device": "node-8-spammer", "metadata": {}}
{"timestamp": 1779119699, "type": "safe_tx", "device": "node-8-spammer", "metadata": {}}
{"timestamp": 1779119699, "type": "safe_tx", "device": "node-8-spammer", "metadata": {}}
{"timestamp": 1779119699, "type": "safe_tx", "device": "node-8-spammer", "metadata": {}}
{"timestamp": 1779119699, "type": "safe_tx", "device": "node-8-spammer", "metadata": {}}
{"timestamp": 1779119699, "type": "dos_spam", "device": "node-8-spammer", "metadata": {}}
{"timestamp": 1779119699, "type": "safe_tx", "device": "node-8-spammer", "metadata": {}}
{"timestamp": 1779119700, "type": "safe_tx", "device": "node-9-stealth", "metadata": {}}
{"timestamp": 1779119700, "type": "safe_tx", "device": "node-2-clean", "metadata": {}}
{"timestamp": 1779119700, "type": "safe_tx", "device": "node-14-mixed", "metadata": {}}
{"timestamp": 1779119701, "type": "safe_tx", "device": "node-9-stealth", "metadata": {}}
{"timestamp": 1779119701, "type": "fuzzing", "device": "node-10-fuzzer", "metadata": {}}
{"timestamp": 1779119701, "type": "safe_tx", "device": "node-5-clean", "metadata": {}}
{"timestamp": 1779119701, "type": "safe_tx", "device": "node-1-clean", "metadata": {}}
{"timestamp": 1779119701, "type": "safe_tx", "device": "node-4-clean", "metadata": {}}
{"timestamp": 1779119701, "type": "safe_tx", "device": "node-14-mixed", "metadata": {}}
{"timestamp": 1779119701, "type": "safe_tx", "device": "node-3-clean", "metadata": {}}
{"timestamp": 1779119702, "type": "safe_tx", "device": "node-9-stealth", "metadata": {}}
{"timestamp": 1779119702, "type": "safe_tx", "device": "node-13-mixed", "metadata": {}}
{"timestamp": 1779119702, "type": "time_anomaly", "device": "node-7-timespoof", "metadata": {}}
{"timestamp": 1779119702, "type": "safe_tx", "device": "node-8-spammer", "metadata": {}}
{"timestamp": 1779119702, "type": "safe_tx", "device": "node-8-spammer", "metadata": {}}
{"timestamp": 1779119702, "type": "fuzzing", "device": "node-10-fuzzer", "metadata": {}}
{"timestamp": 1779119702, "type": "safe_tx", "device": "node-8-spammer", "metadata": {}}
{"timestamp": 1779119702, "type": "safe_tx", "device": "node-8-spammer", "metadata": {}}
{"timestamp": 1779119702, "type": "safe_tx", "device": "node-15-mixed", "metadata": {}}
{"timestamp": 1779119702, "type": "safe_tx", "device": "node-10-fuzzer", "metadata": {}}
{"timestamp": 1779119702, "type": "safe_tx", "device": "node-8-spammer", "metadata": {}}
{"timestamp": 1779119702, "type": "safe_tx", "device": "node-8-spammer", "metadata": {}}
{"timestamp": 1779119702, "type": "safe_tx", "device": "node-8-spammer", "metadata": {}}
{"timestamp": 1779119702, "type": "safe_tx", "device": "node-8-spammer", "metadata": {}}
{"timestamp": 1779119703, "type": "overflow", "device": "node-12-mixed", "metadata": {"count": 3, "window_sec": 30}}
{"timestamp": 1779119703, "type": "safe_tx", "device": "node-1-clean", "metadata": {}}
{"timestamp": 1779119703, "type": "safe_tx", "device": "node-5-clean", "metadata": {}}
{"timestamp": 1779119703, "type": "safe_tx", "device": "node-2-clean", "metadata": {}}
{"timestamp": 1779119703, "type": "safe_tx", "device": "node-6-overflow", "metadata": {}}
{"timestamp": 1779119703, "type": "safe_tx", "device": "node-9-stealth", "metadata": {}}
{"timestamp": 1779119704, "type": "time_anomaly", "device": "node-13-mixed", "metadata": {}}
{"timestamp": 1779119703, "type": "safe_tx", "device": "node-10-fuzzer", "metadata": {}}
{"timestamp": 1779119703, "type": "safe_tx", "device": "node-8-spammer", "metadata": {}}
{"timestamp": 1779119704, "type": "safe_tx", "device": "node-9-stealth", "metadata": {}}
{"timestamp": 1779119704, "type": "safe_tx", "device": "node-5-clean", "metadata": {}}
{"timestamp": 1779119704, "type": "safe_tx", "device": "node-4-clean", "metadata": {}}
{"timestamp": 1779119704, "type": "time_anomaly", "device": "node-7-timespoof", "metadata": {}}
{"timestamp": 1779119704, "type": "overflow", "device": "node-10-fuzzer", "metadata": {"count": 3, "window_sec": 30}}
{"timestamp": 1779119704, "type": "safe_tx", "device": "node-8-spammer", "metadata": {}}
{"timestamp": 1779119704, "type": "overflow", "device": "node-6-overflow", "metadata": {"count": 3, "window_sec": 30}}
{"timestamp": 1779119705, "type": "time_anomaly", "device": "node-15-mixed", "metadata": {}}
{"timestamp": 1779119705, "type": "safe_tx", "device": "node-1-clean", "metadata": {}}
{"timestamp": 1779119705, "type": "safe_tx", "device": "node-5-clean", "metadata": {}}
{"timestamp": 1779119706, "type": "safe_tx", "device": "node-3-clean", "metadata": {}}
{"timestamp": 1779119706, "type": "safe_tx", "device": "node-10-fuzzer", "metadata": {}}
{"timestamp": 1779119706, "type": "safe_tx", "device": "node-8-spammer", "metadata": {}}
{"timestamp": 1779119706, "type": "safe_tx", "device": "node-8-spammer", "metadata": {}}
{"timestamp": 1779119706, "type": "safe_tx", "device": "node-8-spammer", "metadata": {}}
{"timestamp": 1779119706, "type": "safe_tx", "device": "node-13-mixed", "metadata": {}}
{"timestamp": 1779119706, "type": "safe_tx", "device": "node-4-clean", "metadata": {}}
{"timestamp": 1779119707, "type": "safe_tx", "device": "node-10-fuzzer", "metadata": {}}
{"timestamp": 1779119707, "type": "safe_tx", "device": "node-1-clean", "metadata": {}}
{"timestamp": 1779119707, "type": "safe_tx", "device": "node-8-spammer", "metadata": {}}
{"timestamp": 1779119707, "type": "safe_tx", "device": "node-8-spammer", "metadata": {}}
{"timestamp": 1779119707, "type": "safe_tx", "device": "node-8-spammer", "metadata": {}}
{"timestamp": 1779119707, "type": "safe_tx", "device": "node-8-spammer", "metadata": {}}
{"timestamp": 1779119707, "type": "safe_tx", "device": "node-8-spammer", "metadata": {}}
{"timestamp": 1779119707, "type": "safe_tx", "device": "node-8-spammer", "metadata": {}}
{"timestamp": 1779119707, "type": "overflow", "device": "node-14-mixed", "metadata": {"count": 3, "window_sec": 30}}
{"timestamp": 1779119707, "type": "safe_tx", "device": "node-9-stealth", "metadata": {}}
{"timestamp": 1779119708, "type": "time_anomaly", "device": "node-7-timespoof", "metadata": {}}
{"timestamp": 1779119708, "type": "time_anomaly", "device": "node-12-mixed", "metadata": {}}
{"timestamp": 1779119708, "type": "safe_tx", "device": "node-3-clean", "metadata": {}}
{"timestamp": 1779119708, "type": "safe_tx", "device": "node-5-clean", "metadata": {}}
{"timestamp": 1779119708, "type": "fuzzing", "device": "node-10-fuzzer", "metadata": {}}
{"timestamp": 1779119708, "type": "safe_tx", "device": "node-9-stealth", "metadata": {}}
{"timestamp": 1779119708, "type": "safe_tx", "device": "node-2-clean", "metadata": {}}
{"timestamp": 1779119709, "type": "safe_tx", "device": "node-8-spammer", "metadata": {}}
{"timestamp": 1779119709, "type": "safe_tx", "device": "node-8-spammer", "metadata": {}}
{"timestamp": 1779119709, "type": "safe_tx", "device": "node-8-spammer", "metadata": {}}
{"timestamp": 1779119709, "type": "safe_tx", "device": "node-8-spammer", "metadata": {}}
{"timestamp": 1779119709, "type": "safe_tx", "device": "node-8-spammer", "metadata": {}}
{"timestamp": 1779119709, "type": "fuzzing", "device": "node-10-fuzzer", "metadata": {}}
{"timestamp": 1779119710, "type": "safe_tx", "device": "node-8-spammer", "metadata": {}}
{"timestamp": 1779119710, "type": "safe_tx", "device": "node-2-clean", "metadata": {}}
{"timestamp": 1779119710, "type": "safe_tx", "device": "node-1-clean", "metadata": {}}
{"timestamp": 1779119710, "type": "safe_tx", "device": "node-5-clean", "metadata": {}}
{"timestamp": 1779119710, "type": "time_anomaly", "device": "node-7-timespoof", "metadata": {}}
{"timestamp": 1779119710, "type": "safe_tx", "device": "node-1-clean", "metadata": {}}
{"timestamp": 1779119710, "type": "safe_tx", "device": "node-8-spammer", "metadata": {}}
{"timestamp": 1779119710, "type": "safe_tx", "device": "node-8-spammer", "metadata": {}}
{"timestamp": 1779119710, "type": "safe_tx", "device": "node-8-spammer", "metadata": {}}
{"timestamp": 1779119710, "type": "safe_tx", "device": "node-14-mixed", "metadata": {}}
{"timestamp": 1779119710, "type": "safe_tx", "device": "node-8-spammer", "metadata": {}}
{"timestamp": 1779119710, "type": "safe_tx", "device": "node-8-spammer", "metadata": {}}
{"timestamp": 1779119710, "type": "safe_tx", "device": "node-8-spammer", "metadata": {}}
{"timestamp": 1779119711, "type": "safe_tx", "device": "node-5-clean", "metadata": {}}
{"timestamp": 1779119711, "type": "safe_tx", "device": "node-12-mixed", "metadata": {}}
{"timestamp": 1779119711, "type": "safe_tx", "device": "node-13-mixed", "metadata": {}}
{"timestamp": 1779119711, "type": "safe_tx", "device": "node-9-stealth", "metadata": {}}
{"timestamp": 1779119711, "type": "safe_tx", "device": "node-8-spammer", "metadata": {}}
{"timestamp": 1779119711, "type": "safe_tx", "device": "node-8-spammer", "metadata": {}}
{"timestamp": 1779119711, "type": "safe_tx", "device": "node-15-mixed", "metadata": {}}
{"timestamp": 1779119711, "type": "safe_tx", "device": "node-10-fuzzer", "metadata": {}}
{"timestamp": 1779119711, "type": "safe_tx", "device": "node-3-clean", "metadata": {}}
{"timestamp": 1779119711, "type": "safe_tx", "device": "node-4-clean", "metadata": {}}
{"timestamp": 1779119712, "type": "overflow", "device": "node-13-mixed", "metadata": {"count": 3, "window_sec": 30}}
{"timestamp": 1779119712, "type": "safe_tx", "device": "node-8-spammer", "metadata": {}}
{"timestamp": 1779119712, "type": "safe_tx", "device": "node-5-clean", "metadata": {}}
{"timestamp": 1779119712, "type": "safe_tx", "device": "node-8-spammer", "metadata": {}}
{"timestamp": 1779119712, "type": "safe_tx", "device": "node-8-spammer", "metadata": {}}
{"timestamp": 1779119712, "type": "safe_tx", "device": "node-8-spammer", "metadata": {}}
{"timestamp": 1779119712, "type": "safe_tx", "device": "node-8-spammer", "metadata": {}}
{"timestamp": 1779119712, "type": "safe_tx", "device": "node-8-spammer", "metadata": {}}
{"timestamp": 1779119712, "type": "dos_spam", "device": "node-8-spammer", "metadata": {}}
{"timestamp": 1779119712, "type": "safe_tx", "device": "node-8-spammer", "metadata": {}}
{"timestamp": 1779119712, "type": "safe_tx", "device": "node-8-spammer", "metadata": {}}
{"timestamp": 1779119712, "type": "safe_tx", "device": "node-1-clean", "metadata": {}}
{"timestamp": 1779119712, "type": "fuzzing", "device": "node-10-fuzzer", "metadata": {}}
{"timestamp": 1779119712, "type": "safe_tx", "device": "node-1-clean", "metadata": {}}
{"timestamp": 1779119713, "type": "safe_tx", "device": "node-8-spammer", "metadata": {}}
{"timestamp": 1779119713, "type": "safe_tx", "device": "node-8-spammer", "metadata": {}}
{"timestamp": 1779119713, "type": "safe_tx", "device": "node-9-stealth", "metadata": {}}
{"timestamp": 1779119713, "type": "safe_tx", "device": "node-13-mixed", "metadata": {}}
{"timestamp": 1779119713, "type": "safe_tx", "device": "node-3-clean", "metadata": {}}
{"timestamp": 1779119713, "type": "safe_tx", "device": "node-10-fuzzer", "metadata": {}}
{"timestamp": 1779119713, "type": "time_anomaly", "device": "node-14-mixed", "metadata": {}}
{"timestamp": 1779119713, "type": "safe_tx", "device": "node-3-clean", "metadata": {}}
{"timestamp": 1779119713, "type": "safe_tx", "device": "node-2-clean", "metadata": {}}
{"timestamp": 1779119713, "type": "safe_tx", "device": "node-4-clean", "metadata": {}}
{"timestamp": 1779119714, "type": "time_anomaly", "device": "node-14-mixed", "metadata": {}}
{"timestamp": 1779119714, "type": "safe_tx", "device": "node-1-clean", "metadata": {}}
{"timestamp": 1779119714, "type": "fuzzing", "device": "node-10-fuzzer", "metadata": {}}
{"timestamp": 1779119714, "type": "safe_tx", "device": "node-9-stealth", "metadata": {}}
{"timestamp": 1779119715, "type": "time_anomaly", "device": "node-7-timespoof", "metadata": {}}
{"timestamp": 1779119715, "type": "safe_tx", "device": "node-12-mixed", "metadata": {}}
{"timestamp": 1779119715, "type": "safe_tx", "device": "node-3-clean", "metadata": {}}
{"timestamp": 1779119715, "type": "safe_tx", "device": "node-13-mixed", "metadata": {}}
{"timestamp": 1779119715, "type": "safe_tx", "device": "node-8-spammer", "metadata": {}}
{"timestamp": 1779119715, "type": "safe_tx", "device": "node-8-spammer", "metadata": {}}
{"timestamp": 1779119715, "type": "safe_tx", "device": "node-8-spammer", "metadata": {}}
{"timestamp": 1779119715, "type": "safe_tx", "device": "node-8-spammer", "metadata": {}}
{"timestamp": 1779119715, "type": "safe_tx", "device": "node-8-spammer", "metadata": {}}
{"timestamp": 1779119715, "type": "safe_tx", "device": "node-12-mixed", "metadata": {}}
{"timestamp": 1779119715, "type": "safe_tx", "device": "node-8-spammer", "metadata": {}}
{"timestamp": 1779119715, "type": "safe_tx", "device": "node-8-spammer", "metadata": {}}
{"timestamp": 1779119716, "type": "safe_tx", "device": "node-2-clean", "metadata": {}}
{"timestamp": 1779119716, "type": "safe_tx", "device": "node-4-clean", "metadata": {}}
{"timestamp": 1779119716, "type": "safe_tx", "device": "node-1-clean", "metadata": {}}
{"timestamp": 1779119716, "type": "safe_tx", "device": "node-11-pulsing", "metadata": {}}
{"timestamp": 1779119716, "type": "safe_tx", "device": "node-11-pulsing", "metadata": {}}
{"timestamp": 1779119716, "type": "safe_tx", "device": "node-10-fuzzer", "metadata": {}}
{"timestamp": 1779119716, "type": "safe_tx", "device": "node-11-pulsing", "metadata": {}}
{"timestamp": 1779119716, "type": "safe_tx", "device": "node-11-pulsing", "metadata": {}}
{"timestamp": 1779119716, "type": "safe_tx", "device": "node-11-pulsing", "metadata": {}}
{"timestamp": 1779119716, "type": "safe_tx", "device": "node-11-pulsing", "metadata": {}}
{"timestamp": 1779119716, "type": "safe_tx", "device": "node-14-mixed", "metadata": {}}
{"timestamp": 1779119716, "type": "safe_tx", "device": "node-8-spammer", "metadata": {}}
{"timestamp": 1779119716, "type": "safe_tx", "device": "node-8-spammer", "metadata": {}}
{"timestamp": 1779119716, "type": "safe_tx", "device": "node-11-pulsing", "metadata": {}}
{"timestamp": 1779119716, "type": "safe_tx", "device": "node-3-clean", "metadata": {}}
{"timestamp": 1779119716, "type": "safe_tx", "device": "node-8-spammer", "metadata": {}}
{"timestamp": 1779119716, "type": "safe_tx", "device": "node-11-pulsing", "metadata": {}}
{"timestamp": 1779119716, "type": "safe_tx", "device": "node-8-spammer", "metadata": {}}
{"timestamp": 1779119716, "type": "safe_tx", "device": "node-8-spammer", "metadata": {}}
{"timestamp": 1779119716, "type": "safe_tx", "device": "node-11-pulsing", "metadata": {}}
{"timestamp": 1779119716, "type": "safe_tx", "device": "node-8-spammer", "metadata": {}}
{"timestamp": 1779119716, "type": "safe_tx", "device": "node-11-pulsing", "metadata": {}}
{"timestamp": 1779119716, "type": "safe_tx", "device": "node-8-spammer", "metadata": {}}
{"timestamp": 1779119716, "type": "safe_tx", "device": "node-8-spammer", "metadata": {}}
{"timestamp": 1779119716, "type": "dos_spam", "device": "node-8-spammer", "metadata": {}}
{"timestamp": 1779119716, "type": "safe_tx", "device": "node-8-spammer", "metadata": {}}
{"timestamp": 1779119716, "type": "safe_tx", "device": "node-11-pulsing", "metadata": {}}
{"timestamp": 1779119716, "type": "overflow", "device": "node-6-overflow", "metadata": {"count": 3, "window_sec": 30}}
{"timestamp": 1779119716, "type": "safe_tx", "device": "node-8-spammer", "metadata": {}}
{"timestamp": 1779119716, "type": "safe_tx", "device": "node-8-spammer", "metadata": {}}
{"timestamp": 1779119716, "type": "dos_spam", "device": "node-8-spammer", "metadata": {"count": 30, "window_sec": 5}}
{"timestamp": 1779119716, "type": "safe_tx", "device": "node-9-stealth", "metadata": {}}
{"timestamp": 1779119716, "type": "safe_tx", "device": "node-11-pulsing", "metadata": {}}
{"timestamp": 1779119716, "type": "safe_tx", "device": "node-8-spammer", "metadata": {}}
{"timestamp": 1779119716, "type": "safe_tx", "device": "node-8-spammer", "metadata": {}}
{"timestamp": 1779119716, "type": "safe_tx", "device": "node-11-pulsing", "metadata": {}}
{"timestamp": 1779119716, "type": "safe_tx", "device": "node-4-clean", "metadata": {}}
{"timestamp": 1779119716, "type": "safe_tx", "device": "node-8-spammer", "metadata": {}}
{"timestamp": 1779119716, "type": "safe_tx", "device": "node-11-pulsing", "metadata": {}}
{"timestamp": 1779119716, "type": "safe_tx", "device": "node-8-spammer", "metadata": {}}
{"timestamp": 1779119716, "type": "safe_tx", "device": "node-8-spammer", "metadata": {}}
{"timestamp": 1779119716, "type": "safe_tx", "device": "node-11-pulsing", "metadata": {}}
{"timestamp": 1779119716, "type": "dos_spam", "device": "node-11-pulsing", "metadata": {}}
{"timestamp": 1779119716, "type": "safe_tx", "device": "node-8-spammer", "metadata": {}}
{"timestamp": 1779119717, "type": "safe_tx", "device": "node-11-pulsing", "metadata": {}}
{"timestamp": 1779119717, "type": "safe_tx", "device": "node-11-pulsing", "metadata": {}}
{"timestamp": 1779119717, "type": "safe_tx", "device": "node-11-pulsing", "metadata": {}}
{"timestamp": 1779119717, "type": "safe_tx", "device": "node-11-pulsing", "metadata": {}}
{"timestamp": 1779119717, "type": "safe_tx", "device": "node-11-pulsing", "metadata": {}}
{"timestamp": 1779119717, "type": "safe_tx", "device": "node-5-clean", "metadata": {}}
{"timestamp": 1779119717, "type": "safe_tx", "device": "node-4-clean", "metadata": {}}
{"timestamp": 1779119717, "type": "safe_tx", "device": "node-13-mixed", "metadata": {}}
{"timestamp": 1779119717, "type": "fuzzing", "device": "node-10-fuzzer", "metadata": {}}
{"timestamp": 1779119718, "type": "time_anomaly", "device": "node-14-mixed", "metadata": {}}
{"timestamp": 1779119718, "type": "safe_tx", "device": "node-8-spammer", "metadata": {}}
{"timestamp": 1779119718, "type": "safe_tx", "device": "node-8-spammer", "metadata": {}}
{"timestamp": 1779119718, "type": "safe_tx", "device": "node-8-spammer", "metadata": {}}
{"timestamp": 1779119718, "type": "safe_tx", "device": "node-8-spammer", "metadata": {}}
{"timestamp": 1779119718, "type": "safe_tx", "device": "node-1-clean", "metadata": {}}
{"timestamp": 1779119718, "type": "safe_tx", "device": "node-15-mixed", "metadata": {}}
{"timestamp": 1779119718, "type": "safe_tx", "device": "node-10-fuzzer", "metadata": {}}
{"timestamp": 1779119719, "type": "safe_tx", "device": "node-8-spammer", "metadata": {}}
{"timestamp": 1779119719, "type": "safe_tx", "device": "node-8-spammer", "metadata": {}}
{"timestamp": 1779119719, "type": "safe_tx", "device": "node-2-clean", "metadata": {}}
{"timestamp": 1779119719, "type": "safe_tx", "device": "node-8-spammer", "metadata": {}}
{"timestamp": 1779119719, "type": "overflow", "device": "node-12-mixed", "metadata": {"count": 3, "window_sec": 30}}
{"timestamp": 1779119719, "type": "safe_tx", "device": "node-3-clean", "metadata": {}}
{"timestamp": 1779119719, "type": "safe_tx", "device": "node-9-stealth", "metadata": {}}
{"timestamp": 1779119719, "type": "safe_tx", "device": "node-10-fuzzer", "metadata": {}}
{"timestamp": 1779119719, "type": "safe_tx", "device": "node-14-mixed", "metadata": {}}
{"timestamp": 1779119720, "type": "safe_tx", "device": "node-15-mixed", "metadata": {}}
{"timestamp": 1779119720, "type": "safe_tx", "device": "node-5-clean", "metadata": {}}
{"timestamp": 1779119720, "type": "safe_tx", "device": "node-8-spammer", "metadata": {}}
{"timestamp": 1779119720, "type": "safe_tx", "device": "node-4-clean", "metadata": {}}
{"timestamp": 1779119720, "type": "safe_tx", "device": "node-13-mixed", "metadata": {}}
{"timestamp": 1779119720, "type": "time_anomaly", "device": "node-14-mixed", "metadata": {}}
{"timestamp": 1779119720, "type": "time_anomaly", "device": "node-7-timespoof", "metadata": {}}
{"timestamp": 1779119720, "type": "safe_tx", "device": "node-9-stealth", "metadata": {}}
{"timestamp": 1779119720, "type": "safe_tx", "device": "node-5-clean", "metadata": {}}
{"timestamp": 1779119720, "type": "safe_tx", "device": "node-10-fuzzer", "metadata": {}}
{"timestamp": 1779119721, "type": "overflow", "device": "node-15-mixed", "metadata": {"count": 3, "window_sec": 30}}
{"timestamp": 1779119721, "type": "safe_tx", "device": "node-5-clean", "metadata": {}}
{"timestamp": 1779119721, "type": "safe_tx", "device": "node-1-clean", "metadata": {}}
{"timestamp": 1779119721, "type": "safe_tx", "device": "node-8-spammer", "metadata": {}}
{"timestamp": 1779119721, "type": "safe_tx", "device": "node-8-spammer", "metadata": {}}
{"timestamp": 1779119721, "type": "safe_tx", "device": "node-8-spammer", "metadata": {}}
{"timestamp": 1779119721, "type": "safe_tx", "device": "node-8-spammer", "metadata": {}}
{"timestamp": 1779119721, "type": "safe_tx", "device": "node-8-spammer", "metadata": {}}
{"timestamp": 1779119721, "type": "safe_tx", "device": "node-3-clean", "metadata": {}}
{"timestamp": 1779119721, "type": "safe_tx", "device": "node-8-spammer", "metadata": {}}
{"timestamp": 1779119721, "type": "safe_tx", "device": "node-8-spammer", "metadata": {}}
{"timestamp": 1779119721, "type": "safe_tx", "device": "node-8-spammer", "metadata": {}}
{"timestamp": 1779119721, "type": "safe_tx", "device": "node-9-stealth", "metadata": {}}
{"timestamp": 1779119721, "type": "safe_tx", "device": "node-2-clean", "metadata": {}}
{"timestamp": 1779119721, "type": "safe_tx", "device": "node-4-clean", "metadata": {}}
{"timestamp": 1779119722, "type": "safe_tx", "device": "node-4-clean", "metadata": {}}
{"timestamp": 1779119722, "type": "fuzzing", "device": "node-10-fuzzer", "metadata": {}}
{"timestamp": 1779119722, "type": "safe_tx", "device": "node-14-mixed", "metadata": {}}
{"timestamp": 1779119722, "type": "safe_tx", "device": "node-4-clean", "metadata": {}}
{"timestamp": 1779119722, "type": "overflow", "device": "node-14-mixed", "metadata": {"count": 3, "window_sec": 30}}
{"timestamp": 1779119722, "type": "safe_tx", "device": "node-13-mixed", "metadata": {}}
{"timestamp": 1779119722, "type": "safe_tx", "device": "node-8-spammer", "metadata": {}}
{"timestamp": 1779119722, "type": "safe_tx", "device": "node-8-spammer", "metadata": {}}
{"timestamp": 1779119723, "type": "safe_tx", "device": "node-9-stealth", "metadata": {}}
{"timestamp": 1779119723, "type": "safe_tx", "device": "node-3-clean", "metadata": {}}
{"timestamp": 1779119723, "type": "fuzzing", "device": "node-10-fuzzer", "metadata": {}}
{"timestamp": 1779119723, "type": "safe_tx", "device": "node-9-stealth", "metadata": {}}
{"timestamp": 1779119723, "type": "safe_tx", "device": "node-15-mixed", "metadata": {}}
{"timestamp": 1779119723, "type": "safe_tx", "device": "node-12-mixed", "metadata": {}}
{"timestamp": 1779119724, "type": "safe_tx", "device": "node-1-clean", "metadata": {}}
{"timestamp": 1779119724, "type": "safe_tx", "device": "node-8-spammer", "metadata": {}}
{"timestamp": 1779119724, "type": "safe_tx", "device": "node-8-spammer", "metadata": {}}
{"timestamp": 1779119724, "type": "safe_tx", "device": "node-8-spammer", "metadata": {}}
{"timestamp": 1779119724, "type": "overflow", "device": "node-6-overflow", "metadata": {"count": 3, "window_sec": 30}}
{"timestamp": 1779119724, "type": "safe_tx", "device": "node-8-spammer", "metadata": {}}
{"timestamp": 1779119724, "type": "safe_tx", "device": "node-8-spammer", "metadata": {}}
{"timestamp": 1779119724, "type": "time_anomaly", "device": "node-7-timespoof", "metadata": {}}
{"timestamp": 1779119724, "type": "safe_tx", "device": "node-3-clean", "metadata": {}}
{"timestamp": 1779119724, "type": "safe_tx", "device": "node-2-clean", "metadata": {}}
{"timestamp": 1779119725, "type": "fuzzing", "device": "node-10-fuzzer", "metadata": {}}
{"timestamp": 1779119725, "type": "safe_tx", "device": "node-5-clean", "metadata": {}}
{"timestamp": 1779119725, "type": "safe_tx", "device": "node-15-mixed", "metadata": {}}
{"timestamp": 1779119725, "type": "safe_tx", "device": "node-1-clean", "metadata": {}}
{"timestamp": 1779119725, "type": "safe_tx", "device": "node-8-spammer", "metadata": {}}
{"timestamp": 1779119725, "type": "safe_tx", "device": "node-8-spammer", "metadata": {}}
{"timestamp": 1779119725, "type": "safe_tx", "device": "node-8-spammer", "metadata": {}}
{"timestamp": 1779119725, "type": "safe_tx", "device": "node-3-clean", "metadata": {}}
{"timestamp": 1779119725, "type": "safe_tx", "device": "node-8-spammer", "metadata": {}}
{"timestamp": 1779119725, "type": "safe_tx", "device": "node-8-spammer", "metadata": {}}
{"timestamp": 1779119725, "type": "safe_tx", "device": "node-8-spammer", "metadata": {}}
{"timestamp": 1779119725, "type": "safe_tx", "device": "node-8-spammer", "metadata": {}}
{"timestamp": 1779119725, "type": "safe_tx", "device": "node-12-mixed", "metadata": {}}
{"timestamp": 1779119726, "type": "safe_tx", "device": "node-8-spammer", "metadata": {}}
{"timestamp": 1779119726, "type": "safe_tx", "device": "node-4-clean", "metadata": {}}
{"timestamp": 1779119726, "type": "safe_tx", "device": "node-5-clean", "metadata": {}}
{"timestamp": 1779119726, "type": "safe_tx", "device": "node-1-clean", "metadata": {}}
{"timestamp": 1779119726, "type": "safe_tx", "device": "node-14-mixed", "metadata": {}}
{"timestamp": 1779119726, "type": "safe_tx", "device": "node-2-clean", "metadata": {}}
{"timestamp": 1779119726, "type": "safe_tx", "device": "node-8-spammer", "metadata": {}}
{"timestamp": 1779119727, "type": "safe_tx", "device": "node-8-spammer", "metadata": {}}
{"timestamp": 1779119727, "type": "safe_tx", "device": "node-8-spammer", "metadata": {}}
{"timestamp": 1779119727, "type": "safe_tx", "device": "node-8-spammer", "metadata": {}}
{"timestamp": 1779119727, "type": "safe_tx", "device": "node-8-spammer", "metadata": {}}
{"timestamp": 1779119727, "type": "safe_tx", "device": "node-8-spammer", "metadata": {}}
{"timestamp": 1779119727, "type": "safe_tx", "device": "node-8-spammer", "metadata": {}}
{"timestamp": 1779119727, "type": "dos_spam", "device": "node-8-spammer", "metadata": {}}
{"timestamp": 1779119727, "type": "safe_tx", "device": "node-1-clean", "metadata": {}}
{"timestamp": 1779119727, "type": "safe_tx", "device": "node-4-clean", "metadata": {}}
{"timestamp": 1779119727, "type": "safe_tx", "device": "node-8-spammer", "metadata": {}}
{"timestamp": 1779119727, "type": "safe_tx", "device": "node-4-clean", "metadata": {}}
{"timestamp": 1779119727, "type": "safe_tx", "device": "node-3-clean", "metadata": {}}
{"timestamp": 1779119727, "type": "safe_tx", "device": "node-12-mixed", "metadata": {}}
{"timestamp": 1779119727, "type": "safe_tx", "device": "node-9-stealth", "metadata": {}}
{"timestamp": 1779119728, "type": "safe_tx", "device": "node-5-clean", "metadata": {}}
{"timestamp": 1779119728, "type": "time_anomaly", "device": "node-7-timespoof", "metadata": {}}
{"timestamp": 1779119728, "type": "safe_tx", "device": "node-8-spammer", "metadata": {}}
{"timestamp": 1779119728, "type": "safe_tx", "device": "node-8-spammer", "metadata": {}}
{"timestamp": 1779119728, "type": "safe_tx", "device": "node-8-spammer", "metadata": {}}
{"timestamp": 1779119728, "type": "safe_tx", "device": "node-8-spammer", "metadata": {}}
{"timestamp": 1779119728, "type": "safe_tx", "device": "node-8-spammer", "metadata": {}}
{"timestamp": 1779119728, "type": "safe_tx", "device": "node-15-mixed", "metadata": {}}
{"timestamp": 1779119728, "type": "safe_tx", "device": "node-14-mixed", "metadata": {}}
{"timestamp": 1779119728, "type": "safe_tx", "device": "node-5-clean", "metadata": {}}
{"timestamp": 1779119728, "type": "fuzzing", "device": "node-10-fuzzer", "metadata": {}}
{"timestamp": 1779119729, "type": "safe_tx", "device": "node-9-stealth", "metadata": {}}
{"timestamp": 1779119729, "type": "safe_tx", "device": "node-13-mixed", "metadata": {}}
{"timestamp": 1779119729, "type": "time_anomaly", "device": "node-12-mixed", "metadata": {}}
{"timestamp": 1779119729, "type": "time_anomaly", "device": "node-14-mixed", "metadata": {}}
{"timestamp": 1779119729, "type": "safe_tx", "device": "node-10-fuzzer", "metadata": {}}
{"timestamp": 1779119729, "type": "safe_tx", "device": "node-9-stealth", "metadata": {}}
{"timestamp": 1779119729, "type": "safe_tx", "device": "node-8-spammer", "metadata": {}}
{"timestamp": 1779119729, "type": "safe_tx", "device": "node-3-clean", "metadata": {}}
{"timestamp": 1779119729, "type": "safe_tx", "device": "node-8-spammer", "metadata": {}}
{"timestamp": 1779119729, "type": "safe_tx", "device": "node-8-spammer", "metadata": {}}
{"timestamp": 1779119729, "type": "safe_tx", "device": "node-8-spammer", "metadata": {}}
{"timestamp": 1779119729, "type": "dos_spam", "device": "node-8-spammer", "metadata": {"count": 30, "window_sec": 5}}
{"timestamp": 1779119729, "type": "safe_tx", "device": "node-8-spammer", "metadata": {}}
{"timestamp": 1779119729, "type": "safe_tx", "device": "node-2-clean", "metadata": {}}
{"timestamp": 1779119730, "type": "safe_tx", "device": "node-15-mixed", "metadata": {}}
{"timestamp": 1779119730, "type": "safe_tx", "device": "node-14-mixed", "metadata": {}}
{"timestamp": 1779119730, "type": "safe_tx", "device": "node-12-mixed", "metadata": {}}
{"timestamp": 1779119730, "type": "safe_tx", "device": "node-9-stealth", "metadata": {}}
{"timestamp": 1779119730, "type": "safe_tx", "device": "node-8-spammer", "metadata": {}}
{"timestamp": 1779119730, "type": "safe_tx", "device": "node-8-spammer", "metadata": {}}
{"timestamp": 1779119730, "type": "safe_tx", "device": "node-8-spammer", "metadata": {}}
{"timestamp": 1779119730, "type": "safe_tx", "device": "node-8-spammer", "metadata": {}}
{"timestamp": 1779119730, "type": "safe_tx", "device": "node-8-spammer", "metadata": {}}
{"timestamp": 1779119730, "type": "dos_spam", "device": "node-8-spammer", "metadata": {}}
{"timestamp": 1779119730, "type": "safe_tx", "device": "node-8-spammer", "metadata": {}}
{"timestamp": 1779119730, "type": "safe_tx", "device": "node-8-spammer", "metadata": {}}
{"timestamp": 1779119731, "type": "safe_tx", "device": "node-8-spammer", "metadata": {}}
{"timestamp": 1779119731, "type": "safe_tx", "device": "node-1-clean", "metadata": {}}
{"timestamp": 1779119731, "type": "safe_tx", "device": "node-8-spammer", "metadata": {}}
{"timestamp": 1779119731, "type": "safe_tx", "device": "node-8-spammer", "metadata": {}}
{"timestamp": 1779119731, "type": "safe_tx", "device": "node-8-spammer", "metadata": {}}
{"timestamp": 1779119731, "type": "safe_tx", "device": "node-8-spammer", "metadata": {}}
{"timestamp": 1779119731, "type": "safe_tx", "device": "node-4-clean", "metadata": {}}
{"timestamp": 1779119731, "type": "safe_tx", "device": "node-8-spammer", "metadata": {}}
{"timestamp": 1779119731, "type": "safe_tx", "device": "node-8-spammer", "metadata": {}}
{"timestamp": 1779119731, "type": "safe_tx", "device": "node-2-clean", "metadata": {}}
{"timestamp": 1779119731, "type": "safe_tx", "device": "node-9-stealth", "metadata": {}}
{"timestamp": 1779119731, "type": "fuzzing", "device": "node-10-fuzzer", "metadata": {}}
{"timestamp": 1779119731, "type": "safe_tx", "device": "node-5-clean", "metadata": {}}
{"timestamp": 1779119732, "type": "safe_tx", "device": "node-10-fuzzer", "metadata": {}}
{"timestamp": 1779119732, "type": "safe_tx", "device": "node-4-clean", "metadata": {}}
{"timestamp": 1779119732, "type": "safe_tx", "device": "node-8-spammer", "metadata": {}}
{"timestamp": 1779119732, "type": "safe_tx", "device": "node-8-spammer", "metadata": {}}
{"timestamp": 1779119732, "type": "safe_tx", "device": "node-8-spammer", "metadata": {}}
{"timestamp": 1779119732, "type": "safe_tx", "device": "node-8-spammer", "metadata": {}}
{"timestamp": 1779119732, "type": "safe_tx", "device": "node-8-spammer", "metadata": {}}
{"timestamp": 1779119732, "type": "overflow", "device": "node-10-fuzzer", "metadata": {"count": 3, "window_sec": 30}}
{"timestamp": 1779119733, "type": "safe_tx", "device": "node-1-clean", "metadata": {}}
{"timestamp": 1779119733, "type": "overflow", "device": "node-6-overflow", "metadata": {"count": 3, "window_sec": 30}}
{"timestamp": 1779119733, "type": "safe_tx", "device": "node-12-mixed", "metadata": {}}
{"timestamp": 1779119733, "type": "safe_tx", "device": "node-13-mixed", "metadata": {}}
{"timestamp": 1779119733, "type": "time_anomaly", "device": "node-7-timespoof", "metadata": {}}
{"timestamp": 1779119733, "type": "safe_tx", "device": "node-3-clean", "metadata": {}}
{"timestamp": 1779119733, "type": "safe_tx", "device": "node-8-spammer", "metadata": {}}
{"timestamp": 1779119733, "type": "safe_tx", "device": "node-9-stealth", "metadata": {}}
{"timestamp": 1779119733, "type": "safe_tx", "device": "node-8-spammer", "metadata": {}}
{"timestamp": 1779119733, "type": "safe_tx", "device": "node-8-spammer", "metadata": {}}
{"timestamp": 1779119733, "type": "dos_spam", "device": "node-8-spammer", "metadata": {}}
{"timestamp": 1779119734, "type": "safe_tx", "device": "node-15-mixed", "metadata": {}}
{"timestamp": 1779119734, "type": "time_anomaly", "device": "node-14-mixed", "metadata": {}}
{"timestamp": 1779119734, "type": "fuzzing", "device": "node-10-fuzzer", "metadata": {}}
{"timestamp": 1779119734, "type": "safe_tx", "device": "node-8-spammer", "metadata": {}}
{"timestamp": 1779119734, "type": "safe_tx", "device": "node-8-spammer", "metadata": {}}
{"timestamp": 1779119734, "type": "safe_tx", "device": "node-8-spammer", "metadata": {}}
{"timestamp": 1779119734, "type": "safe_tx", "device": "node-8-spammer", "metadata": {}}
{"timestamp": 1779119734, "type": "safe_tx", "device": "node-8-spammer", "metadata": {}}
{"timestamp": 1779119734, "type": "safe_tx", "device": "node-8-spammer", "metadata": {}}
{"timestamp": 1779119734, "type": "safe_tx", "device": "node-8-spammer", "metadata": {}}
{"timestamp": 1779119734, "type": "dos_spam", "device": "node-8-spammer", "metadata": {"count": 30, "window_sec": 5}}
{"timestamp": 1779119734, "type": "safe_tx", "device": "node-8-spammer", "metadata": {}}
{"timestamp": 1779119734, "type": "time_anomaly", "device": "node-15-mixed", "metadata": {}}
{"timestamp": 1779119734, "type": "safe_tx", "device": "node-4-clean", "metadata": {}}
{"timestamp": 1779119734, "type": "safe_tx", "device": "node-12-mixed", "metadata": {}}
{"timestamp": 1779119734, "type": "safe_tx", "device": "node-2-clean", "metadata": {}}
{"timestamp": 1779119735, "type": "safe_tx", "device": "node-9-stealth", "metadata": {}}
{"timestamp": 1779119735, "type": "fuzzing", "device": "node-10-fuzzer", "metadata": {}}
{"timestamp": 1779119735, "type": "safe_tx", "device": "node-5-clean", "metadata": {}}
{"timestamp": 1779119735, "type": "safe_tx", "device": "node-13-mixed", "metadata": {}}
{"timestamp": 1779119736, "type": "safe_tx", "device": "node-8-spammer", "metadata": {}}
{"timestamp": 1779119736, "type": "safe_tx", "device": "node-8-spammer", "metadata": {}}
{"timestamp": 1779119736, "type": "safe_tx", "device": "node-8-spammer", "metadata": {}}
{"timestamp": 1779119736, "type": "time_anomaly", "device": "node-14-mixed", "metadata": {}}
{"timestamp": 1779119736, "type": "safe_tx", "device": "node-8-spammer", "metadata": {}}
{"timestamp": 1779119736, "type": "safe_tx", "device": "node-1-clean", "metadata": {}}
{"timestamp": 1779119736, "type": "safe_tx", "device": "node-8-spammer", "metadata": {}}
{"timestamp": 1779119736, "type": "safe_tx", "device": "node-8-spammer", "metadata": {}}
{"timestamp": 1779119736, "type": "safe_tx", "device": "node-8-spammer", "metadata": {}}
{"timestamp": 1779119736, "type": "dos_spam", "device": "node-8-spammer", "metadata": {}}
{"timestamp": 1779119736, "type": "safe_tx", "device": "node-8-spammer", "metadata": {}}
{"timestamp": 1779119736, "type": "safe_tx", "device": "node-12-mixed", "metadata": {}}
{"timestamp": 1779119736, "type": "safe_tx", "device": "node-8-spammer", "metadata": {}}
{"timestamp": 1779119736, "type": "safe_tx", "device": "node-8-spammer", "metadata": {}}
{"timestamp": 1779119736, "type": "safe_tx", "device": "node-8-spammer", "metadata": {}}
{"timestamp": 1779119736, "type": "safe_tx", "device": "node-8-spammer", "metadata": {}}
{"timestamp": 1779119736, "type": "safe_tx", "device": "node-8-spammer", "metadata": {}}
{"timestamp": 1779119736, "type": "safe_tx", "device": "node-8-spammer", "metadata": {}}
{"timestamp": 1779119736, "type": "safe_tx", "device": "node-8-spammer", "metadata": {}}
{"timestamp": 1779119736, "type": "safe_tx", "device": "node-2-clean", "metadata": {}}
{"timestamp": 1779119736, "type": "safe_tx", "device": "node-8-spammer", "metadata": {}}
{"timestamp": 1779119736, "type": "safe_tx", "device": "node-8-spammer", "metadata": {}}
{"timestamp": 1779119736, "type": "safe_tx", "device": "node-8-spammer", "metadata": {}}
{"timestamp": 1779119736, "type": "safe_tx", "device": "node-8-spammer", "metadata": {}}
{"timestamp": 1779119736, "type": "safe_tx", "device": "node-8-spammer", "metadata": {}}
{"timestamp": 1779119736, "type": "time_anomaly", "device": "node-12-mixed", "metadata": {}}
{"timestamp": 1779119736, "type": "safe_tx", "device": "node-3-clean", "metadata": {}}
{"timestamp": 1779119737, "type": "safe_tx", "device": "node-4-clean", "metadata": {}}
{"timestamp": 1779119737, "type": "safe_tx", "device": "node-10-fuzzer", "metadata": {}}
{"timestamp": 1779119737, "type": "time_anomaly", "device": "node-14-mixed", "metadata": {}}
{"timestamp": 1779119737, "type": "safe_tx", "device": "node-6-overflow", "metadata": {}}
{"timestamp": 1779119737, "type": "time_anomaly", "device": "node-14-mixed", "metadata": {}}
{"timestamp": 1779119737, "type": "safe_tx", "device": "node-10-fuzzer", "metadata": {}}
{"timestamp": 1779119737, "type": "safe_tx", "device": "node-8-spammer", "metadata": {}}
{"timestamp": 1779119738, "type": "time_anomaly", "device": "node-7-timespoof", "metadata": {}}
{"timestamp": 1779119738, "type": "safe_tx", "device": "node-8-spammer", "metadata": {}}
{"timestamp": 1779119738, "type": "dos_spam", "device": "node-8-spammer", "metadata": {}}
{"timestamp": 1779119738, "type": "safe_tx", "device": "node-8-spammer", "metadata": {}}
{"timestamp": 1779119738, "type": "safe_tx", "device": "node-8-spammer", "metadata": {}}
{"timestamp": 1779119738, "type": "safe_tx", "device": "node-8-spammer", "metadata": {}}
{"timestamp": 1779119738, "type": "safe_tx", "device": "node-8-spammer", "metadata": {}}
{"timestamp": 1779119738, "type": "safe_tx", "device": "node-8-spammer", "metadata": {}}
{"timestamp": 1779119738, "type": "safe_tx", "device": "node-9-stealth", "metadata": {}}
{"timestamp": 1779119738, "type": "safe_tx", "device": "node-8-spammer", "metadata": {}}
{"timestamp": 1779119738, "type": "safe_tx", "device": "node-8-spammer", "metadata": {}}
{"timestamp": 1779119738, "type": "dos_spam", "device": "node-8-spammer", "metadata": {"count": 30, "window_sec": 5}}
{"timestamp": 1779119738, "type": "safe_tx", "device": "node-8-spammer", "metadata": {}}
{"timestamp": 1779119738, "type": "safe_tx", "device": "node-8-spammer", "metadata": {}}
{"timestamp": 1779119738, "type": "safe_tx", "device": "node-8-spammer", "metadata": {}}
{"timestamp": 1779119738, "type": "safe_tx", "device": "node-8-spammer", "metadata": {}}
{"timestamp": 1779119738, "type": "safe_tx", "device": "node-8-spammer", "metadata": {}}
{"timestamp": 1779119738, "type": "safe_tx", "device": "node-8-spammer", "metadata": {}}
{"timestamp": 1779119738, "type": "time_anomaly", "device": "node-15-mixed", "metadata": {}}
{"timestamp": 1779119738, "type": "safe_tx", "device": "node-12-mixed", "metadata": {}}
{"timestamp": 1779119738, "type": "safe_tx", "device": "node-13-mixed", "metadata": {}}
{"timestamp": 1779119738, "type": "safe_tx", "device": "node-8-spammer", "metadata": {}}
{"timestamp": 1779119739, "type": "safe_tx", "device": "node-5-clean", "metadata": {}}
{"timestamp": 1779119739, "type": "safe_tx", "device": "node-8-spammer", "metadata": {}}
{"timestamp": 1779119739, "type": "dos_spam", "device": "node-8-spammer", "metadata": {}}
{"timestamp": 1779119739, "type": "safe_tx", "device": "node-8-spammer", "metadata": {}}
{"timestamp": 1779119739, "type": "safe_tx", "device": "node-2-clean", "metadata": {}}
{"timestamp": 1779119739, "type": "safe_tx", "device": "node-5-clean", "metadata": {}}
{"timestamp": 1779119739, "type": "safe_tx", "device": "node-10-fuzzer", "metadata": {}}
{"timestamp": 1779119739, "type": "safe_tx", "device": "node-3-clean", "metadata": {}}
{"timestamp": 1779119739, "type": "safe_tx", "device": "node-5-clean", "metadata": {}}
{"timestamp": 1779119739, "type": "safe_tx", "device": "node-6-overflow", "metadata": {}}
{"timestamp": 1779119740, "type": "safe_tx", "device": "node-2-clean", "metadata": {}}
{"timestamp": 1779119740, "type": "safe_tx", "device": "node-8-spammer", "metadata": {}}
{"timestamp": 1779119740, "type": "safe_tx", "device": "node-8-spammer", "metadata": {}}
{"timestamp": 1779119740, "type": "safe_tx", "device": "node-4-clean", "metadata": {}}
{"timestamp": 1779119740, "type": "safe_tx", "device": "node-3-clean", "metadata": {}}
{"timestamp": 1779119740, "type": "safe_tx", "device": "node-10-fuzzer", "metadata": {}}
{"timestamp": 1779119740, "type": "overflow", "device": "node-13-mixed", "metadata": {"count": 3, "window_sec": 30}}
{"timestamp": 1779119741, "type": "safe_tx", "device": "node-1-clean", "metadata": {}}
{"timestamp": 1779119741, "type": "safe_tx", "device": "node-12-mixed", "metadata": {}}
{"timestamp": 1779119741, "type": "safe_tx", "device": "node-15-mixed", "metadata": {}}
{"timestamp": 1779119742, "type": "safe_tx", "device": "node-2-clean", "metadata": {}}
{"timestamp": 1779119742, "type": "safe_tx", "device": "node-4-clean", "metadata": {}}
{"timestamp": 1779119742, "type": "safe_tx", "device": "node-10-fuzzer", "metadata": {}}
{"timestamp": 1779119742, "type": "safe_tx", "device": "node-8-spammer", "metadata": {}}
{"timestamp": 1779119742, "type": "safe_tx", "device": "node-8-spammer", "metadata": {}}
{"timestamp": 1779119742, "type": "safe_tx", "device": "node-3-clean", "metadata": {}}
{"timestamp": 1779119742, "type": "safe_tx", "device": "node-8-spammer", "metadata": {}}
{"timestamp": 1779119742, "type": "safe_tx", "device": "node-8-spammer", "metadata": {}}
{"timestamp": 1779119742, "type": "safe_tx", "device": "node-9-stealth", "metadata": {}}
{"timestamp": 1779119742, "type": "safe_tx", "device": "node-4-clean", "metadata": {}}
{"timestamp": 1779119743, "type": "safe_tx", "device": "node-4-clean", "metadata": {}}
{"timestamp": 1779119743, "type": "time_anomaly", "device": "node-7-timespoof", "metadata": {}}
{"timestamp": 1779119743, "type": "safe_tx", "device": "node-5-clean", "metadata": {}}
{"timestamp": 1779119743, "type": "safe_tx", "device": "node-8-spammer", "metadata": {}}
{"timestamp": 1779119743, "type": "safe_tx", "device": "node-8-spammer", "metadata": {}}
{"timestamp": 1779119743, "type": "safe_tx", "device": "node-14-mixed", "metadata": {}}
{"timestamp": 1779119743, "type": "safe_tx", "device": "node-8-spammer", "metadata": {}}
{"timestamp": 1779119743, "type": "safe_tx", "device": "node-8-spammer", "metadata": {}}
{"timestamp": 1779119743, "type": "safe_tx", "device": "node-8-spammer", "metadata": {}}
{"timestamp": 1779119743, "type": "safe_tx", "device": "node-8-spammer", "metadata": {}}
{"timestamp": 1779119743, "type": "safe_tx", "device": "node-8-spammer", "metadata": {}}
{"timestamp": 1779119743, "type": "safe_tx", "device": "node-8-spammer", "metadata": {}}
{"timestamp": 1779119743, "type": "safe_tx", "device": "node-8-spammer", "metadata": {}}
{"timestamp": 1779119744, "type": "safe_tx", "device": "node-2-clean", "metadata": {}}
{"timestamp": 1779119744, "type": "safe_tx", "device": "node-11-pulsing", "metadata": {}}
{"timestamp": 1779119744, "type": "safe_tx", "device": "node-11-pulsing", "metadata": {}}
{"timestamp": 1779119744, "type": "safe_tx", "device": "node-11-pulsing", "metadata": {}}
{"timestamp": 1779119744, "type": "safe_tx", "device": "node-9-stealth", "metadata": {}}
{"timestamp": 1779119744, "type": "safe_tx", "device": "node-1-clean", "metadata": {}}
{"timestamp": 1779119744, "type": "safe_tx", "device": "node-11-pulsing", "metadata": {}}
{"timestamp": 1779119744, "type": "safe_tx", "device": "node-15-mixed", "metadata": {}}
{"timestamp": 1779119744, "type": "safe_tx", "device": "node-11-pulsing", "metadata": {}}
{"timestamp": 1779119744, "type": "safe_tx", "device": "node-11-pulsing", "metadata": {}}
{"timestamp": 1779119744, "type": "safe_tx", "device": "node-11-pulsing", "metadata": {}}
{"timestamp": 1779119744, "type": "safe_tx", "device": "node-11-pulsing", "metadata": {}}
{"timestamp": 1779119744, "type": "safe_tx", "device": "node-10-fuzzer", "metadata": {}}
{"timestamp": 1779119744, "type": "safe_tx", "device": "node-11-pulsing", "metadata": {}}
{"timestamp": 1779119744, "type": "safe_tx", "device": "node-11-pulsing", "metadata": {}}
{"timestamp": 1779119744, "type": "safe_tx", "device": "node-11-pulsing", "metadata": {}}
{"timestamp": 1779119745, "type": "safe_tx", "device": "node-11-pulsing", "metadata": {}}
{"timestamp": 1779119745, "type": "safe_tx", "device": "node-11-pulsing", "metadata": {}}
{"timestamp": 1779119745, "type": "safe_tx", "device": "node-3-clean", "metadata": {}}
{"timestamp": 1779119745, "type": "safe_tx", "device": "node-11-pulsing", "metadata": {}}
{"timestamp": 1779119745, "type": "safe_tx", "device": "node-11-pulsing", "metadata": {}}
{"timestamp": 1779119745, "type": "dos_spam", "device": "node-11-pulsing", "metadata": {}}
{"timestamp": 1779119745, "type": "safe_tx", "device": "node-8-spammer", "metadata": {}}
{"timestamp": 1779119745, "type": "safe_tx", "device": "node-8-spammer", "metadata": {}}
{"timestamp": 1779119745, "type": "safe_tx", "device": "node-11-pulsing", "metadata": {}}
{"timestamp": 1779119745, "type": "safe_tx", "device": "node-8-spammer", "metadata": {}}
{"timestamp": 1779119745, "type": "safe_tx", "device": "node-11-pulsing", "metadata": {}}
{"timestamp": 1779119745, "type": "safe_tx", "device": "node-8-spammer", "metadata": {}}
{"timestamp": 1779119745, "type": "safe_tx", "device": "node-8-spammer", "metadata": {}}
{"timestamp": 1779119745, "type": "safe_tx", "device": "node-8-spammer", "metadata": {}}
{"timestamp": 1779119745, "type": "dos_spam", "device": "node-8-spammer", "metadata": {}}
{"timestamp": 1779119745, "type": "safe_tx", "device": "node-11-pulsing", "metadata": {}}
{"timestamp": 1779119745, "type": "safe_tx", "device": "node-3-clean", "metadata": {}}
{"timestamp": 1779119745, "type": "safe_tx", "device": "node-11-pulsing", "metadata": {}}
{"timestamp": 1779119745, "type": "safe_tx", "device": "node-5-clean", "metadata": {}}
{"timestamp": 1779119745, "type": "safe_tx", "device": "node-11-pulsing", "metadata": {}}
{"timestamp": 1779119745, "type": "safe_tx", "device": "node-4-clean", "metadata": {}}
{"timestamp": 1779119746, "type": "safe_tx", "device": "node-12-mixed", "metadata": {}}
{"timestamp": 1779119746, "type": "safe_tx", "device": "node-3-clean", "metadata": {}}
{"timestamp": 1779119746, "type": "safe_tx", "device": "node-13-mixed", "metadata": {}}
{"timestamp": 1779119746, "type": "safe_tx", "device": "node-2-clean", "metadata": {}}
{"timestamp": 1779119746, "type": "time_anomaly", "device": "node-7-timespoof", "metadata": {}}
{"timestamp": 1779119746, "type": "safe_tx", "device": "node-1-clean", "metadata": {}}
{"timestamp": 1779119746, "type": "time_anomaly", "device": "node-14-mixed", "metadata": {}}
{"timestamp": 1779119746, "type": "safe_tx", "device": "node-2-clean", "metadata": {}}
{"timestamp": 1779119746, "type": "safe_tx", "device": "node-9-stealth", "metadata": {}}
{"timestamp": 1779119747, "type": "time_anomaly", "device": "node-15-mixed", "metadata": {}}
{"timestamp": 1779119747, "type": "safe_tx", "device": "node-15-mixed", "metadata": {}}
{"timestamp": 1779119747, "type": "safe_tx", "device": "node-5-clean", "metadata": {}}
{"timestamp": 1779119747, "type": "safe_tx", "device": "node-4-clean", "metadata": {}}
{"timestamp": 1779119747, "type": "safe_tx", "device": "node-15-mixed", "metadata": {}}
{"timestamp": 1779119747, "type": "overflow", "device": "node-6-overflow", "metadata": {"count": 3, "window_sec": 30}}
{"timestamp": 1779119747, "type": "safe_tx", "device": "node-10-fuzzer", "metadata": {}}
{"timestamp": 1779119747, "type": "safe_tx", "device": "node-8-spammer", "metadata": {}}
{"timestamp": 1779119747, "type": "safe_tx", "device": "node-8-spammer", "metadata": {}}
{"timestamp": 1779119747, "type": "safe_tx", "device": "node-12-mixed", "metadata": {}}
{"timestamp": 1779119747, "type": "safe_tx", "device": "node-8-spammer", "metadata": {}}
{"timestamp": 1779119748, "type": "safe_tx", "device": "node-5-clean", "metadata": {}}
{"timestamp": 1779119748, "type": "safe_tx", "device": "node-15-mixed", "metadata": {}}
{"timestamp": 1779119748, "type": "fuzzing", "device": "node-10-fuzzer", "metadata": {}}
{"timestamp": 1779119748, "type": "safe_tx", "device": "node-9-stealth", "metadata": {}}
{"timestamp": 1779119748, "type": "safe_tx", "device": "node-15-mixed", "metadata": {}}
{"timestamp": 1779119749, "type": "time_anomaly", "device": "node-14-mixed", "metadata": {}}
{"timestamp": 1779119749, "type": "safe_tx", "device": "node-1-clean", "metadata": {}}
{"timestamp": 1779119749, "type": "safe_tx", "device": "node-8-spammer", "metadata": {}}
{"timestamp": 1779119749, "type": "safe_tx", "device": "node-13-mixed", "metadata": {}}
{"timestamp": 1779119749, "type": "safe_tx", "device": "node-2-clean", "metadata": {}}
{"timestamp": 1779119749, "type": "safe_tx", "device": "node-3-clean", "metadata": {}}
{"timestamp": 1779119750, "type": "safe_tx", "device": "node-9-stealth", "metadata": {}}
{"timestamp": 1779119750, "type": "overflow", "device": "node-10-fuzzer", "metadata": {"count": 3, "window_sec": 30}}
{"timestamp": 1779119750, "type": "safe_tx", "device": "node-4-clean", "metadata": {}}
{"timestamp": 1779119750, "type": "safe_tx", "device": "node-9-stealth", "metadata": {}}
{"timestamp": 1779119750, "type": "fuzzing", "device": "node-10-fuzzer", "metadata": {}}
{"timestamp": 1779119751, "type": "time_anomaly", "device": "node-12-mixed", "metadata": {}}
{"timestamp": 1779119751, "type": "safe_tx", "device": "node-15-mixed", "metadata": {}}
{"timestamp": 1779119751, "type": "safe_tx", "device": "node-2-clean", "metadata": {}}
{"timestamp": 1779119751, "type": "time_anomaly", "device": "node-7-timespoof", "metadata": {}}
{"timestamp": 1779119751, "type": "safe_tx", "device": "node-13-mixed", "metadata": {}}
{"timestamp": 1779119751, "type": "safe_tx", "device": "node-3-clean", "metadata": {}}
{"timestamp": 1779119751, "type": "safe_tx", "device": "node-14-mixed", "metadata": {}}
{"timestamp": 1779119751, "type": "safe_tx", "device": "node-12-mixed", "metadata": {}}
{"timestamp": 1779119751, "type": "safe_tx", "device": "node-8-spammer", "metadata": {}}
{"timestamp": 1779119751, "type": "safe_tx", "device": "node-8-spammer", "metadata": {}}
{"timestamp": 1779119752, "type": "safe_tx", "device": "node-8-spammer", "metadata": {}}
{"timestamp": 1779119752, "type": "safe_tx", "device": "node-5-clean", "metadata": {}}
{"timestamp": 1779119752, "type": "safe_tx", "device": "node-8-spammer", "metadata": {}}
{"timestamp": 1779119752, "type": "safe_tx", "device": "node-8-spammer", "metadata": {}}
{"timestamp": 1779119752, "type": "safe_tx", "device": "node-8-spammer", "metadata": {}}
{"timestamp": 1779119752, "type": "safe_tx", "device": "node-8-spammer", "metadata": {}}
{"timestamp": 1779119752, "type": "safe_tx", "device": "node-8-spammer", "metadata": {}}
{"timestamp": 1779119752, "type": "safe_tx", "device": "node-8-spammer", "metadata": {}}
{"timestamp": 1779119752, "type": "safe_tx", "device": "node-8-spammer", "metadata": {}}
{"timestamp": 1779119752, "type": "safe_tx", "device": "node-8-spammer", "metadata": {}}
{"timestamp": 1779119752, "type": "safe_tx", "device": "node-8-spammer", "metadata": {}}
{"timestamp": 1779119752, "type": "safe_tx", "device": "node-8-spammer", "metadata": {}}
{"timestamp": 1779119752, "type": "safe_tx", "device": "node-4-clean", "metadata": {}}
{"timestamp": 1779119752, "type": "safe_tx", "device": "node-1-clean", "metadata": {}}
{"timestamp": 1779119752, "type": "overflow", "device": "node-15-mixed", "metadata": {"count": 3, "window_sec": 30}}
{"timestamp": 1779119753, "type": "safe_tx", "device": "node-5-clean", "metadata": {}}
{"timestamp": 1779119753, "type": "safe_tx", "device": "node-12-mixed", "metadata": {}}
{"timestamp": 1779119753, "type": "safe_tx", "device": "node-13-mixed", "metadata": {}}
{"timestamp": 1779119753, "type": "safe_tx", "device": "node-8-spammer", "metadata": {}}
{"timestamp": 1779119753, "type": "safe_tx", "device": "node-8-spammer", "metadata": {}}
{"timestamp": 1779119753, "type": "dos_spam", "device": "node-8-spammer", "metadata": {}}
{"timestamp": 1779119753, "type": "safe_tx", "device": "node-8-spammer", "metadata": {}}
{"timestamp": 1779119753, "type": "safe_tx", "device": "node-8-spammer", "metadata": {}}
{"timestamp": 1779119753, "type": "safe_tx", "device": "node-8-spammer", "metadata": {}}
{"timestamp": 1779119753, "type": "safe_tx", "device": "node-9-stealth", "metadata": {}}
{"timestamp": 1779119753, "type": "safe_tx", "device": "node-8-spammer", "metadata": {}}
{"timestamp": 1779119753, "type": "safe_tx", "device": "node-8-spammer", "metadata": {}}
{"timestamp": 1779119753, "type": "overflow", "device": "node-14-mixed", "metadata": {"count": 3, "window_sec": 30}}
{"timestamp": 1779119753, "type": "safe_tx", "device": "node-8-spammer", "metadata": {}}
{"timestamp": 1779119753, "type": "safe_tx", "device": "node-8-spammer", "metadata": {}}
{"timestamp": 1779119753, "type": "safe_tx", "device": "node-8-spammer", "metadata": {}}
{"timestamp": 1779119753, "type": "time_anomaly", "device": "node-7-timespoof", "metadata": {}}
{"timestamp": 1779119753, "type": "safe_tx", "device": "node-8-spammer", "metadata": {}}
{"timestamp": 1779119753, "type": "safe_tx", "device": "node-8-spammer", "metadata": {}}
{"timestamp": 1779119753, "type": "safe_tx", "device": "node-8-spammer", "metadata": {}}
{"timestamp": 1779119754, "type": "safe_tx", "device": "node-8-spammer", "metadata": {}}
{"timestamp": 1779119754, "type": "safe_tx", "device": "node-8-spammer", "metadata": {}}
{"timestamp": 1779119754, "type": "safe_tx", "device": "node-8-spammer", "metadata": {}}
{"timestamp": 1779119754, "type": "dos_spam", "device": "node-8-spammer", "metadata": {"count": 30, "window_sec": 5}}
{"timestamp": 1779119754, "type": "safe_tx", "device": "node-8-spammer", "metadata": {}}
{"timestamp": 1779119754, "type": "dos_spam", "device": "node-8-spammer", "metadata": {}}
{"timestamp": 1779119754, "type": "safe_tx", "device": "node-8-spammer", "metadata": {}}
{"timestamp": 1779119754, "type": "safe_tx", "device": "node-2-clean", "metadata": {}}
{"timestamp": 1779119754, "type": "safe_tx", "device": "node-13-mixed", "metadata": {}}
{"timestamp": 1779119754, "type": "safe_tx", "device": "node-9-stealth", "metadata": {}}
{"timestamp": 1779119755, "type": "overflow", "device": "node-10-fuzzer", "metadata": {"count": 3, "window_sec": 30}}
{"timestamp": 1779119755, "type": "safe_tx", "device": "node-3-clean", "metadata": {}}
{"timestamp": 1779119755, "type": "safe_tx", "device": "node-5-clean", "metadata": {}}
{"timestamp": 1779119755, "type": "safe_tx", "device": "node-8-spammer", "metadata": {}}
{"timestamp": 1779119755, "type": "safe_tx", "device": "node-8-spammer", "metadata": {}}
{"timestamp": 1779119755, "type": "safe_tx", "device": "node-8-spammer", "metadata": {}}
{"timestamp": 1779119755, "type": "safe_tx", "device": "node-8-spammer", "metadata": {}}
{"timestamp": 1779119755, "type": "safe_tx", "device": "node-8-spammer", "metadata": {}}
{"timestamp": 1779119755, "type": "safe_tx", "device": "node-8-spammer", "metadata": {}}
{"timestamp": 1779119755, "type": "safe_tx", "device": "node-8-spammer", "metadata": {}}
{"timestamp": 1779119755, "type": "safe_tx", "device": "node-8-spammer", "metadata": {}}
{"timestamp": 1779119755, "type": "safe_tx", "device": "node-10-fuzzer", "metadata": {}}
{"timestamp": 1779119755, "type": "safe_tx", "device": "node-8-spammer", "metadata": {}}
{"timestamp": 1779119756, "type": "safe_tx", "device": "node-4-clean", "metadata": {}}
{"timestamp": 1779119756, "type": "safe_tx", "device": "node-14-mixed", "metadata": {}}
{"timestamp": 1779119756, "type": "safe_tx", "device": "node-6-overflow", "metadata": {}}
{"timestamp": 1779119756, "type": "safe_tx", "device": "node-1-clean", "metadata": {}}
{"timestamp": 1779119756, "type": "safe_tx", "device": "node-2-clean", "metadata": {}}
{"timestamp": 1779119756, "type": "safe_tx", "device": "node-12-mixed", "metadata": {}}
{"timestamp": 1779119756, "type": "safe_tx", "device": "node-5-clean", "metadata": {}}
{"timestamp": 1779119756, "type": "fuzzing", "device": "node-10-fuzzer", "metadata": {}}
{"timestamp": 1779119757, "type": "safe_tx", "device": "node-8-spammer", "metadata": {}}
{"timestamp": 1779119757, "type": "safe_tx", "device": "node-8-spammer", "metadata": {}}
{"timestamp": 1779119757, "type": "safe_tx", "device": "node-8-spammer", "metadata": {}}
{"timestamp": 1779119757, "type": "safe_tx", "device": "node-4-clean", "metadata": {}}
{"timestamp": 1779119757, "type": "safe_tx", "device": "node-8-spammer", "metadata": {}}
{"timestamp": 1779119757, "type": "safe_tx", "device": "node-8-spammer", "metadata": {}}
{"timestamp": 1779119757, "type": "safe_tx", "device": "node-8-spammer", "metadata": {}}
{"timestamp": 1779119757, "type": "dos_spam", "device": "node-8-spammer", "metadata": {}}
{"timestamp": 1779119757, "type": "safe_tx", "device": "node-8-spammer", "metadata": {}}
{"timestamp": 1779119757, "type": "safe_tx", "device": "node-8-spammer", "metadata": {}}
{"timestamp": 1779119757, "type": "safe_tx", "device": "node-8-spammer", "metadata": {}}
{"timestamp": 1779119757, "type": "safe_tx", "device": "node-8-spammer", "metadata": {}}
{"timestamp": 1779119757, "type": "safe_tx", "device": "node-8-spammer", "metadata": {}}
{"timestamp": 1779119757, "type": "time_anomaly", "device": "node-13-mixed", "metadata": {}}
{"timestamp": 1779119757, "type": "safe_tx", "device": "node-8-spammer", "metadata": {}}
{"timestamp": 1779119757, "type": "safe_tx", "device": "node-10-fuzzer", "metadata": {}}
{"timestamp": 1779119758, "type": "safe_tx", "device": "node-8-spammer", "metadata": {}}
{"timestamp": 1779119758, "type": "safe_tx", "device": "node-8-spammer", "metadata": {}}
{"timestamp": 1779119758, "type": "safe_tx", "device": "node-8-spammer", "metadata": {}}
{"timestamp": 1779119758, "type": "safe_tx", "device": "node-3-clean", "metadata": {}}
{"timestamp": 1779119758, "type": "safe_tx", "device": "node-8-spammer", "metadata": {}}
{"timestamp": 1779119758, "type": "safe_tx", "device": "node-8-spammer", "metadata": {}}
{"timestamp": 1779119758, "type": "safe_tx", "device": "node-8-spammer", "metadata": {}}
{"timestamp": 1779119758, "type": "safe_tx", "device": "node-8-spammer", "metadata": {}}
{"timestamp": 1779119758, "type": "dos_spam", "device": "node-8-spammer", "metadata": {"count": 30, "window_sec": 5}}
{"timestamp": 1779119758, "type": "fuzzing", "device": "node-10-fuzzer", "metadata": {}}
{"timestamp": 1779119758, "type": "safe_tx", "device": "node-9-stealth", "metadata": {}}
{"timestamp": 1779119758, "type": "safe_tx", "device": "node-13-mixed", "metadata": {}}
{"timestamp": 1779119759, "type": "safe_tx", "device": "node-3-clean", "metadata": {}}
{"timestamp": 1779119759, "type": "safe_tx", "device": "node-15-mixed", "metadata": {}}
{"timestamp": 1779119759, "type": "safe_tx", "device": "node-12-mixed", "metadata": {}}
{"timestamp": 1779119759, "type": "safe_tx", "device": "node-13-mixed", "metadata": {}}
{"timestamp": 1779119759, "type": "safe_tx", "device": "node-8-spammer", "metadata": {}}
{"timestamp": 1779119759, "type": "safe_tx", "device": "node-8-spammer", "metadata": {}}
{"timestamp": 1779119759, "type": "dos_spam", "device": "node-8-spammer", "metadata": {}}
{"timestamp": 1779119759, "type": "safe_tx", "device": "node-1-clean", "metadata": {}}
{"timestamp": 1779119759, "type": "safe_tx", "device": "node-14-mixed", "metadata": {}}
{"timestamp": 1779119759, "type": "time_anomaly", "device": "node-7-timespoof", "metadata": {}}
{"timestamp": 1779119759, "type": "safe_tx", "device": "node-2-clean", "metadata": {}}
{"timestamp": 1779119760, "type": "safe_tx", "device": "node-8-spammer", "metadata": {}}
{"timestamp": 1779119760, "type": "safe_tx", "device": "node-8-spammer", "metadata": {}}
{"timestamp": 1779119760, "type": "safe_tx", "device": "node-8-spammer", "metadata": {}}
{"timestamp": 1779119760, "type": "safe_tx", "device": "node-8-spammer", "metadata": {}}
{"timestamp": 1779119760, "type": "safe_tx", "device": "node-8-spammer", "metadata": {}}
{"timestamp": 1779119760, "type": "safe_tx", "device": "node-8-spammer", "metadata": {}}
{"timestamp": 1779119760, "type": "safe_tx", "device": "node-8-spammer", "metadata": {}}
{"timestamp": 1779119760, "type": "safe_tx", "device": "node-5-clean", "metadata": {}}
{"timestamp": 1779119760, "type": "safe_tx", "device": "node-8-spammer", "metadata": {}}
{"timestamp": 1779119760, "type": "fuzzing", "device": "node-10-fuzzer", "metadata": {}}
{"timestamp": 1779119760, "type": "safe_tx", "device": "node-8-spammer", "metadata": {}}
{"timestamp": 1779119760, "type": "time_anomaly", "device": "node-14-mixed", "metadata": {}}
{"timestamp": 1779119760, "type": "safe_tx", "device": "node-8-spammer", "metadata": {}}
{"timestamp": 1779119760, "type": "safe_tx", "device": "node-8-spammer", "metadata": {}}
{"timestamp": 1779119760, "type": "safe_tx", "device": "node-4-clean", "metadata": {}}
{"timestamp": 1779119760, "type": "time_anomaly", "device": "node-12-mixed", "metadata": {}}
{"timestamp": 1779119760, "type": "safe_tx", "device": "node-1-clean", "metadata": {}}
{"timestamp": 1779119760, "type": "safe_tx", "device": "node-13-mixed", "metadata": {}}
{"timestamp": 1779119760, "type": "overflow", "device": "node-6-overflow", "metadata": {"count": 3, "window_sec": 30}}
{"timestamp": 1779119761, "type": "safe_tx", "device": "node-10-fuzzer", "metadata": {}}
{"timestamp": 1779119761, "type": "safe_tx", "device": "node-14-mixed", "metadata": {}}
{"timestamp": 1779119761, "type": "safe_tx", "device": "node-3-clean", "metadata": {}}
{"timestamp": 1779119761, "type": "safe_tx", "device": "node-9-stealth", "metadata": {}}
{"timestamp": 1779119761, "type": "safe_tx", "device": "node-8-spammer", "metadata": {}}
{"timestamp": 1779119761, "type": "safe_tx", "device": "node-12-mixed", "metadata": {}}
{"timestamp": 1779119761, "type": "safe_tx", "device": "node-8-spammer", "metadata": {}}
{"timestamp": 1779119762, "type": "safe_tx", "device": "node-5-clean", "metadata": {}}
{"timestamp": 1779119763, "type": "safe_tx", "device": "node-4-clean", "metadata": {}}
{"timestamp": 1779119763, "type": "overflow", "device": "node-13-mixed", "metadata": {"count": 3, "window_sec": 30}}
{"timestamp": 1779119763, "type": "fuzzing", "device": "node-10-fuzzer", "metadata": {}}
{"timestamp": 1779119763, "type": "safe_tx", "device": "node-2-clean", "metadata": {}}
{"timestamp": 1779119763, "type": "safe_tx", "device": "node-1-clean", "metadata": {}}
{"timestamp": 1779119763, "type": "safe_tx", "device": "node-5-clean", "metadata": {}}
{"timestamp": 1779119763, "type": "safe_tx", "device": "node-9-stealth", "metadata": {}}
{"timestamp": 1779119764, "type": "safe_tx", "device": "node-14-mixed", "metadata": {}}
{"timestamp": 1779119764, "type": "safe_tx", "device": "node-8-spammer", "metadata": {}}
{"timestamp": 1779119764, "type": "safe_tx", "device": "node-8-spammer", "metadata": {}}
{"timestamp": 1779119764, "type": "safe_tx", "device": "node-8-spammer", "metadata": {}}
{"timestamp": 1779119764, "type": "safe_tx", "device": "node-8-spammer", "metadata": {}}
{"timestamp": 1779119764, "type": "safe_tx", "device": "node-8-spammer", "metadata": {}}
{"timestamp": 1779119764, "type": "safe_tx", "device": "node-8-spammer", "metadata": {}}
{"timestamp": 1779119764, "type": "safe_tx", "device": "node-8-spammer", "metadata": {}}
{"timestamp": 1779119764, "type": "safe_tx", "device": "node-8-spammer", "metadata": {}}
{"timestamp": 1779119764, "type": "safe_tx", "device": "node-10-fuzzer", "metadata": {}}
{"timestamp": 1779119764, "type": "safe_tx", "device": "node-15-mixed", "metadata": {}}
{"timestamp": 1779119764, "type": "time_anomaly", "device": "node-7-timespoof", "metadata": {}}
{"timestamp": 1779119765, "type": "safe_tx", "device": "node-15-mixed", "metadata": {}}
{"timestamp": 1779119765, "type": "safe_tx", "device": "node-8-spammer", "metadata": {}}
{"timestamp": 1779119765, "type": "safe_tx", "device": "node-2-clean", "metadata": {}}
{"timestamp": 1779119765, "type": "safe_tx", "device": "node-8-spammer", "metadata": {}}
{"timestamp": 1779119765, "type": "safe_tx", "device": "node-8-spammer", "metadata": {}}
{"timestamp": 1779119765, "type": "safe_tx", "device": "node-8-spammer", "metadata": {}}
{"timestamp": 1779119765, "type": "safe_tx", "device": "node-8-spammer", "metadata": {}}
{"timestamp": 1779119765, "type": "safe_tx", "device": "node-8-spammer", "metadata": {}}
{"timestamp": 1779119765, "type": "safe_tx", "device": "node-8-spammer", "metadata": {}}
{"timestamp": 1779119765, "type": "dos_spam", "device": "node-8-spammer", "metadata": {}}
{"timestamp": 1779119765, "type": "safe_tx", "device": "node-8-spammer", "metadata": {}}
{"timestamp": 1779119765, "type": "safe_tx", "device": "node-8-spammer", "metadata": {}}
{"timestamp": 1779119765, "type": "dos_spam", "device": "node-8-spammer", "metadata": {"count": 30, "window_sec": 5}}
{"timestamp": 1779119765, "type": "safe_tx", "device": "node-8-spammer", "metadata": {}}
{"timestamp": 1779119765, "type": "safe_tx", "device": "node-8-spammer", "metadata": {}}
{"timestamp": 1779119765, "type": "safe_tx", "device": "node-8-spammer", "metadata": {}}
{"timestamp": 1779119765, "type": "safe_tx", "device": "node-8-spammer", "metadata": {}}
{"timestamp": 1779119765, "type": "safe_tx", "device": "node-8-spammer", "metadata": {}}
{"timestamp": 1779119765, "type": "safe_tx", "device": "node-8-spammer", "metadata": {}}
{"timestamp": 1779119765, "type": "safe_tx", "device": "node-3-clean", "metadata": {}}
{"timestamp": 1779119766, "type": "safe_tx", "device": "node-8-spammer", "metadata": {}}
{"timestamp": 1779119766, "type": "safe_tx", "device": "node-8-spammer", "metadata": {}}
{"timestamp": 1779119766, "type": "safe_tx", "device": "node-8-spammer", "metadata": {}}
{"timestamp": 1779119766, "type": "fuzzing", "device": "node-10-fuzzer", "metadata": {}}
{"timestamp": 1779119766, "type": "safe_tx", "device": "node-5-clean", "metadata": {}}
{"timestamp": 1779119766, "type": "safe_tx", "device": "node-1-clean", "metadata": {}}
{"timestamp": 1779119766, "type": "overflow", "device": "node-15-mixed", "metadata": {"count": 3, "window_sec": 30}}
{"timestamp": 1779119767, "type": "time_anomaly", "device": "node-12-mixed", "metadata": {}}
{"timestamp": 1779119767, "type": "time_anomaly", "device": "node-13-mixed", "metadata": {}}
{"timestamp": 1779119766, "type": "safe_tx", "device": "node-9-stealth", "metadata": {}}
{"timestamp": 1779119767, "type": "safe_tx", "device": "node-4-clean", "metadata": {}}
{"timestamp": 1779119767, "type": "safe_tx", "device": "node-3-clean", "metadata": {}}
{"timestamp": 1779119768, "type": "time_anomaly", "device": "node-7-timespoof", "metadata": {}}
{"timestamp": 1779119767, "type": "safe_tx", "device": "node-8-spammer", "metadata": {}}
{"timestamp": 1779119768, "type": "time_anomaly", "device": "node-12-mixed", "metadata": {}}
{"timestamp": 1779119768, "type": "safe_tx", "device": "node-8-spammer", "metadata": {}}
{"timestamp": 1779119768, "type": "safe_tx", "device": "node-8-spammer", "metadata": {}}
{"timestamp": 1779119768, "type": "safe_tx", "device": "node-8-spammer", "metadata": {}}
{"timestamp": 1779119768, "type": "safe_tx", "device": "node-8-spammer", "metadata": {}}
{"timestamp": 1779119768, "type": "safe_tx", "device": "node-5-clean", "metadata": {}}
{"timestamp": 1779119768, "type": "safe_tx", "device": "node-8-spammer", "metadata": {}}
{"timestamp": 1779119768, "type": "safe_tx", "device": "node-2-clean", "metadata": {}}
{"timestamp": 1779119770, "type": "time_anomaly", "device": "node-14-mixed", "metadata": {}}
{"timestamp": 1779119769, "type": "overflow", "device": "node-6-overflow", "metadata": {"count": 3, "window_sec": 30}}
{"timestamp": 1779119770, "type": "time_anomaly", "device": "node-15-mixed", "metadata": {}}
{"timestamp": 1779119769, "type": "safe_tx", "device": "node-3-clean", "metadata": {}}
{"timestamp": 1779119769, "type": "safe_tx", "device": "node-13-mixed", "metadata": {}}
{"timestamp": 1779119769, "type": "safe_tx", "device": "node-8-spammer", "metadata": {}}
{"timestamp": 1779119769, "type": "safe_tx", "device": "node-8-spammer", "metadata": {}}
{"timestamp": 1779119769, "type": "safe_tx", "device": "node-9-stealth", "metadata": {}}
{"timestamp": 1779119769, "type": "fuzzing", "device": "node-10-fuzzer", "metadata": {}}
{"timestamp": 1779119769, "type": "overflow", "device": "node-12-mixed", "metadata": {"count": 3, "window_sec": 30}}
{"timestamp": 1779119769, "type": "safe_tx", "device": "node-13-mixed", "metadata": {}}
{"timestamp": 1779119769, "type": "safe_tx", "device": "node-1-clean", "metadata": {}}
{"timestamp": 1779119770, "type": "time_anomaly", "device": "node-7-timespoof", "metadata": {}}
{"timestamp": 1779119770, "type": "safe_tx", "device": "node-5-clean", "metadata": {}}
{"timestamp": 1779119770, "type": "safe_tx", "device": "node-4-clean", "metadata": {}}
{"timestamp": 1779119770, "type": "safe_tx", "device": "node-1-clean", "metadata": {}}
{"timestamp": 1779119770, "type": "safe_tx", "device": "node-8-spammer", "metadata": {}}
{"timestamp": 1779119770, "type": "safe_tx", "device": "node-8-spammer", "metadata": {}}
{"timestamp": 1779119770, "type": "safe_tx", "device": "node-8-spammer", "metadata": {}}
{"timestamp": 1779119770, "type": "safe_tx", "device": "node-8-spammer", "metadata": {}}
{"timestamp": 1779119770, "type": "safe_tx", "device": "node-5-clean", "metadata": {}}
{"timestamp": 1779119770, "type": "safe_tx", "device": "node-10-fuzzer", "metadata": {}}
{"timestamp": 1779119770, "type": "safe_tx", "device": "node-2-clean", "metadata": {}}
{"timestamp": 1779119771, "type": "safe_tx", "device": "node-11-pulsing", "metadata": {}}
{"timestamp": 1779119771, "type": "safe_tx", "device": "node-11-pulsing", "metadata": {}}
{"timestamp": 1779119771, "type": "safe_tx", "device": "node-12-mixed", "metadata": {}}
{"timestamp": 1779119771, "type": "safe_tx", "device": "node-8-spammer", "metadata": {}}
{"timestamp": 1779119771, "type": "safe_tx", "device": "node-11-pulsing", "metadata": {}}
{"timestamp": 1779119771, "type": "safe_tx", "device": "node-8-spammer", "metadata": {}}
{"timestamp": 1779119771, "type": "safe_tx", "device": "node-8-spammer", "metadata": {}}
{"timestamp": 1779119771, "type": "safe_tx", "device": "node-11-pulsing", "metadata": {}}
{"timestamp": 1779119771, "type": "safe_tx", "device": "node-11-pulsing", "metadata": {}}
{"timestamp": 1779119771, "type": "safe_tx", "device": "node-11-pulsing", "metadata": {}}
{"timestamp": 1779119771, "type": "safe_tx", "device": "node-2-clean", "metadata": {}}
{"timestamp": 1779119771, "type": "safe_tx", "device": "node-11-pulsing", "metadata": {}}
{"timestamp": 1779119771, "type": "safe_tx", "device": "node-14-mixed", "metadata": {}}
{"timestamp": 1779119771, "type": "safe_tx", "device": "node-11-pulsing", "metadata": {}}
{"timestamp": 1779119771, "type": "safe_tx", "device": "node-11-pulsing", "metadata": {}}
{"timestamp": 1779119771, "type": "safe_tx", "device": "node-11-pulsing", "metadata": {}}
{"timestamp": 1779119771, "type": "safe_tx", "device": "node-11-pulsing", "metadata": {}}
{"timestamp": 1779119772, "type": "time_anomaly", "device": "node-15-mixed", "metadata": {}}
{"timestamp": 1779119771, "type": "safe_tx", "device": "node-11-pulsing", "metadata": {}}
{"timestamp": 1779119771, "type": "safe_tx", "device": "node-11-pulsing", "metadata": {}}
{"timestamp": 1779119771, "type": "safe_tx", "device": "node-11-pulsing", "metadata": {}}
{"timestamp": 1779119771, "type": "safe_tx", "device": "node-11-pulsing", "metadata": {}}
{"timestamp": 1779119771, "type": "dos_spam", "device": "node-11-pulsing", "metadata": {}}
{"timestamp": 1779119771, "type": "safe_tx", "device": "node-8-spammer", "metadata": {}}
{"timestamp": 1779119771, "type": "safe_tx", "device": "node-8-spammer", "metadata": {}}
{"timestamp": 1779119771, "type": "safe_tx", "device": "node-11-pulsing", "metadata": {}}
{"timestamp": 1779119771, "type": "safe_tx", "device": "node-10-fuzzer", "metadata": {}}
{"timestamp": 1779119771, "type": "safe_tx", "device": "node-8-spammer", "metadata": {}}
{"timestamp": 1779119771, "type": "safe_tx", "device": "node-11-pulsing", "metadata": {}}
{"timestamp": 1779119771, "type": "safe_tx", "device": "node-11-pulsing", "metadata": {}}
{"timestamp": 1779119772, "type": "safe_tx", "device": "node-11-pulsing", "metadata": {}}
{"timestamp": 1779119772, "type": "safe_tx", "device": "node-5-clean", "metadata": {}}
{"timestamp": 1779119772, "type": "safe_tx", "device": "node-11-pulsing", "metadata": {}}
{"timestamp": 1779119772, "type": "safe_tx", "device": "node-3-clean", "metadata": {}}
{"timestamp": 1779119772, "type": "safe_tx", "device": "node-9-stealth", "metadata": {}}
{"timestamp": 1779119772, "type": "safe_tx", "device": "node-15-mixed", "metadata": {}}
{"timestamp": 1779119772, "type": "safe_tx", "device": "node-2-clean", "metadata": {}}
{"timestamp": 1779119773, "type": "safe_tx", "device": "node-10-fuzzer", "metadata": {}}
{"timestamp": 1779119773, "type": "safe_tx", "device": "node-13-mixed", "metadata": {}}
{"timestamp": 1779119773, "type": "safe_tx", "device": "node-4-clean", "metadata": {}}
{"timestamp": 1779119773, "type": "safe_tx", "device": "node-5-clean", "metadata": {}}
{"timestamp": 1779119773, "type": "safe_tx", "device": "node-1-clean", "metadata": {}}
{"timestamp": 1779119774, "type": "safe_tx", "device": "node-12-mixed", "metadata": {}}
{"timestamp": 1779119775, "type": "time_anomaly", "device": "node-14-mixed", "metadata": {}}
{"timestamp": 1779119774, "type": "safe_tx", "device": "node-3-clean", "metadata": {}}
{"timestamp": 1779119774, "type": "fuzzing", "device": "node-10-fuzzer", "metadata": {}}
{"timestamp": 1779119775, "type": "time_anomaly", "device": "node-7-timespoof", "metadata": {}}
{"timestamp": 1779119774, "type": "safe_tx", "device": "node-6-overflow", "metadata": {}}
{"timestamp": 1779119774, "type": "safe_tx", "device": "node-8-spammer", "metadata": {}}
{"timestamp": 1779119774, "type": "safe_tx", "device": "node-8-spammer", "metadata": {}}
{"timestamp": 1779119774, "type": "safe_tx", "device": "node-8-spammer", "metadata": {}}
{"timestamp": 1779119774, "type": "safe_tx", "device": "node-8-spammer", "metadata": {}}
{"timestamp": 1779119774, "type": "safe_tx", "device": "node-8-spammer", "metadata": {}}
{"timestamp": 1779119774, "type": "safe_tx", "device": "node-8-spammer", "metadata": {}}
{"timestamp": 1779119775, "type": "time_anomaly", "device": "node-13-mixed", "metadata": {}}
