{"timestamp": 1779122475, "type": "safe_tx", "device": "node-1-clean", "metadata": {}}
{"timestamp": 1779122475, "type": "safe_tx", "device": "node-9-stealth", "metadata": {}}
{"timestamp": 1779122475, "type": "time_anomaly", "device": "node-7-timespoof", "metadata": {}}
{"timestamp": 1779122476, "type": "safe_tx", "device": "node-3-clean", "metadata": {}}
{"timestamp": 1779122477, "type": "safe_tx", "device": "node-8-spammer", "metadata": {}}
{"timestamp": 1779122477, "type": "safe_tx", "device": "node-8-spammer", "metadata": {}}
{"timestamp": 1779122477, "type": "safe_tx", "device": "node-8-spammer", "metadata": {}}
{"timestamp": 1779122477, "type": "safe_tx", "device": "node-8-spammer", "metadata": {}}
{"timestamp": 1779122477, "type": "safe_tx", "device": "node-8-spammer", "metadata": {}}
{"timestamp": 1779122477, "type": "safe_tx", "device": "node-8-spammer", "metadata": {}}
{"timestamp": 1779122477, "type": "safe_tx", "device": "node-8-spammer", "metadata": {}}
{"timestamp": 1779122477, "type": "safe_tx", "device": "node-8-spammer", "metadata": {}}
{"timestamp": 1779122477, "type": "safe_tx", "device": "node-8-spammer", "metadata": {}}
{"timestamp": 1779122477, "type": "safe_tx", "device": "node-8-spammer", "metadata": {}}
{"timestamp": 1779122477, "type": "safe_tx", "device": "node-8-spammer", "metadata": {}}
{"timestamp": 1779122477, "type": "safe_tx", "device": "node-2-clean", "metadata": {}}
{"timestamp": 1779122477, "type": "safe_tx", "device": "node-8-spammer", "metadata": {}}
{"timestamp": 1779122477, "type": "safe_tx", "device": "node-8-spammer", "metadata": {}}
{"timestamp": 1779122477, "type": "safe_tx", "device": "node-8-spammer", "metadata": {}}
{"timestamp": 1779122477, "type": "safe_tx", "device": "node-8-spammer", "metadata": {}}
{"timestamp": 1779122477, "type": "dos_spam", "device": "node-8-spammer", "metadata": {}}
{"timestamp": 1779122478, "type": "safe_tx", "device": "node-4-clean", "metadata": {}}
{"timestamp": 1779122478, "type": "safe_tx", "device": "node-1-clean", "metadata": {}}
{"timestamp": 1779122478, "type": "safe_tx", "device": "node-13-mixed", "metadata": {}}
{"timestamp": 1779122478, "type": "safe_tx", "device": "node-12-mixed", "metadata": {}}
{"timestamp": 1779122478, "type": "overflow", "device": "node-10-fuzzer", "metadata": {"count": 3, "window_sec": 30}}
{"timestamp": 1779122479, "type": "safe_tx", "device": "node-8-spammer", "metadata": {}}
{"timestamp": 1779122479, "type": "safe_tx", "device": "node-8-spammer", "metadata": {}}
{"timestamp": 1779122479, "type": "safe_tx", "device": "node-8-spammer", "metadata": {}}
{"timestamp": 1779122479, "type": "safe_tx", "device": "node-15-mixed", "metadata": {}}
{"timestamp": 1779122479, "type": "safe_tx", "device": "node-3-clean", "metadata": {}}
{"timestamp": 1779122479, "type": "safe_tx", "device": "node-1-clean", "metadata": {}}
{"timestamp": 1779122479, "type": "safe_tx", "device": "node-13-mixed", "metadata": {}}
{"timestamp": 1779122479, "type": "safe_tx", "device": "node-10-fuzzer", "metadata": {}}
{"timestamp": 1779122479, "type": "time_anomaly", "device": "node-14-mixed", "metadata": {}}
{"timestamp": 1779122479, "type": "safe_tx", "device": "node-3-clean", "metadata": {}}
{"timestamp": 1779122479, "type": "safe_tx", "device": "node-2-clean", "metadata": {}}
{"timestamp": 1779122479, "type": "safe_tx", "device": "node-8-spammer", "metadata": {}}
{"timestamp": 1779122480, "type": "safe_tx", "device": "node-8-spammer", "metadata": {}}
{"timestamp": 1779122480, "type": "safe_tx", "device": "node-5-clean", "metadata": {}}
{"timestamp": 1779122480, "type": "safe_tx", "device": "node-4-clean", "metadata": {}}
{"timestamp": 1779122480, "type": "time_anomaly", "device": "node-7-timespoof", "metadata": {}}
{"timestamp": 1779122480, "type": "safe_tx", "device": "node-9-stealth", "metadata": {}}
{"timestamp": 1779122480, "type": "time_anomaly", "device": "node-15-mixed", "metadata": {}}
{"timestamp": 1779122481, "type": "safe_tx", "device": "node-10-fuzzer", "metadata": {}}
{"timestamp": 1779122481, "type": "safe_tx", "device": "node-12-mixed", "metadata": {}}
{"timestamp": 1779122481, "type": "safe_tx", "device": "node-13-mixed", "metadata": {}}
{"timestamp": 1779122481, "type": "safe_tx", "device": "node-8-spammer", "metadata": {}}
{"timestamp": 1779122481, "type": "safe_tx", "device": "node-14-mixed", "metadata": {}}
{"timestamp": 1779122481, "type": "safe_tx", "device": "node-3-clean", "metadata": {}}
{"timestamp": 1779122483, "type": "time_anomaly", "device": "node-15-mixed", "metadata": {}}
{"timestamp": 1779122482, "type": "safe_tx", "device": "node-10-fuzzer", "metadata": {}}
{"timestamp": 1779122482, "type": "safe_tx", "device": "node-2-clean", "metadata": {}}
{"timestamp": 1779122482, "type": "safe_tx", "device": "node-3-clean", "metadata": {}}
{"timestamp": 1779122482, "type": "safe_tx", "device": "node-8-spammer", "metadata": {}}
{"timestamp": 1779122482, "type": "safe_tx", "device": "node-8-spammer", "metadata": {}}
{"timestamp": 1779122482, "type": "safe_tx", "device": "node-8-spammer", "metadata": {}}
{"timestamp": 1779122482, "type": "safe_tx", "device": "node-8-spammer", "metadata": {}}
{"timestamp": 1779122482, "type": "safe_tx", "device": "node-8-spammer", "metadata": {}}
{"timestamp": 1779122482, "type": "safe_tx", "device": "node-5-clean", "metadata": {}}
{"timestamp": 1779122482, "type": "safe_tx", "device": "node-8-spammer", "metadata": {}}
{"timestamp": 1779122482, "type": "safe_tx", "device": "node-8-spammer", "metadata": {}}
{"timestamp": 1779122482, "type": "safe_tx", "device": "node-8-spammer", "metadata": {}}
{"timestamp": 1779122482, "type": "safe_tx", "device": "node-8-spammer", "metadata": {}}
{"timestamp": 1779122482, "type": "dos_spam", "device": "node-8-spammer", "metadata": {"count": 30, "window_sec": 5}}
{"timestamp": 1779122482, "type": "safe_tx", "device": "node-1-clean", "metadata": {}}
{"timestamp": 1779122482, "type": "safe_tx", "device": "node-15-mixed", "metadata": {}}
{"timestamp": 1779122483, "type": "safe_tx", "device": "node-4-clean", "metadata": {}}
{"timestamp": 1779122484, "type": "time_anomaly", "device": "node-13-mixed", "metadata": {}}
{"timestamp": 1779122483, "type": "safe_tx", "device": "node-8-spammer", "metadata": {}}
{"timestamp": 1779122483, "type": "safe_tx", "device": "node-8-spammer", "metadata": {}}
{"timestamp": 1779122483, "type": "safe_tx", "device": "node-8-spammer", "metadata": {}}
{"timestamp": 1779122483, "type": "safe_tx", "device": "node-8-spammer", "metadata": {}}
{"timestamp": 1779122483, "type": "safe_tx", "device": "node-9-stealth", "metadata": {}}
{"timestamp": 1779122483, "type": "safe_tx", "device": "node-8-spammer", "metadata": {}}
{"timestamp": 1779122483, "type": "dos_spam", "device": "node-8-spammer", "metadata": {}}
{"timestamp": 1779122483, "type": "safe_tx", "device": "node-8-spammer", "metadata": {}}
{"timestamp": 1779122483, "type": "safe_tx", "device": "node-8-spammer", "metadata": {}}
{"timestamp": 1779122483, "type": "safe_tx", "device": "node-2-clean", "metadata": {}}
{"timestamp": 1779122483, "type": "safe_tx", "device": "node-8-spammer", "metadata": {}}
{"timestamp": 1779122483, "type": "safe_tx", "device": "node-8-spammer", "metadata": {}}
{"timestamp": 1779122483, "type": "safe_tx", "device": "node-8-spammer", "metadata": {}}
{"timestamp": 1779122483, "type": "safe_tx", "device": "node-8-spammer", "metadata": {}}
{"timestamp": 1779122484, "type": "safe_tx", "device": "node-8-spammer", "metadata": {}}
{"timestamp": 1779122484, "type": "safe_tx", "device": "node-8-spammer", "metadata": {}}
{"timestamp": 1779122484, "type": "safe_tx", "device": "node-8-spammer", "metadata": {}}
{"timestamp": 1779122484, "type": "safe_tx", "device": "node-8-spammer", "metadata": {}}
{"timestamp": 1779122484, "type": "safe_tx", "device": "node-8-spammer", "metadata": {}}
{"timestamp": 1779122484, "type": "safe_tx", "device": "node-8-spammer", "metadata": {}}
{"timestamp": 1779122484, "type": "safe_tx", "device": "node-8-spammer", "metadata": {}}
{"timestamp": 1779122484, "type": "safe_tx", "device": "node-2-clean", "metadata": {}}
{"timestamp": 1779122484, "type": "safe_tx", "device": "node-8-spammer", "metadata": {}}
{"timestamp": 1779122484, "type": "safe_tx", "device": "node-8-spammer", "metadata": {}}
{"timestamp": 1779122484, "type": "dos_spam", "device": "node-8-spammer", "metadata": {}}
{"timestamp": 1779122484, "type": "safe_tx", "device": "node-1-clean", "metadata": {}}
{"timestamp": 1779122484, "type": "safe_tx", "device": "node-3-clean", "metadata": {}}
{"timestamp": 1779122485, "type": "safe_tx", "device": "node-14-mixed", "metadata": {}}
{"timestamp": 1779122485, "type": "safe_tx", "device": "node-4-clean", "metadata": {}}
{"timestamp": 1779122485, "type": "safe_tx", "device": "node-8-spammer", "metadata": {}}
{"timestamp": 1779122485, "type": "safe_tx", "device": "node-8-spammer", "metadata": {}}
{"timestamp": 1779122485, "type": "safe_tx", "device": "node-8-spammer", "metadata": {}}
{"timestamp": 1779122485, "type": "safe_tx", "device": "node-13-mixed", "metadata": {}}
{"timestamp": 1779122485, "type": "safe_tx", "device": "node-5-clean", "metadata": {}}
{"timestamp": 1779122485, "type": "safe_tx", "device": "node-3-clean", "metadata": {}}
{"timestamp": 1779122486, "type": "safe_tx", "device": "node-15-mixed", "metadata": {}}
{"timestamp": 1779122487, "type": "time_anomaly", "device": "node-7-timespoof", "metadata": {}}
{"timestamp": 1779122486, "type": "fuzzing", "device": "node-10-fuzzer", "metadata": {}}
{"timestamp": 1779122486, "type": "safe_tx", "device": "node-8-spammer", "metadata": {}}
{"timestamp": 1779122486, "type": "safe_tx", "device": "node-8-spammer", "metadata": {}}
{"timestamp": 1779122486, "type": "safe_tx", "device": "node-8-spammer", "metadata": {}}
{"timestamp": 1779122486, "type": "safe_tx", "device": "node-12-mixed", "metadata": {}}
{"timestamp": 1779122486, "type": "safe_tx", "device": "node-5-clean", "metadata": {}}
{"timestamp": 1779122486, "type": "safe_tx", "device": "node-2-clean", "metadata": {}}
{"timestamp": 1779122486, "type": "overflow", "device": "node-6-overflow", "metadata": {"count": 3, "window_sec": 30}}
{"timestamp": 1779122486, "type": "safe_tx", "device": "node-9-stealth", "metadata": {}}
{"timestamp": 1779122487, "type": "safe_tx", "device": "node-8-spammer", "metadata": {}}
{"timestamp": 1779122487, "type": "safe_tx", "device": "node-8-spammer", "metadata": {}}
{"timestamp": 1779122487, "type": "safe_tx", "device": "node-8-spammer", "metadata": {}}
{"timestamp": 1779122487, "type": "safe_tx", "device": "node-8-spammer", "metadata": {}}
{"timestamp": 1779122487, "type": "dos_spam", "device": "node-8-spammer", "metadata": {"count": 30, "window_sec": 5}}
{"timestamp": 1779122487, "type": "safe_tx", "device": "node-8-spammer", "metadata": {}}
{"timestamp": 1779122487, "type": "safe_tx", "device": "node-1-clean", "metadata": {}}
{"timestamp": 1779122487, "type": "safe_tx", "device": "node-8-spammer", "metadata": {}}
{"timestamp": 1779122487, "type": "safe_tx", "device": "node-8-spammer", "metadata": {}}
{"timestamp": 1779122487, "type": "safe_tx", "device": "node-15-mixed", "metadata": {}}
{"timestamp": 1779122487, "type": "safe_tx", "device": "node-13-mixed", "metadata": {}}
{"timestamp": 1779122487, "type": "safe_tx", "device": "node-5-clean", "metadata": {}}
{"timestamp": 1779122487, "type": "safe_tx", "device": "node-15-mixed", "metadata": {}}
{"timestamp": 1779122488, "type": "fuzzing", "device": "node-10-fuzzer", "metadata": {}}
{"timestamp": 1779122488, "type": "safe_tx", "device": "node-14-mixed", "metadata": {}}
{"timestamp": 1779122488, "type": "safe_tx", "device": "node-8-spammer", "metadata": {}}
{"timestamp": 1779122488, "type": "safe_tx", "device": "node-2-clean", "metadata": {}}
{"timestamp": 1779122488, "type": "safe_tx", "device": "node-8-spammer", "metadata": {}}
{"timestamp": 1779122488, "type": "safe_tx", "device": "node-8-spammer", "metadata": {}}
{"timestamp": 1779122488, "type": "safe_tx", "device": "node-3-clean", "metadata": {}}
{"timestamp": 1779122489, "type": "time_anomaly", "device": "node-13-mixed", "metadata": {}}
{"timestamp": 1779122488, "type": "safe_tx", "device": "node-9-stealth", "metadata": {}}
{"timestamp": 1779122488, "type": "safe_tx", "device": "node-14-mixed", "metadata": {}}
{"timestamp": 1779122488, "type": "safe_tx", "device": "node-4-clean", "metadata": {}}
{"timestamp": 1779122489, "type": "safe_tx", "device": "node-10-fuzzer", "metadata": {}}
{"timestamp": 1779122489, "type": "safe_tx", "device": "node-8-spammer", "metadata": {}}
{"timestamp": 1779122489, "type": "safe_tx", "device": "node-14-mixed", "metadata": {}}
{"timestamp": 1779122489, "type": "safe_tx", "device": "node-8-spammer", "metadata": {}}
{"timestamp": 1779122489, "type": "safe_tx", "device": "node-8-spammer", "metadata": {}}
{"timestamp": 1779122489, "type": "safe_tx", "device": "node-8-spammer", "metadata": {}}
{"timestamp": 1779122489, "type": "safe_tx", "device": "node-8-spammer", "metadata": {}}
{"timestamp": 1779122489, "type": "dos_spam", "device": "node-8-spammer", "metadata": {}}
{"timestamp": 1779122489, "type": "safe_tx", "device": "node-8-spammer", "metadata": {}}
{"timestamp": 1779122489, "type": "safe_tx", "device": "node-13-mixed", "metadata": {}}
{"timestamp": 1779122490, "type": "safe_tx", "device": "node-5-clean", "metadata": {}}
{"timestamp": 1779122490, "type": "safe_tx", "device": "node-8-spammer", "metadata": {}}
{"timestamp": 1779122490, "type": "safe_tx", "device": "node-8-spammer", "metadata": {}}
{"timestamp": 1779122490, "type": "safe_tx", "device": "node-10-fuzzer", "metadata": {}}
{"timestamp": 1779122490, "type": "safe_tx", "device": "node-8-spammer", "metadata": {}}
{"timestamp": 1779122490, "type": "safe_tx", "device": "node-8-spammer", "metadata": {}}
{"timestamp": 1779122490, "type": "safe_tx", "device": "node-9-stealth", "metadata": {}}
{"timestamp": 1779122490, "type": "safe_tx", "device": "node-8-spammer", "metadata": {}}
{"timestamp": 1779122490, "type": "safe_tx", "device": "node-8-spammer", "metadata": {}}
{"timestamp": 1779122491, "type": "safe_tx", "device": "node-8-spammer", "metadata": {}}
{"timestamp": 1779122491, "type": "safe_tx", "device": "node-10-fuzzer", "metadata": {}}
{"timestamp": 1779122491, "type": "safe_tx", "device": "node-8-spammer", "metadata": {}}
{"timestamp": 1779122491, "type": "safe_tx", "device": "node-1-clean", "metadata": {}}
{"timestamp": 1779122491, "type": "safe_tx", "device": "node-8-spammer", "metadata": {}}
{"timestamp": 1779122491, "type": "safe_tx", "device": "node-13-mixed", "metadata": {}}
{"timestamp": 1779122492, "type": "time_anomaly", "device": "node-7-timespoof", "metadata": {}}
{"timestamp": 1779122491, "type": "safe_tx", "device": "node-2-clean", "metadata": {}}
{"timestamp": 1779122491, "type": "safe_tx", "device": "node-3-clean", "metadata": {}}
{"timestamp": 1779122491, "type": "safe_tx", "device": "node-15-mixed", "metadata": {}}
{"timestamp": 1779122492, "type": "time_anomaly", "device": "node-13-mixed", "metadata": {}}
{"timestamp": 1779122491, "type": "safe_tx", "device": "node-14-mixed", "metadata": {}}
{"timestamp": 1779122491, "type": "safe_tx", "device": "node-3-clean", "metadata": {}}
{"timestamp": 1779122492, "type": "safe_tx", "device": "node-4-clean", "metadata": {}}
{"timestamp": 1779122492, "type": "overflow", "device": "node-13-mixed", "metadata": {"count": 3, "window_sec": 30}}
{"timestamp": 1779122492, "type": "fuzzing", "device": "node-10-fuzzer", "metadata": {}}
{"timestamp": 1779122492, "type": "safe_tx", "device": "node-1-clean", "metadata": {}}
{"timestamp": 1779122493, "type": "safe_tx", "device": "node-8-spammer", "metadata": {}}
{"timestamp": 1779122493, "type": "safe_tx", "device": "node-2-clean", "metadata": {}}
{"timestamp": 1779122493, "type": "safe_tx", "device": "node-9-stealth", "metadata": {}}
{"timestamp": 1779122493, "type": "safe_tx", "device": "node-1-clean", "metadata": {}}
{"timestamp": 1779122493, "type": "safe_tx", "device": "node-5-clean", "metadata": {}}
{"timestamp": 1779122493, "type": "fuzzing", "device": "node-10-fuzzer", "metadata": {}}
{"timestamp": 1779122493, "type": "safe_tx", "device": "node-8-spammer", "metadata": {}}
{"timestamp": 1779122493, "type": "safe_tx", "device": "node-8-spammer", "metadata": {}}
{"timestamp": 1779122493, "type": "safe_tx", "device": "node-8-spammer", "metadata": {}}
{"timestamp": 1779122493, "type": "safe_tx", "device": "node-8-spammer", "metadata": {}}
{"timestamp": 1779122493, "type": "safe_tx", "device": "node-6-overflow", "metadata": {}}
{"timestamp": 1779122494, "type": "safe_tx", "device": "node-15-mixed", "metadata": {}}
{"timestamp": 1779122494, "type": "safe_tx", "device": "node-3-clean", "metadata": {}}
{"timestamp": 1779122495, "type": "time_anomaly", "device": "node-13-mixed", "metadata": {}}
{"timestamp": 1779122494, "type": "safe_tx", "device": "node-1-clean", "metadata": {}}
{"timestamp": 1779122494, "type": "safe_tx", "device": "node-9-stealth", "metadata": {}}
{"timestamp": 1779122494, "type": "safe_tx", "device": "node-10-fuzzer", "metadata": {}}
{"timestamp": 1779122495, "type": "safe_tx", "device": "node-14-mixed", "metadata": {}}
{"timestamp": 1779122495, "type": "safe_tx", "device": "node-15-mixed", "metadata": {}}
{"timestamp": 1779122495, "type": "safe_tx", "device": "node-8-spammer", "metadata": {}}
{"timestamp": 1779122495, "type": "safe_tx", "device": "node-3-clean", "metadata": {}}
{"timestamp": 1779122495, "type": "safe_tx", "device": "node-1-clean", "metadata": {}}
{"timestamp": 1779122495, "type": "safe_tx", "device": "node-4-clean", "metadata": {}}
{"timestamp": 1779122495, "type": "safe_tx", "device": "node-13-mixed", "metadata": {}}
{"timestamp": 1779122496, "type": "safe_tx", "device": "node-10-fuzzer", "metadata": {}}
{"timestamp": 1779122496, "type": "safe_tx", "device": "node-5-clean", "metadata": {}}
{"timestamp": 1779122496, "type": "safe_tx", "device": "node-8-spammer", "metadata": {}}
{"timestamp": 1779122496, "type": "safe_tx", "device": "node-8-spammer", "metadata": {}}
{"timestamp": 1779122497, "type": "time_anomaly", "device": "node-7-timespoof", "metadata": {}}
{"timestamp": 1779122496, "type": "safe_tx", "device": "node-2-clean", "metadata": {}}
{"timestamp": 1779122497, "type": "time_anomaly", "device": "node-14-mixed", "metadata": {}}
{"timestamp": 1779122497, "type": "overflow", "device": "node-6-overflow", "metadata": {"count": 3, "window_sec": 30}}
{"timestamp": 1779122497, "type": "safe_tx", "device": "node-5-clean", "metadata": {}}
{"timestamp": 1779122497, "type": "safe_tx", "device": "node-5-clean", "metadata": {}}
{"timestamp": 1779122497, "type": "safe_tx", "device": "node-8-spammer", "metadata": {}}
{"timestamp": 1779122497, "type": "safe_tx", "device": "node-9-stealth", "metadata": {}}
{"timestamp": 1779122497, "type": "safe_tx", "device": "node-12-mixed", "metadata": {}}
{"timestamp": 1779122497, "type": "safe_tx", "device": "node-3-clean", "metadata": {}}
{"timestamp": 1779122497, "type": "fuzzing", "device": "node-10-fuzzer", "metadata": {}}
{"timestamp": 1779122498, "type": "safe_tx", "device": "node-2-clean", "metadata": {}}
{"timestamp": 1779122498, "type": "safe_tx", "device": "node-8-spammer", "metadata": {}}
{"timestamp": 1779122498, "type": "safe_tx", "device": "node-8-spammer", "metadata": {}}
{"timestamp": 1779122499, "type": "time_anomaly", "device": "node-15-mixed", "metadata": {}}
{"timestamp": 1779122498, "type": "safe_tx", "device": "node-8-spammer", "metadata": {}}
{"timestamp": 1779122498, "type": "safe_tx", "device": "node-1-clean", "metadata": {}}
{"timestamp": 1779122498, "type": "safe_tx", "device": "node-14-mixed", "metadata": {}}
{"timestamp": 1779122498, "type": "fuzzing", "device": "node-10-fuzzer", "metadata": {}}
{"timestamp": 1779122498, "type": "safe_tx", "device": "node-13-mixed", "metadata": {}}
{"timestamp": 1779122500, "type": "time_anomaly", "device": "node-12-mixed", "metadata": {}}
{"timestamp": 1779122499, "type": "safe_tx", "device": "node-13-mixed", "metadata": {}}
{"timestamp": 1779122500, "type": "time_anomaly", "device": "node-14-mixed", "metadata": {}}
{"timestamp": 1779122499, "type": "safe_tx", "device": "node-8-spammer", "metadata": {}}
{"timestamp": 1779122499, "type": "safe_tx", "device": "node-8-spammer", "metadata": {}}
{"timestamp": 1779122499, "type": "safe_tx", "device": "node-8-spammer", "metadata": {}}
{"timestamp": 1779122499, "type": "safe_tx", "device": "node-8-spammer", "metadata": {}}
{"timestamp": 1779122500, "type": "safe_tx", "device": "node-9-stealth", "metadata": {}}
{"timestamp": 1779122500, "type": "safe_tx", "device": "node-8-spammer", "metadata": {}}
{"timestamp": 1779122500, "type": "safe_tx", "device": "node-10-fuzzer", "metadata": {}}
{"timestamp": 1779122500, "type": "safe_tx", "device": "node-4-clean", "metadata": {}}
{"timestamp": 1779122500, "type": "safe_tx", "device": "node-6-overflow", "metadata": {}}
{"timestamp": 1779122500, "type": "safe_tx", "device": "node-8-spammer", "metadata": {}}
{"timestamp": 1779122500, "type": "safe_tx", "device": "node-8-spammer", "metadata": {}}
{"timestamp": 1779122500, "type": "safe_tx", "device": "node-8-spammer", "metadata": {}}
{"timestamp": 1779122500, "type": "safe_tx", "device": "node-3-clean", "metadata": {}}
{"timestamp": 1779122501, "type": "safe_tx", "device": "node-5-clean", "metadata": {}}
{"timestamp": 1779122501, "type": "overflow", "device": "node-15-mixed", "metadata": {"count": 3, "window_sec": 30}}
{"timestamp": 1779122501, "type": "safe_tx", "device": "node-2-clean", "metadata": {}}
{"timestamp": 1779122501, "type": "safe_tx", "device": "node-10-fuzzer", "metadata": {}}
{"timestamp": 1779122501, "type": "safe_tx", "device": "node-4-clean", "metadata": {}}
{"timestamp": 1779122502, "type": "time_anomaly", "device": "node-14-mixed", "metadata": {}}
{"timestamp": 1779122501, "type": "safe_tx", "device": "node-1-clean", "metadata": {}}
{"timestamp": 1779122502, "type": "time_anomaly", "device": "node-7-timespoof", "metadata": {}}
{"timestamp": 1779122502, "type": "safe_tx", "device": "node-8-spammer", "metadata": {}}
{"timestamp": 1779122502, "type": "safe_tx", "device": "node-8-spammer", "metadata": {}}
{"timestamp": 1779122502, "type": "safe_tx", "device": "node-12-mixed", "metadata": {}}
{"timestamp": 1779122502, "type": "safe_tx", "device": "node-13-mixed", "metadata": {}}
{"timestamp": 1779122503, "type": "safe_tx", "device": "node-2-clean", "metadata": {}}
{"timestamp": 1779122503, "type": "overflow", "device": "node-10-fuzzer", "metadata": {"count": 3, "window_sec": 30}}
{"timestamp": 1779122503, "type": "safe_tx", "device": "node-8-spammer", "metadata": {}}
{"timestamp": 1779122503, "type": "safe_tx", "device": "node-14-mixed", "metadata": {}}
{"timestamp": 1779122503, "type": "safe_tx", "device": "node-8-spammer", "metadata": {}}
{"timestamp": 1779122503, "type": "safe_tx", "device": "node-12-mixed", "metadata": {}}
{"timestamp": 1779122503, "type": "safe_tx", "device": "node-9-stealth", "metadata": {}}
{"timestamp": 1779122503, "type": "safe_tx", "device": "node-4-clean", "metadata": {}}
{"timestamp": 1779122503, "type": "overflow", "device": "node-6-overflow", "metadata": {"count": 3, "window_sec": 30}}
{"timestamp": 1779122504, "type": "safe_tx", "device": "node-3-clean", "metadata": {}}
{"timestamp": 1779122504, "type": "safe_tx", "device": "node-8-spammer", "metadata": {}}
{"timestamp": 1779122504, "type": "safe_tx", "device": "node-8-spammer", "metadata": {}}
{"timestamp": 1779122504, "type": "safe_tx", "device": "node-8-spammer", "metadata": {}}
{"timestamp": 1779122504, "type": "safe_tx", "device": "node-10-fuzzer", "metadata": {}}
{"timestamp": 1779122504, "type": "safe_tx", "device": "node-15-mixed", "metadata": {}}
{"timestamp": 1779122504, "type": "safe_tx", "device": "node-1-clean", "metadata": {}}
{"timestamp": 1779122505, "type": "time_anomaly", "device": "node-14-mixed", "metadata": {}}
{"timestamp": 1779122504, "type": "safe_tx", "device": "node-12-mixed", "metadata": {}}
{"timestamp": 1779122504, "type": "safe_tx", "device": "node-5-clean", "metadata": {}}
{"timestamp": 1779122505, "type": "safe_tx", "device": "node-13-mixed", "metadata": {}}
{"timestamp": 1779122505, "type": "safe_tx", "device": "node-15-mixed", "metadata": {}}
{"timestamp": 1779122505, "type": "safe_tx", "device": "node-9-stealth", "metadata": {}}
{"timestamp": 1779122505, "type": "safe_tx", "device": "node-8-spammer", "metadata": {}}
{"timestamp": 1779122505, "type": "safe_tx", "device": "node-8-spammer", "metadata": {}}
{"timestamp": 1779122505, "type": "safe_tx", "device": "node-8-spammer", "metadata": {}}
{"timestamp": 1779122506, "type": "safe_tx", "device": "node-8-spammer", "metadata": {}}
{"timestamp": 1779122506, "type": "safe_tx", "device": "node-8-spammer", "metadata": {}}
{"timestamp": 1779122506, "type": "safe_tx", "device": "node-8-spammer", "metadata": {}}
{"timestamp": 1779122506, "type": "safe_tx", "device": "node-8-spammer", "metadata": {}}
{"timestamp": 1779122507, "type": "time_anomaly", "device": "node-7-timespoof", "metadata": {}}
{"timestamp": 1779122506, "type": "safe_tx", "device": "node-8-spammer", "metadata": {}}
{"timestamp": 1779122506, "type": "safe_tx", "device": "node-8-spammer", "metadata": {}}
{"timestamp": 1779122506, "type": "safe_tx", "device": "node-8-spammer", "metadata": {}}
{"timestamp": 1779122506, "type": "safe_tx", "device": "node-8-spammer", "metadata": {}}
{"timestamp": 1779122506, "type": "safe_tx", "device": "node-8-spammer", "metadata": {}}
{"timestamp": 1779122506, "type": "dos_spam", "device": "node-8-spammer", "metadata": {}}
{"timestamp": 1779122506, "type": "safe_tx", "device": "node-8-spammer", "metadata": {}}
{"timestamp": 1779122506, "type": "safe_tx", "device": "node-8-spammer", "metadata": {}}
{"timestamp": 1779122506, "type": "safe_tx", "device": "node-8-spammer", "metadata": {}}
{"timestamp": 1779122506, "type": "safe_tx", "device": "node-8-spammer", "metadata": {}}
{"timestamp": 1779122506, "type": "safe_tx", "device": "node-8-spammer", "metadata": {}}
{"timestamp": 1779122506, "type": "safe_tx", "device": "node-1-clean", "metadata": {}}
{"timestamp": 1779122506, "type": "safe_tx", "device": "node-11-pulsing", "metadata": {}}
{"timestamp": 1779122506, "type": "safe_tx", "device": "node-11-pulsing", "metadata": {}}
{"timestamp": 1779122507, "type": "safe_tx", "device": "node-11-pulsing", "metadata": {}}
{"timestamp": 1779122507, "type": "safe_tx", "device": "node-2-clean", "metadata": {}}
{"timestamp": 1779122507, "type": "safe_tx", "device": "node-11-pulsing", "metadata": {}}
{"timestamp": 1779122507, "type": "fuzzing", "device": "node-10-fuzzer", "metadata": {}}
{"timestamp": 1779122508, "type": "time_anomaly", "device": "node-14-mixed", "metadata": {}}
{"timestamp": 1779122507, "type": "safe_tx", "device": "node-11-pulsing", "metadata": {}}
{"timestamp": 1779122507, "type": "safe_tx", "device": "node-11-pulsing", "metadata": {}}
{"timestamp": 1779122507, "type": "safe_tx", "device": "node-5-clean", "metadata": {}}
{"timestamp": 1779122507, "type": "safe_tx", "device": "node-4-clean", "metadata": {}}
{"timestamp": 1779122507, "type": "safe_tx", "device": "node-11-pulsing", "metadata": {}}
{"timestamp": 1779122507, "type": "safe_tx", "device": "node-11-pulsing", "metadata": {}}
{"timestamp": 1779122507, "type": "safe_tx", "device": "node-3-clean", "metadata": {}}
{"timestamp": 1779122507, "type": "safe_tx", "device": "node-11-pulsing", "metadata": {}}
{"timestamp": 1779122507, "type": "safe_tx", "device": "node-11-pulsing", "metadata": {}}
{"timestamp": 1779122507, "type": "safe_tx", "device": "node-11-pulsing", "metadata": {}}
{"timestamp": 1779122507, "type": "safe_tx", "device": "node-11-pulsing", "metadata": {}}
{"timestamp": 1779122507, "type": "safe_tx", "device": "node-11-pulsing", "metadata": {}}
{"timestamp": 1779122507, "type": "safe_tx", "device": "node-11-pulsing", "metadata": {}}
{"timestamp": 1779122507, "type": "safe_tx", "device": "node-11-pulsing", "metadata": {}}
{"timestamp": 1779122507, "type": "dos_spam", "device": "node-11-pulsing", "metadata": {}}
{"timestamp": 1779122507, "type": "safe_tx", "device": "node-9-stealth", "metadata": {}}
{"timestamp": 1779122507, "type": "safe_tx", "device": "node-11-pulsing", "metadata": {}}
{"timestamp": 1779122507, "type": "safe_tx", "device": "node-11-pulsing", "metadata": {}}
{"timestamp": 1779122507, "type": "safe_tx", "device": "node-11-pulsing", "metadata": {}}
{"timestamp": 1779122507, "type": "safe_tx", "device": "node-8-spammer", "metadata": {}}
{"timestamp": 1779122507, "type": "safe_tx", "device": "node-11-pulsing", "metadata": {}}
{"timestamp": 1779122507, "type": "safe_tx", "device": "node-8-spammer", "metadata": {}}
{"timestamp": 1779122507, "type": "safe_tx", "device": "node-8-spammer", "metadata": {}}
{"timestamp": 1779122507, "type": "safe_tx", "device": "node-11-pulsing", "metadata": {}}
{"timestamp": 1779122508, "type": "safe_tx", "device": "node-15-mixed", "metadata": {}}
{"timestamp": 1779122509, "type": "time_anomaly", "device": "node-12-mixed", "metadata": {}}
{"timestamp": 1779122508, "type": "safe_tx", "device": "node-2-clean", "metadata": {}}
{"timestamp": 1779122508, "type": "safe_tx", "device": "node-6-overflow", "metadata": {}}
{"timestamp": 1779122508, "type": "safe_tx", "device": "node-3-clean", "metadata": {}}
{"timestamp": 1779122508, "type": "safe_tx", "device": "node-10-fuzzer", "metadata": {}}
{"timestamp": 1779122508, "type": "safe_tx", "device": "node-14-mixed", "metadata": {}}
{"timestamp": 1779122509, "type": "safe_tx", "device": "node-12-mixed", "metadata": {}}
{"timestamp": 1779122509, "type": "safe_tx", "device": "node-9-stealth", "metadata": {}}
{"timestamp": 1779122509, "type": "safe_tx", "device": "node-3-clean", "metadata": {}}
{"timestamp": 1779122509, "type": "safe_tx", "device": "node-8-spammer", "metadata": {}}
{"timestamp": 1779122510, "type": "time_anomaly", "device": "node-15-mixed", "metadata": {}}
{"timestamp": 1779122509, "type": "safe_tx", "device": "node-1-clean", "metadata": {}}
{"timestamp": 1779122509, "type": "safe_tx", "device": "node-15-mixed", "metadata": {}}
{"timestamp": 1779122510, "type": "overflow", "device": "node-14-mixed", "metadata": {"count": 3, "window_sec": 30}}
{"timestamp": 1779122510, "type": "safe_tx", "device": "node-5-clean", "metadata": {}}
{"timestamp": 1779122510, "type": "safe_tx", "device": "node-3-clean", "metadata": {}}
{"timestamp": 1779122511, "type": "time_anomaly", "device": "node-7-timespoof", "metadata": {}}
{"timestamp": 1779122511, "type": "safe_tx", "device": "node-8-spammer", "metadata": {}}
{"timestamp": 1779122511, "type": "safe_tx", "device": "node-8-spammer", "metadata": {}}
{"timestamp": 1779122511, "type": "safe_tx", "device": "node-8-spammer", "metadata": {}}
{"timestamp": 1779122511, "type": "overflow", "device": "node-13-mixed", "metadata": {"count": 3, "window_sec": 30}}
{"timestamp": 1779122511, "type": "safe_tx", "device": "node-4-clean", "metadata": {}}
{"timestamp": 1779122511, "type": "safe_tx", "device": "node-10-fuzzer", "metadata": {}}
{"timestamp": 1779122511, "type": "safe_tx", "device": "node-12-mixed", "metadata": {}}
{"timestamp": 1779122512, "type": "time_anomaly", "device": "node-13-mixed", "metadata": {}}
{"timestamp": 1779122512, "type": "safe_tx", "device": "node-2-clean", "metadata": {}}
{"timestamp": 1779122512, "type": "safe_tx", "device": "node-9-stealth", "metadata": {}}
{"timestamp": 1779122512, "type": "safe_tx", "device": "node-5-clean", "metadata": {}}
{"timestamp": 1779122512, "type": "safe_tx", "device": "node-12-mixed", "metadata": {}}
{"timestamp": 1779122512, "type": "safe_tx", "device": "node-3-clean", "metadata": {}}
{"timestamp": 1779122513, "type": "safe_tx", "device": "node-1-clean", "metadata": {}}
{"timestamp": 1779122513, "type": "safe_tx", "device": "node-4-clean", "metadata": {}}
{"timestamp": 1779122513, "type": "safe_tx", "device": "node-8-spammer", "metadata": {}}
{"timestamp": 1779122513, "type": "safe_tx", "device": "node-8-spammer", "metadata": {}}
{"timestamp": 1779122513, "type": "safe_tx", "device": "node-8-spammer", "metadata": {}}
{"timestamp": 1779122513, "type": "safe_tx", "device": "node-8-spammer", "metadata": {}}
{"timestamp": 1779122513, "type": "safe_tx", "device": "node-8-spammer", "metadata": {}}
{"timestamp": 1779122513, "type": "safe_tx", "device": "node-8-spammer", "metadata": {}}
{"timestamp": 1779122514, "type": "safe_tx", "device": "node-8-spammer", "metadata": {}}
{"timestamp": 1779122514, "type": "safe_tx", "device": "node-8-spammer", "metadata": {}}
{"timestamp": 1779122514, "type": "time_anomaly", "device": "node-7-timespoof", "metadata": {}}
{"timestamp": 1779122514, "type": "safe_tx", "device": "node-12-mixed", "metadata": {}}
{"timestamp": 1779122514, "type": "safe_tx", "device": "node-6-overflow", "metadata": {}}
{"timestamp": 1779122515, "type": "time_anomaly", "device": "node-13-mixed", "metadata": {}}
{"timestamp": 1779122514, "type": "safe_tx", "device": "node-1-clean", "metadata": {}}
{"timestamp": 1779122514, "type": "safe_tx", "device": "node-15-mixed", "metadata": {}}
{"timestamp": 1779122514, "type": "safe_tx", "device": "node-5-clean", "metadata": {}}
{"timestamp": 1779122515, "type": "safe_tx", "device": "node-13-mixed", "metadata": {}}
{"timestamp": 1779122515, "type": "safe_tx", "device": "node-8-spammer", "metadata": {}}
{"timestamp": 1779122515, "type": "safe_tx", "device": "node-3-clean", "metadata": {}}
{"timestamp": 1779122515, "type": "safe_tx", "device": "node-4-clean", "metadata": {}}
{"timestamp": 1779122515, "type": "fuzzing", "device": "node-10-fuzzer", "metadata": {}}
{"timestamp": 1779122515, "type": "safe_tx", "device": "node-2-clean", "metadata": {}}
{"timestamp": 1779122517, "type": "time_anomaly", "device": "node-14-mixed", "metadata": {}}
{"timestamp": 1779122517, "type": "time_anomaly", "device": "node-7-timespoof", "metadata": {}}
{"timestamp": 1779122516, "type": "safe_tx", "device": "node-12-mixed", "metadata": {}}
{"timestamp": 1779122516, "type": "safe_tx", "device": "node-8-spammer", "metadata": {}}
{"timestamp": 1779122516, "type": "safe_tx", "device": "node-8-spammer", "metadata": {}}
{"timestamp": 1779122516, "type": "safe_tx", "device": "node-8-spammer", "metadata": {}}
{"timestamp": 1779122516, "type": "safe_tx", "device": "node-8-spammer", "metadata": {}}
{"timestamp": 1779122516, "type": "safe_tx", "device": "node-8-spammer", "metadata": {}}
{"timestamp": 1779122516, "type": "safe_tx", "device": "node-8-spammer", "metadata": {}}
{"timestamp": 1779122516, "type": "safe_tx", "device": "node-8-spammer", "metadata": {}}
{"timestamp": 1779122516, "type": "safe_tx", "device": "node-8-spammer", "metadata": {}}
{"timestamp": 1779122516, "type": "safe_tx", "device": "node-8-spammer", "metadata": {}}
{"timestamp": 1779122516, "type": "safe_tx", "device": "node-8-spammer", "metadata": {}}
{"timestamp": 1779122517, "type": "safe_tx", "device": "node-9-stealth", "metadata": {}}
{"timestamp": 1779122517, "type": "safe_tx", "device": "node-15-mixed", "metadata": {}}
{"timestamp": 1779122517, "type": "safe_tx", "device": "node-1-clean", "metadata": {}}
{"timestamp": 1779122517, "type": "safe_tx", "device": "node-5-clean", "metadata": {}}
{"timestamp": 1779122517, "type": "fuzzing", "device": "node-10-fuzzer", "metadata": {}}
{"timestamp": 1779122518, "type": "time_anomaly", "device": "node-13-mixed", "metadata": {}}
{"timestamp": 1779122517, "type": "safe_tx", "device": "node-4-clean", "metadata": {}}
{"timestamp": 1779122517, "type": "safe_tx", "device": "node-9-stealth", "metadata": {}}
{"timestamp": 1779122518, "type": "safe_tx", "device": "node-2-clean", "metadata": {}}
{"timestamp": 1779122518, "type": "safe_tx", "device": "node-3-clean", "metadata": {}}
{"timestamp": 1779122518, "type": "safe_tx", "device": "node-12-mixed", "metadata": {}}
{"timestamp": 1779122519, "type": "time_anomaly", "device": "node-7-timespoof", "metadata": {}}
{"timestamp": 1779122519, "type": "safe_tx", "device": "node-10-fuzzer", "metadata": {}}
{"timestamp": 1779122519, "type": "safe_tx", "device": "node-14-mixed", "metadata": {}}
{"timestamp": 1779122519, "type": "safe_tx", "device": "node-4-clean", "metadata": {}}
{"timestamp": 1779122519, "type": "safe_tx", "device": "node-8-spammer", "metadata": {}}
{"timestamp": 1779122519, "type": "safe_tx", "device": "node-8-spammer", "metadata": {}}
{"timestamp": 1779122519, "type": "safe_tx", "device": "node-2-clean", "metadata": {}}
{"timestamp": 1779122519, "type": "safe_tx", "device": "node-8-spammer", "metadata": {}}
{"timestamp": 1779122519, "type": "safe_tx", "device": "node-15-mixed", "metadata": {}}
{"timestamp": 1779122519, "type": "safe_tx", "device": "node-4-clean", "metadata": {}}
{"timestamp": 1779122519, "type": "safe_tx", "device": "node-1-clean", "metadata": {}}
{"timestamp": 1779122519, "type": "overflow", "device": "node-6-overflow", "metadata": {"count": 3, "window_sec": 30}}
{"timestamp": 1779122520, "type": "safe_tx", "device": "node-9-stealth", "metadata": {}}
{"timestamp": 1779122520, "type": "safe_tx", "device": "node-8-spammer", "metadata": {}}
{"timestamp": 1779122520, "type": "safe_tx", "device": "node-8-spammer", "metadata": {}}
{"timestamp": 1779122520, "type": "safe_tx", "device": "node-8-spammer", "metadata": {}}
{"timestamp": 1779122520, "type": "safe_tx", "device": "node-3-clean", "metadata": {}}
{"timestamp": 1779122520, "type": "safe_tx", "device": "node-5-clean", "metadata": {}}
{"timestamp": 1779122521, "type": "safe_tx", "device": "node-13-mixed", "metadata": {}}
{"timestamp": 1779122521, "type": "fuzzing", "device": "node-10-fuzzer", "metadata": {}}
{"timestamp": 1779122521, "type": "safe_tx", "device": "node-1-clean", "metadata": {}}
{"timestamp": 1779122521, "type": "safe_tx", "device": "node-8-spammer", "metadata": {}}
{"timestamp": 1779122521, "type": "safe_tx", "device": "node-8-spammer", "metadata": {}}
{"timestamp": 1779122521, "type": "safe_tx", "device": "node-8-spammer", "metadata": {}}
{"timestamp": 1779122522, "type": "safe_tx", "device": "node-5-clean", "metadata": {}}
{"timestamp": 1779122522, "type": "safe_tx", "device": "node-3-clean", "metadata": {}}
{"timestamp": 1779122522, "type": "safe_tx", "device": "node-12-mixed", "metadata": {}}
{"timestamp": 1779122522, "type": "safe_tx", "device": "node-15-mixed", "metadata": {}}
{"timestamp": 1779122522, "type": "safe_tx", "device": "node-8-spammer", "metadata": {}}
{"timestamp": 1779122523, "type": "time_anomaly", "device": "node-7-timespoof", "metadata": {}}
{"timestamp": 1779122522, "type": "safe_tx", "device": "node-8-spammer", "metadata": {}}
{"timestamp": 1779122522, "type": "safe_tx", "device": "node-8-spammer", "metadata": {}}
{"timestamp": 1779122522, "type": "safe_tx", "device": "node-8-spammer", "metadata": {}}
{"timestamp": 1779122522, "type": "safe_tx", "device": "node-14-mixed", "metadata": {}}
{"timestamp": 1779122523, "type": "safe_tx", "device": "node-4-clean", "metadata": {}}
{"timestamp": 1779122523, "type": "safe_tx", "device": "node-1-clean", "metadata": {}}
{"timestamp": 1779122523, "type": "safe_tx", "device": "node-1-clean", "metadata": {}}
{"timestamp": 1779122523, "type": "overflow", "device": "node-10-fuzzer", "metadata": {"count": 3, "window_sec": 30}}
{"timestamp": 1779122523, "type": "safe_tx", "device": "node-8-spammer", "metadata": {}}
{"timestamp": 1779122523, "type": "safe_tx", "device": "node-3-clean", "metadata": {}}
{"timestamp": 1779122523, "type": "safe_tx", "device": "node-9-stealth", "metadata": {}}
{"timestamp": 1779122524, "type": "safe_tx", "device": "node-10-fuzzer", "metadata": {}}
{"timestamp": 1779122524, "type": "safe_tx", "device": "node-4-clean", "metadata": {}}
{"timestamp": 1779122524, "type": "safe_tx", "device": "node-15-mixed", "metadata": {}}
{"timestamp": 1779122524, "type": "safe_tx", "device": "node-2-clean", "metadata": {}}
{"timestamp": 1779122524, "type": "safe_tx", "device": "node-5-clean", "metadata": {}}
{"timestamp": 1779122524, "type": "safe_tx", "device": "node-8-spammer", "metadata": {}}
{"timestamp": 1779122524, "type": "safe_tx", "device": "node-8-spammer", "metadata": {}}
{"timestamp": 1779122524, "type": "safe_tx", "device": "node-8-spammer", "metadata": {}}
{"timestamp": 1779122524, "type": "safe_tx", "device": "node-8-spammer", "metadata": {}}
{"timestamp": 1779122524, "type": "safe_tx", "device": "node-8-spammer", "metadata": {}}
{"timestamp": 1779122524, "type": "safe_tx", "device": "node-8-spammer", "metadata": {}}
{"timestamp": 1779122524, "type": "safe_tx", "device": "node-1-clean", "metadata": {}}
{"timestamp": 1779122524, "type": "safe_tx", "device": "node-8-spammer", "metadata": {}}
{"timestamp": 1779122524, "type": "safe_tx", "device": "node-8-spammer", "metadata": {}}
{"timestamp": 1779122524, "type": "safe_tx", "device": "node-8-spammer", "metadata": {}}
{"timestamp": 1779122524, "type": "safe_tx", "device": "node-8-spammer", "metadata": {}}
{"timestamp": 1779122524, "type": "dos_spam", "device": "node-8-spammer", "metadata": {}}
{"timestamp": 1779122524, "type": "safe_tx", "device": "node-8-spammer", "metadata": {}}
{"timestamp": 1779122525, "type": "time_anomaly", "device": "node-7-timespoof", "metadata": {}}
{"timestamp": 1779122525, "type": "fuzzing", "device": "node-10-fuzzer", "metadata": {}}
{"timestamp": 1779122525, "type": "safe_tx", "device": "node-4-clean", "metadata": {}}
{"timestamp": 1779122525, "type": "safe_tx", "device": "node-13-mixed", "metadata": {}}
{"timestamp": 1779122525, "type": "safe_tx", "device": "node-8-spammer", "metadata": {}}
{"timestamp": 1779122525, "type": "overflow", "device": "node-6-overflow", "metadata": {"count": 3, "window_sec": 30}}
{"timestamp": 1779122525, "type": "safe_tx", "device": "node-8-spammer", "metadata": {}}
{"timestamp": 1779122525, "type": "safe_tx", "device": "node-8-spammer", "metadata": {}}
{"timestamp": 1779122525, "type": "safe_tx", "device": "node-8-spammer", "metadata": {}}
{"timestamp": 1779122525, "type": "safe_tx", "device": "node-9-stealth", "metadata": {}}
{"timestamp": 1779122526, "type": "safe_tx", "device": "node-1-clean", "metadata": {}}
{"timestamp": 1779122526, "type": "safe_tx", "device": "node-8-spammer", "metadata": {}}
{"timestamp": 1779122526, "type": "safe_tx", "device": "node-9-stealth", "metadata": {}}
{"timestamp": 1779122526, "type": "safe_tx", "device": "node-6-overflow", "metadata": {}}
{"timestamp": 1779122527, "type": "safe_tx", "device": "node-14-mixed", "metadata": {}}
{"timestamp": 1779122527, "type": "fuzzing", "device": "node-10-fuzzer", "metadata": {}}
{"timestamp": 1779122527, "type": "safe_tx", "device": "node-2-clean", "metadata": {}}
{"timestamp": 1779122527, "type": "safe_tx", "device": "node-12-mixed", "metadata": {}}
{"timestamp": 1779122527, "type": "safe_tx", "device": "node-1-clean", "metadata": {}}
{"timestamp": 1779122527, "type": "safe_tx", "device": "node-8-spammer", "metadata": {}}
{"timestamp": 1779122527, "type": "safe_tx", "device": "node-8-spammer", "metadata": {}}
{"timestamp": 1779122527, "type": "safe_tx", "device": "node-8-spammer", "metadata": {}}
{"timestamp": 1779122527, "type": "safe_tx", "device": "node-8-spammer", "metadata": {}}
{"timestamp": 1779122527, "type": "safe_tx", "device": "node-8-spammer", "metadata": {}}
{"timestamp": 1779122527, "type": "safe_tx", "device": "node-15-mixed", "metadata": {}}
{"timestamp": 1779122527, "type": "safe_tx", "device": "node-8-spammer", "metadata": {}}
{"timestamp": 1779122527, "type": "safe_tx", "device": "node-8-spammer", "metadata": {}}
{"timestamp": 1779122527, "type": "safe_tx", "device": "node-3-clean", "metadata": {}}
{"timestamp": 1779122527, "type": "fuzzing", "device": "node-10-fuzzer", "metadata": {}}
{"timestamp": 1779122527, "type": "safe_tx", "device": "node-2-clean", "metadata": {}}
{"timestamp": 1779122528, "type": "safe_tx", "device": "node-5-clean", "metadata": {}}
{"timestamp": 1779122528, "type": "safe_tx", "device": "node-4-clean", "metadata": {}}
{"timestamp": 1779122528, "type": "safe_tx", "device": "node-12-mixed", "metadata": {}}
{"timestamp": 1779122529, "type": "time_anomaly", "device": "node-13-mixed", "metadata": {}}
{"timestamp": 1779122529, "type": "safe_tx", "device": "node-14-mixed", "metadata": {}}
{"timestamp": 1779122529, "type": "overflow", "device": "node-9-stealth", "metadata": {"count": 3, "window_sec": 30}}
{"timestamp": 1779122529, "type": "safe_tx", "device": "node-5-clean", "metadata": {}}
{"timestamp": 1779122530, "type": "time_anomaly", "device": "node-7-timespoof", "metadata": {}}
{"timestamp": 1779122529, "type": "safe_tx", "device": "node-10-fuzzer", "metadata": {}}
{"timestamp": 1779122529, "type": "safe_tx", "device": "node-1-clean", "metadata": {}}
{"timestamp": 1779122530, "type": "safe_tx", "device": "node-12-mixed", "metadata": {}}
{"timestamp": 1779122530, "type": "safe_tx", "device": "node-5-clean", "metadata": {}}
{"timestamp": 1779122530, "type": "safe_tx", "device": "node-15-mixed", "metadata": {}}
{"timestamp": 1779122530, "type": "safe_tx", "device": "node-2-clean", "metadata": {}}
{"timestamp": 1779122530, "type": "safe_tx", "device": "node-8-spammer", "metadata": {}}
{"timestamp": 1779122531, "type": "safe_tx", "device": "node-3-clean", "metadata": {}}
{"timestamp": 1779122531, "type": "safe_tx", "device": "node-13-mixed", "metadata": {}}
{"timestamp": 1779122531, "type": "overflow", "device": "node-14-mixed", "metadata": {"count": 3, "window_sec": 30}}
{"timestamp": 1779122531, "type": "safe_tx", "device": "node-9-stealth", "metadata": {}}
{"timestamp": 1779122532, "type": "safe_tx", "device": "node-12-mixed", "metadata": {}}
{"timestamp": 1779122532, "type": "safe_tx", "device": "node-10-fuzzer", "metadata": {}}
{"timestamp": 1779122532, "type": "safe_tx", "device": "node-5-clean", "metadata": {}}
{"timestamp": 1779122532, "type": "safe_tx", "device": "node-8-spammer", "metadata": {}}
{"timestamp": 1779122532, "type": "safe_tx", "device": "node-8-spammer", "metadata": {}}
{"timestamp": 1779122532, "type": "safe_tx", "device": "node-15-mixed", "metadata": {}}
{"timestamp": 1779122533, "type": "safe_tx", "device": "node-2-clean", "metadata": {}}
{"timestamp": 1779122534, "type": "time_anomaly", "device": "node-7-timespoof", "metadata": {}}
{"timestamp": 1779122533, "type": "safe_tx", "device": "node-6-overflow", "metadata": {}}
{"timestamp": 1779122533, "type": "safe_tx", "device": "node-4-clean", "metadata": {}}
{"timestamp": 1779122533, "type": "safe_tx", "device": "node-9-stealth", "metadata": {}}
{"timestamp": 1779122533, "type": "safe_tx", "device": "node-1-clean", "metadata": {}}
{"timestamp": 1779122533, "type": "safe_tx", "device": "node-8-spammer", "metadata": {}}
{"timestamp": 1779122533, "type": "safe_tx", "device": "node-8-spammer", "metadata": {}}
{"timestamp": 1779122533, "type": "safe_tx", "device": "node-8-spammer", "metadata": {}}
{"timestamp": 1779122533, "type": "safe_tx", "device": "node-8-spammer", "metadata": {}}
{"timestamp": 1779122533, "type": "safe_tx", "device": "node-8-spammer", "metadata": {}}
{"timestamp": 1779122533, "type": "safe_tx", "device": "node-8-spammer", "metadata": {}}
{"timestamp": 1779122533, "type": "safe_tx", "device": "node-8-spammer", "metadata": {}}
{"timestamp": 1779122533, "type": "safe_tx", "device": "node-15-mixed", "metadata": {}}
{"timestamp": 1779122533, "type": "safe_tx", "device": "node-8-spammer", "metadata": {}}
{"timestamp": 1779122533, "type": "safe_tx", "device": "node-8-spammer", "metadata": {}}
{"timestamp": 1779122534, "type": "safe_tx", "device": "node-10-fuzzer", "metadata": {}}
{"timestamp": 1779122534, "type": "safe_tx", "device": "node-3-clean", "metadata": {}}
{"timestamp": 1779122534, "type": "safe_tx", "device": "node-8-spammer", "metadata": {}}
{"timestamp": 1779122534, "type": "safe_tx", "device": "node-8-spammer", "metadata": {}}
{"timestamp": 1779122534, "type": "safe_tx", "device": "node-8-spammer", "metadata": {}}
{"timestamp": 1779122534, "type": "safe_tx", "device": "node-2-clean", "metadata": {}}
{"timestamp": 1779122534, "type": "safe_tx", "device": "node-9-stealth", "metadata": {}}
{"timestamp": 1779122534, "type": "safe_tx", "device": "node-13-mixed", "metadata": {}}
{"timestamp": 1779122534, "type": "safe_tx", "device": "node-4-clean", "metadata": {}}
{"timestamp": 1779122534, "type": "overflow", "device": "node-12-mixed", "metadata": {"count": 3, "window_sec": 30}}
{"timestamp": 1779122535, "type": "safe_tx", "device": "node-8-spammer", "metadata": {}}
{"timestamp": 1779122535, "type": "safe_tx", "device": "node-13-mixed", "metadata": {}}
{"timestamp": 1779122535, "type": "safe_tx", "device": "node-14-mixed", "metadata": {}}
{"timestamp": 1779122535, "type": "safe_tx", "device": "node-5-clean", "metadata": {}}
{"timestamp": 1779122535, "type": "safe_tx", "device": "node-15-mixed", "metadata": {}}
{"timestamp": 1779122535, "type": "safe_tx", "device": "node-3-clean", "metadata": {}}
{"timestamp": 1779122536, "type": "safe_tx", "device": "node-1-clean", "metadata": {}}
{"timestamp": 1779122536, "type": "safe_tx", "device": "node-14-mixed", "metadata": {}}
{"timestamp": 1779122536, "type": "safe_tx", "device": "node-9-stealth", "metadata": {}}
{"timestamp": 1779122536, "type": "safe_tx", "device": "node-8-spammer", "metadata": {}}
{"timestamp": 1779122536, "type": "safe_tx", "device": "node-8-spammer", "metadata": {}}
{"timestamp": 1779122536, "type": "safe_tx", "device": "node-8-spammer", "metadata": {}}
{"timestamp": 1779122536, "type": "safe_tx", "device": "node-8-spammer", "metadata": {}}
{"timestamp": 1779122536, "type": "safe_tx", "device": "node-8-spammer", "metadata": {}}
{"timestamp": 1779122537, "type": "time_anomaly", "device": "node-13-mixed", "metadata": {}}
{"timestamp": 1779122536, "type": "safe_tx", "device": "node-2-clean", "metadata": {}}
{"timestamp": 1779122536, "type": "safe_tx", "device": "node-11-pulsing", "metadata": {}}
{"timestamp": 1779122536, "type": "safe_tx", "device": "node-11-pulsing", "metadata": {}}
{"timestamp": 1779122536, "type": "safe_tx", "device": "node-10-fuzzer", "metadata": {}}
{"timestamp": 1779122536, "type": "safe_tx", "device": "node-11-pulsing", "metadata": {}}
{"timestamp": 1779122536, "type": "safe_tx", "device": "node-4-clean", "metadata": {}}
{"timestamp": 1779122537, "type": "safe_tx", "device": "node-11-pulsing", "metadata": {}}
{"timestamp": 1779122537, "type": "safe_tx", "device": "node-11-pulsing", "metadata": {}}
{"timestamp": 1779122537, "type": "safe_tx", "device": "node-11-pulsing", "metadata": {}}
{"timestamp": 1779122537, "type": "safe_tx", "device": "node-11-pulsing", "metadata": {}}
{"timestamp": 1779122537, "type": "safe_tx", "device": "node-11-pulsing", "metadata": {}}
{"timestamp": 1779122537, "type": "safe_tx", "device": "node-12-mixed", "metadata": {}}
{"timestamp": 1779122537, "type": "safe_tx", "device": "node-11-pulsing", "metadata": {}}
{"timestamp": 1779122537, "type": "safe_tx", "device": "node-15-mixed", "metadata": {}}
{"timestamp": 1779122537, "type": "safe_tx", "device": "node-11-pulsing", "metadata": {}}
{"timestamp": 1779122537, "type": "safe_tx", "device": "node-11-pulsing", "metadata": {}}
{"timestamp": 1779122537, "type": "safe_tx", "device": "node-11-pulsing", "metadata": {}}
{"timestamp": 1779122538, "type": "time_anomaly", "device": "node-7-timespoof", "metadata": {}}
{"timestamp": 1779122537, "type": "safe_tx", "device": "node-11-pulsing", "metadata": {}}
{"timestamp": 1779122537, "type": "overflow", "device": "node-15-mixed", "metadata": {"count": 3, "window_sec": 30}}
{"timestamp": 1779122537, "type": "safe_tx", "device": "node-11-pulsing", "metadata": {}}
{"timestamp": 1779122537, "type": "safe_tx", "device": "node-2-clean", "metadata": {}}
{"timestamp": 1779122537, "type": "safe_tx", "device": "node-11-pulsing", "metadata": {}}
{"timestamp": 1779122537, "type": "dos_spam", "device": "node-11-pulsing", "metadata": {}}
{"timestamp": 1779122537, "type": "safe_tx", "device": "node-9-stealth", "metadata": {}}
{"timestamp": 1779122537, "type": "safe_tx", "device": "node-11-pulsing", "metadata": {}}
{"timestamp": 1779122537, "type": "safe_tx", "device": "node-11-pulsing", "metadata": {}}
{"timestamp": 1779122537, "type": "safe_tx", "device": "node-11-pulsing", "metadata": {}}
{"timestamp": 1779122537, "type": "safe_tx", "device": "node-11-pulsing", "metadata": {}}
{"timestamp": 1779122537, "type": "safe_tx", "device": "node-11-pulsing", "metadata": {}}
{"timestamp": 1779122537, "type": "safe_tx", "device": "node-8-spammer", "metadata": {}}
{"timestamp": 1779122537, "type": "safe_tx", "device": "node-14-mixed", "metadata": {}}
{"timestamp": 1779122537, "type": "safe_tx", "device": "node-8-spammer", "metadata": {}}
{"timestamp": 1779122538, "type": "safe_tx", "device": "node-1-clean", "metadata": {}}
{"timestamp": 1779122538, "type": "safe_tx", "device": "node-3-clean", "metadata": {}}
{"timestamp": 1779122538, "type": "safe_tx", "device": "node-5-clean", "metadata": {}}
{"timestamp": 1779122538, "type": "overflow", "device": "node-6-overflow", "metadata": {"count": 3, "window_sec": 30}}
{"timestamp": 1779122538, "type": "safe_tx", "device": "node-8-spammer", "metadata": {}}
{"timestamp": 1779122538, "type": "safe_tx", "device": "node-8-spammer", "metadata": {}}
{"timestamp": 1779122538, "type": "safe_tx", "device": "node-8-spammer", "metadata": {}}
{"timestamp": 1779122538, "type": "safe_tx", "device": "node-8-spammer", "metadata": {}}
{"timestamp": 1779122539, "type": "safe_tx", "device": "node-8-spammer", "metadata": {}}
{"timestamp": 1779122539, "type": "safe_tx", "device": "node-8-spammer", "metadata": {}}
{"timestamp": 1779122539, "type": "safe_tx", "device": "node-8-spammer", "metadata": {}}
{"timestamp": 1779122539, "type": "safe_tx", "device": "node-8-spammer", "metadata": {}}
{"timestamp": 1779122539, "type": "safe_tx", "device": "node-8-spammer", "metadata": {}}
{"timestamp": 1779122539, "type": "safe_tx", "device": "node-8-spammer", "metadata": {}}
{"timestamp": 1779122539, "type": "safe_tx", "device": "node-13-mixed", "metadata": {}}
{"timestamp": 1779122539, "type": "safe_tx", "device": "node-8-spammer", "metadata": {}}
{"timestamp": 1779122539, "type": "safe_tx", "device": "node-8-spammer", "metadata": {}}
{"timestamp": 1779122539, "type": "safe_tx", "device": "node-8-spammer", "metadata": {}}
{"timestamp": 1779122539, "type": "dos_spam", "device": "node-8-spammer", "metadata": {}}
{"timestamp": 1779122539, "type": "safe_tx", "device": "node-8-spammer", "metadata": {}}
{"timestamp": 1779122539, "type": "safe_tx", "device": "node-15-mixed", "metadata": {}}
{"timestamp": 1779122540, "type": "safe_tx", "device": "node-4-clean", "metadata": {}}
{"timestamp": 1779122540, "type": "safe_tx", "device": "node-15-mixed", "metadata": {}}
{"timestamp": 1779122540, "type": "safe_tx", "device": "node-12-mixed", "metadata": {}}
{"timestamp": 1779122540, "type": "fuzzing", "device": "node-10-fuzzer", "metadata": {}}
{"timestamp": 1779122540, "type": "safe_tx", "device": "node-2-clean", "metadata": {}}
{"timestamp": 1779122540, "type": "safe_tx", "device": "node-8-spammer", "metadata": {}}
{"timestamp": 1779122541, "type": "time_anomaly", "device": "node-7-timespoof", "metadata": {}}
{"timestamp": 1779122541, "type": "safe_tx", "device": "node-8-spammer", "metadata": {}}
{"timestamp": 1779122541, "type": "safe_tx", "device": "node-8-spammer", "metadata": {}}
{"timestamp": 1779122541, "type": "safe_tx", "device": "node-1-clean", "metadata": {}}
{"timestamp": 1779122541, "type": "overflow", "device": "node-10-fuzzer", "metadata": {"count": 3, "window_sec": 30}}
{"timestamp": 1779122541, "type": "safe_tx", "device": "node-4-clean", "metadata": {}}
{"timestamp": 1779122541, "type": "safe_tx", "device": "node-5-clean", "metadata": {}}
{"timestamp": 1779122542, "type": "time_anomaly", "device": "node-13-mixed", "metadata": {}}
{"timestamp": 1779122541, "type": "safe_tx", "device": "node-3-clean", "metadata": {}}
{"timestamp": 1779122542, "type": "fuzzing", "device": "node-10-fuzzer", "metadata": {}}
{"timestamp": 1779122542, "type": "safe_tx", "device": "node-14-mixed", "metadata": {}}
{"timestamp": 1779122542, "type": "safe_tx", "device": "node-8-spammer", "metadata": {}}
{"timestamp": 1779122542, "type": "safe_tx", "device": "node-8-spammer", "metadata": {}}
{"timestamp": 1779122542, "type": "safe_tx", "device": "node-8-spammer", "metadata": {}}
{"timestamp": 1779122543, "type": "time_anomaly", "device": "node-15-mixed", "metadata": {}}
{"timestamp": 1779122542, "type": "safe_tx", "device": "node-8-spammer", "metadata": {}}
{"timestamp": 1779122542, "type": "safe_tx", "device": "node-8-spammer", "metadata": {}}
{"timestamp": 1779122542, "type": "safe_tx", "device": "node-8-spammer", "metadata": {}}
{"timestamp": 1779122543, "type": "time_anomaly", "device": "node-12-mixed", "metadata": {}}
{"timestamp": 1779122543, "type": "time_anomaly", "device": "node-14-mixed", "metadata": {}}
{"timestamp": 1779122542, "type": "safe_tx", "device": "node-8-spammer", "metadata": {}}
{"timestamp": 1779122542, "type": "safe_tx", "device": "node-8-spammer", "metadata": {}}
{"timestamp": 1779122542, "type": "safe_tx", "device": "node-8-spammer", "metadata": {}}
{"timestamp": 1779122542, "type": "safe_tx", "device": "node-8-spammer", "metadata": {}}
{"timestamp": 1779122542, "type": "safe_tx", "device": "node-8-spammer", "metadata": {}}
{"timestamp": 1779122542, "type": "dos_spam", "device": "node-8-spammer", "metadata": {"count": 30, "window_sec": 5}}
{"timestamp": 1779122542, "type": "safe_tx", "device": "node-8-spammer", "metadata": {}}
{"timestamp": 1779122542, "type": "dos_spam", "device": "node-8-spammer", "metadata": {}}
{"timestamp": 1779122542, "type": "safe_tx", "device": "node-8-spammer", "metadata": {}}
{"timestamp": 1779122542, "type": "fuzzing", "device": "node-10-fuzzer", "metadata": {}}
{"timestamp": 1779122543, "type": "safe_tx", "device": "node-8-spammer", "metadata": {}}
{"timestamp": 1779122543, "type": "safe_tx", "device": "node-8-spammer", "metadata": {}}
{"timestamp": 1779122543, "type": "time_anomaly", "device": "node-7-timespoof", "metadata": {}}
{"timestamp": 1779122543, "type": "safe_tx", "device": "node-8-spammer", "metadata": {}}
{"timestamp": 1779122543, "type": "safe_tx", "device": "node-8-spammer", "metadata": {}}
{"timestamp": 1779122543, "type": "safe_tx", "device": "node-8-spammer", "metadata": {}}
{"timestamp": 1779122543, "type": "safe_tx", "device": "node-8-spammer", "metadata": {}}
{"timestamp": 1779122543, "type": "safe_tx", "device": "node-8-spammer", "metadata": {}}
{"timestamp": 1779122543, "type": "safe_tx", "device": "node-8-spammer", "metadata": {}}
{"timestamp": 1779122543, "type": "safe_tx", "device": "node-8-spammer", "metadata": {}}
{"timestamp": 1779122543, "type": "safe_tx", "device": "node-8-spammer", "metadata": {}}
{"timestamp": 1779122543, "type": "safe_tx", "device": "node-8-spammer", "metadata": {}}
{"timestamp": 1779122543, "type": "safe_tx", "device": "node-8-spammer", "metadata": {}}
{"timestamp": 1779122543, "type": "safe_tx", "device": "node-8-spammer", "metadata": {}}
{"timestamp": 1779122543, "type": "safe_tx", "device": "node-8-spammer", "metadata": {}}
{"timestamp": 1779122543, "type": "dos_spam", "device": "node-8-spammer", "metadata": {}}
{"timestamp": 1779122543, "type": "safe_tx", "device": "node-8-spammer", "metadata": {}}
{"timestamp": 1779122543, "type": "safe_tx", "device": "node-8-spammer", "metadata": {}}
{"timestamp": 1779122543, "type": "safe_tx", "device": "node-8-spammer", "metadata": {}}
{"timestamp": 1779122543, "type": "safe_tx", "device": "node-8-spammer", "metadata": {}}
{"timestamp": 1779122543, "type": "safe_tx", "device": "node-8-spammer", "metadata": {}}
{"timestamp": 1779122543, "type": "safe_tx", "device": "node-8-spammer", "metadata": {}}
{"timestamp": 1779122543, "type": "safe_tx", "device": "node-8-spammer", "metadata": {}}
{"timestamp": 1779122543, "type": "safe_tx", "device": "node-8-spammer", "metadata": {}}
{"timestamp": 1779122543, "type": "safe_tx", "device": "node-4-clean", "metadata": {}}
{"timestamp": 1779122543, "type": "safe_tx", "device": "node-8-spammer", "metadata": {}}
{"timestamp": 1779122543, "type": "safe_tx", "device": "node-8-spammer", "metadata": {}}
{"timestamp": 1779122543, "type": "safe_tx", "device": "node-8-spammer", "metadata": {}}
{"timestamp": 1779122543, "type": "safe_tx", "device": "node-8-spammer", "metadata": {}}
{"timestamp": 1779122543, "type": "safe_tx", "device": "node-8-spammer", "metadata": {}}
{"timestamp": 1779122543, "type": "safe_tx", "device": "node-8-spammer", "metadata": {}}
{"timestamp": 1779122543, "type": "dos_spam", "device": "node-8-spammer", "metadata": {"count": 30, "window_sec": 5}}
{"timestamp": 1779122543, "type": "safe_tx", "device": "node-8-spammer", "metadata": {}}
{"timestamp": 1779122543, "type": "dos_spam", "device": "node-8-spammer", "metadata": {}}
{"timestamp": 1779122543, "type": "safe_tx", "device": "node-8-spammer", "metadata": {}}
{"timestamp": 1779122543, "type": "safe_tx", "device": "node-8-spammer", "metadata": {}}
{"timestamp": 1779122543, "type": "safe_tx", "device": "node-8-spammer", "metadata": {}}
{"timestamp": 1779122543, "type": "safe_tx", "device": "node-8-spammer", "metadata": {}}
{"timestamp": 1779122543, "type": "safe_tx", "device": "node-2-clean", "metadata": {}}
{"timestamp": 1779122543, "type": "safe_tx", "device": "node-8-spammer", "metadata": {}}
{"timestamp": 1779122543, "type": "safe_tx", "device": "node-8-spammer", "metadata": {}}
{"timestamp": 1779122544, "type": "safe_tx", "device": "node-1-clean", "metadata": {}}
{"timestamp": 1779122544, "type": "safe_tx", "device": "node-9-stealth", "metadata": {}}
{"timestamp": 1779122544, "type": "fuzzing", "device": "node-10-fuzzer", "metadata": {}}
{"timestamp": 1779122544, "type": "safe_tx", "device": "node-13-mixed", "metadata": {}}
{"timestamp": 1779122544, "type": "safe_tx", "device": "node-4-clean", "metadata": {}}
{"timestamp": 1779122544, "type": "safe_tx", "device": "node-8-spammer", "metadata": {}}
{"timestamp": 1779122545, "type": "safe_tx", "device": "node-8-spammer", "metadata": {}}
{"timestamp": 1779122545, "type": "safe_tx", "device": "node-8-spammer", "metadata": {}}
{"timestamp": 1779122545, "type": "safe_tx", "device": "node-15-mixed", "metadata": {}}
{"timestamp": 1779122545, "type": "safe_tx", "device": "node-8-spammer", "metadata": {}}
{"timestamp": 1779122545, "type": "safe_tx", "device": "node-8-spammer", "metadata": {}}
{"timestamp": 1779122545, "type": "safe_tx", "device": "node-8-spammer", "metadata": {}}
{"timestamp": 1779122545, "type": "safe_tx", "device": "node-12-mixed", "metadata": {}}
{"timestamp": 1779122545, "type": "safe_tx", "device": "node-8-spammer", "metadata": {}}
{"timestamp": 1779122546, "type": "time_anomaly", "device": "node-7-timespoof", "metadata": {}}
{"timestamp": 1779122545, "type": "overflow", "device": "node-14-mixed", "metadata": {"count": 3, "window_sec": 30}}
{"timestamp": 1779122546, "type": "safe_tx", "device": "node-5-clean", "metadata": {}}
{"timestamp": 1779122546, "type": "safe_tx", "device": "node-3-clean", "metadata": {}}
{"timestamp": 1779122546, "type": "safe_tx", "device": "node-10-fuzzer", "metadata": {}}
{"timestamp": 1779122546, "type": "safe_tx", "device": "node-9-stealth", "metadata": {}}
{"timestamp": 1779122546, "type": "safe_tx", "device": "node-12-mixed", "metadata": {}}
{"timestamp": 1779122546, "type": "safe_tx", "device": "node-13-mixed", "metadata": {}}
{"timestamp": 1779122546, "type": "safe_tx", "device": "node-1-clean", "metadata": {}}
{"timestamp": 1779122546, "type": "safe_tx", "device": "node-8-spammer", "metadata": {}}
{"timestamp": 1779122546, "type": "safe_tx", "device": "node-15-mixed", "metadata": {}}
{"timestamp": 1779122546, "type": "safe_tx", "device": "node-8-spammer", "metadata": {}}
{"timestamp": 1779122546, "type": "safe_tx", "device": "node-8-spammer", "metadata": {}}
{"timestamp": 1779122546, "type": "safe_tx", "device": "node-8-spammer", "metadata": {}}
{"timestamp": 1779122547, "type": "safe_tx", "device": "node-2-clean", "metadata": {}}
{"timestamp": 1779122547, "type": "safe_tx", "device": "node-4-clean", "metadata": {}}
{"timestamp": 1779122548, "type": "time_anomaly", "device": "node-14-mixed", "metadata": {}}
{"timestamp": 1779122547, "type": "safe_tx", "device": "node-4-clean", "metadata": {}}
{"timestamp": 1779122547, "type": "safe_tx", "device": "node-10-fuzzer", "metadata": {}}
{"timestamp": 1779122547, "type": "safe_tx", "device": "node-13-mixed", "metadata": {}}
{"timestamp": 1779122547, "type": "safe_tx", "device": "node-5-clean", "metadata": {}}
{"timestamp": 1779122548, "type": "safe_tx", "device": "node-8-spammer", "metadata": {}}
{"timestamp": 1779122548, "type": "safe_tx", "device": "node-9-stealth", "metadata": {}}
{"timestamp": 1779122548, "type": "safe_tx", "device": "node-2-clean", "metadata": {}}
{"timestamp": 1779122548, "type": "safe_tx", "device": "node-12-mixed", "metadata": {}}
{"timestamp": 1779122549, "type": "time_anomaly", "device": "node-14-mixed", "metadata": {}}
{"timestamp": 1779122549, "type": "safe_tx", "device": "node-3-clean", "metadata": {}}
{"timestamp": 1779122549, "type": "fuzzing", "device": "node-10-fuzzer", "metadata": {}}
{"timestamp": 1779122549, "type": "safe_tx", "device": "node-8-spammer", "metadata": {}}
{"timestamp": 1779122549, "type": "safe_tx", "device": "node-8-spammer", "metadata": {}}
{"timestamp": 1779122549, "type": "safe_tx", "device": "node-8-spammer", "metadata": {}}
{"timestamp": 1779122549, "type": "safe_tx", "device": "node-8-spammer", "metadata": {}}
{"timestamp": 1779122549, "type": "overflow", "device": "node-6-overflow", "metadata": {"count": 3, "window_sec": 30}}
{"timestamp": 1779122549, "type": "safe_tx", "device": "node-8-spammer", "metadata": {}}
{"timestamp": 1779122549, "type": "safe_tx", "device": "node-8-spammer", "metadata": {}}
{"timestamp": 1779122549, "type": "safe_tx", "device": "node-1-clean", "metadata": {}}
{"timestamp": 1779122549, "type": "safe_tx", "device": "node-9-stealth", "metadata": {}}
{"timestamp": 1779122550, "type": "safe_tx", "device": "node-15-mixed", "metadata": {}}
{"timestamp": 1779122550, "type": "time_anomaly", "device": "node-14-mixed", "metadata": {}}
{"timestamp": 1779122550, "type": "safe_tx", "device": "node-2-clean", "metadata": {}}
{"timestamp": 1779122550, "type": "safe_tx", "device": "node-4-clean", "metadata": {}}
{"timestamp": 1779122550, "type": "safe_tx", "device": "node-14-mixed", "metadata": {}}
{"timestamp": 1779122550, "type": "safe_tx", "device": "node-15-mixed", "metadata": {}}
{"timestamp": 1779122551, "type": "time_anomaly", "device": "node-12-mixed", "metadata": {}}
{"timestamp": 1779122550, "type": "safe_tx", "device": "node-3-clean", "metadata": {}}
{"timestamp": 1779122551, "type": "fuzzing", "device": "node-10-fuzzer", "metadata": {}}
{"timestamp": 1779122551, "type": "safe_tx", "device": "node-13-mixed", "metadata": {}}
{"timestamp": 1779122551, "type": "time_anomaly", "device": "node-7-timespoof", "metadata": {}}
{"timestamp": 1779122551, "type": "safe_tx", "device": "node-15-mixed", "metadata": {}}
{"timestamp": 1779122551, "type": "safe_tx", "device": "node-5-clean", "metadata": {}}
{"timestamp": 1779122551, "type": "safe_tx", "device": "node-1-clean", "metadata": {}}
{"timestamp": 1779122551, "type": "safe_tx", "device": "node-9-stealth", "metadata": {}}
{"timestamp": 1779122552, "type": "safe_tx", "device": "node-13-mixed", "metadata": {}}
{"timestamp": 1779122552, "type": "safe_tx", "device": "node-8-spammer", "metadata": {}}
{"timestamp": 1779122552, "type": "safe_tx", "device": "node-8-spammer", "metadata": {}}
{"timestamp": 1779122552, "type": "safe_tx", "device": "node-5-clean", "metadata": {}}
{"timestamp": 1779122552, "type": "fuzzing", "device": "node-10-fuzzer", "metadata": {}}
{"timestamp": 1779122553, "type": "safe_tx", "device": "node-8-spammer", "metadata": {}}
{"timestamp": 1779122553, "type": "safe_tx", "device": "node-8-spammer", "metadata": {}}
{"timestamp": 1779122553, "type": "safe_tx", "device": "node-8-spammer", "metadata": {}}
{"timestamp": 1779122553, "type": "safe_tx", "device": "node-8-spammer", "metadata": {}}
{"timestamp": 1779122553, "type": "safe_tx", "device": "node-15-mixed", "metadata": {}}
{"timestamp": 1779122553, "type": "safe_tx", "device": "node-8-spammer", "metadata": {}}
{"timestamp": 1779122553, "type": "safe_tx", "device": "node-8-spammer", "metadata": {}}
{"timestamp": 1779122553, "type": "safe_tx", "device": "node-8-spammer", "metadata": {}}
{"timestamp": 1779122553, "type": "safe_tx", "device": "node-8-spammer", "metadata": {}}
{"timestamp": 1779122553, "type": "safe_tx", "device": "node-10-fuzzer", "metadata": {}}
{"timestamp": 1779122553, "type": "safe_tx", "device": "node-8-spammer", "metadata": {}}
{"timestamp": 1779122553, "type": "safe_tx", "device": "node-8-spammer", "metadata": {}}
{"timestamp": 1779122553, "type": "safe_tx", "device": "node-8-spammer", "metadata": {}}
{"timestamp": 1779122553, "type": "safe_tx", "device": "node-8-spammer", "metadata": {}}
{"timestamp": 1779122553, "type": "safe_tx", "device": "node-8-spammer", "metadata": {}}
{"timestamp": 1779122553, "type": "dos_spam", "device": "node-8-spammer", "metadata": {}}
{"timestamp": 1779122553, "type": "safe_tx", "device": "node-8-spammer", "metadata": {}}
{"timestamp": 1779122553, "type": "safe_tx", "device": "node-4-clean", "metadata": {}}
{"timestamp": 1779122553, "type": "safe_tx", "device": "node-8-spammer", "metadata": {}}
{"timestamp": 1779122553, "type": "safe_tx", "device": "node-8-spammer", "metadata": {}}
{"timestamp": 1779122553, "type": "safe_tx", "device": "node-8-spammer", "metadata": {}}
{"timestamp": 1779122553, "type": "safe_tx", "device": "node-8-spammer", "metadata": {}}
{"timestamp": 1779122553, "type": "safe_tx", "device": "node-8-spammer", "metadata": {}}
{"timestamp": 1779122553, "type": "safe_tx", "device": "node-8-spammer", "metadata": {}}
{"timestamp": 1779122553, "type": "safe_tx", "device": "node-12-mixed", "metadata": {}}
{"timestamp": 1779122553, "type": "safe_tx", "device": "node-9-stealth", "metadata": {}}
{"timestamp": 1779122554, "type": "safe_tx", "device": "node-2-clean", "metadata": {}}
{"timestamp": 1779122554, "type": "safe_tx", "device": "node-8-spammer", "metadata": {}}
{"timestamp": 1779122555, "type": "time_anomaly", "device": "node-13-mixed", "metadata": {}}
{"timestamp": 1779122554, "type": "safe_tx", "device": "node-3-clean", "metadata": {}}
{"timestamp": 1779122554, "type": "safe_tx", "device": "node-5-clean", "metadata": {}}
{"timestamp": 1779122554, "type": "fuzzing", "device": "node-10-fuzzer", "metadata": {}}
{"timestamp": 1779122555, "type": "safe_tx", "device": "node-8-spammer", "metadata": {}}
{"timestamp": 1779122555, "type": "safe_tx", "device": "node-8-spammer", "metadata": {}}
{"timestamp": 1779122555, "type": "safe_tx", "device": "node-8-spammer", "metadata": {}}
{"timestamp": 1779122555, "type": "safe_tx", "device": "node-8-spammer", "metadata": {}}
{"timestamp": 1779122555, "type": "safe_tx", "device": "node-8-spammer", "metadata": {}}
{"timestamp": 1779122555, "type": "safe_tx", "device": "node-8-spammer", "metadata": {}}
{"timestamp": 1779122555, "type": "safe_tx", "device": "node-1-clean", "metadata": {}}
{"timestamp": 1779122555, "type": "safe_tx", "device": "node-14-mixed", "metadata": {}}
{"timestamp": 1779122556, "type": "time_anomaly", "device": "node-15-mixed", "metadata": {}}
{"timestamp": 1779122556, "type": "time_anomaly", "device": "node-14-mixed", "metadata": {}}
{"timestamp": 1779122555, "type": "safe_tx", "device": "node-2-clean", "metadata": {}}
{"timestamp": 1779122555, "type": "safe_tx", "device": "node-2-clean", "metadata": {}}
{"timestamp": 1779122555, "type": "safe_tx", "device": "node-8-spammer", "metadata": {}}
{"timestamp": 1779122555, "type": "dos_spam", "device": "node-8-spammer", "metadata": {"count": 30, "window_sec": 5}}
{"timestamp": 1779122555, "type": "dos_spam", "device": "node-8-spammer", "metadata": {}}
{"timestamp": 1779122556, "type": "safe_tx", "device": "node-8-spammer", "metadata": {}}
{"timestamp": 1779122556, "type": "safe_tx", "device": "node-2-clean", "metadata": {}}
{"timestamp": 1779122556, "type": "safe_tx", "device": "node-9-stealth", "metadata": {}}
{"timestamp": 1779122557, "type": "time_anomaly", "device": "node-7-timespoof", "metadata": {}}
{"timestamp": 1779122556, "type": "safe_tx", "device": "node-12-mixed", "metadata": {}}
{"timestamp": 1779122556, "type": "safe_tx", "device": "node-8-spammer", "metadata": {}}
{"timestamp": 1779122556, "type": "safe_tx", "device": "node-8-spammer", "metadata": {}}
{"timestamp": 1779122556, "type": "safe_tx", "device": "node-8-spammer", "metadata": {}}
{"timestamp": 1779122556, "type": "safe_tx", "device": "node-8-spammer", "metadata": {}}
{"timestamp": 1779122556, "type": "safe_tx", "device": "node-8-spammer", "metadata": {}}
{"timestamp": 1779122556, "type": "safe_tx", "device": "node-8-spammer", "metadata": {}}
{"timestamp": 1779122557, "type": "safe_tx", "device": "node-8-spammer", "metadata": {}}
{"timestamp": 1779122557, "type": "safe_tx", "device": "node-8-spammer", "metadata": {}}
{"timestamp": 1779122557, "type": "safe_tx", "device": "node-13-mixed", "metadata": {}}
{"timestamp": 1779122557, "type": "safe_tx", "device": "node-8-spammer", "metadata": {}}
{"timestamp": 1779122557, "type": "safe_tx", "device": "node-8-spammer", "metadata": {}}
{"timestamp": 1779122557, "type": "safe_tx", "device": "node-8-spammer", "metadata": {}}
{"timestamp": 1779122557, "type": "fuzzing", "device": "node-10-fuzzer", "metadata": {}}
{"timestamp": 1779122557, "type": "safe_tx", "device": "node-3-clean", "metadata": {}}
{"timestamp": 1779122557, "type": "safe_tx", "device": "node-1-clean", "metadata": {}}
{"timestamp": 1779122557, "type": "safe_tx", "device": "node-8-spammer", "metadata": {}}
{"timestamp": 1779122557, "type": "safe_tx", "device": "node-8-spammer", "metadata": {}}
{"timestamp": 1779122557, "type": "safe_tx", "device": "node-8-spammer", "metadata": {}}
{"timestamp": 1779122557, "type": "dos_spam", "device": "node-8-spammer", "metadata": {}}
{"timestamp": 1779122557, "type": "safe_tx", "device": "node-8-spammer", "metadata": {}}
{"timestamp": 1779122557, "type": "safe_tx", "device": "node-8-spammer", "metadata": {}}
{"timestamp": 1779122557, "type": "safe_tx", "device": "node-8-spammer", "metadata": {}}
{"timestamp": 1779122557, "type": "safe_tx", "device": "node-8-spammer", "metadata": {}}
{"timestamp": 1779122557, "type": "safe_tx", "device": "node-8-spammer", "metadata": {}}
{"timestamp": 1779122557, "type": "safe_tx", "device": "node-8-spammer", "metadata": {}}
{"timestamp": 1779122557, "type": "safe_tx", "device": "node-8-spammer", "metadata": {}}
{"timestamp": 1779122557, "type": "safe_tx", "device": "node-5-clean", "metadata": {}}
{"timestamp": 1779122557, "type": "safe_tx", "device": "node-14-mixed", "metadata": {}}
{"timestamp": 1779122557, "type": "safe_tx", "device": "node-8-spammer", "metadata": {}}
{"timestamp": 1779122557, "type": "safe_tx", "device": "node-8-spammer", "metadata": {}}
{"timestamp": 1779122557, "type": "safe_tx", "device": "node-8-spammer", "metadata": {}}
{"timestamp": 1779122558, "type": "time_anomaly", "device": "node-15-mixed", "metadata": {}}
{"timestamp": 1779122557, "type": "safe_tx", "device": "node-8-spammer", "metadata": {}}
{"timestamp": 1779122557, "type": "safe_tx", "device": "node-8-spammer", "metadata": {}}
{"timestamp": 1779122557, "type": "safe_tx", "device": "node-8-spammer", "metadata": {}}
{"timestamp": 1779122557, "type": "safe_tx", "device": "node-8-spammer", "metadata": {}}
{"timestamp": 1779122557, "type": "safe_tx", "device": "node-8-spammer", "metadata": {}}
{"timestamp": 1779122557, "type": "dos_spam", "device": "node-8-spammer", "metadata": {"count": 30, "window_sec": 5}}
{"timestamp": 1779122557, "type": "dos_spam", "device": "node-8-spammer", "metadata": {}}
{"timestamp": 1779122557, "type": "overflow", "device": "node-6-overflow", "metadata": {"count": 3, "window_sec": 30}}
{"timestamp": 1779122558, "type": "safe_tx", "device": "node-2-clean", "metadata": {}}
{"timestamp": 1779122558, "type": "safe_tx", "device": "node-5-clean", "metadata": {}}
{"timestamp": 1779122558, "type": "safe_tx", "device": "node-3-clean", "metadata": {}}
{"timestamp": 1779122558, "type": "safe_tx", "device": "node-4-clean", "metadata": {}}
{"timestamp": 1779122558, "type": "safe_tx", "device": "node-6-overflow", "metadata": {}}
{"timestamp": 1779122559, "type": "time_anomaly", "device": "node-12-mixed", "metadata": {}}
{"timestamp": 1779122559, "type": "time_anomaly", "device": "node-14-mixed", "metadata": {}}
{"timestamp": 1779122559, "type": "safe_tx", "device": "node-13-mixed", "metadata": {}}
{"timestamp": 1779122559, "type": "safe_tx", "device": "node-9-stealth", "metadata": {}}
{"timestamp": 1779122559, "type": "safe_tx", "device": "node-8-spammer", "metadata": {}}
{"timestamp": 1779122559, "type": "safe_tx", "device": "node-9-stealth", "metadata": {}}
{"timestamp": 1779122560, "type": "fuzzing", "device": "node-10-fuzzer", "metadata": {}}
{"timestamp": 1779122561, "type": "time_anomaly", "device": "node-7-timespoof", "metadata": {}}
{"timestamp": 1779122560, "type": "safe_tx", "device": "node-9-stealth", "metadata": {}}
{"timestamp": 1779122560, "type": "safe_tx", "device": "node-8-spammer", "metadata": {}}
{"timestamp": 1779122560, "type": "safe_tx", "device": "node-8-spammer", "metadata": {}}
{"timestamp": 1779122560, "type": "safe_tx", "device": "node-8-spammer", "metadata": {}}
{"timestamp": 1779122560, "type": "safe_tx", "device": "node-2-clean", "metadata": {}}
{"timestamp": 1779122560, "type": "safe_tx", "device": "node-8-spammer", "metadata": {}}
{"timestamp": 1779122560, "type": "safe_tx", "device": "node-8-spammer", "metadata": {}}
{"timestamp": 1779122560, "type": "safe_tx", "device": "node-8-spammer", "metadata": {}}
{"timestamp": 1779122560, "type": "safe_tx", "device": "node-8-spammer", "metadata": {}}
{"timestamp": 1779122560, "type": "safe_tx", "device": "node-8-spammer", "metadata": {}}
{"timestamp": 1779122561, "type": "safe_tx", "device": "node-8-spammer", "metadata": {}}
{"timestamp": 1779122561, "type": "safe_tx", "device": "node-8-spammer", "metadata": {}}
{"timestamp": 1779122561, "type": "fuzzing", "device": "node-10-fuzzer", "metadata": {}}
{"timestamp": 1779122561, "type": "safe_tx", "device": "node-12-mixed", "metadata": {}}
{"timestamp": 1779122561, "type": "safe_tx", "device": "node-8-spammer", "metadata": {}}
{"timestamp": 1779122561, "type": "safe_tx", "device": "node-13-mixed", "metadata": {}}
{"timestamp": 1779122561, "type": "safe_tx", "device": "node-9-stealth", "metadata": {}}
{"timestamp": 1779122562, "type": "time_anomaly", "device": "node-15-mixed", "metadata": {}}
{"timestamp": 1779122561, "type": "safe_tx", "device": "node-3-clean", "metadata": {}}
{"timestamp": 1779122561, "type": "safe_tx", "device": "node-13-mixed", "metadata": {}}
{"timestamp": 1779122562, "type": "safe_tx", "device": "node-14-mixed", "metadata": {}}
{"timestamp": 1779122562, "type": "safe_tx", "device": "node-2-clean", "metadata": {}}
{"timestamp": 1779122562, "type": "safe_tx", "device": "node-1-clean", "metadata": {}}
{"timestamp": 1779122562, "type": "safe_tx", "device": "node-4-clean", "metadata": {}}
{"timestamp": 1779122562, "type": "safe_tx", "device": "node-8-spammer", "metadata": {}}
{"timestamp": 1779122562, "type": "safe_tx", "device": "node-8-spammer", "metadata": {}}
{"timestamp": 1779122562, "type": "safe_tx", "device": "node-8-spammer", "metadata": {}}
{"timestamp": 1779122562, "type": "safe_tx", "device": "node-8-spammer", "metadata": {}}
{"timestamp": 1779122562, "type": "dos_spam", "device": "node-8-spammer", "metadata": {}}
{"timestamp": 1779122562, "type": "safe_tx", "device": "node-8-spammer", "metadata": {}}
{"timestamp": 1779122562, "type": "safe_tx", "device": "node-5-clean", "metadata": {}}
{"timestamp": 1779122563, "type": "safe_tx", "device": "node-9-stealth", "metadata": {}}
{"timestamp": 1779122563, "type": "safe_tx", "device": "node-11-pulsing", "metadata": {}}
{"timestamp": 1779122563, "type": "safe_tx", "device": "node-11-pulsing", "metadata": {}}
{"timestamp": 1779122563, "type": "safe_tx", "device": "node-11-pulsing", "metadata": {}}
{"timestamp": 1779122563, "type": "safe_tx", "device": "node-11-pulsing", "metadata": {}}
{"timestamp": 1779122564, "type": "time_anomaly", "device": "node-14-mixed", "metadata": {}}
{"timestamp": 1779122563, "type": "safe_tx", "device": "node-11-pulsing", "metadata": {}}
{"timestamp": 1779122563, "type": "safe_tx", "device": "node-11-pulsing", "metadata": {}}
{"timestamp": 1779122563, "type": "safe_tx", "device": "node-11-pulsing", "metadata": {}}
{"timestamp": 1779122563, "type": "safe_tx", "device": "node-11-pulsing", "metadata": {}}
{"timestamp": 1779122563, "type": "safe_tx", "device": "node-11-pulsing", "metadata": {}}
{"timestamp": 1779122563, "type": "safe_tx", "device": "node-9-stealth", "metadata": {}}
{"timestamp": 1779122563, "type": "safe_tx", "device": "node-11-pulsing", "metadata": {}}
{"timestamp": 1779122563, "type": "safe_tx", "device": "node-11-pulsing", "metadata": {}}
{"timestamp": 1779122563, "type": "safe_tx", "device": "node-11-pulsing", "metadata": {}}
{"timestamp": 1779122563, "type": "safe_tx", "device": "node-15-mixed", "metadata": {}}
{"timestamp": 1779122563, "type": "safe_tx", "device": "node-11-pulsing", "metadata": {}}
{"timestamp": 1779122563, "type": "safe_tx", "device": "node-11-pulsing", "metadata": {}}
{"timestamp": 1779122563, "type": "safe_tx", "device": "node-11-pulsing", "metadata": {}}
{"timestamp": 1779122563, "type": "dos_spam", "device": "node-11-pulsing", "metadata": {}}
{"timestamp": 1779122564, "type": "safe_tx", "device": "node-8-spammer", "metadata": {}}
{"timestamp": 1779122564, "type": "safe_tx", "device": "node-11-pulsing", "metadata": {}}
{"timestamp": 1779122564, "type": "safe_tx", "device": "node-5-clean", "metadata": {}}
{"timestamp": 1779122564, "type": "safe_tx", "device": "node-8-spammer", "metadata": {}}
{"timestamp": 1779122564, "type": "safe_tx", "device": "node-3-clean", "metadata": {}}
{"timestamp": 1779122564, "type": "safe_tx", "device": "node-11-pulsing", "metadata": {}}
{"timestamp": 1779122564, "type": "safe_tx", "device": "node-8-spammer", "metadata": {}}
{"timestamp": 1779122564, "type": "safe_tx", "device": "node-8-spammer", "metadata": {}}
{"timestamp": 1779122564, "type": "safe_tx", "device": "node-4-clean", "metadata": {}}
{"timestamp": 1779122564, "type": "safe_tx", "device": "node-8-spammer", "metadata": {}}
{"timestamp": 1779122564, "type": "safe_tx", "device": "node-11-pulsing", "metadata": {}}
{"timestamp": 1779122564, "type": "safe_tx", "device": "node-8-spammer", "metadata": {}}
{"timestamp": 1779122564, "type": "safe_tx", "device": "node-8-spammer", "metadata": {}}
{"timestamp": 1779122564, "type": "safe_tx", "device": "node-11-pulsing", "metadata": {}}
{"timestamp": 1779122564, "type": "safe_tx", "device": "node-8-spammer", "metadata": {}}
{"timestamp": 1779122564, "type": "safe_tx", "device": "node-11-pulsing", "metadata": {}}
{"timestamp": 1779122564, "type": "safe_tx", "device": "node-8-spammer", "metadata": {}}
{"timestamp": 1779122564, "type": "safe_tx", "device": "node-8-spammer", "metadata": {}}
{"timestamp": 1779122564, "type": "safe_tx", "device": "node-8-spammer", "metadata": {}}
{"timestamp": 1779122564, "type": "safe_tx", "device": "node-8-spammer", "metadata": {}}
{"timestamp": 1779122564, "type": "safe_tx", "device": "node-8-spammer", "metadata": {}}
{"timestamp": 1779122564, "type": "dos_spam", "device": "node-8-spammer", "metadata": {"count": 30, "window_sec": 5}}
{"timestamp": 1779122564, "type": "fuzzing", "device": "node-10-fuzzer", "metadata": {}}
{"timestamp": 1779122564, "type": "safe_tx", "device": "node-13-mixed", "metadata": {}}
{"timestamp": 1779122565, "type": "safe_tx", "device": "node-9-stealth", "metadata": {}}
{"timestamp": 1779122565, "type": "safe_tx", "device": "node-12-mixed", "metadata": {}}
{"timestamp": 1779122565, "type": "fuzzing", "device": "node-10-fuzzer", "metadata": {}}
{"timestamp": 1779122565, "type": "safe_tx", "device": "node-8-spammer", "metadata": {}}
{"timestamp": 1779122565, "type": "safe_tx", "device": "node-8-spammer", "metadata": {}}
{"timestamp": 1779122565, "type": "dos_spam", "device": "node-8-spammer", "metadata": {}}
{"timestamp": 1779122565, "type": "safe_tx", "device": "node-8-spammer", "metadata": {}}
{"timestamp": 1779122565, "type": "safe_tx", "device": "node-8-spammer", "metadata": {}}
{"timestamp": 1779122565, "type": "safe_tx", "device": "node-1-clean", "metadata": {}}
{"timestamp": 1779122565, "type": "safe_tx", "device": "node-8-spammer", "metadata": {}}
{"timestamp": 1779122565, "type": "safe_tx", "device": "node-8-spammer", "metadata": {}}
{"timestamp": 1779122565, "type": "safe_tx", "device": "node-8-spammer", "metadata": {}}
{"timestamp": 1779122565, "type": "safe_tx", "device": "node-2-clean", "metadata": {}}
{"timestamp": 1779122565, "type": "safe_tx", "device": "node-8-spammer", "metadata": {}}
{"timestamp": 1779122565, "type": "safe_tx", "device": "node-8-spammer", "metadata": {}}
{"timestamp": 1779122565, "type": "safe_tx", "device": "node-9-stealth", "metadata": {}}
{"timestamp": 1779122565, "type": "safe_tx", "device": "node-8-spammer", "metadata": {}}
{"timestamp": 1779122565, "type": "safe_tx", "device": "node-8-spammer", "metadata": {}}
{"timestamp": 1779122565, "type": "safe_tx", "device": "node-8-spammer", "metadata": {}}
{"timestamp": 1779122565, "type": "safe_tx", "device": "node-8-spammer", "metadata": {}}
{"timestamp": 1779122565, "type": "safe_tx", "device": "node-6-overflow", "metadata": {}}
{"timestamp": 1779122565, "type": "safe_tx", "device": "node-8-spammer", "metadata": {}}
{"timestamp": 1779122565, "type": "safe_tx", "device": "node-8-spammer", "metadata": {}}
{"timestamp": 1779122565, "type": "safe_tx", "device": "node-8-spammer", "metadata": {}}
{"timestamp": 1779122565, "type": "safe_tx", "device": "node-8-spammer", "metadata": {}}
{"timestamp": 1779122565, "type": "dos_spam", "device": "node-8-spammer", "metadata": {}}
{"timestamp": 1779122566, "type": "safe_tx", "device": "node-8-spammer", "metadata": {}}
{"timestamp": 1779122566, "type": "safe_tx", "device": "node-8-spammer", "metadata": {}}
{"timestamp": 1779122566, "type": "time_anomaly", "device": "node-7-timespoof", "metadata": {}}
{"timestamp": 1779122566, "type": "safe_tx", "device": "node-4-clean", "metadata": {}}
{"timestamp": 1779122566, "type": "safe_tx", "device": "node-13-mixed", "metadata": {}}
{"timestamp": 1779122566, "type": "safe_tx", "device": "node-14-mixed", "metadata": {}}
{"timestamp": 1779122566, "type": "overflow", "device": "node-10-fuzzer", "metadata": {"count": 3, "window_sec": 30}}
{"timestamp": 1779122566, "type": "safe_tx", "device": "node-8-spammer", "metadata": {}}
{"timestamp": 1779122567, "type": "safe_tx", "device": "node-15-mixed", "metadata": {}}
{"timestamp": 1779122567, "type": "safe_tx", "device": "node-12-mixed", "metadata": {}}
{"timestamp": 1779122567, "type": "safe_tx", "device": "node-5-clean", "metadata": {}}
{"timestamp": 1779122567, "type": "fuzzing", "device": "node-10-fuzzer", "metadata": {}}
{"timestamp": 1779122567, "type": "safe_tx", "device": "node-8-spammer", "metadata": {}}
{"timestamp": 1779122567, "type": "safe_tx", "device": "node-8-spammer", "metadata": {}}
{"timestamp": 1779122568, "type": "safe_tx", "device": "node-8-spammer", "metadata": {}}
{"timestamp": 1779122568, "type": "safe_tx", "device": "node-8-spammer", "metadata": {}}
{"timestamp": 1779122568, "type": "safe_tx", "device": "node-3-clean", "metadata": {}}
{"timestamp": 1779122568, "type": "safe_tx", "device": "node-8-spammer", "metadata": {}}
{"timestamp": 1779122568, "type": "safe_tx", "device": "node-8-spammer", "metadata": {}}
{"timestamp": 1779122568, "type": "safe_tx", "device": "node-8-spammer", "metadata": {}}
{"timestamp": 1779122568, "type": "safe_tx", "device": "node-8-spammer", "metadata": {}}
{"timestamp": 1779122568, "type": "overflow", "device": "node-12-mixed", "metadata": {"count": 3, "window_sec": 30}}
{"timestamp": 1779122568, "type": "safe_tx", "device": "node-9-stealth", "metadata": {}}
{"timestamp": 1779122568, "type": "safe_tx", "device": "node-4-clean", "metadata": {}}
{"timestamp": 1779122568, "type": "safe_tx", "device": "node-1-clean", "metadata": {}}
{"timestamp": 1779122568, "type": "safe_tx", "device": "node-14-mixed", "metadata": {}}
{"timestamp": 1779122568, "type": "safe_tx", "device": "node-13-mixed", "metadata": {}}
{"timestamp": 1779122568, "type": "safe_tx", "device": "node-2-clean", "metadata": {}}
{"timestamp": 1779122569, "type": "time_anomaly", "device": "node-14-mixed", "metadata": {}}
{"timestamp": 1779122569, "type": "safe_tx", "device": "node-8-spammer", "metadata": {}}
{"timestamp": 1779122569, "type": "safe_tx", "device": "node-8-spammer", "metadata": {}}
{"timestamp": 1779122569, "type": "dos_spam", "device": "node-8-spammer", "metadata": {"count": 30, "window_sec": 5}}
{"timestamp": 1779122569, "type": "safe_tx", "device": "node-8-spammer", "metadata": {}}
{"timestamp": 1779122569, "type": "safe_tx", "device": "node-8-spammer", "metadata": {}}
{"timestamp": 1779122569, "type": "safe_tx", "device": "node-4-clean", "metadata": {}}
{"timestamp": 1779122569, "type": "safe_tx", "device": "node-8-spammer", "metadata": {}}
{"timestamp": 1779122570, "type": "time_anomaly", "device": "node-12-mixed", "metadata": {}}
{"timestamp": 1779122570, "type": "safe_tx", "device": "node-3-clean", "metadata": {}}
{"timestamp": 1779122570, "type": "safe_tx", "device": "node-8-spammer", "metadata": {}}
{"timestamp": 1779122570, "type": "safe_tx", "device": "node-8-spammer", "metadata": {}}
{"timestamp": 1779122570, "type": "safe_tx", "device": "node-8-spammer", "metadata": {}}
{"timestamp": 1779122570, "type": "safe_tx", "device": "node-3-clean", "metadata": {}}
{"timestamp": 1779122570, "type": "safe_tx", "device": "node-8-spammer", "metadata": {}}
{"timestamp": 1779122570, "type": "dos_spam", "device": "node-8-spammer", "metadata": {}}
{"timestamp": 1779122570, "type": "safe_tx", "device": "node-8-spammer", "metadata": {}}
{"timestamp": 1779122570, "type": "safe_tx", "device": "node-8-spammer", "metadata": {}}
{"timestamp": 1779122571, "type": "time_anomaly", "device": "node-7-timespoof", "metadata": {}}
{"timestamp": 1779122570, "type": "safe_tx", "device": "node-9-stealth", "metadata": {}}
{"timestamp": 1779122570, "type": "safe_tx", "device": "node-10-fuzzer", "metadata": {}}
{"timestamp": 1779122571, "type": "safe_tx", "device": "node-8-spammer", "metadata": {}}
{"timestamp": 1779122571, "type": "safe_tx", "device": "node-8-spammer", "metadata": {}}
{"timestamp": 1779122571, "type": "safe_tx", "device": "node-14-mixed", "metadata": {}}
{"timestamp": 1779122571, "type": "safe_tx", "device": "node-8-spammer", "metadata": {}}
{"timestamp": 1779122571, "type": "safe_tx", "device": "node-8-spammer", "metadata": {}}
{"timestamp": 1779122571, "type": "safe_tx", "device": "node-8-spammer", "metadata": {}}
{"timestamp": 1779122571, "type": "safe_tx", "device": "node-8-spammer", "metadata": {}}
{"timestamp": 1779122571, "type": "safe_tx", "device": "node-8-spammer", "metadata": {}}
{"timestamp": 1779122571, "type": "safe_tx", "device": "node-8-spammer", "metadata": {}}
{"timestamp": 1779122571, "type": "safe_tx", "device": "node-8-spammer", "metadata": {}}
{"timestamp": 1779122571, "type": "safe_tx", "device": "node-5-clean", "metadata": {}}
{"timestamp": 1779122571, "type": "safe_tx", "device": "node-8-spammer", "metadata": {}}
{"timestamp": 1779122571, "type": "safe_tx", "device": "node-8-spammer", "metadata": {}}
{"timestamp": 1779122571, "type": "safe_tx", "device": "node-8-spammer", "metadata": {}}
{"timestamp": 1779122571, "type": "safe_tx", "device": "node-8-spammer", "metadata": {}}
{"timestamp": 1779122571, "type": "dos_spam", "device": "node-8-spammer", "metadata": {}}
{"timestamp": 1779122571, "type": "safe_tx", "device": "node-8-spammer", "metadata": {}}
{"timestamp": 1779122571, "type": "safe_tx", "device": "node-8-spammer", "metadata": {}}
{"timestamp": 1779122571, "type": "safe_tx", "device": "node-9-stealth", "metadata": {}}
{"timestamp": 1779122571, "type": "safe_tx", "device": "node-8-spammer", "metadata": {}}
{"timestamp": 1779122571, "type": "safe_tx", "device": "node-8-spammer", "metadata": {}}
{"timestamp": 1779122571, "type": "safe_tx", "device": "node-8-spammer", "metadata": {}}
{"timestamp": 1779122571, "type": "safe_tx", "device": "node-4-clean", "metadata": {}}
{"timestamp": 1779122572, "type": "safe_tx", "device": "node-13-mixed", "metadata": {}}
{"timestamp": 1779122572, "type": "safe_tx", "device": "node-8-spammer", "metadata": {}}
{"timestamp": 1779122572, "type": "safe_tx", "device": "node-8-spammer", "metadata": {}}
{"timestamp": 1779122572, "type": "safe_tx", "device": "node-8-spammer", "metadata": {}}
{"timestamp": 1779122572, "type": "dos_spam", "device": "node-8-spammer", "metadata": {"count": 30, "window_sec": 5}}
{"timestamp": 1779122572, "type": "safe_tx", "device": "node-8-spammer", "metadata": {}}
{"timestamp": 1779122572, "type": "safe_tx", "device": "node-8-spammer", "metadata": {}}
{"timestamp": 1779122572, "type": "safe_tx", "device": "node-8-spammer", "metadata": {}}
{"timestamp": 1779122572, "type": "safe_tx", "device": "node-1-clean", "metadata": {}}
{"timestamp": 1779122572, "type": "safe_tx", "device": "node-8-spammer", "metadata": {}}
{"timestamp": 1779122572, "type": "safe_tx", "device": "node-2-clean", "metadata": {}}
{"timestamp": 1779122572, "type": "safe_tx", "device": "node-10-fuzzer", "metadata": {}}
{"timestamp": 1779122572, "type": "overflow", "device": "node-6-overflow", "metadata": {"count": 3, "window_sec": 30}}
{"timestamp": 1779122573, "type": "safe_tx", "device": "node-1-clean", "metadata": {}}
{"timestamp": 1779122573, "type": "safe_tx", "device": "node-15-mixed", "metadata": {}}
{"timestamp": 1779122573, "type": "safe_tx", "device": "node-12-mixed", "metadata": {}}
{"timestamp": 1779122573, "type": "safe_tx", "device": "node-3-clean", "metadata": {}}
{"timestamp": 1779122573, "type": "safe_tx", "device": "node-4-clean", "metadata": {}}
{"timestamp": 1779122573, "type": "safe_tx", "device": "node-8-spammer", "metadata": {}}
{"timestamp": 1779122573, "type": "safe_tx", "device": "node-8-spammer", "metadata": {}}
{"timestamp": 1779122573, "type": "safe_tx", "device": "node-12-mixed", "metadata": {}}
{"timestamp": 1779122573, "type": "safe_tx", "device": "node-8-spammer", "metadata": {}}
{"timestamp": 1779122573, "type": "dos_spam", "device": "node-8-spammer", "metadata": {}}
{"timestamp": 1779122573, "type": "safe_tx", "device": "node-8-spammer", "metadata": {}}
{"timestamp": 1779122573, "type": "safe_tx", "device": "node-8-spammer", "metadata": {}}
{"timestamp": 1779122573, "type": "safe_tx", "device": "node-8-spammer", "metadata": {}}
{"timestamp": 1779122574, "type": "safe_tx", "device": "node-14-mixed", "metadata": {}}
{"timestamp": 1779122574, "type": "safe_tx", "device": "node-9-stealth", "metadata": {}}
{"timestamp": 1779122574, "type": "safe_tx", "device": "node-5-clean", "metadata": {}}
{"timestamp": 1779122574, "type": "safe_tx", "device": "node-4-clean", "metadata": {}}
{"timestamp": 1779122574, "type": "safe_tx", "device": "node-13-mixed", "metadata": {}}
{"timestamp": 1779122575, "type": "time_anomaly", "device": "node-7-timespoof", "metadata": {}}
{"timestamp": 1779122575, "type": "safe_tx", "device": "node-8-spammer", "metadata": {}}
{"timestamp": 1779122575, "type": "safe_tx", "device": "node-15-mixed", "metadata": {}}
{"timestamp": 1779122576, "type": "time_anomaly", "device": "node-12-mixed", "metadata": {}}
{"timestamp": 1779122575, "type": "safe_tx", "device": "node-6-overflow", "metadata": {}}
{"timestamp": 1779122576, "type": "safe_tx", "device": "node-13-mixed", "metadata": {}}
{"timestamp": 1779122576, "type": "safe_tx", "device": "node-2-clean", "metadata": {}}
{"timestamp": 1779122576, "type": "safe_tx", "device": "node-10-fuzzer", "metadata": {}}
{"timestamp": 1779122576, "type": "safe_tx", "device": "node-9-stealth", "metadata": {}}
{"timestamp": 1779122577, "type": "time_anomaly", "device": "node-12-mixed", "metadata": {}}
{"timestamp": 1779122576, "type": "safe_tx", "device": "node-1-clean", "metadata": {}}
{"timestamp": 1779122576, "type": "fuzzing", "device": "node-10-fuzzer", "metadata": {}}
{"timestamp": 1779122576, "type": "overflow", "device": "node-15-mixed", "metadata": {"count": 3, "window_sec": 30}}
{"timestamp": 1779122576, "type": "safe_tx", "device": "node-3-clean", "metadata": {}}
{"timestamp": 1779122577, "type": "overflow", "device": "node-10-fuzzer", "metadata": {"count": 3, "window_sec": 30}}
{"timestamp": 1779122577, "type": "safe_tx", "device": "node-8-spammer", "metadata": {}}
{"timestamp": 1779122577, "type": "safe_tx", "device": "node-8-spammer", "metadata": {}}
{"timestamp": 1779122577, "type": "safe_tx", "device": "node-8-spammer", "metadata": {}}
{"timestamp": 1779122577, "type": "safe_tx", "device": "node-8-spammer", "metadata": {}}
{"timestamp": 1779122577, "type": "safe_tx", "device": "node-8-spammer", "metadata": {}}
{"timestamp": 1779122577, "type": "safe_tx", "device": "node-8-spammer", "metadata": {}}
{"timestamp": 1779122577, "type": "safe_tx", "device": "node-8-spammer", "metadata": {}}
{"timestamp": 1779122577, "type": "safe_tx", "device": "node-8-spammer", "metadata": {}}
{"timestamp": 1779122577, "type": "safe_tx", "device": "node-8-spammer", "metadata": {}}
{"timestamp": 1779122577, "type": "safe_tx", "device": "node-9-stealth", "metadata": {}}
{"timestamp": 1779122578, "type": "safe_tx", "device": "node-4-clean", "metadata": {}}
{"timestamp": 1779122578, "type": "safe_tx", "device": "node-3-clean", "metadata": {}}
{"timestamp": 1779122578, "type": "safe_tx", "device": "node-9-stealth", "metadata": {}}
{"timestamp": 1779122579, "type": "safe_tx", "device": "node-3-clean", "metadata": {}}
{"timestamp": 1779122579, "type": "safe_tx", "device": "node-8-spammer", "metadata": {}}
{"timestamp": 1779122579, "type": "safe_tx", "device": "node-2-clean", "metadata": {}}
{"timestamp": 1779122579, "type": "safe_tx", "device": "node-10-fuzzer", "metadata": {}}
{"timestamp": 1779122579, "type": "safe_tx", "device": "node-15-mixed", "metadata": {}}
{"timestamp": 1779122579, "type": "safe_tx", "device": "node-6-overflow", "metadata": {}}
{"timestamp": 1779122579, "type": "safe_tx", "device": "node-1-clean", "metadata": {}}
{"timestamp": 1779122579, "type": "safe_tx", "device": "node-5-clean", "metadata": {}}
{"timestamp": 1779122580, "type": "time_anomaly", "device": "node-14-mixed", "metadata": {}}
{"timestamp": 1779122580, "type": "fuzzing", "device": "node-10-fuzzer", "metadata": {}}
{"timestamp": 1779122580, "type": "overflow", "device": "node-12-mixed", "metadata": {"count": 3, "window_sec": 30}}
{"timestamp": 1779122580, "type": "safe_tx", "device": "node-2-clean", "metadata": {}}
{"timestamp": 1779122580, "type": "safe_tx", "device": "node-4-clean", "metadata": {}}
{"timestamp": 1779122580, "type": "safe_tx", "device": "node-8-spammer", "metadata": {}}
{"timestamp": 1779122580, "type": "safe_tx", "device": "node-8-spammer", "metadata": {}}
{"timestamp": 1779122580, "type": "safe_tx", "device": "node-8-spammer", "metadata": {}}
{"timestamp": 1779122580, "type": "safe_tx", "device": "node-8-spammer", "metadata": {}}
{"timestamp": 1779122580, "type": "safe_tx", "device": "node-8-spammer", "metadata": {}}
{"timestamp": 1779122580, "type": "safe_tx", "device": "node-8-spammer", "metadata": {}}
{"timestamp": 1779122580, "type": "safe_tx", "device": "node-8-spammer", "metadata": {}}
{"timestamp": 1779122580, "type": "safe_tx", "device": "node-4-clean", "metadata": {}}
{"timestamp": 1779122580, "type": "safe_tx", "device": "node-3-clean", "metadata": {}}
{"timestamp": 1779122581, "type": "time_anomaly", "device": "node-7-timespoof", "metadata": {}}
{"timestamp": 1779122581, "type": "safe_tx", "device": "node-8-spammer", "metadata": {}}
{"timestamp": 1779122581, "type": "safe_tx", "device": "node-8-spammer", "metadata": {}}
{"timestamp": 1779122581, "type": "safe_tx", "device": "node-8-spammer", "metadata": {}}
{"timestamp": 1779122581, "type": "fuzzing", "device": "node-10-fuzzer", "metadata": {}}
{"timestamp": 1779122581, "type": "safe_tx", "device": "node-8-spammer", "metadata": {}}
{"timestamp": 1779122581, "type": "safe_tx", "device": "node-8-spammer", "metadata": {}}
{"timestamp": 1779122581, "type": "safe_tx", "device": "node-8-spammer", "metadata": {}}
{"timestamp": 1779122581, "type": "safe_tx", "device": "node-8-spammer", "metadata": {}}
{"timestamp": 1779122581, "type": "dos_spam", "device": "node-8-spammer", "metadata": {}}
{"timestamp": 1779122581, "type": "safe_tx", "device": "node-8-spammer", "metadata": {}}
{"timestamp": 1779122581, "type": "safe_tx", "device": "node-8-spammer", "metadata": {}}
{"timestamp": 1779122581, "type": "safe_tx", "device": "node-15-mixed", "metadata": {}}
{"timestamp": 1779122581, "type": "safe_tx", "device": "node-8-spammer", "metadata": {}}
{"timestamp": 1779122581, "type": "safe_tx", "device": "node-9-stealth", "metadata": {}}
{"timestamp": 1779122581, "type": "safe_tx", "device": "node-12-mixed", "metadata": {}}
{"timestamp": 1779122581, "type": "safe_tx", "device": "node-8-spammer", "metadata": {}}
{"timestamp": 1779122581, "type": "safe_tx", "device": "node-8-spammer", "metadata": {}}
{"timestamp": 1779122581, "type": "safe_tx", "device": "node-5-clean", "metadata": {}}
{"timestamp": 1779122582, "type": "safe_tx", "device": "node-3-clean", "metadata": {}}
{"timestamp": 1779122582, "type": "safe_tx", "device": "node-10-fuzzer", "metadata": {}}
{"timestamp": 1779122582, "type": "safe_tx", "device": "node-13-mixed", "metadata": {}}
{"timestamp": 1779122582, "type": "safe_tx", "device": "node-2-clean", "metadata": {}}
{"timestamp": 1779122582, "type": "safe_tx", "device": "node-5-clean", "metadata": {}}
{"timestamp": 1779122582, "type": "safe_tx", "device": "node-14-mixed", "metadata": {}}
{"timestamp": 1779122582, "type": "safe_tx", "device": "node-9-stealth", "metadata": {}}
{"timestamp": 1779122582, "type": "safe_tx", "device": "node-8-spammer", "metadata": {}}
{"timestamp": 1779122582, "type": "dos_spam", "device": "node-8-spammer", "metadata": {"count": 30, "window_sec": 5}}
{"timestamp": 1779122583, "type": "safe_tx", "device": "node-8-spammer", "metadata": {}}
{"timestamp": 1779122583, "type": "safe_tx", "device": "node-8-spammer", "metadata": {}}
{"timestamp": 1779122583, "type": "safe_tx", "device": "node-8-spammer", "metadata": {}}
{"timestamp": 1779122583, "type": "fuzzing", "device": "node-10-fuzzer", "metadata": {}}
{"timestamp": 1779122583, "type": "safe_tx", "device": "node-1-clean", "metadata": {}}
{"timestamp": 1779122583, "type": "safe_tx", "device": "node-10-fuzzer", "metadata": {}}
{"timestamp": 1779122583, "type": "safe_tx", "device": "node-3-clean", "metadata": {}}
{"timestamp": 1779122583, "type": "safe_tx", "device": "node-8-spammer", "metadata": {}}
{"timestamp": 1779122583, "type": "safe_tx", "device": "node-8-spammer", "metadata": {}}
{"timestamp": 1779122583, "type": "safe_tx", "device": "node-12-mixed", "metadata": {}}
{"timestamp": 1779122583, "type": "safe_tx", "device": "node-5-clean", "metadata": {}}
{"timestamp": 1779122583, "type": "safe_tx", "device": "node-8-spammer", "metadata": {}}
{"timestamp": 1779122584, "type": "safe_tx", "device": "node-5-clean", "metadata": {}}
{"timestamp": 1779122584, "type": "safe_tx", "device": "node-2-clean", "metadata": {}}
{"timestamp": 1779122584, "type": "safe_tx", "device": "node-12-mixed", "metadata": {}}
{"timestamp": 1779122584, "type": "safe_tx", "device": "node-6-overflow", "metadata": {}}
{"timestamp": 1779122585, "type": "time_anomaly", "device": "node-15-mixed", "metadata": {}}
{"timestamp": 1779122584, "type": "safe_tx", "device": "node-4-clean", "metadata": {}}
{"timestamp": 1779122585, "type": "time_anomaly", "device": "node-13-mixed", "metadata": {}}
{"timestamp": 1779122584, "type": "safe_tx", "device": "node-9-stealth", "metadata": {}}
{"timestamp": 1779122584, "type": "safe_tx", "device": "node-15-mixed", "metadata": {}}
{"timestamp": 1779122585, "type": "time_anomaly", "device": "node-7-timespoof", "metadata": {}}
{"timestamp": 1779122584, "type": "safe_tx", "device": "node-8-spammer", "metadata": {}}
{"timestamp": 1779122584, "type": "safe_tx", "device": "node-8-spammer", "metadata": {}}
{"timestamp": 1779122585, "type": "safe_tx", "device": "node-8-spammer", "metadata": {}}
{"timestamp": 1779122585, "type": "safe_tx", "device": "node-8-spammer", "metadata": {}}
{"timestamp": 1779122585, "type": "safe_tx", "device": "node-8-spammer", "metadata": {}}
{"timestamp": 1779122585, "type": "safe_tx", "device": "node-8-spammer", "metadata": {}}
{"timestamp": 1779122585, "type": "safe_tx", "device": "node-10-fuzzer", "metadata": {}}
{"timestamp": 1779122585, "type": "overflow", "device": "node-6-overflow", "metadata": {"count": 3, "window_sec": 30}}
{"timestamp": 1779122585, "type": "safe_tx", "device": "node-13-mixed", "metadata": {}}
{"timestamp": 1779122585, "type": "safe_tx", "device": "node-5-clean", "metadata": {}}
{"timestamp": 1779122585, "type": "safe_tx", "device": "node-3-clean", "metadata": {}}
{"timestamp": 1779122585, "type": "safe_tx", "device": "node-4-clean", "metadata": {}}
{"timestamp": 1779122586, "type": "time_anomaly", "device": "node-14-mixed", "metadata": {}}
{"timestamp": 1779122586, "type": "safe_tx", "device": "node-10-fuzzer", "metadata": {}}
{"timestamp": 1779122586, "type": "safe_tx", "device": "node-5-clean", "metadata": {}}
{"timestamp": 1779122586, "type": "safe_tx", "device": "node-8-spammer", "metadata": {}}
{"timestamp": 1779122586, "type": "safe_tx", "device": "node-9-stealth", "metadata": {}}
{"timestamp": 1779122586, "type": "safe_tx", "device": "node-8-spammer", "metadata": {}}
{"timestamp": 1779122586, "type": "safe_tx", "device": "node-8-spammer", "metadata": {}}
{"timestamp": 1779122586, "type": "safe_tx", "device": "node-8-spammer", "metadata": {}}
{"timestamp": 1779122586, "type": "safe_tx", "device": "node-8-spammer", "metadata": {}}
{"timestamp": 1779122586, "type": "safe_tx", "device": "node-8-spammer", "metadata": {}}
{"timestamp": 1779122586, "type": "safe_tx", "device": "node-8-spammer", "metadata": {}}
{"timestamp": 1779122586, "type": "safe_tx", "device": "node-8-spammer", "metadata": {}}
{"timestamp": 1779122587, "type": "safe_tx", "device": "node-1-clean", "metadata": {}}
{"timestamp": 1779122587, "type": "safe_tx", "device": "node-9-stealth", "metadata": {}}
{"timestamp": 1779122587, "type": "safe_tx", "device": "node-3-clean", "metadata": {}}
{"timestamp": 1779122587, "type": "fuzzing", "device": "node-10-fuzzer", "metadata": {}}
{"timestamp": 1779122587, "type": "safe_tx", "device": "node-4-clean", "metadata": {}}
{"timestamp": 1779122587, "type": "safe_tx", "device": "node-2-clean", "metadata": {}}
{"timestamp": 1779122587, "type": "safe_tx", "device": "node-15-mixed", "metadata": {}}
{"timestamp": 1779122587, "type": "safe_tx", "device": "node-11-pulsing", "metadata": {}}
{"timestamp": 1779122588, "type": "safe_tx", "device": "node-8-spammer", "metadata": {}}
{"timestamp": 1779122588, "type": "safe_tx", "device": "node-8-spammer", "metadata": {}}
{"timestamp": 1779122588, "type": "safe_tx", "device": "node-11-pulsing", "metadata": {}}
{"timestamp": 1779122588, "type": "safe_tx", "device": "node-11-pulsing", "metadata": {}}
{"timestamp": 1779122588, "type": "time_anomaly", "device": "node-13-mixed", "metadata": {}}
{"timestamp": 1779122588, "type": "safe_tx", "device": "node-11-pulsing", "metadata": {}}
{"timestamp": 1779122588, "type": "safe_tx", "device": "node-5-clean", "metadata": {}}
{"timestamp": 1779122588, "type": "safe_tx", "device": "node-11-pulsing", "metadata": {}}
{"timestamp": 1779122588, "type": "safe_tx", "device": "node-11-pulsing", "metadata": {}}
{"timestamp": 1779122588, "type": "safe_tx", "device": "node-11-pulsing", "metadata": {}}
{"timestamp": 1779122588, "type": "safe_tx", "device": "node-11-pulsing", "metadata": {}}
{"timestamp": 1779122588, "type": "safe_tx", "device": "node-11-pulsing", "metadata": {}}
{"timestamp": 1779122588, "type": "safe_tx", "device": "node-11-pulsing", "metadata": {}}
{"timestamp": 1779122588, "type": "safe_tx", "device": "node-11-pulsing", "metadata": {}}
{"timestamp": 1779122588, "type": "safe_tx", "device": "node-11-pulsing", "metadata": {}}
{"timestamp": 1779122588, "type": "safe_tx", "device": "node-11-pulsing", "metadata": {}}
{"timestamp": 1779122588, "type": "safe_tx", "device": "node-11-pulsing", "metadata": {}}
{"timestamp": 1779122588, "type": "safe_tx", "device": "node-11-pulsing", "metadata": {}}
{"timestamp": 1779122588, "type": "dos_spam", "device": "node-11-pulsing", "metadata": {}}
{"timestamp": 1779122588, "type": "safe_tx", "device": "node-11-pulsing", "metadata": {}}
{"timestamp": 1779122588, "type": "safe_tx", "device": "node-8-spammer", "metadata": {}}
{"timestamp": 1779122588, "type": "safe_tx", "device": "node-8-spammer", "metadata": {}}
{"timestamp": 1779122588, "type": "safe_tx", "device": "node-11-pulsing", "metadata": {}}
{"timestamp": 1779122588, "type": "safe_tx", "device": "node-8-spammer", "metadata": {}}
{"timestamp": 1779122588, "type": "safe_tx", "device": "node-8-spammer", "metadata": {}}
{"timestamp": 1779122588, "type": "safe_tx", "device": "node-11-pulsing", "metadata": {}}
{"timestamp": 1779122588, "type": "safe_tx", "device": "node-8-spammer", "metadata": {}}
{"timestamp": 1779122588, "type": "dos_spam", "device": "node-8-spammer", "metadata": {}}
{"timestamp": 1779122588, "type": "safe_tx", "device": "node-8-spammer", "metadata": {}}
{"timestamp": 1779122588, "type": "safe_tx", "device": "node-11-pulsing", "metadata": {}}
{"timestamp": 1779122589, "type": "safe_tx", "device": "node-11-pulsing", "metadata": {}}
{"timestamp": 1779122589, "type": "safe_tx", "device": "node-3-clean", "metadata": {}}
{"timestamp": 1779122589, "type": "safe_tx", "device": "node-9-stealth", "metadata": {}}
{"timestamp": 1779122589, "type": "safe_tx", "device": "node-8-spammer", "metadata": {}}
{"timestamp": 1779122589, "type": "safe_tx", "device": "node-1-clean", "metadata": {}}
{"timestamp": 1779122589, "type": "safe_tx", "device": "node-3-clean", "metadata": {}}
{"timestamp": 1779122590, "type": "safe_tx", "device": "node-10-fuzzer", "metadata": {}}
{"timestamp": 1779122590, "type": "safe_tx", "device": "node-13-mixed", "metadata": {}}
{"timestamp": 1779122591, "type": "time_anomaly", "device": "node-7-timespoof", "metadata": {}}
{"timestamp": 1779122590, "type": "safe_tx", "device": "node-5-clean", "metadata": {}}
{"timestamp": 1779122590, "type": "safe_tx", "device": "node-8-spammer", "metadata": {}}
{"timestamp": 1779122590, "type": "safe_tx", "device": "node-8-spammer", "metadata": {}}
{"timestamp": 1779122590, "type": "safe_tx", "device": "node-14-mixed", "metadata": {}}
{"timestamp": 1779122590, "type": "safe_tx", "device": "node-2-clean", "metadata": {}}
{"timestamp": 1779122590, "type": "safe_tx", "device": "node-8-spammer", "metadata": {}}
{"timestamp": 1779122590, "type": "safe_tx", "device": "node-8-spammer", "metadata": {}}
{"timestamp": 1779122591, "type": "safe_tx", "device": "node-12-mixed", "metadata": {}}
{"timestamp": 1779122591, "type": "safe_tx", "device": "node-4-clean", "metadata": {}}
{"timestamp": 1779122591, "type": "safe_tx", "device": "node-12-mixed", "metadata": {}}
{"timestamp": 1779122591, "type": "safe_tx", "device": "node-8-spammer", "metadata": {}}
{"timestamp": 1779122591, "type": "safe_tx", "device": "node-8-spammer", "metadata": {}}
{"timestamp": 1779122591, "type": "safe_tx", "device": "node-8-spammer", "metadata": {}}
{"timestamp": 1779122592, "type": "safe_tx", "device": "node-14-mixed", "metadata": {}}
{"timestamp": 1779122592, "type": "safe_tx", "device": "node-9-stealth", "metadata": {}}
{"timestamp": 1779122592, "type": "safe_tx", "device": "node-3-clean", "metadata": {}}
{"timestamp": 1779122592, "type": "fuzzing", "device": "node-10-fuzzer", "metadata": {}}
{"timestamp": 1779122592, "type": "safe_tx", "device": "node-2-clean", "metadata": {}}
{"timestamp": 1779122592, "type": "safe_tx", "device": "node-4-clean", "metadata": {}}
{"timestamp": 1779122592, "type": "safe_tx", "device": "node-13-mixed", "metadata": {}}
{"timestamp": 1779122592, "type": "safe_tx", "device": "node-5-clean", "metadata": {}}
{"timestamp": 1779122592, "type": "safe_tx", "device": "node-15-mixed", "metadata": {}}
{"timestamp": 1779122593, "type": "safe_tx", "device": "node-8-spammer", "metadata": {}}
{"timestamp": 1779122594, "type": "time_anomaly", "device": "node-15-mixed", "metadata": {}}
{"timestamp": 1779122594, "type": "time_anomaly", "device": "node-7-timespoof", "metadata": {}}
{"timestamp": 1779122593, "type": "safe_tx", "device": "node-1-clean", "metadata": {}}
{"timestamp": 1779122593, "type": "safe_tx", "device": "node-8-spammer", "metadata": {}}
{"timestamp": 1779122593, "type": "safe_tx", "device": "node-8-spammer", "metadata": {}}
{"timestamp": 1779122593, "type": "safe_tx", "device": "node-8-spammer", "metadata": {}}
{"timestamp": 1779122593, "type": "safe_tx", "device": "node-8-spammer", "metadata": {}}
{"timestamp": 1779122593, "type": "overflow", "device": "node-15-mixed", "metadata": {"count": 3, "window_sec": 30}}
{"timestamp": 1779122594, "type": "safe_tx", "device": "node-9-stealth", "metadata": {}}
{"timestamp": 1779122594, "type": "safe_tx", "device": "node-2-clean", "metadata": {}}
{"timestamp": 1779122594, "type": "time_anomaly", "device": "node-12-mixed", "metadata": {}}
{"timestamp": 1779122594, "type": "safe_tx", "device": "node-8-spammer", "metadata": {}}
{"timestamp": 1779122594, "type": "overflow", "device": "node-6-overflow", "metadata": {"count": 3, "window_sec": 30}}
{"timestamp": 1779122595, "type": "time_anomaly", "device": "node-13-mixed", "metadata": {}}
{"timestamp": 1779122595, "type": "safe_tx", "device": "node-3-clean", "metadata": {}}
{"timestamp": 1779122595, "type": "safe_tx", "device": "node-14-mixed", "metadata": {}}
{"timestamp": 1779122595, "type": "safe_tx", "device": "node-13-mixed", "metadata": {}}
{"timestamp": 1779122595, "type": "safe_tx", "device": "node-12-mixed", "metadata": {}}
{"timestamp": 1779122595, "type": "safe_tx", "device": "node-2-clean", "metadata": {}}
{"timestamp": 1779122596, "type": "safe_tx", "device": "node-9-stealth", "metadata": {}}
{"timestamp": 1779122596, "type": "safe_tx", "device": "node-5-clean", "metadata": {}}
{"timestamp": 1779122596, "type": "safe_tx", "device": "node-3-clean", "metadata": {}}
{"timestamp": 1779122596, "type": "fuzzing", "device": "node-10-fuzzer", "metadata": {}}
{"timestamp": 1779122596, "type": "safe_tx", "device": "node-1-clean", "metadata": {}}
{"timestamp": 1779122596, "type": "safe_tx", "device": "node-4-clean", "metadata": {}}
{"timestamp": 1779122596, "type": "safe_tx", "device": "node-8-spammer", "metadata": {}}
{"timestamp": 1779122596, "type": "safe_tx", "device": "node-8-spammer", "metadata": {}}
{"timestamp": 1779122597, "type": "safe_tx", "device": "node-8-spammer", "metadata": {}}
{"timestamp": 1779122597, "type": "safe_tx", "device": "node-8-spammer", "metadata": {}}
{"timestamp": 1779122597, "type": "safe_tx", "device": "node-8-spammer", "metadata": {}}
{"timestamp": 1779122597, "type": "safe_tx", "device": "node-8-spammer", "metadata": {}}
{"timestamp": 1779122597, "type": "safe_tx", "device": "node-8-spammer", "metadata": {}}
{"timestamp": 1779122597, "type": "time_anomaly", "device": "node-15-mixed", "metadata": {}}
{"timestamp": 1779122597, "type": "time_anomaly", "device": "node-7-timespoof", "metadata": {}}
{"timestamp": 1779122597, "type": "safe_tx", "device": "node-3-clean", "metadata": {}}
{"timestamp": 1779122597, "type": "safe_tx", "device": "node-10-fuzzer", "metadata": {}}
{"timestamp": 1779122597, "type": "safe_tx", "device": "node-13-mixed", "metadata": {}}
{"timestamp": 1779122598, "type": "safe_tx", "device": "node-8-spammer", "metadata": {}}
{"timestamp": 1779122598, "type": "safe_tx", "device": "node-8-spammer", "metadata": {}}
{"timestamp": 1779122598, "type": "safe_tx", "device": "node-8-spammer", "metadata": {}}
{"timestamp": 1779122598, "type": "safe_tx", "device": "node-8-spammer", "metadata": {}}
{"timestamp": 1779122598, "type": "safe_tx", "device": "node-8-spammer", "metadata": {}}
{"timestamp": 1779122598, "type": "safe_tx", "device": "node-8-spammer", "metadata": {}}
{"timestamp": 1779122598, "type": "safe_tx", "device": "node-8-spammer", "metadata": {}}
{"timestamp": 1779122598, "type": "safe_tx", "device": "node-2-clean", "metadata": {}}
{"timestamp": 1779122598, "type": "safe_tx", "device": "node-8-spammer", "metadata": {}}
{"timestamp": 1779122598, "type": "dos_spam", "device": "node-8-spammer", "metadata": {}}
{"timestamp": 1779122598, "type": "safe_tx", "device": "node-1-clean", "metadata": {}}
{"timestamp": 1779122598, "type": "safe_tx", "device": "node-14-mixed", "metadata": {}}
{"timestamp": 1779122598, "type": "safe_tx", "device": "node-8-spammer", "metadata": {}}
{"timestamp": 1779122598, "type": "safe_tx", "device": "node-8-spammer", "metadata": {}}
{"timestamp": 1779122598, "type": "safe_tx", "device": "node-8-spammer", "metadata": {}}
{"timestamp": 1779122598, "type": "safe_tx", "device": "node-4-clean", "metadata": {}}
{"timestamp": 1779122598, "type": "safe_tx", "device": "node-8-spammer", "metadata": {}}
{"timestamp": 1779122598, "type": "fuzzing", "device": "node-10-fuzzer", "metadata": {}}
{"timestamp": 1779122598, "type": "safe_tx", "device": "node-9-stealth", "metadata": {}}
{"timestamp": 1779122599, "type": "safe_tx", "device": "node-4-clean", "metadata": {}}
{"timestamp": 1779122599, "type": "time_anomaly", "device": "node-12-mixed", "metadata": {}}
{"timestamp": 1779122599, "type": "safe_tx", "device": "node-6-overflow", "metadata": {}}
{"timestamp": 1779122599, "type": "fuzzing", "device": "node-10-fuzzer", "metadata": {}}
{"timestamp": 1779122599, "type": "safe_tx", "device": "node-15-mixed", "metadata": {}}
{"timestamp": 1779122600, "type": "safe_tx", "device": "node-5-clean", "metadata": {}}
{"timestamp": 1779122600, "type": "safe_tx", "device": "node-8-spammer", "metadata": {}}
{"timestamp": 1779122600, "type": "safe_tx", "device": "node-8-spammer", "metadata": {}}
{"timestamp": 1779122600, "type": "safe_tx", "device": "node-9-stealth", "metadata": {}}
{"timestamp": 1779122600, "type": "safe_tx", "device": "node-8-spammer", "metadata": {}}
{"timestamp": 1779122600, "type": "safe_tx", "device": "node-14-mixed", "metadata": {}}
{"timestamp": 1779122600, "type": "safe_tx", "device": "node-3-clean", "metadata": {}}
{"timestamp": 1779122601, "type": "time_anomaly", "device": "node-13-mixed", "metadata": {}}
{"timestamp": 1779122601, "type": "safe_tx", "device": "node-8-spammer", "metadata": {}}
{"timestamp": 1779122601, "type": "safe_tx", "device": "node-8-spammer", "metadata": {}}
{"timestamp": 1779122601, "type": "safe_tx", "device": "node-8-spammer", "metadata": {}}
{"timestamp": 1779122601, "type": "safe_tx", "device": "node-8-spammer", "metadata": {}}
{"timestamp": 1779122601, "type": "safe_tx", "device": "node-8-spammer", "metadata": {}}
{"timestamp": 1779122601, "type": "safe_tx", "device": "node-8-spammer", "metadata": {}}
{"timestamp": 1779122601, "type": "safe_tx", "device": "node-2-clean", "metadata": {}}
{"timestamp": 1779122601, "type": "safe_tx", "device": "node-8-spammer", "metadata": {}}
{"timestamp": 1779122601, "type": "safe_tx", "device": "node-8-spammer", "metadata": {}}
{"timestamp": 1779122601, "type": "dos_spam", "device": "node-8-spammer", "metadata": {"count": 30, "window_sec": 5}}
{"timestamp": 1779122601, "type": "safe_tx", "device": "node-8-spammer", "metadata": {}}
{"timestamp": 1779122601, "type": "safe_tx", "device": "node-10-fuzzer", "metadata": {}}
{"timestamp": 1779122601, "type": "safe_tx", "device": "node-8-spammer", "metadata": {}}
{"timestamp": 1779122601, "type": "safe_tx", "device": "node-8-spammer", "metadata": {}}
{"timestamp": 1779122601, "type": "safe_tx", "device": "node-8-spammer", "metadata": {}}
{"timestamp": 1779122601, "type": "dos_spam", "device": "node-8-spammer", "metadata": {}}
{"timestamp": 1779122601, "type": "safe_tx", "device": "node-8-spammer", "metadata": {}}
{"timestamp": 1779122601, "type": "safe_tx", "device": "node-8-spammer", "metadata": {}}
{"timestamp": 1779122601, "type": "safe_tx", "device": "node-8-spammer", "metadata": {}}
{"timestamp": 1779122601, "type": "safe_tx", "device": "node-8-spammer", "metadata": {}}
{"timestamp": 1779122601, "type": "safe_tx", "device": "node-8-spammer", "metadata": {}}
{"timestamp": 1779122601, "type": "safe_tx", "device": "node-8-spammer", "metadata": {}}
{"timestamp": 1779122601, "type": "safe_tx", "device": "node-8-spammer", "metadata": {}}
{"timestamp": 1779122601, "type": "safe_tx", "device": "node-13-mixed", "metadata": {}}
{"timestamp": 1779122601, "type": "safe_tx", "device": "node-8-spammer", "metadata": {}}
{"timestamp": 1779122601, "type": "safe_tx", "device": "node-4-clean", "metadata": {}}
{"timestamp": 1779122601, "type": "safe_tx", "device": "node-8-spammer", "metadata": {}}
{"timestamp": 1779122601, "type": "safe_tx", "device": "node-15-mixed", "metadata": {}}
{"timestamp": 1779122601, "type": "safe_tx", "device": "node-8-spammer", "metadata": {}}
{"timestamp": 1779122602, "type": "time_anomaly", "device": "node-14-mixed", "metadata": {}}
{"timestamp": 1779122601, "type": "safe_tx", "device": "node-3-clean", "metadata": {}}
{"timestamp": 1779122602, "type": "safe_tx", "device": "node-13-mixed", "metadata": {}}
{"timestamp": 1779122602, "type": "safe_tx", "device": "node-1-clean", "metadata": {}}
{"timestamp": 1779122602, "type": "safe_tx", "device": "node-5-clean", "metadata": {}}
{"timestamp": 1779122602, "type": "time_anomaly", "device": "node-7-timespoof", "metadata": {}}
{"timestamp": 1779122602, "type": "safe_tx", "device": "node-5-clean", "metadata": {}}
{"timestamp": 1779122602, "type": "fuzzing", "device": "node-10-fuzzer", "metadata": {}}
{"timestamp": 1779122602, "type": "safe_tx", "device": "node-8-spammer", "metadata": {}}
{"timestamp": 1779122602, "type": "safe_tx", "device": "node-8-spammer", "metadata": {}}
{"timestamp": 1779122602, "type": "safe_tx", "device": "node-8-spammer", "metadata": {}}
{"timestamp": 1779122603, "type": "safe_tx", "device": "node-8-spammer", "metadata": {}}
{"timestamp": 1779122603, "type": "safe_tx", "device": "node-8-spammer", "metadata": {}}
{"timestamp": 1779122603, "type": "dos_spam", "device": "node-8-spammer", "metadata": {}}
{"timestamp": 1779122603, "type": "safe_tx", "device": "node-8-spammer", "metadata": {}}
{"timestamp": 1779122603, "type": "safe_tx", "device": "node-8-spammer", "metadata": {}}
{"timestamp": 1779122603, "type": "safe_tx", "device": "node-8-spammer", "metadata": {}}
{"timestamp": 1779122603, "type": "safe_tx", "device": "node-8-spammer", "metadata": {}}
{"timestamp": 1779122603, "type": "safe_tx", "device": "node-8-spammer", "metadata": {}}
{"timestamp": 1779122603, "type": "safe_tx", "device": "node-3-clean", "metadata": {}}
{"timestamp": 1779122603, "type": "safe_tx", "device": "node-8-spammer", "metadata": {}}
{"timestamp": 1779122603, "type": "safe_tx", "device": "node-8-spammer", "metadata": {}}
{"timestamp": 1779122603, "type": "safe_tx", "device": "node-8-spammer", "metadata": {}}
{"timestamp": 1779122603, "type": "safe_tx", "device": "node-14-mixed", "metadata": {}}
{"timestamp": 1779122603, "type": "safe_tx", "device": "node-8-spammer", "metadata": {}}
{"timestamp": 1779122603, "type": "overflow", "device": "node-12-mixed", "metadata": {"count": 3, "window_sec": 30}}
{"timestamp": 1779122603, "type": "safe_tx", "device": "node-8-spammer", "metadata": {}}
{"timestamp": 1779122603, "type": "time_anomaly", "device": "node-15-mixed", "metadata": {}}
{"timestamp": 1779122603, "type": "safe_tx", "device": "node-4-clean", "metadata": {}}
{"timestamp": 1779122603, "type": "safe_tx", "device": "node-8-spammer", "metadata": {}}
{"timestamp": 1779122603, "type": "dos_spam", "device": "node-8-spammer", "metadata": {"count": 30, "window_sec": 5}}
{"timestamp": 1779122603, "type": "safe_tx", "device": "node-8-spammer", "metadata": {}}
{"timestamp": 1779122603, "type": "safe_tx", "device": "node-8-spammer", "metadata": {}}
{"timestamp": 1779122603, "type": "safe_tx", "device": "node-8-spammer", "metadata": {}}
{"timestamp": 1779122603, "type": "safe_tx", "device": "node-8-spammer", "metadata": {}}
{"timestamp": 1779122603, "type": "dos_spam", "device": "node-8-spammer", "metadata": {}}
{"timestamp": 1779122603, "type": "safe_tx", "device": "node-9-stealth", "metadata": {}}
{"timestamp": 1779122604, "type": "safe_tx", "device": "node-2-clean", "metadata": {}}
{"timestamp": 1779122604, "type": "safe_tx", "device": "node-8-spammer", "metadata": {}}
{"timestamp": 1779122604, "type": "safe_tx", "device": "node-1-clean", "metadata": {}}
{"timestamp": 1779122604, "type": "safe_tx", "device": "node-8-spammer", "metadata": {}}
{"timestamp": 1779122604, "type": "safe_tx", "device": "node-8-spammer", "metadata": {}}
{"timestamp": 1779122604, "type": "safe_tx", "device": "node-8-spammer", "metadata": {}}
{"timestamp": 1779122604, "type": "fuzzing", "device": "node-10-fuzzer", "metadata": {}}
{"timestamp": 1779122604, "type": "safe_tx", "device": "node-8-spammer", "metadata": {}}
{"timestamp": 1779122604, "type": "safe_tx", "device": "node-8-spammer", "metadata": {}}
{"timestamp": 1779122604, "type": "safe_tx", "device": "node-15-mixed", "metadata": {}}
{"timestamp": 1779122604, "type": "safe_tx", "device": "node-4-clean", "metadata": {}}
{"timestamp": 1779122604, "type": "safe_tx", "device": "node-3-clean", "metadata": {}}
{"timestamp": 1779122605, "type": "safe_tx", "device": "node-9-stealth", "metadata": {}}
{"timestamp": 1779122605, "type": "time_anomaly", "device": "node-13-mixed", "metadata": {}}
{"timestamp": 1779122605, "type": "safe_tx", "device": "node-10-fuzzer", "metadata": {}}
{"timestamp": 1779122605, "type": "safe_tx", "device": "node-3-clean", "metadata": {}}
{"timestamp": 1779122605, "type": "safe_tx", "device": "node-12-mixed", "metadata": {}}
{"timestamp": 1779122606, "type": "safe_tx", "device": "node-8-spammer", "metadata": {}}
{"timestamp": 1779122606, "type": "overflow", "device": "node-14-mixed", "metadata": {"count": 3, "window_sec": 30}}
{"timestamp": 1779122606, "type": "safe_tx", "device": "node-8-spammer", "metadata": {}}
{"timestamp": 1779122606, "type": "safe_tx", "device": "node-5-clean", "metadata": {}}
{"timestamp": 1779122606, "type": "safe_tx", "device": "node-9-stealth", "metadata": {}}
{"timestamp": 1779122607, "type": "safe_tx", "device": "node-8-spammer", "metadata": {}}
{"timestamp": 1779122607, "type": "safe_tx", "device": "node-8-spammer", "metadata": {}}
{"timestamp": 1779122607, "type": "safe_tx", "device": "node-8-spammer", "metadata": {}}
{"timestamp": 1779122607, "type": "safe_tx", "device": "node-12-mixed", "metadata": {}}
{"timestamp": 1779122607, "type": "safe_tx", "device": "node-8-spammer", "metadata": {}}
{"timestamp": 1779122607, "type": "safe_tx", "device": "node-8-spammer", "metadata": {}}
{"timestamp": 1779122608, "type": "time_anomaly", "device": "node-7-timespoof", "metadata": {}}
{"timestamp": 1779122608, "type": "time_anomaly", "device": "node-14-mixed", "metadata": {}}
{"timestamp": 1779122607, "type": "safe_tx", "device": "node-2-clean", "metadata": {}}
{"timestamp": 1779122608, "type": "safe_tx", "device": "node-4-clean", "metadata": {}}
{"timestamp": 1779122608, "type": "fuzzing", "device": "node-10-fuzzer", "metadata": {}}
{"timestamp": 1779122608, "type": "safe_tx", "device": "node-8-spammer", "metadata": {}}
{"timestamp": 1779122608, "type": "safe_tx", "device": "node-9-stealth", "metadata": {}}
{"timestamp": 1779122609, "type": "safe_tx", "device": "node-8-spammer", "metadata": {}}
{"timestamp": 1779122609, "type": "safe_tx", "device": "node-8-spammer", "metadata": {}}
{"timestamp": 1779122609, "type": "safe_tx", "device": "node-8-spammer", "metadata": {}}
{"timestamp": 1779122609, "type": "safe_tx", "device": "node-8-spammer", "metadata": {}}
{"timestamp": 1779122609, "type": "safe_tx", "device": "node-15-mixed", "metadata": {}}
{"timestamp": 1779122609, "type": "safe_tx", "device": "node-8-spammer", "metadata": {}}
{"timestamp": 1779122609, "type": "safe_tx", "device": "node-8-spammer", "metadata": {}}
{"timestamp": 1779122609, "type": "safe_tx", "device": "node-8-spammer", "metadata": {}}
{"timestamp": 1779122609, "type": "safe_tx", "device": "node-8-spammer", "metadata": {}}
{"timestamp": 1779122609, "type": "safe_tx", "device": "node-8-spammer", "metadata": {}}
{"timestamp": 1779122609, "type": "dos_spam", "device": "node-8-spammer", "metadata": {}}
{"timestamp": 1779122609, "type": "safe_tx", "device": "node-5-clean", "metadata": {}}
{"timestamp": 1779122609, "type": "safe_tx", "device": "node-2-clean", "metadata": {}}
{"timestamp": 1779122609, "type": "safe_tx", "device": "node-8-spammer", "metadata": {}}
{"timestamp": 1779122609, "type": "safe_tx", "device": "node-8-spammer", "metadata": {}}
{"timestamp": 1779122609, "type": "safe_tx", "device": "node-3-clean", "metadata": {}}
{"timestamp": 1779122609, "type": "safe_tx", "device": "node-8-spammer", "metadata": {}}
{"timestamp": 1779122609, "type": "safe_tx", "device": "node-14-mixed", "metadata": {}}
{"timestamp": 1779122609, "type": "safe_tx", "device": "node-8-spammer", "metadata": {}}
{"timestamp": 1779122609, "type": "safe_tx", "device": "node-8-spammer", "metadata": {}}
{"timestamp": 1779122610, "type": "safe_tx", "device": "node-8-spammer", "metadata": {}}
{"timestamp": 1779122610, "type": "safe_tx", "device": "node-8-spammer", "metadata": {}}
{"timestamp": 1779122610, "type": "safe_tx", "device": "node-8-spammer", "metadata": {}}
{"timestamp": 1779122610, "type": "safe_tx", "device": "node-8-spammer", "metadata": {}}
{"timestamp": 1779122610, "type": "safe_tx", "device": "node-8-spammer", "metadata": {}}
{"timestamp": 1779122610, "type": "fuzzing", "device": "node-10-fuzzer", "metadata": {}}
{"timestamp": 1779122610, "type": "safe_tx", "device": "node-1-clean", "metadata": {}}
{"timestamp": 1779122610, "type": "safe_tx", "device": "node-12-mixed", "metadata": {}}
{"timestamp": 1779122610, "type": "safe_tx", "device": "node-2-clean", "metadata": {}}
{"timestamp": 1779122610, "type": "overflow", "device": "node-13-mixed", "metadata": {"count": 3, "window_sec": 30}}
{"timestamp": 1779122610, "type": "safe_tx", "device": "node-1-clean", "metadata": {}}
{"timestamp": 1779122610, "type": "safe_tx", "device": "node-5-clean", "metadata": {}}
{"timestamp": 1779122610, "type": "safe_tx", "device": "node-8-spammer", "metadata": {}}
{"timestamp": 1779122610, "type": "safe_tx", "device": "node-4-clean", "metadata": {}}
{"timestamp": 1779122610, "type": "safe_tx", "device": "node-8-spammer", "metadata": {}}
{"timestamp": 1779122610, "type": "safe_tx", "device": "node-8-spammer", "metadata": {}}
{"timestamp": 1779122610, "type": "dos_spam", "device": "node-8-spammer", "metadata": {"count": 30, "window_sec": 5}}
{"timestamp": 1779122610, "type": "safe_tx", "device": "node-8-spammer", "metadata": {}}
{"timestamp": 1779122611, "type": "safe_tx", "device": "node-8-spammer", "metadata": {}}
{"timestamp": 1779122611, "type": "dos_spam", "device": "node-8-spammer", "metadata": {}}
{"timestamp": 1779122611, "type": "safe_tx", "device": "node-8-spammer", "metadata": {}}
{"timestamp": 1779122611, "type": "safe_tx", "device": "node-8-spammer", "metadata": {}}
{"timestamp": 1779122611, "type": "safe_tx", "device": "node-8-spammer", "metadata": {}}
{"timestamp": 1779122611, "type": "time_anomaly", "device": "node-13-mixed", "metadata": {}}
{"timestamp": 1779122611, "type": "safe_tx", "device": "node-15-mixed", "metadata": {}}
{"timestamp": 1779122611, "type": "safe_tx", "device": "node-9-stealth", "metadata": {}}
{"timestamp": 1779122611, "type": "safe_tx", "device": "node-1-clean", "metadata": {}}
{"timestamp": 1779122611, "type": "overflow", "device": "node-6-overflow", "metadata": {"count": 3, "window_sec": 30}}
{"timestamp": 1779122612, "type": "time_anomaly", "device": "node-13-mixed", "metadata": {}}
{"timestamp": 1779122612, "type": "safe_tx", "device": "node-8-spammer", "metadata": {}}
{"timestamp": 1779122612, "type": "safe_tx", "device": "node-8-spammer", "metadata": {}}
{"timestamp": 1779122612, "type": "safe_tx", "device": "node-8-spammer", "metadata": {}}
{"timestamp": 1779122613, "type": "time_anomaly", "device": "node-7-timespoof", "metadata": {}}
{"timestamp": 1779122612, "type": "safe_tx", "device": "node-11-pulsing", "metadata": {}}
{"timestamp": 1779122612, "type": "safe_tx", "device": "node-11-pulsing", "metadata": {}}
{"timestamp": 1779122612, "type": "safe_tx", "device": "node-13-mixed", "metadata": {}}
{"timestamp": 1779122612, "type": "safe_tx", "device": "node-11-pulsing", "metadata": {}}
{"timestamp": 1779122612, "type": "safe_tx", "device": "node-11-pulsing", "metadata": {}}
{"timestamp": 1779122612, "type": "safe_tx", "device": "node-5-clean", "metadata": {}}
{"timestamp": 1779122612, "type": "safe_tx", "device": "node-11-pulsing", "metadata": {}}
{"timestamp": 1779122612, "type": "overflow", "device": "node-10-fuzzer", "metadata": {"count": 3, "window_sec": 30}}
{"timestamp": 1779122613, "type": "safe_tx", "device": "node-11-pulsing", "metadata": {}}
{"timestamp": 1779122613, "type": "safe_tx", "device": "node-11-pulsing", "metadata": {}}
{"timestamp": 1779122613, "type": "safe_tx", "device": "node-11-pulsing", "metadata": {}}
{"timestamp": 1779122613, "type": "safe_tx", "device": "node-11-pulsing", "metadata": {}}
{"timestamp": 1779122613, "type": "safe_tx", "device": "node-11-pulsing", "metadata": {}}
{"timestamp": 1779122613, "type": "safe_tx", "device": "node-11-pulsing", "metadata": {}}
{"timestamp": 1779122613, "type": "safe_tx", "device": "node-3-clean", "metadata": {}}
{"timestamp": 1779122613, "type": "safe_tx", "device": "node-11-pulsing", "metadata": {}}
{"timestamp": 1779122613, "type": "safe_tx", "device": "node-11-pulsing", "metadata": {}}
{"timestamp": 1779122613, "type": "safe_tx", "device": "node-11-pulsing", "metadata": {}}
{"timestamp": 1779122613, "type": "safe_tx", "device": "node-11-pulsing", "metadata": {}}
{"timestamp": 1779122613, "type": "dos_spam", "device": "node-11-pulsing", "metadata": {}}
{"timestamp": 1779122613, "type": "safe_tx", "device": "node-11-pulsing", "metadata": {}}
{"timestamp": 1779122613, "type": "safe_tx", "device": "node-11-pulsing", "metadata": {}}
{"timestamp": 1779122613, "type": "safe_tx", "device": "node-11-pulsing", "metadata": {}}
{"timestamp": 1779122613, "type": "safe_tx", "device": "node-11-pulsing", "metadata": {}}
{"timestamp": 1779122613, "type": "safe_tx", "device": "node-11-pulsing", "metadata": {}}
{"timestamp": 1779122613, "type": "safe_tx", "device": "node-1-clean", "metadata": {}}
{"timestamp": 1779122613, "type": "safe_tx", "device": "node-9-stealth", "metadata": {}}
{"timestamp": 1779122614, "type": "safe_tx", "device": "node-4-clean", "metadata": {}}
{"timestamp": 1779122614, "type": "safe_tx", "device": "node-2-clean", "metadata": {}}
{"timestamp": 1779122614, "type": "safe_tx", "device": "node-9-stealth", "metadata": {}}
{"timestamp": 1779122614, "type": "safe_tx", "device": "node-8-spammer", "metadata": {}}
{"timestamp": 1779122615, "type": "time_anomaly", "device": "node-7-timespoof", "metadata": {}}
{"timestamp": 1779122614, "type": "safe_tx", "device": "node-12-mixed", "metadata": {}}
{"timestamp": 1779122615, "type": "time_anomaly", "device": "node-13-mixed", "metadata": {}}
{"timestamp": 1779122615, "type": "safe_tx", "device": "node-3-clean", "metadata": {}}
{"timestamp": 1779122615, "type": "safe_tx", "device": "node-2-clean", "metadata": {}}
{"timestamp": 1779122615, "type": "safe_tx", "device": "node-8-spammer", "metadata": {}}
{"timestamp": 1779122615, "type": "safe_tx", "device": "node-8-spammer", "metadata": {}}
{"timestamp": 1779122615, "type": "safe_tx", "device": "node-10-fuzzer", "metadata": {}}
{"timestamp": 1779122615, "type": "safe_tx", "device": "node-8-spammer", "metadata": {}}
{"timestamp": 1779122615, "type": "safe_tx", "device": "node-14-mixed", "metadata": {}}
{"timestamp": 1779122615, "type": "safe_tx", "device": "node-8-spammer", "metadata": {}}
{"timestamp": 1779122615, "type": "safe_tx", "device": "node-8-spammer", "metadata": {}}
{"timestamp": 1779122615, "type": "safe_tx", "device": "node-8-spammer", "metadata": {}}
{"timestamp": 1779122615, "type": "safe_tx", "device": "node-8-spammer", "metadata": {}}
{"timestamp": 1779122615, "type": "safe_tx", "device": "node-8-spammer", "metadata": {}}
{"timestamp": 1779122615, "type": "safe_tx", "device": "node-8-spammer", "metadata": {}}
{"timestamp": 1779122615, "type": "safe_tx", "device": "node-4-clean", "metadata": {}}
{"timestamp": 1779122615, "type": "safe_tx", "device": "node-8-spammer", "metadata": {}}
{"timestamp": 1779122615, "type": "safe_tx", "device": "node-8-spammer", "metadata": {}}
{"timestamp": 1779122616, "type": "time_anomaly", "device": "node-15-mixed", "metadata": {}}
{"timestamp": 1779122616, "type": "safe_tx", "device": "node-5-clean", "metadata": {}}
{"timestamp": 1779122616, "type": "safe_tx", "device": "node-14-mixed", "metadata": {}}
{"timestamp": 1779122616, "type": "safe_tx", "device": "node-13-mixed", "metadata": {}}
{"timestamp": 1779122616, "type": "safe_tx", "device": "node-15-mixed", "metadata": {}}
{"timestamp": 1779122617, "type": "safe_tx", "device": "node-3-clean", "metadata": {}}
{"timestamp": 1779122617, "type": "safe_tx", "device": "node-4-clean", "metadata": {}}
{"timestamp": 1779122617, "type": "safe_tx", "device": "node-8-spammer", "metadata": {}}
{"timestamp": 1779122617, "type": "safe_tx", "device": "node-1-clean", "metadata": {}}
{"timestamp": 1779122617, "type": "safe_tx", "device": "node-8-spammer", "metadata": {}}
{"timestamp": 1779122617, "type": "safe_tx", "device": "node-9-stealth", "metadata": {}}
{"timestamp": 1779122617, "type": "safe_tx", "device": "node-4-clean", "metadata": {}}
{"timestamp": 1779122618, "type": "time_anomaly", "device": "node-7-timespoof", "metadata": {}}
{"timestamp": 1779122618, "type": "safe_tx", "device": "node-12-mixed", "metadata": {}}
{"timestamp": 1779122618, "type": "fuzzing", "device": "node-10-fuzzer", "metadata": {}}
{"timestamp": 1779122618, "type": "safe_tx", "device": "node-14-mixed", "metadata": {}}
{"timestamp": 1779122618, "type": "safe_tx", "device": "node-8-spammer", "metadata": {}}
{"timestamp": 1779122618, "type": "safe_tx", "device": "node-8-spammer", "metadata": {}}
{"timestamp": 1779122618, "type": "safe_tx", "device": "node-2-clean", "metadata": {}}
{"timestamp": 1779122619, "type": "safe_tx", "device": "node-1-clean", "metadata": {}}
{"timestamp": 1779122619, "type": "safe_tx", "device": "node-15-mixed", "metadata": {}}
{"timestamp": 1779122619, "type": "safe_tx", "device": "node-13-mixed", "metadata": {}}
{"timestamp": 1779122619, "type": "safe_tx", "device": "node-8-spammer", "metadata": {}}
{"timestamp": 1779122619, "type": "safe_tx", "device": "node-5-clean", "metadata": {}}
{"timestamp": 1779122619, "type": "safe_tx", "device": "node-8-spammer", "metadata": {}}
{"timestamp": 1779122619, "type": "safe_tx", "device": "node-8-spammer", "metadata": {}}
{"timestamp": 1779122619, "type": "safe_tx", "device": "node-8-spammer", "metadata": {}}
{"timestamp": 1779122619, "type": "safe_tx", "device": "node-3-clean", "metadata": {}}
{"timestamp": 1779122619, "type": "safe_tx", "device": "node-8-spammer", "metadata": {}}
{"timestamp": 1779122619, "type": "safe_tx", "device": "node-8-spammer", "metadata": {}}
{"timestamp": 1779122619, "type": "safe_tx", "device": "node-10-fuzzer", "metadata": {}}
{"timestamp": 1779122619, "type": "safe_tx", "device": "node-8-spammer", "metadata": {}}
{"timestamp": 1779122619, "type": "safe_tx", "device": "node-8-spammer", "metadata": {}}
{"timestamp": 1779122619, "type": "safe_tx", "device": "node-8-spammer", "metadata": {}}
{"timestamp": 1779122619, "type": "safe_tx", "device": "node-8-spammer", "metadata": {}}
{"timestamp": 1779122619, "type": "safe_tx", "device": "node-8-spammer", "metadata": {}}
{"timestamp": 1779122619, "type": "dos_spam", "device": "node-8-spammer", "metadata": {}}
{"timestamp": 1779122619, "type": "safe_tx", "device": "node-4-clean", "metadata": {}}
{"timestamp": 1779122619, "type": "safe_tx", "device": "node-8-spammer", "metadata": {}}
{"timestamp": 1779122619, "type": "safe_tx", "device": "node-8-spammer", "metadata": {}}
{"timestamp": 1779122619, "type": "safe_tx", "device": "node-8-spammer", "metadata": {}}
{"timestamp": 1779122619, "type": "dos_spam", "device": "node-8-spammer", "metadata": {"count": 30, "window_sec": 5}}
{"timestamp": 1779122619, "type": "safe_tx", "device": "node-9-stealth", "metadata": {}}
{"timestamp": 1779122619, "type": "safe_tx", "device": "node-8-spammer", "metadata": {}}
{"timestamp": 1779122620, "type": "safe_tx", "device": "node-12-mixed", "metadata": {}}
{"timestamp": 1779122620, "type": "time_anomaly", "device": "node-15-mixed", "metadata": {}}
{"timestamp": 1779122620, "type": "safe_tx", "device": "node-9-stealth", "metadata": {}}
{"timestamp": 1779122620, "type": "safe_tx", "device": "node-8-spammer", "metadata": {}}
{"timestamp": 1779122620, "type": "safe_tx", "device": "node-8-spammer", "metadata": {}}
{"timestamp": 1779122620, "type": "safe_tx", "device": "node-8-spammer", "metadata": {}}
{"timestamp": 1779122621, "type": "fuzzing", "device": "node-10-fuzzer", "metadata": {}}
{"timestamp": 1779122621, "type": "safe_tx", "device": "node-14-mixed", "metadata": {}}
{"timestamp": 1779122621, "type": "safe_tx", "device": "node-3-clean", "metadata": {}}
{"timestamp": 1779122621, "type": "time_anomaly", "device": "node-13-mixed", "metadata": {}}
{"timestamp": 1779122621, "type": "safe_tx", "device": "node-4-clean", "metadata": {}}
{"timestamp": 1779122621, "type": "safe_tx", "device": "node-1-clean", "metadata": {}}
{"timestamp": 1779122621, "type": "safe_tx", "device": "node-10-fuzzer", "metadata": {}}
{"timestamp": 1779122621, "type": "safe_tx", "device": "node-4-clean", "metadata": {}}
{"timestamp": 1779122621, "type": "safe_tx", "device": "node-9-stealth", "metadata": {}}
{"timestamp": 1779122622, "type": "time_anomaly", "device": "node-7-timespoof", "metadata": {}}
{"timestamp": 1779122622, "type": "safe_tx", "device": "node-6-overflow", "metadata": {}}
{"timestamp": 1779122622, "type": "overflow", "device": "node-12-mixed", "metadata": {"count": 3, "window_sec": 30}}
{"timestamp": 1779122622, "type": "safe_tx", "device": "node-2-clean", "metadata": {}}
{"timestamp": 1779122622, "type": "safe_tx", "device": "node-8-spammer", "metadata": {}}
{"timestamp": 1779122622, "type": "safe_tx", "device": "node-8-spammer", "metadata": {}}
{"timestamp": 1779122622, "type": "safe_tx", "device": "node-8-spammer", "metadata": {}}
{"timestamp": 1779122622, "type": "safe_tx", "device": "node-8-spammer", "metadata": {}}
{"timestamp": 1779122622, "type": "safe_tx", "device": "node-8-spammer", "metadata": {}}
{"timestamp": 1779122622, "type": "safe_tx", "device": "node-5-clean", "metadata": {}}
{"timestamp": 1779122622, "type": "safe_tx", "device": "node-8-spammer", "metadata": {}}
{"timestamp": 1779122622, "type": "safe_tx", "device": "node-8-spammer", "metadata": {}}
{"timestamp": 1779122623, "type": "safe_tx", "device": "node-15-mixed", "metadata": {}}
{"timestamp": 1779122623, "type": "fuzzing", "device": "node-10-fuzzer", "metadata": {}}
{"timestamp": 1779122623, "type": "safe_tx", "device": "node-14-mixed", "metadata": {}}
{"timestamp": 1779122623, "type": "safe_tx", "device": "node-8-spammer", "metadata": {}}
{"timestamp": 1779122623, "type": "safe_tx", "device": "node-8-spammer", "metadata": {}}
{"timestamp": 1779122624, "type": "safe_tx", "device": "node-8-spammer", "metadata": {}}
{"timestamp": 1779122624, "type": "safe_tx", "device": "node-8-spammer", "metadata": {}}
{"timestamp": 1779122624, "type": "safe_tx", "device": "node-12-mixed", "metadata": {}}
{"timestamp": 1779122624, "type": "safe_tx", "device": "node-3-clean", "metadata": {}}
{"timestamp": 1779122624, "type": "safe_tx", "device": "node-15-mixed", "metadata": {}}
{"timestamp": 1779122624, "type": "overflow", "device": "node-6-overflow", "metadata": {"count": 3, "window_sec": 30}}
{"timestamp": 1779122624, "type": "safe_tx", "device": "node-9-stealth", "metadata": {}}
{"timestamp": 1779122624, "type": "time_anomaly", "device": "node-7-timespoof", "metadata": {}}
{"timestamp": 1779122624, "type": "safe_tx", "device": "node-5-clean", "metadata": {}}
{"timestamp": 1779122624, "type": "safe_tx", "device": "node-3-clean", "metadata": {}}
{"timestamp": 1779122625, "type": "overflow", "device": "node-15-mixed", "metadata": {"count": 3, "window_sec": 30}}
{"timestamp": 1779122625, "type": "safe_tx", "device": "node-8-spammer", "metadata": {}}
{"timestamp": 1779122625, "type": "safe_tx", "device": "node-8-spammer", "metadata": {}}
{"timestamp": 1779122625, "type": "safe_tx", "device": "node-1-clean", "metadata": {}}
{"timestamp": 1779122625, "type": "safe_tx", "device": "node-8-spammer", "metadata": {}}
{"timestamp": 1779122625, "type": "safe_tx", "device": "node-8-spammer", "metadata": {}}
{"timestamp": 1779122625, "type": "safe_tx", "device": "node-2-clean", "metadata": {}}
{"timestamp": 1779122625, "type": "safe_tx", "device": "node-8-spammer", "metadata": {}}
{"timestamp": 1779122625, "type": "safe_tx", "device": "node-8-spammer", "metadata": {}}
{"timestamp": 1779122625, "type": "safe_tx", "device": "node-4-clean", "metadata": {}}
{"timestamp": 1779122625, "type": "safe_tx", "device": "node-14-mixed", "metadata": {}}
{"timestamp": 1779122626, "type": "safe_tx", "device": "node-10-fuzzer", "metadata": {}}
{"timestamp": 1779122626, "type": "safe_tx", "device": "node-14-mixed", "metadata": {}}
{"timestamp": 1779122626, "type": "safe_tx", "device": "node-2-clean", "metadata": {}}
{"timestamp": 1779122626, "type": "safe_tx", "device": "node-13-mixed", "metadata": {}}
{"timestamp": 1779122627, "type": "time_anomaly", "device": "node-12-mixed", "metadata": {}}
{"timestamp": 1779122626, "type": "safe_tx", "device": "node-10-fuzzer", "metadata": {}}
{"timestamp": 1779122626, "type": "safe_tx", "device": "node-8-spammer", "metadata": {}}
{"timestamp": 1779122626, "type": "safe_tx", "device": "node-8-spammer", "metadata": {}}
{"timestamp": 1779122626, "type": "safe_tx", "device": "node-8-spammer", "metadata": {}}
{"timestamp": 1779122626, "type": "safe_tx", "device": "node-5-clean", "metadata": {}}
{"timestamp": 1779122626, "type": "safe_tx", "device": "node-8-spammer", "metadata": {}}
{"timestamp": 1779122626, "type": "safe_tx", "device": "node-9-stealth", "metadata": {}}
{"timestamp": 1779122626, "type": "safe_tx", "device": "node-8-spammer", "metadata": {}}
{"timestamp": 1779122626, "type": "safe_tx", "device": "node-8-spammer", "metadata": {}}
{"timestamp": 1779122627, "type": "safe_tx", "device": "node-8-spammer", "metadata": {}}
{"timestamp": 1779122627, "type": "safe_tx", "device": "node-8-spammer", "metadata": {}}
{"timestamp": 1779122627, "type": "safe_tx", "device": "node-8-spammer", "metadata": {}}
{"timestamp": 1779122627, "type": "dos_spam", "device": "node-8-spammer", "metadata": {}}
{"timestamp": 1779122627, "type": "safe_tx", "device": "node-8-spammer", "metadata": {}}
{"timestamp": 1779122627, "type": "safe_tx", "device": "node-8-spammer", "metadata": {}}
{"timestamp": 1779122627, "type": "safe_tx", "device": "node-8-spammer", "metadata": {}}
{"timestamp": 1779122627, "type": "safe_tx", "device": "node-2-clean", "metadata": {}}
{"timestamp": 1779122627, "type": "safe_tx", "device": "node-8-spammer", "metadata": {}}
{"timestamp": 1779122627, "type": "dos_spam", "device": "node-8-spammer", "metadata": {"count": 30, "window_sec": 5}}
{"timestamp": 1779122627, "type": "safe_tx", "device": "node-8-spammer", "metadata": {}}
{"timestamp": 1779122627, "type": "safe_tx", "device": "node-8-spammer", "metadata": {}}
{"timestamp": 1779122627, "type": "safe_tx", "device": "node-1-clean", "metadata": {}}
{"timestamp": 1779122627, "type": "fuzzing", "device": "node-10-fuzzer", "metadata": {}}
{"timestamp": 1779122627, "type": "safe_tx", "device": "node-5-clean", "metadata": {}}
{"timestamp": 1779122627, "type": "safe_tx", "device": "node-8-spammer", "metadata": {}}
{"timestamp": 1779122627, "type": "safe_tx", "device": "node-8-spammer", "metadata": {}}
{"timestamp": 1779122627, "type": "safe_tx", "device": "node-8-spammer", "metadata": {}}
{"timestamp": 1779122628, "type": "safe_tx", "device": "node-4-clean", "metadata": {}}
{"timestamp": 1779122628, "type": "safe_tx", "device": "node-8-spammer", "metadata": {}}
{"timestamp": 1779122628, "type": "safe_tx", "device": "node-8-spammer", "metadata": {}}
{"timestamp": 1779122628, "type": "safe_tx", "device": "node-8-spammer", "metadata": {}}
{"timestamp": 1779122628, "type": "safe_tx", "device": "node-8-spammer", "metadata": {}}
{"timestamp": 1779122628, "type": "safe_tx", "device": "node-8-spammer", "metadata": {}}
{"timestamp": 1779122628, "type": "safe_tx", "device": "node-8-spammer", "metadata": {}}
{"timestamp": 1779122628, "type": "dos_spam", "device": "node-8-spammer", "metadata": {}}
{"timestamp": 1779122628, "type": "safe_tx", "device": "node-8-spammer", "metadata": {}}
{"timestamp": 1779122628, "type": "safe_tx", "device": "node-8-spammer", "metadata": {}}
{"timestamp": 1779122628, "type": "safe_tx", "device": "node-8-spammer", "metadata": {}}
{"timestamp": 1779122628, "type": "safe_tx", "device": "node-4-clean", "metadata": {}}
{"timestamp": 1779122628, "type": "safe_tx", "device": "node-8-spammer", "metadata": {}}
{"timestamp": 1779122628, "type": "safe_tx", "device": "node-9-stealth", "metadata": {}}
{"timestamp": 1779122628, "type": "safe_tx", "device": "node-8-spammer", "metadata": {}}
{"timestamp": 1779122628, "type": "safe_tx", "device": "node-8-spammer", "metadata": {}}
{"timestamp": 1779122629, "type": "safe_tx", "device": "node-15-mixed", "metadata": {}}
{"timestamp": 1779122629, "type": "safe_tx", "device": "node-3-clean", "metadata": {}}
{"timestamp": 1779122629, "type": "safe_tx", "device": "node-14-mixed", "metadata": {}}
{"timestamp": 1779122629, "type": "safe_tx", "device": "node-2-clean", "metadata": {}}
{"timestamp": 1779122629, "type": "safe_tx", "device": "node-12-mixed", "metadata": {}}
{"timestamp": 1779122630, "type": "time_anomaly", "device": "node-7-timespoof", "metadata": {}}
{"timestamp": 1779122630, "type": "safe_tx", "device": "node-8-spammer", "metadata": {}}
{"timestamp": 1779122630, "type": "time_anomaly", "device": "node-14-mixed", "metadata": {}}
{"timestamp": 1779122630, "type": "safe_tx", "device": "node-8-spammer", "metadata": {}}
{"timestamp": 1779122630, "type": "safe_tx", "device": "node-4-clean", "metadata": {}}
{"timestamp": 1779122630, "type": "safe_tx", "device": "node-5-clean", "metadata": {}}
{"timestamp": 1779122630, "type": "safe_tx", "device": "node-3-clean", "metadata": {}}
{"timestamp": 1779122630, "type": "safe_tx", "device": "node-10-fuzzer", "metadata": {}}
{"timestamp": 1779122631, "type": "safe_tx", "device": "node-9-stealth", "metadata": {}}
{"timestamp": 1779122631, "type": "safe_tx", "device": "node-2-clean", "metadata": {}}
{"timestamp": 1779122631, "type": "safe_tx", "device": "node-13-mixed", "metadata": {}}
{"timestamp": 1779122631, "type": "safe_tx", "device": "node-5-clean", "metadata": {}}
{"timestamp": 1779122631, "type": "safe_tx", "device": "node-3-clean", "metadata": {}}
{"timestamp": 1779122631, "type": "safe_tx", "device": "node-8-spammer", "metadata": {}}
{"timestamp": 1779122631, "type": "safe_tx", "device": "node-8-spammer", "metadata": {}}
{"timestamp": 1779122631, "type": "safe_tx", "device": "node-8-spammer", "metadata": {}}
{"timestamp": 1779122631, "type": "safe_tx", "device": "node-8-spammer", "metadata": {}}
{"timestamp": 1779122631, "type": "safe_tx", "device": "node-8-spammer", "metadata": {}}
{"timestamp": 1779122631, "type": "safe_tx", "device": "node-8-spammer", "metadata": {}}
{"timestamp": 1779122631, "type": "safe_tx", "device": "node-14-mixed", "metadata": {}}
{"timestamp": 1779122632, "type": "safe_tx", "device": "node-8-spammer", "metadata": {}}
{"timestamp": 1779122632, "type": "safe_tx", "device": "node-8-spammer", "metadata": {}}
{"timestamp": 1779122632, "type": "safe_tx", "device": "node-13-mixed", "metadata": {}}
{"timestamp": 1779122632, "type": "overflow", "device": "node-6-overflow", "metadata": {"count": 3, "window_sec": 30}}
{"timestamp": 1779122632, "type": "safe_tx", "device": "node-1-clean", "metadata": {}}
{"timestamp": 1779122633, "type": "time_anomaly", "device": "node-7-timespoof", "metadata": {}}
{"timestamp": 1779122632, "type": "safe_tx", "device": "node-12-mixed", "metadata": {}}
{"timestamp": 1779122632, "type": "safe_tx", "device": "node-2-clean", "metadata": {}}
{"timestamp": 1779122632, "type": "fuzzing", "device": "node-10-fuzzer", "metadata": {}}
{"timestamp": 1779122632, "type": "safe_tx", "device": "node-3-clean", "metadata": {}}
{"timestamp": 1779122632, "type": "safe_tx", "device": "node-8-spammer", "metadata": {}}
{"timestamp": 1779122633, "type": "safe_tx", "device": "node-8-spammer", "metadata": {}}
{"timestamp": 1779122633, "type": "time_anomaly", "device": "node-15-mixed", "metadata": {}}
{"timestamp": 1779122633, "type": "safe_tx", "device": "node-15-mixed", "metadata": {}}
{"timestamp": 1779122633, "type": "safe_tx", "device": "node-2-clean", "metadata": {}}
{"timestamp": 1779122634, "type": "safe_tx", "device": "node-13-mixed", "metadata": {}}
{"timestamp": 1779122634, "type": "safe_tx", "device": "node-4-clean", "metadata": {}}
{"timestamp": 1779122634, "type": "safe_tx", "device": "node-8-spammer", "metadata": {}}
{"timestamp": 1779122634, "type": "safe_tx", "device": "node-6-overflow", "metadata": {}}
{"timestamp": 1779122634, "type": "safe_tx", "device": "node-9-stealth", "metadata": {}}
{"timestamp": 1779122634, "type": "fuzzing", "device": "node-10-fuzzer", "metadata": {}}
{"timestamp": 1779122634, "type": "safe_tx", "device": "node-8-spammer", "metadata": {}}
{"timestamp": 1779122634, "type": "safe_tx", "device": "node-8-spammer", "metadata": {}}
{"timestamp": 1779122634, "type": "safe_tx", "device": "node-8-spammer", "metadata": {}}
{"timestamp": 1779122634, "type": "safe_tx", "device": "node-8-spammer", "metadata": {}}
{"timestamp": 1779122634, "type": "safe_tx", "device": "node-8-spammer", "metadata": {}}
{"timestamp": 1779122634, "type": "safe_tx", "device": "node-8-spammer", "metadata": {}}
{"timestamp": 1779122634, "type": "safe_tx", "device": "node-8-spammer", "metadata": {}}
{"timestamp": 1779122634, "type": "safe_tx", "device": "node-8-spammer", "metadata": {}}
{"timestamp": 1779122634, "type": "safe_tx", "device": "node-5-clean", "metadata": {}}
{"timestamp": 1779122634, "type": "safe_tx", "device": "node-8-spammer", "metadata": {}}
{"timestamp": 1779122634, "type": "safe_tx", "device": "node-8-spammer", "metadata": {}}
{"timestamp": 1779122634, "type": "dos_spam", "device": "node-8-spammer", "metadata": {}}
{"timestamp": 1779122634, "type": "safe_tx", "device": "node-8-spammer", "metadata": {}}
{"timestamp": 1779122634, "type": "safe_tx", "device": "node-8-spammer", "metadata": {}}
{"timestamp": 1779122635, "type": "overflow", "device": "node-14-mixed", "metadata": {"count": 3, "window_sec": 30}}
{"timestamp": 1779122635, "type": "safe_tx", "device": "node-9-stealth", "metadata": {}}
{"timestamp": 1779122635, "type": "safe_tx", "device": "node-8-spammer", "metadata": {}}
{"timestamp": 1779122635, "type": "safe_tx", "device": "node-8-spammer", "metadata": {}}
{"timestamp": 1779122635, "type": "safe_tx", "device": "node-8-spammer", "metadata": {}}
{"timestamp": 1779122635, "type": "safe_tx", "device": "node-8-spammer", "metadata": {}}
{"timestamp": 1779122635, "type": "safe_tx", "device": "node-8-spammer", "metadata": {}}
{"timestamp": 1779122635, "type": "dos_spam", "device": "node-8-spammer", "metadata": {"count": 30, "window_sec": 5}}
{"timestamp": 1779122635, "type": "safe_tx", "device": "node-8-spammer", "metadata": {}}
{"timestamp": 1779122635, "type": "safe_tx", "device": "node-8-spammer", "metadata": {}}
{"timestamp": 1779122635, "type": "safe_tx", "device": "node-10-fuzzer", "metadata": {}}
{"timestamp": 1779122636, "type": "time_anomaly", "device": "node-12-mixed", "metadata": {}}
{"timestamp": 1779122635, "type": "safe_tx", "device": "node-5-clean", "metadata": {}}
{"timestamp": 1779122635, "type": "safe_tx", "device": "node-13-mixed", "metadata": {}}
{"timestamp": 1779122636, "type": "safe_tx", "device": "node-2-clean", "metadata": {}}
{"timestamp": 1779122636, "type": "safe_tx", "device": "node-1-clean", "metadata": {}}
{"timestamp": 1779122636, "type": "safe_tx", "device": "node-8-spammer", "metadata": {}}
{"timestamp": 1779122636, "type": "safe_tx", "device": "node-8-spammer", "metadata": {}}
{"timestamp": 1779122636, "type": "safe_tx", "device": "node-8-spammer", "metadata": {}}
{"timestamp": 1779122636, "type": "safe_tx", "device": "node-3-clean", "metadata": {}}
{"timestamp": 1779122636, "type": "safe_tx", "device": "node-8-spammer", "metadata": {}}
{"timestamp": 1779122636, "type": "safe_tx", "device": "node-8-spammer", "metadata": {}}
{"timestamp": 1779122636, "type": "safe_tx", "device": "node-8-spammer", "metadata": {}}
{"timestamp": 1779122636, "type": "dos_spam", "device": "node-8-spammer", "metadata": {}}
{"timestamp": 1779122637, "type": "time_anomaly", "device": "node-15-mixed", "metadata": {}}
{"timestamp": 1779122636, "type": "safe_tx", "device": "node-8-spammer", "metadata": {}}
{"timestamp": 1779122636, "type": "safe_tx", "device": "node-8-spammer", "metadata": {}}
{"timestamp": 1779122636, "type": "safe_tx", "device": "node-4-clean", "metadata": {}}
{"timestamp": 1779122636, "type": "safe_tx", "device": "node-8-spammer", "metadata": {}}
{"timestamp": 1779122636, "type": "safe_tx", "device": "node-8-spammer", "metadata": {}}
{"timestamp": 1779122636, "type": "safe_tx", "device": "node-8-spammer", "metadata": {}}
{"timestamp": 1779122636, "type": "safe_tx", "device": "node-8-spammer", "metadata": {}}
{"timestamp": 1779122636, "type": "safe_tx", "device": "node-8-spammer", "metadata": {}}
{"timestamp": 1779122636, "type": "safe_tx", "device": "node-8-spammer", "metadata": {}}
{"timestamp": 1779122636, "type": "safe_tx", "device": "node-8-spammer", "metadata": {}}
{"timestamp": 1779122637, "type": "time_anomaly", "device": "node-7-timespoof", "metadata": {}}
{"timestamp": 1779122636, "type": "safe_tx", "device": "node-8-spammer", "metadata": {}}
{"timestamp": 1779122636, "type": "safe_tx", "device": "node-8-spammer", "metadata": {}}
{"timestamp": 1779122636, "type": "safe_tx", "device": "node-4-clean", "metadata": {}}
{"timestamp": 1779122637, "type": "safe_tx", "device": "node-8-spammer", "metadata": {}}
{"timestamp": 1779122637, "type": "safe_tx", "device": "node-8-spammer", "metadata": {}}
{"timestamp": 1779122637, "type": "safe_tx", "device": "node-8-spammer", "metadata": {}}
{"timestamp": 1779122637, "type": "safe_tx", "device": "node-13-mixed", "metadata": {}}
{"timestamp": 1779122637, "type": "fuzzing", "device": "node-10-fuzzer", "metadata": {}}
{"timestamp": 1779122637, "type": "safe_tx", "device": "node-5-clean", "metadata": {}}
{"timestamp": 1779122637, "type": "time_anomaly", "device": "node-12-mixed", "metadata": {}}
{"timestamp": 1779122637, "type": "safe_tx", "device": "node-14-mixed", "metadata": {}}
{"timestamp": 1779122638, "type": "safe_tx", "device": "node-8-spammer", "metadata": {}}
{"timestamp": 1779122638, "type": "dos_spam", "device": "node-8-spammer", "metadata": {}}
{"timestamp": 1779122638, "type": "safe_tx", "device": "node-8-spammer", "metadata": {}}
{"timestamp": 1779122638, "type": "safe_tx", "device": "node-2-clean", "metadata": {}}
{"timestamp": 1779122638, "type": "safe_tx", "device": "node-10-fuzzer", "metadata": {}}
{"timestamp": 1779122638, "type": "safe_tx", "device": "node-15-mixed", "metadata": {}}
{"timestamp": 1779122638, "type": "overflow", "device": "node-13-mixed", "metadata": {"count": 3, "window_sec": 30}}
{"timestamp": 1779122638, "type": "safe_tx", "device": "node-1-clean", "metadata": {}}
{"timestamp": 1779122638, "type": "safe_tx", "device": "node-8-spammer", "metadata": {}}
{"timestamp": 1779122638, "type": "safe_tx", "device": "node-9-stealth", "metadata": {}}
{"timestamp": 1779122639, "type": "fuzzing", "device": "node-10-fuzzer", "metadata": {}}
{"timestamp": 1779122639, "type": "safe_tx", "device": "node-2-clean", "metadata": {}}
{"timestamp": 1779122639, "type": "safe_tx", "device": "node-9-stealth", "metadata": {}}
{"timestamp": 1779122640, "type": "time_anomaly", "device": "node-14-mixed", "metadata": {}}
{"timestamp": 1779122640, "type": "overflow", "device": "node-12-mixed", "metadata": {"count": 3, "window_sec": 30}}
{"timestamp": 1779122640, "type": "time_anomaly", "device": "node-7-timespoof", "metadata": {}}
{"timestamp": 1779122640, "type": "safe_tx", "device": "node-8-spammer", "metadata": {}}
{"timestamp": 1779122640, "type": "safe_tx", "device": "node-8-spammer", "metadata": {}}
{"timestamp": 1779122640, "type": "safe_tx", "device": "node-8-spammer", "metadata": {}}
{"timestamp": 1779122640, "type": "safe_tx", "device": "node-8-spammer", "metadata": {}}
{"timestamp": 1779122640, "type": "safe_tx", "device": "node-9-stealth", "metadata": {}}
{"timestamp": 1779122640, "type": "safe_tx", "device": "node-8-spammer", "metadata": {}}
{"timestamp": 1779122640, "type": "dos_spam", "device": "node-8-spammer", "metadata": {"count": 30, "window_sec": 5}}
{"timestamp": 1779122640, "type": "safe_tx", "device": "node-4-clean", "metadata": {}}
{"timestamp": 1779122640, "type": "safe_tx", "device": "node-13-mixed", "metadata": {}}
{"timestamp": 1779122641, "type": "safe_tx", "device": "node-5-clean", "metadata": {}}
{"timestamp": 1779122641, "type": "safe_tx", "device": "node-4-clean", "metadata": {}}
{"timestamp": 1779122641, "type": "fuzzing", "device": "node-10-fuzzer", "metadata": {}}
{"timestamp": 1779122642, "type": "time_anomaly", "device": "node-14-mixed", "metadata": {}}
{"timestamp": 1779122641, "type": "safe_tx", "device": "node-8-spammer", "metadata": {}}
{"timestamp": 1779122641, "type": "safe_tx", "device": "node-8-spammer", "metadata": {}}
{"timestamp": 1779122641, "type": "safe_tx", "device": "node-8-spammer", "metadata": {}}
{"timestamp": 1779122641, "type": "safe_tx", "device": "node-8-spammer", "metadata": {}}
{"timestamp": 1779122641, "type": "safe_tx", "device": "node-8-spammer", "metadata": {}}
{"timestamp": 1779122641, "type": "safe_tx", "device": "node-9-stealth", "metadata": {}}
{"timestamp": 1779122641, "type": "safe_tx", "device": "node-8-spammer", "metadata": {}}
{"timestamp": 1779122641, "type": "safe_tx", "device": "node-5-clean", "metadata": {}}
{"timestamp": 1779122641, "type": "safe_tx", "device": "node-8-spammer", "metadata": {}}
{"timestamp": 1779122641, "type": "safe_tx", "device": "node-8-spammer", "metadata": {}}
{"timestamp": 1779122641, "type": "safe_tx", "device": "node-8-spammer", "metadata": {}}
{"timestamp": 1779122641, "type": "safe_tx", "device": "node-8-spammer", "metadata": {}}
{"timestamp": 1779122641, "type": "dos_spam", "device": "node-8-spammer", "metadata": {}}
{"timestamp": 1779122642, "type": "safe_tx", "device": "node-8-spammer", "metadata": {}}
{"timestamp": 1779122642, "type": "safe_tx", "device": "node-8-spammer", "metadata": {}}
{"timestamp": 1779122642, "type": "safe_tx", "device": "node-8-spammer", "metadata": {}}
{"timestamp": 1779122642, "type": "safe_tx", "device": "node-13-mixed", "metadata": {}}
{"timestamp": 1779122642, "type": "safe_tx", "device": "node-3-clean", "metadata": {}}
{"timestamp": 1779122642, "type": "safe_tx", "device": "node-1-clean", "metadata": {}}
{"timestamp": 1779122642, "type": "safe_tx", "device": "node-2-clean", "metadata": {}}
{"timestamp": 1779122643, "type": "safe_tx", "device": "node-12-mixed", "metadata": {}}
{"timestamp": 1779122643, "type": "safe_tx", "device": "node-10-fuzzer", "metadata": {}}
{"timestamp": 1779122643, "type": "safe_tx", "device": "node-11-pulsing", "metadata": {}}
{"timestamp": 1779122643, "type": "safe_tx", "device": "node-11-pulsing", "metadata": {}}
{"timestamp": 1779122643, "type": "safe_tx", "device": "node-11-pulsing", "metadata": {}}
{"timestamp": 1779122643, "type": "safe_tx", "device": "node-11-pulsing", "metadata": {}}
{"timestamp": 1779122643, "type": "safe_tx", "device": "node-11-pulsing", "metadata": {}}
{"timestamp": 1779122643, "type": "safe_tx", "device": "node-11-pulsing", "metadata": {}}
{"timestamp": 1779122643, "type": "safe_tx", "device": "node-11-pulsing", "metadata": {}}
{"timestamp": 1779122644, "type": "time_anomaly", "device": "node-7-timespoof", "metadata": {}}
{"timestamp": 1779122643, "type": "safe_tx", "device": "node-11-pulsing", "metadata": {}}
{"timestamp": 1779122643, "type": "safe_tx", "device": "node-11-pulsing", "metadata": {}}
{"timestamp": 1779122644, "type": "safe_tx", "device": "node-11-pulsing", "metadata": {}}
{"timestamp": 1779122644, "type": "safe_tx", "device": "node-11-pulsing", "metadata": {}}
{"timestamp": 1779122644, "type": "safe_tx", "device": "node-11-pulsing", "metadata": {}}
{"timestamp": 1779122644, "type": "safe_tx", "device": "node-11-pulsing", "metadata": {}}
{"timestamp": 1779122644, "type": "safe_tx", "device": "node-11-pulsing", "metadata": {}}
{"timestamp": 1779122644, "type": "safe_tx", "device": "node-11-pulsing", "metadata": {}}
{"timestamp": 1779122644, "type": "dos_spam", "device": "node-11-pulsing", "metadata": {}}
{"timestamp": 1779122644, "type": "safe_tx", "device": "node-11-pulsing", "metadata": {}}
{"timestamp": 1779122644, "type": "safe_tx", "device": "node-11-pulsing", "metadata": {}}
{"timestamp": 1779122644, "type": "safe_tx", "device": "node-11-pulsing", "metadata": {}}
{"timestamp": 1779122644, "type": "fuzzing", "device": "node-10-fuzzer", "metadata": {}}
{"timestamp": 1779122644, "type": "safe_tx", "device": "node-5-clean", "metadata": {}}
{"timestamp": 1779122644, "type": "safe_tx", "device": "node-8-spammer", "metadata": {}}
{"timestamp": 1779122644, "type": "safe_tx", "device": "node-11-pulsing", "metadata": {}}
{"timestamp": 1779122644, "type": "safe_tx", "device": "node-8-spammer", "metadata": {}}
{"timestamp": 1779122644, "type": "safe_tx", "device": "node-9-stealth", "metadata": {}}
{"timestamp": 1779122644, "type": "safe_tx", "device": "node-11-pulsing", "metadata": {}}
{"timestamp": 1779122644, "type": "safe_tx", "device": "node-8-spammer", "metadata": {}}
{"timestamp": 1779122644, "type": "safe_tx", "device": "node-8-spammer", "metadata": {}}
{"timestamp": 1779122644, "type": "safe_tx", "device": "node-8-spammer", "metadata": {}}
{"timestamp": 1779122644, "type": "safe_tx", "device": "node-8-spammer", "metadata": {}}
{"timestamp": 1779122644, "type": "safe_tx", "device": "node-8-spammer", "metadata": {}}
{"timestamp": 1779122644, "type": "safe_tx", "device": "node-8-spammer", "metadata": {}}
{"timestamp": 1779122644, "type": "safe_tx", "device": "node-8-spammer", "metadata": {}}
{"timestamp": 1779122644, "type": "safe_tx", "device": "node-8-spammer", "metadata": {}}
{"timestamp": 1779122644, "type": "safe_tx", "device": "node-8-spammer", "metadata": {}}
{"timestamp": 1779122644, "type": "safe_tx", "device": "node-4-clean", "metadata": {}}
{"timestamp": 1779122644, "type": "safe_tx", "device": "node-8-spammer", "metadata": {}}
{"timestamp": 1779122644, "type": "dos_spam", "device": "node-8-spammer", "metadata": {}}
{"timestamp": 1779122644, "type": "safe_tx", "device": "node-8-spammer", "metadata": {}}
{"timestamp": 1779122645, "type": "safe_tx", "device": "node-1-clean", "metadata": {}}
{"timestamp": 1779122645, "type": "safe_tx", "device": "node-3-clean", "metadata": {}}
{"timestamp": 1779122645, "type": "overflow", "device": "node-6-overflow", "metadata": {"count": 3, "window_sec": 30}}
{"timestamp": 1779122645, "type": "safe_tx", "device": "node-3-clean", "metadata": {}}
{"timestamp": 1779122645, "type": "time_anomaly", "device": "node-13-mixed", "metadata": {}}
{"timestamp": 1779122645, "type": "safe_tx", "device": "node-2-clean", "metadata": {}}
{"timestamp": 1779122645, "type": "safe_tx", "device": "node-8-spammer", "metadata": {}}
{"timestamp": 1779122645, "type": "safe_tx", "device": "node-8-spammer", "metadata": {}}
{"timestamp": 1779122646, "type": "safe_tx", "device": "node-8-spammer", "metadata": {}}
{"timestamp": 1779122646, "type": "safe_tx", "device": "node-8-spammer", "metadata": {}}
{"timestamp": 1779122646, "type": "dos_spam", "device": "node-8-spammer", "metadata": {"count": 30, "window_sec": 5}}
{"timestamp": 1779122646, "type": "safe_tx", "device": "node-8-spammer", "metadata": {}}
{"timestamp": 1779122646, "type": "safe_tx", "device": "node-8-spammer", "metadata": {}}
{"timestamp": 1779122646, "type": "safe_tx", "device": "node-8-spammer", "metadata": {}}
{"timestamp": 1779122646, "type": "safe_tx", "device": "node-8-spammer", "metadata": {}}
{"timestamp": 1779122646, "type": "overflow", "device": "node-10-fuzzer", "metadata": {"count": 3, "window_sec": 30}}
{"timestamp": 1779122646, "type": "safe_tx", "device": "node-8-spammer", "metadata": {}}
{"timestamp": 1779122646, "type": "safe_tx", "device": "node-8-spammer", "metadata": {}}
{"timestamp": 1779122646, "type": "safe_tx", "device": "node-8-spammer", "metadata": {}}
{"timestamp": 1779122646, "type": "safe_tx", "device": "node-8-spammer", "metadata": {}}
{"timestamp": 1779122646, "type": "safe_tx", "device": "node-8-spammer", "metadata": {}}
{"timestamp": 1779122646, "type": "safe_tx", "device": "node-8-spammer", "metadata": {}}
{"timestamp": 1779122646, "type": "dos_spam", "device": "node-8-spammer", "metadata": {}}
{"timestamp": 1779122646, "type": "safe_tx", "device": "node-8-spammer", "metadata": {}}
{"timestamp": 1779122646, "type": "safe_tx", "device": "node-8-spammer", "metadata": {}}
{"timestamp": 1779122646, "type": "safe_tx", "device": "node-8-spammer", "metadata": {}}
{"timestamp": 1779122646, "type": "safe_tx", "device": "node-5-clean", "metadata": {}}
{"timestamp": 1779122646, "type": "time_anomaly", "device": "node-7-timespoof", "metadata": {}}
{"timestamp": 1779122646, "type": "safe_tx", "device": "node-4-clean", "metadata": {}}
{"timestamp": 1779122646, "type": "safe_tx", "device": "node-2-clean", "metadata": {}}
{"timestamp": 1779122647, "type": "safe_tx", "device": "node-9-stealth", "metadata": {}}
{"timestamp": 1779122647, "type": "safe_tx", "device": "node-8-spammer", "metadata": {}}
{"timestamp": 1779122647, "type": "safe_tx", "device": "node-8-spammer", "metadata": {}}
{"timestamp": 1779122647, "type": "safe_tx", "device": "node-2-clean", "metadata": {}}
{"timestamp": 1779122647, "type": "safe_tx", "device": "node-8-spammer", "metadata": {}}
{"timestamp": 1779122647, "type": "safe_tx", "device": "node-8-spammer", "metadata": {}}
{"timestamp": 1779122647, "type": "safe_tx", "device": "node-8-spammer", "metadata": {}}
{"timestamp": 1779122647, "type": "safe_tx", "device": "node-3-clean", "metadata": {}}
{"timestamp": 1779122647, "type": "safe_tx", "device": "node-8-spammer", "metadata": {}}
{"timestamp": 1779122647, "type": "safe_tx", "device": "node-8-spammer", "metadata": {}}
{"timestamp": 1779122647, "type": "safe_tx", "device": "node-8-spammer", "metadata": {}}
{"timestamp": 1779122647, "type": "safe_tx", "device": "node-8-spammer", "metadata": {}}
{"timestamp": 1779122647, "type": "safe_tx", "device": "node-8-spammer", "metadata": {}}
{"timestamp": 1779122647, "type": "safe_tx", "device": "node-10-fuzzer", "metadata": {}}
{"timestamp": 1779122647, "type": "safe_tx", "device": "node-8-spammer", "metadata": {}}
{"timestamp": 1779122647, "type": "safe_tx", "device": "node-1-clean", "metadata": {}}
{"timestamp": 1779122647, "type": "safe_tx", "device": "node-8-spammer", "metadata": {}}
{"timestamp": 1779122647, "type": "dos_spam", "device": "node-8-spammer", "metadata": {}}
{"timestamp": 1779122647, "type": "safe_tx", "device": "node-8-spammer", "metadata": {}}
{"timestamp": 1779122647, "type": "safe_tx", "device": "node-3-clean", "metadata": {}}
{"timestamp": 1779122648, "type": "time_anomaly", "device": "node-12-mixed", "metadata": {}}
{"timestamp": 1779122648, "type": "safe_tx", "device": "node-14-mixed", "metadata": {}}
{"timestamp": 1779122648, "type": "time_anomaly", "device": "node-15-mixed", "metadata": {}}
{"timestamp": 1779122648, "type": "safe_tx", "device": "node-8-spammer", "metadata": {}}
{"timestamp": 1779122648, "type": "safe_tx", "device": "node-8-spammer", "metadata": {}}
{"timestamp": 1779122648, "type": "safe_tx", "device": "node-8-spammer", "metadata": {}}
{"timestamp": 1779122648, "type": "safe_tx", "device": "node-8-spammer", "metadata": {}}
{"timestamp": 1779122648, "type": "dos_spam", "device": "node-8-spammer", "metadata": {"count": 30, "window_sec": 5}}
{"timestamp": 1779122648, "type": "safe_tx", "device": "node-8-spammer", "metadata": {}}
{"timestamp": 1779122648, "type": "safe_tx", "device": "node-8-spammer", "metadata": {}}
{"timestamp": 1779122648, "type": "safe_tx", "device": "node-8-spammer", "metadata": {}}
{"timestamp": 1779122648, "type": "fuzzing", "device": "node-10-fuzzer", "metadata": {}}
{"timestamp": 1779122648, "type": "safe_tx", "device": "node-8-spammer", "metadata": {}}
{"timestamp": 1779122648, "type": "safe_tx", "device": "node-8-spammer", "metadata": {}}
{"timestamp": 1779122648, "type": "safe_tx", "device": "node-8-spammer", "metadata": {}}
{"timestamp": 1779122648, "type": "safe_tx", "device": "node-8-spammer", "metadata": {}}
{"timestamp": 1779122648, "type": "safe_tx", "device": "node-8-spammer", "metadata": {}}
{"timestamp": 1779122648, "type": "safe_tx", "device": "node-8-spammer", "metadata": {}}
{"timestamp": 1779122648, "type": "safe_tx", "device": "node-8-spammer", "metadata": {}}
{"timestamp": 1779122648, "type": "dos_spam", "device": "node-8-spammer", "metadata": {}}
{"timestamp": 1779122648, "type": "safe_tx", "device": "node-8-spammer", "metadata": {}}
{"timestamp": 1779122649, "type": "safe_tx", "device": "node-8-spammer", "metadata": {}}
{"timestamp": 1779122649, "type": "safe_tx", "device": "node-4-clean", "metadata": {}}
{"timestamp": 1779122649, "type": "safe_tx", "device": "node-13-mixed", "metadata": {}}
{"timestamp": 1779122649, "type": "safe_tx", "device": "node-8-spammer", "metadata": {}}
{"timestamp": 1779122649, "type": "safe_tx", "device": "node-5-clean", "metadata": {}}
{"timestamp": 1779122649, "type": "safe_tx", "device": "node-8-spammer", "metadata": {}}
{"timestamp": 1779122649, "type": "safe_tx", "device": "node-8-spammer", "metadata": {}}
{"timestamp": 1779122649, "type": "safe_tx", "device": "node-8-spammer", "metadata": {}}
{"timestamp": 1779122649, "type": "safe_tx", "device": "node-3-clean", "metadata": {}}
{"timestamp": 1779122649, "type": "safe_tx", "device": "node-1-clean", "metadata": {}}
{"timestamp": 1779122649, "type": "safe_tx", "device": "node-8-spammer", "metadata": {}}
{"timestamp": 1779122649, "type": "safe_tx", "device": "node-8-spammer", "metadata": {}}
{"timestamp": 1779122649, "type": "safe_tx", "device": "node-8-spammer", "metadata": {}}
{"timestamp": 1779122649, "type": "safe_tx", "device": "node-8-spammer", "metadata": {}}
{"timestamp": 1779122649, "type": "safe_tx", "device": "node-8-spammer", "metadata": {}}
{"timestamp": 1779122649, "type": "safe_tx", "device": "node-8-spammer", "metadata": {}}
{"timestamp": 1779122649, "type": "safe_tx", "device": "node-8-spammer", "metadata": {}}
{"timestamp": 1779122649, "type": "time_anomaly", "device": "node-13-mixed", "metadata": {}}
{"timestamp": 1779122649, "type": "overflow", "device": "node-13-mixed", "metadata": {"count": 3, "window_sec": 30}}
{"timestamp": 1779122649, "type": "safe_tx", "device": "node-8-spammer", "metadata": {}}
{"timestamp": 1779122650, "type": "safe_tx", "device": "node-15-mixed", "metadata": {}}
{"timestamp": 1779122650, "type": "safe_tx", "device": "node-9-stealth", "metadata": {}}
{"timestamp": 1779122650, "type": "safe_tx", "device": "node-2-clean", "metadata": {}}
{"timestamp": 1779122650, "type": "time_anomaly", "device": "node-12-mixed", "metadata": {}}
{"timestamp": 1779122650, "type": "safe_tx", "device": "node-8-spammer", "metadata": {}}
{"timestamp": 1779122650, "type": "dos_spam", "device": "node-8-spammer", "metadata": {}}
{"timestamp": 1779122650, "type": "safe_tx", "device": "node-10-fuzzer", "metadata": {}}
{"timestamp": 1779122650, "type": "safe_tx", "device": "node-8-spammer", "metadata": {}}
{"timestamp": 1779122650, "type": "safe_tx", "device": "node-14-mixed", "metadata": {}}
{"timestamp": 1779122650, "type": "safe_tx", "device": "node-8-spammer", "metadata": {}}
{"timestamp": 1779122650, "type": "safe_tx", "device": "node-8-spammer", "metadata": {}}
{"timestamp": 1779122650, "type": "safe_tx", "device": "node-8-spammer", "metadata": {}}
{"timestamp": 1779122650, "type": "safe_tx", "device": "node-8-spammer", "metadata": {}}
{"timestamp": 1779122650, "type": "dos_spam", "device": "node-8-spammer", "metadata": {"count": 30, "window_sec": 5}}
{"timestamp": 1779122650, "type": "safe_tx", "device": "node-8-spammer", "metadata": {}}
{"timestamp": 1779122650, "type": "safe_tx", "device": "node-8-spammer", "metadata": {}}
{"timestamp": 1779122650, "type": "safe_tx", "device": "node-8-spammer", "metadata": {}}
{"timestamp": 1779122650, "type": "safe_tx", "device": "node-8-spammer", "metadata": {}}
{"timestamp": 1779122651, "type": "safe_tx", "device": "node-9-stealth", "metadata": {}}
{"timestamp": 1779122651, "type": "safe_tx", "device": "node-4-clean", "metadata": {}}
{"timestamp": 1779122651, "type": "fuzzing", "device": "node-10-fuzzer", "metadata": {}}
{"timestamp": 1779122651, "type": "safe_tx", "device": "node-5-clean", "metadata": {}}
{"timestamp": 1779122651, "type": "safe_tx", "device": "node-5-clean", "metadata": {}}
{"timestamp": 1779122652, "type": "time_anomaly", "device": "node-7-timespoof", "metadata": {}}
{"timestamp": 1779122652, "type": "safe_tx", "device": "node-1-clean", "metadata": {}}
{"timestamp": 1779122652, "type": "safe_tx", "device": "node-10-fuzzer", "metadata": {}}
{"timestamp": 1779122653, "type": "safe_tx", "device": "node-8-spammer", "metadata": {}}
{"timestamp": 1779122653, "type": "safe_tx", "device": "node-8-spammer", "metadata": {}}
{"timestamp": 1779122653, "type": "safe_tx", "device": "node-8-spammer", "metadata": {}}
{"timestamp": 1779122653, "type": "safe_tx", "device": "node-8-spammer", "metadata": {}}
{"timestamp": 1779122653, "type": "safe_tx", "device": "node-9-stealth", "metadata": {}}
{"timestamp": 1779122653, "type": "safe_tx", "device": "node-8-spammer", "metadata": {}}
{"timestamp": 1779122653, "type": "safe_tx", "device": "node-8-spammer", "metadata": {}}
{"timestamp": 1779122653, "type": "safe_tx", "device": "node-8-spammer", "metadata": {}}
{"timestamp": 1779122653, "type": "safe_tx", "device": "node-8-spammer", "metadata": {}}
{"timestamp": 1779122653, "type": "safe_tx", "device": "node-1-clean", "metadata": {}}
{"timestamp": 1779122653, "type": "safe_tx", "device": "node-15-mixed", "metadata": {}}
{"timestamp": 1779122653, "type": "time_anomaly", "device": "node-12-mixed", "metadata": {}}
{"timestamp": 1779122653, "type": "safe_tx", "device": "node-2-clean", "metadata": {}}
{"timestamp": 1779122653, "type": "safe_tx", "device": "node-13-mixed", "metadata": {}}
{"timestamp": 1779122653, "type": "safe_tx", "device": "node-14-mixed", "metadata": {}}
{"timestamp": 1779122653, "type": "safe_tx", "device": "node-1-clean", "metadata": {}}
{"timestamp": 1779122654, "type": "time_anomaly", "device": "node-13-mixed", "metadata": {}}
{"timestamp": 1779122654, "type": "fuzzing", "device": "node-10-fuzzer", "metadata": {}}
{"timestamp": 1779122654, "type": "safe_tx", "device": "node-1-clean", "metadata": {}}
{"timestamp": 1779122654, "type": "safe_tx", "device": "node-3-clean", "metadata": {}}
{"timestamp": 1779122654, "type": "safe_tx", "device": "node-2-clean", "metadata": {}}
{"timestamp": 1779122654, "type": "safe_tx", "device": "node-4-clean", "metadata": {}}
{"timestamp": 1779122654, "type": "safe_tx", "device": "node-8-spammer", "metadata": {}}
{"timestamp": 1779122654, "type": "safe_tx", "device": "node-8-spammer", "metadata": {}}
{"timestamp": 1779122655, "type": "safe_tx", "device": "node-15-mixed", "metadata": {}}
{"timestamp": 1779122655, "type": "safe_tx", "device": "node-5-clean", "metadata": {}}
{"timestamp": 1779122655, "type": "safe_tx", "device": "node-1-clean", "metadata": {}}
{"timestamp": 1779122655, "type": "fuzzing", "device": "node-10-fuzzer", "metadata": {}}
{"timestamp": 1779122655, "type": "safe_tx", "device": "node-8-spammer", "metadata": {}}
{"timestamp": 1779122655, "type": "safe_tx", "device": "node-8-spammer", "metadata": {}}
{"timestamp": 1779122655, "type": "safe_tx", "device": "node-8-spammer", "metadata": {}}
{"timestamp": 1779122655, "type": "time_anomaly", "device": "node-7-timespoof", "metadata": {}}
{"timestamp": 1779122655, "type": "safe_tx", "device": "node-8-spammer", "metadata": {}}
{"timestamp": 1779122655, "type": "safe_tx", "device": "node-8-spammer", "metadata": {}}
{"timestamp": 1779122655, "type": "dos_spam", "device": "node-8-spammer", "metadata": {}}
{"timestamp": 1779122655, "type": "safe_tx", "device": "node-8-spammer", "metadata": {}}
{"timestamp": 1779122655, "type": "safe_tx", "device": "node-12-mixed", "metadata": {}}
{"timestamp": 1779122655, "type": "safe_tx", "device": "node-8-spammer", "metadata": {}}
{"timestamp": 1779122655, "type": "safe_tx", "device": "node-8-spammer", "metadata": {}}
{"timestamp": 1779122655, "type": "safe_tx", "device": "node-8-spammer", "metadata": {}}
{"timestamp": 1779122655, "type": "safe_tx", "device": "node-8-spammer", "metadata": {}}
{"timestamp": 1779122655, "type": "safe_tx", "device": "node-9-stealth", "metadata": {}}
{"timestamp": 1779122655, "type": "safe_tx", "device": "node-8-spammer", "metadata": {}}
{"timestamp": 1779122655, "type": "safe_tx", "device": "node-8-spammer", "metadata": {}}
{"timestamp": 1779122655, "type": "safe_tx", "device": "node-8-spammer", "metadata": {}}
{"timestamp": 1779122655, "type": "safe_tx", "device": "node-14-mixed", "metadata": {}}
{"timestamp": 1779122656, "type": "fuzzing", "device": "node-10-fuzzer", "metadata": {}}
{"timestamp": 1779122656, "type": "safe_tx", "device": "node-9-stealth", "metadata": {}}
{"timestamp": 1779122656, "type": "safe_tx", "device": "node-4-clean", "metadata": {}}
{"timestamp": 1779122656, "type": "safe_tx", "device": "node-2-clean", "metadata": {}}
{"timestamp": 1779122656, "type": "safe_tx", "device": "node-5-clean", "metadata": {}}
{"timestamp": 1779122657, "type": "safe_tx", "device": "node-8-spammer", "metadata": {}}
{"timestamp": 1779122657, "type": "safe_tx", "device": "node-8-spammer", "metadata": {}}
{"timestamp": 1779122657, "type": "safe_tx", "device": "node-8-spammer", "metadata": {}}
{"timestamp": 1779122657, "type": "safe_tx", "device": "node-8-spammer", "metadata": {}}
{"timestamp": 1779122657, "type": "safe_tx", "device": "node-8-spammer", "metadata": {}}
{"timestamp": 1779122657, "type": "safe_tx", "device": "node-3-clean", "metadata": {}}
{"timestamp": 1779122657, "type": "safe_tx", "device": "node-1-clean", "metadata": {}}
{"timestamp": 1779122657, "type": "safe_tx", "device": "node-9-stealth", "metadata": {}}
{"timestamp": 1779122657, "type": "safe_tx", "device": "node-13-mixed", "metadata": {}}
{"timestamp": 1779122658, "type": "safe_tx", "device": "node-2-clean", "metadata": {}}
{"timestamp": 1779122658, "type": "safe_tx", "device": "node-8-spammer", "metadata": {}}
{"timestamp": 1779122658, "type": "safe_tx", "device": "node-8-spammer", "metadata": {}}
{"timestamp": 1779122658, "type": "dos_spam", "device": "node-8-spammer", "metadata": {"count": 30, "window_sec": 5}}
{"timestamp": 1779122658, "type": "safe_tx", "device": "node-14-mixed", "metadata": {}}
{"timestamp": 1779122658, "type": "safe_tx", "device": "node-8-spammer", "metadata": {}}
{"timestamp": 1779122658, "type": "overflow", "device": "node-6-overflow", "metadata": {"count": 3, "window_sec": 30}}
{"timestamp": 1779122658, "type": "safe_tx", "device": "node-8-spammer", "metadata": {}}
{"timestamp": 1779122658, "type": "safe_tx", "device": "node-12-mixed", "metadata": {}}
{"timestamp": 1779122658, "type": "safe_tx", "device": "node-8-spammer", "metadata": {}}
{"timestamp": 1779122658, "type": "fuzzing", "device": "node-10-fuzzer", "metadata": {}}
{"timestamp": 1779122658, "type": "safe_tx", "device": "node-3-clean", "metadata": {}}
{"timestamp": 1779122658, "type": "time_anomaly", "device": "node-7-timespoof", "metadata": {}}
{"timestamp": 1779122658, "type": "safe_tx", "device": "node-3-clean", "metadata": {}}
{"timestamp": 1779122658, "type": "safe_tx", "device": "node-15-mixed", "metadata": {}}
{"timestamp": 1779122659, "type": "safe_tx", "device": "node-1-clean", "metadata": {}}
{"timestamp": 1779122659, "type": "safe_tx", "device": "node-9-stealth", "metadata": {}}
{"timestamp": 1779122659, "type": "safe_tx", "device": "node-4-clean", "metadata": {}}
{"timestamp": 1779122659, "type": "safe_tx", "device": "node-13-mixed", "metadata": {}}
{"timestamp": 1779122660, "type": "safe_tx", "device": "node-8-spammer", "metadata": {}}
{"timestamp": 1779122660, "type": "safe_tx", "device": "node-8-spammer", "metadata": {}}
{"timestamp": 1779122660, "type": "safe_tx", "device": "node-8-spammer", "metadata": {}}
{"timestamp": 1779122660, "type": "safe_tx", "device": "node-8-spammer", "metadata": {}}
{"timestamp": 1779122660, "type": "fuzzing", "device": "node-10-fuzzer", "metadata": {}}
{"timestamp": 1779122660, "type": "safe_tx", "device": "node-8-spammer", "metadata": {}}
{"timestamp": 1779122660, "type": "safe_tx", "device": "node-5-clean", "metadata": {}}
{"timestamp": 1779122660, "type": "safe_tx", "device": "node-9-stealth", "metadata": {}}
{"timestamp": 1779122660, "type": "safe_tx", "device": "node-13-mixed", "metadata": {}}
{"timestamp": 1779122660, "type": "safe_tx", "device": "node-4-clean", "metadata": {}}
{"timestamp": 1779122660, "type": "safe_tx", "device": "node-14-mixed", "metadata": {}}
{"timestamp": 1779122661, "type": "safe_tx", "device": "node-1-clean", "metadata": {}}
{"timestamp": 1779122661, "type": "safe_tx", "device": "node-12-mixed", "metadata": {}}
{"timestamp": 1779122661, "type": "safe_tx", "device": "node-8-spammer", "metadata": {}}
{"timestamp": 1779122661, "type": "safe_tx", "device": "node-8-spammer", "metadata": {}}
{"timestamp": 1779122662, "type": "safe_tx", "device": "node-15-mixed", "metadata": {}}
{"timestamp": 1779122662, "type": "safe_tx", "device": "node-8-spammer", "metadata": {}}
{"timestamp": 1779122662, "type": "safe_tx", "device": "node-8-spammer", "metadata": {}}
{"timestamp": 1779122662, "type": "safe_tx", "device": "node-4-clean", "metadata": {}}
{"timestamp": 1779122662, "type": "safe_tx", "device": "node-8-spammer", "metadata": {}}
{"timestamp": 1779122662, "type": "safe_tx", "device": "node-8-spammer", "metadata": {}}
{"timestamp": 1779122662, "type": "safe_tx", "device": "node-8-spammer", "metadata": {}}
{"timestamp": 1779122662, "type": "safe_tx", "device": "node-8-spammer", "metadata": {}}
{"timestamp": 1779122662, "type": "safe_tx", "device": "node-9-stealth", "metadata": {}}
{"timestamp": 1779122662, "type": "safe_tx", "device": "node-2-clean", "metadata": {}}
{"timestamp": 1779122662, "type": "safe_tx", "device": "node-3-clean", "metadata": {}}
{"timestamp": 1779122662, "type": "safe_tx", "device": "node-10-fuzzer", "metadata": {}}
{"timestamp": 1779122663, "type": "time_anomaly", "device": "node-13-mixed", "metadata": {}}
{"timestamp": 1779122663, "type": "safe_tx", "device": "node-6-overflow", "metadata": {}}
{"timestamp": 1779122663, "type": "time_anomaly", "device": "node-7-timespoof", "metadata": {}}
{"timestamp": 1779122663, "type": "safe_tx", "device": "node-8-spammer", "metadata": {}}
{"timestamp": 1779122663, "type": "safe_tx", "device": "node-5-clean", "metadata": {}}
{"timestamp": 1779122663, "type": "safe_tx", "device": "node-14-mixed", "metadata": {}}
{"timestamp": 1779122663, "type": "safe_tx", "device": "node-13-mixed", "metadata": {}}
{"timestamp": 1779122663, "type": "safe_tx", "device": "node-3-clean", "metadata": {}}
{"timestamp": 1779122663, "type": "safe_tx", "device": "node-1-clean", "metadata": {}}
{"timestamp": 1779122664, "type": "safe_tx", "device": "node-10-fuzzer", "metadata": {}}
{"timestamp": 1779122664, "type": "safe_tx", "device": "node-5-clean", "metadata": {}}
{"timestamp": 1779122664, "type": "safe_tx", "device": "node-15-mixed", "metadata": {}}
{"timestamp": 1779122664, "type": "overflow", "device": "node-12-mixed", "metadata": {"count": 3, "window_sec": 30}}
{"timestamp": 1779122664, "type": "safe_tx", "device": "node-4-clean", "metadata": {}}
{"timestamp": 1779122664, "type": "safe_tx", "device": "node-8-spammer", "metadata": {}}
{"timestamp": 1779122664, "type": "safe_tx", "device": "node-8-spammer", "metadata": {}}
{"timestamp": 1779122664, "type": "safe_tx", "device": "node-8-spammer", "metadata": {}}
{"timestamp": 1779122664, "type": "safe_tx", "device": "node-8-spammer", "metadata": {}}
{"timestamp": 1779122664, "type": "safe_tx", "device": "node-9-stealth", "metadata": {}}
{"timestamp": 1779122664, "type": "safe_tx", "device": "node-8-spammer", "metadata": {}}
{"timestamp": 1779122664, "type": "safe_tx", "device": "node-3-clean", "metadata": {}}
{"timestamp": 1779122664, "type": "safe_tx", "device": "node-2-clean", "metadata": {}}
{"timestamp": 1779122665, "type": "safe_tx", "device": "node-4-clean", "metadata": {}}
{"timestamp": 1779122665, "type": "safe_tx", "device": "node-15-mixed", "metadata": {}}
{"timestamp": 1779122665, "type": "safe_tx", "device": "node-13-mixed", "metadata": {}}
{"timestamp": 1779122665, "type": "safe_tx", "device": "node-1-clean", "metadata": {}}
{"timestamp": 1779122665, "type": "safe_tx", "device": "node-12-mixed", "metadata": {}}
{"timestamp": 1779122665, "type": "time_anomaly", "device": "node-7-timespoof", "metadata": {}}
{"timestamp": 1779122665, "type": "safe_tx", "device": "node-4-clean", "metadata": {}}
{"timestamp": 1779122665, "type": "safe_tx", "device": "node-9-stealth", "metadata": {}}
{"timestamp": 1779122665, "type": "safe_tx", "device": "node-15-mixed", "metadata": {}}
{"timestamp": 1779122665, "type": "safe_tx", "device": "node-8-spammer", "metadata": {}}
{"timestamp": 1779122666, "type": "safe_tx", "device": "node-8-spammer", "metadata": {}}
{"timestamp": 1779122666, "type": "safe_tx", "device": "node-8-spammer", "metadata": {}}
{"timestamp": 1779122666, "type": "safe_tx", "device": "node-8-spammer", "metadata": {}}
{"timestamp": 1779122666, "type": "safe_tx", "device": "node-8-spammer", "metadata": {}}
{"timestamp": 1779122666, "type": "safe_tx", "device": "node-8-spammer", "metadata": {}}
{"timestamp": 1779122666, "type": "safe_tx", "device": "node-8-spammer", "metadata": {}}
{"timestamp": 1779122666, "type": "safe_tx", "device": "node-8-spammer", "metadata": {}}
{"timestamp": 1779122666, "type": "safe_tx", "device": "node-8-spammer", "metadata": {}}
{"timestamp": 1779122666, "type": "safe_tx", "device": "node-8-spammer", "metadata": {}}
{"timestamp": 1779122666, "type": "dos_spam", "device": "node-8-spammer", "metadata": {}}
{"timestamp": 1779122666, "type": "safe_tx", "device": "node-13-mixed", "metadata": {}}
{"timestamp": 1779122666, "type": "safe_tx", "device": "node-4-clean", "metadata": {}}
{"timestamp": 1779122666, "type": "safe_tx", "device": "node-15-mixed", "metadata": {}}
{"timestamp": 1779122666, "type": "time_anomaly", "device": "node-14-mixed", "metadata": {}}
{"timestamp": 1779122666, "type": "safe_tx", "device": "node-13-mixed", "metadata": {}}
{"timestamp": 1779122667, "type": "safe_tx", "device": "node-14-mixed", "metadata": {}}
{"timestamp": 1779122667, "type": "safe_tx", "device": "node-8-spammer", "metadata": {}}
{"timestamp": 1779122667, "type": "safe_tx", "device": "node-5-clean", "metadata": {}}
{"timestamp": 1779122667, "type": "safe_tx", "device": "node-2-clean", "metadata": {}}
{"timestamp": 1779122667, "type": "overflow", "device": "node-6-overflow", "metadata": {"count": 3, "window_sec": 30}}
{"timestamp": 1779122667, "type": "safe_tx", "device": "node-10-fuzzer", "metadata": {}}
{"timestamp": 1779122667, "type": "safe_tx", "device": "node-4-clean", "metadata": {}}
{"timestamp": 1779122667, "type": "safe_tx", "device": "node-9-stealth", "metadata": {}}
{"timestamp": 1779122668, "type": "safe_tx", "device": "node-14-mixed", "metadata": {}}
{"timestamp": 1779122668, "type": "safe_tx", "device": "node-1-clean", "metadata": {}}
{"timestamp": 1779122668, "type": "safe_tx", "device": "node-2-clean", "metadata": {}}
{"timestamp": 1779122668, "type": "safe_tx", "device": "node-8-spammer", "metadata": {}}
{"timestamp": 1779122668, "type": "safe_tx", "device": "node-8-spammer", "metadata": {}}
{"timestamp": 1779122668, "type": "safe_tx", "device": "node-15-mixed", "metadata": {}}
{"timestamp": 1779122668, "type": "safe_tx", "device": "node-3-clean", "metadata": {}}
{"timestamp": 1779122668, "type": "safe_tx", "device": "node-8-spammer", "metadata": {}}
{"timestamp": 1779122668, "type": "safe_tx", "device": "node-8-spammer", "metadata": {}}
{"timestamp": 1779122668, "type": "safe_tx", "device": "node-10-fuzzer", "metadata": {}}
{"timestamp": 1779122668, "type": "safe_tx", "device": "node-8-spammer", "metadata": {}}
{"timestamp": 1779122668, "type": "safe_tx", "device": "node-8-spammer", "metadata": {}}
{"timestamp": 1779122668, "type": "safe_tx", "device": "node-8-spammer", "metadata": {}}
{"timestamp": 1779122668, "type": "safe_tx", "device": "node-8-spammer", "metadata": {}}
{"timestamp": 1779122668, "type": "safe_tx", "device": "node-8-spammer", "metadata": {}}
{"timestamp": 1779122668, "type": "safe_tx", "device": "node-8-spammer", "metadata": {}}
{"timestamp": 1779122668, "type": "safe_tx", "device": "node-8-spammer", "metadata": {}}
{"timestamp": 1779122669, "type": "safe_tx", "device": "node-8-spammer", "metadata": {}}
{"timestamp": 1779122669, "type": "safe_tx", "device": "node-8-spammer", "metadata": {}}
{"timestamp": 1779122669, "type": "safe_tx", "device": "node-8-spammer", "metadata": {}}
{"timestamp": 1779122669, "type": "dos_spam", "device": "node-8-spammer", "metadata": {"count": 30, "window_sec": 5}}
{"timestamp": 1779122669, "type": "dos_spam", "device": "node-8-spammer", "metadata": {}}
{"timestamp": 1779122669, "type": "safe_tx", "device": "node-8-spammer", "metadata": {}}
{"timestamp": 1779122669, "type": "safe_tx", "device": "node-14-mixed", "metadata": {}}
{"timestamp": 1779122669, "type": "safe_tx", "device": "node-4-clean", "metadata": {}}
{"timestamp": 1779122669, "type": "safe_tx", "device": "node-2-clean", "metadata": {}}
{"timestamp": 1779122669, "type": "safe_tx", "device": "node-5-clean", "metadata": {}}
{"timestamp": 1779122669, "type": "safe_tx", "device": "node-12-mixed", "metadata": {}}
{"timestamp": 1779122670, "type": "time_anomaly", "device": "node-7-timespoof", "metadata": {}}
{"timestamp": 1779122669, "type": "safe_tx", "device": "node-8-spammer", "metadata": {}}
{"timestamp": 1779122669, "type": "safe_tx", "device": "node-8-spammer", "metadata": {}}
{"timestamp": 1779122669, "type": "safe_tx", "device": "node-8-spammer", "metadata": {}}
{"timestamp": 1779122669, "type": "safe_tx", "device": "node-4-clean", "metadata": {}}
{"timestamp": 1779122670, "type": "safe_tx", "device": "node-13-mixed", "metadata": {}}
{"timestamp": 1779122670, "type": "fuzzing", "device": "node-10-fuzzer", "metadata": {}}
{"timestamp": 1779122670, "type": "safe_tx", "device": "node-2-clean", "metadata": {}}
{"timestamp": 1779122670, "type": "safe_tx", "device": "node-9-stealth", "metadata": {}}
{"timestamp": 1779122671, "type": "time_anomaly", "device": "node-13-mixed", "metadata": {}}
{"timestamp": 1779122671, "type": "safe_tx", "device": "node-2-clean", "metadata": {}}
{"timestamp": 1779122671, "type": "safe_tx", "device": "node-8-spammer", "metadata": {}}
{"timestamp": 1779122671, "type": "safe_tx", "device": "node-8-spammer", "metadata": {}}
{"timestamp": 1779122671, "type": "safe_tx", "device": "node-8-spammer", "metadata": {}}
{"timestamp": 1779122671, "type": "safe_tx", "device": "node-8-spammer", "metadata": {}}
{"timestamp": 1779122671, "type": "safe_tx", "device": "node-8-spammer", "metadata": {}}
{"timestamp": 1779122671, "type": "safe_tx", "device": "node-8-spammer", "metadata": {}}
{"timestamp": 1779122671, "type": "safe_tx", "device": "node-8-spammer", "metadata": {}}
{"timestamp": 1779122671, "type": "safe_tx", "device": "node-8-spammer", "metadata": {}}
{"timestamp": 1779122671, "type": "safe_tx", "device": "node-8-spammer", "metadata": {}}
{"timestamp": 1779122671, "type": "safe_tx", "device": "node-8-spammer", "metadata": {}}
{"timestamp": 1779122671, "type": "safe_tx", "device": "node-8-spammer", "metadata": {}}
{"timestamp": 1779122671, "type": "dos_spam", "device": "node-8-spammer", "metadata": {}}
{"timestamp": 1779122671, "type": "safe_tx", "device": "node-8-spammer", "metadata": {}}
{"timestamp": 1779122671, "type": "safe_tx", "device": "node-8-spammer", "metadata": {}}
{"timestamp": 1779122671, "type": "safe_tx", "device": "node-8-spammer", "metadata": {}}
{"timestamp": 1779122671, "type": "overflow", "device": "node-14-mixed", "metadata": {"count": 3, "window_sec": 30}}
{"timestamp": 1779122672, "type": "safe_tx", "device": "node-3-clean", "metadata": {}}
{"timestamp": 1779122672, "type": "safe_tx", "device": "node-1-clean", "metadata": {}}
{"timestamp": 1779122672, "type": "safe_tx", "device": "node-9-stealth", "metadata": {}}
{"timestamp": 1779122672, "type": "safe_tx", "device": "node-8-spammer", "metadata": {}}
{"timestamp": 1779122672, "type": "safe_tx", "device": "node-8-spammer", "metadata": {}}
{"timestamp": 1779122672, "type": "safe_tx", "device": "node-5-clean", "metadata": {}}
{"timestamp": 1779122672, "type": "safe_tx", "device": "node-8-spammer", "metadata": {}}
{"timestamp": 1779122672, "type": "safe_tx", "device": "node-2-clean", "metadata": {}}
{"timestamp": 1779122672, "type": "overflow", "device": "node-12-mixed", "metadata": {"count": 3, "window_sec": 30}}
{"timestamp": 1779122673, "type": "safe_tx", "device": "node-10-fuzzer", "metadata": {}}
{"timestamp": 1779122673, "type": "safe_tx", "device": "node-1-clean", "metadata": {}}
{"timestamp": 1779122673, "type": "safe_tx", "device": "node-12-mixed", "metadata": {}}
{"timestamp": 1779122673, "type": "safe_tx", "device": "node-8-spammer", "metadata": {}}
{"timestamp": 1779122673, "type": "safe_tx", "device": "node-8-spammer", "metadata": {}}
{"timestamp": 1779122673, "type": "safe_tx", "device": "node-8-spammer", "metadata": {}}
{"timestamp": 1779122673, "type": "safe_tx", "device": "node-8-spammer", "metadata": {}}
{"timestamp": 1779122673, "type": "safe_tx", "device": "node-8-spammer", "metadata": {}}
{"timestamp": 1779122673, "type": "safe_tx", "device": "node-8-spammer", "metadata": {}}
{"timestamp": 1779122673, "type": "safe_tx", "device": "node-8-spammer", "metadata": {}}
{"timestamp": 1779122673, "type": "safe_tx", "device": "node-4-clean", "metadata": {}}
{"timestamp": 1779122673, "type": "safe_tx", "device": "node-15-mixed", "metadata": {}}
{"timestamp": 1779122673, "type": "safe_tx", "device": "node-8-spammer", "metadata": {}}
{"timestamp": 1779122673, "type": "safe_tx", "device": "node-8-spammer", "metadata": {}}
{"timestamp": 1779122673, "type": "dos_spam", "device": "node-8-spammer", "metadata": {"count": 30, "window_sec": 5}}
{"timestamp": 1779122673, "type": "dos_spam", "device": "node-8-spammer", "metadata": {}}
{"timestamp": 1779122673, "type": "safe_tx", "device": "node-8-spammer", "metadata": {}}
{"timestamp": 1779122673, "type": "safe_tx", "device": "node-8-spammer", "metadata": {}}
{"timestamp": 1779122673, "type": "safe_tx", "device": "node-8-spammer", "metadata": {}}
{"timestamp": 1779122673, "type": "safe_tx", "device": "node-8-spammer", "metadata": {}}
{"timestamp": 1779122673, "type": "safe_tx", "device": "node-8-spammer", "metadata": {}}
{"timestamp": 1779122674, "type": "safe_tx", "device": "node-8-spammer", "metadata": {}}
{"timestamp": 1779122674, "type": "safe_tx", "device": "node-8-spammer", "metadata": {}}
{"timestamp": 1779122674, "type": "time_anomaly", "device": "node-14-mixed", "metadata": {}}
{"timestamp": 1779122674, "type": "safe_tx", "device": "node-8-spammer", "metadata": {}}
{"timestamp": 1779122674, "type": "safe_tx", "device": "node-8-spammer", "metadata": {}}
{"timestamp": 1779122674, "type": "safe_tx", "device": "node-8-spammer", "metadata": {}}
{"timestamp": 1779122674, "type": "safe_tx", "device": "node-11-pulsing", "metadata": {}}
{"timestamp": 1779122674, "type": "safe_tx", "device": "node-11-pulsing", "metadata": {}}
{"timestamp": 1779122674, "type": "safe_tx", "device": "node-15-mixed", "metadata": {}}
{"timestamp": 1779122674, "type": "safe_tx", "device": "node-11-pulsing", "metadata": {}}
{"timestamp": 1779122674, "type": "overflow", "device": "node-6-overflow", "metadata": {"count": 3, "window_sec": 30}}
{"timestamp": 1779122674, "type": "safe_tx", "device": "node-11-pulsing", "metadata": {}}
{"timestamp": 1779122674, "type": "safe_tx", "device": "node-11-pulsing", "metadata": {}}
{"timestamp": 1779122674, "type": "safe_tx", "device": "node-11-pulsing", "metadata": {}}
{"timestamp": 1779122674, "type": "safe_tx", "device": "node-11-pulsing", "metadata": {}}
{"timestamp": 1779122674, "type": "safe_tx", "device": "node-11-pulsing", "metadata": {}}
{"timestamp": 1779122674, "type": "safe_tx", "device": "node-11-pulsing", "metadata": {}}
{"timestamp": 1779122674, "type": "safe_tx", "device": "node-11-pulsing", "metadata": {}}
{"timestamp": 1779122674, "type": "safe_tx", "device": "node-5-clean", "metadata": {}}
{"timestamp": 1779122675, "type": "safe_tx", "device": "node-11-pulsing", "metadata": {}}
{"timestamp": 1779122675, "type": "safe_tx", "device": "node-11-pulsing", "metadata": {}}
{"timestamp": 1779122675, "type": "safe_tx", "device": "node-8-spammer", "metadata": {}}
{"timestamp": 1779122675, "type": "safe_tx", "device": "node-11-pulsing", "metadata": {}}
{"timestamp": 1779122675, "type": "safe_tx", "device": "node-9-stealth", "metadata": {}}
{"timestamp": 1779122675, "type": "safe_tx", "device": "node-8-spammer", "metadata": {}}
{"timestamp": 1779122675, "type": "safe_tx", "device": "node-2-clean", "metadata": {}}
{"timestamp": 1779122675, "type": "safe_tx", "device": "node-11-pulsing", "metadata": {}}
{"timestamp": 1779122675, "type": "safe_tx", "device": "node-11-pulsing", "metadata": {}}
{"timestamp": 1779122675, "type": "dos_spam", "device": "node-11-pulsing", "metadata": {}}
{"timestamp": 1779122675, "type": "time_anomaly", "device": "node-7-timespoof", "metadata": {}}
{"timestamp": 1779122675, "type": "safe_tx", "device": "node-11-pulsing", "metadata": {}}
{"timestamp": 1779122675, "type": "safe_tx", "device": "node-12-mixed", "metadata": {}}
{"timestamp": 1779122675, "type": "safe_tx", "device": "node-11-pulsing", "metadata": {}}
{"timestamp": 1779122675, "type": "safe_tx", "device": "node-11-pulsing", "metadata": {}}
{"timestamp": 1779122675, "type": "safe_tx", "device": "node-11-pulsing", "metadata": {}}
{"timestamp": 1779122675, "type": "safe_tx", "device": "node-11-pulsing", "metadata": {}}
{"timestamp": 1779122675, "type": "safe_tx", "device": "node-3-clean", "metadata": {}}
{"timestamp": 1779122675, "type": "safe_tx", "device": "node-13-mixed", "metadata": {}}
{"timestamp": 1779122675, "type": "safe_tx", "device": "node-4-clean", "metadata": {}}
{"timestamp": 1779122676, "type": "safe_tx", "device": "node-8-spammer", "metadata": {}}
{"timestamp": 1779122676, "type": "safe_tx", "device": "node-8-spammer", "metadata": {}}
{"timestamp": 1779122676, "type": "safe_tx", "device": "node-1-clean", "metadata": {}}
{"timestamp": 1779122676, "type": "safe_tx", "device": "node-8-spammer", "metadata": {}}
{"timestamp": 1779122676, "type": "safe_tx", "device": "node-10-fuzzer", "metadata": {}}
{"timestamp": 1779122676, "type": "safe_tx", "device": "node-8-spammer", "metadata": {}}
{"timestamp": 1779122676, "type": "safe_tx", "device": "node-8-spammer", "metadata": {}}
{"timestamp": 1779122676, "type": "safe_tx", "device": "node-8-spammer", "metadata": {}}
{"timestamp": 1779122676, "type": "safe_tx", "device": "node-8-spammer", "metadata": {}}
{"timestamp": 1779122676, "type": "safe_tx", "device": "node-8-spammer", "metadata": {}}
{"timestamp": 1779122676, "type": "dos_spam", "device": "node-8-spammer", "metadata": {}}
{"timestamp": 1779122676, "type": "safe_tx", "device": "node-8-spammer", "metadata": {}}
{"timestamp": 1779122676, "type": "safe_tx", "device": "node-8-spammer", "metadata": {}}
{"timestamp": 1779122676, "type": "safe_tx", "device": "node-8-spammer", "metadata": {}}
{"timestamp": 1779122676, "type": "safe_tx", "device": "node-8-spammer", "metadata": {}}
{"timestamp": 1779122676, "type": "safe_tx", "device": "node-8-spammer", "metadata": {}}
{"timestamp": 1779122676, "type": "safe_tx", "device": "node-8-spammer", "metadata": {}}
{"timestamp": 1779122676, "type": "safe_tx", "device": "node-3-clean", "metadata": {}}
{"timestamp": 1779122676, "type": "safe_tx", "device": "node-8-spammer", "metadata": {}}
{"timestamp": 1779122676, "type": "safe_tx", "device": "node-8-spammer", "metadata": {}}
{"timestamp": 1779122676, "type": "safe_tx", "device": "node-8-spammer", "metadata": {}}
{"timestamp": 1779122676, "type": "safe_tx", "device": "node-8-spammer", "metadata": {}}
{"timestamp": 1779122676, "type": "dos_spam", "device": "node-8-spammer", "metadata": {"count": 30, "window_sec": 5}}
{"timestamp": 1779122676, "type": "safe_tx", "device": "node-8-spammer", "metadata": {}}
{"timestamp": 1779122676, "type": "safe_tx", "device": "node-8-spammer", "metadata": {}}
{"timestamp": 1779122676, "type": "safe_tx", "device": "node-9-stealth", "metadata": {}}
{"timestamp": 1779122676, "type": "safe_tx", "device": "node-8-spammer", "metadata": {}}
{"timestamp": 1779122676, "type": "safe_tx", "device": "node-8-spammer", "metadata": {}}
{"timestamp": 1779122676, "type": "safe_tx", "device": "node-8-spammer", "metadata": {}}
{"timestamp": 1779122676, "type": "dos_spam", "device": "node-8-spammer", "metadata": {}}
{"timestamp": 1779122676, "type": "safe_tx", "device": "node-8-spammer", "metadata": {}}
{"timestamp": 1779122676, "type": "safe_tx", "device": "node-8-spammer", "metadata": {}}
{"timestamp": 1779122676, "type": "safe_tx", "device": "node-8-spammer", "metadata": {}}
{"timestamp": 1779122676, "type": "safe_tx", "device": "node-1-clean", "metadata": {}}
{"timestamp": 1779122677, "type": "safe_tx", "device": "node-2-clean", "metadata": {}}
{"timestamp": 1779122677, "type": "safe_tx", "device": "node-8-spammer", "metadata": {}}
{"timestamp": 1779122677, "type": "safe_tx", "device": "node-9-stealth", "metadata": {}}
{"timestamp": 1779122678, "type": "time_anomaly", "device": "node-7-timespoof", "metadata": {}}
{"timestamp": 1779122678, "type": "safe_tx", "device": "node-8-spammer", "metadata": {}}
{"timestamp": 1779122678, "type": "safe_tx", "device": "node-8-spammer", "metadata": {}}
{"timestamp": 1779122678, "type": "safe_tx", "device": "node-8-spammer", "metadata": {}}
{"timestamp": 1779122678, "type": "safe_tx", "device": "node-8-spammer", "metadata": {}}
{"timestamp": 1779122678, "type": "overflow", "device": "node-10-fuzzer", "metadata": {"count": 3, "window_sec": 30}}
{"timestamp": 1779122678, "type": "safe_tx", "device": "node-6-overflow", "metadata": {}}
{"timestamp": 1779122678, "type": "safe_tx", "device": "node-8-spammer", "metadata": {}}
{"timestamp": 1779122678, "type": "overflow", "device": "node-13-mixed", "metadata": {"count": 3, "window_sec": 30}}
{"timestamp": 1779122678, "type": "safe_tx", "device": "node-8-spammer", "metadata": {}}
{"timestamp": 1779122678, "type": "safe_tx", "device": "node-8-spammer", "metadata": {}}
{"timestamp": 1779122678, "type": "safe_tx", "device": "node-8-spammer", "metadata": {}}
{"timestamp": 1779122678, "type": "safe_tx", "device": "node-8-spammer", "metadata": {}}
{"timestamp": 1779122678, "type": "safe_tx", "device": "node-8-spammer", "metadata": {}}
{"timestamp": 1779122678, "type": "safe_tx", "device": "node-8-spammer", "metadata": {}}
{"timestamp": 1779122678, "type": "dos_spam", "device": "node-8-spammer", "metadata": {}}
{"timestamp": 1779122678, "type": "safe_tx", "device": "node-8-spammer", "metadata": {}}
{"timestamp": 1779122678, "type": "safe_tx", "device": "node-8-spammer", "metadata": {}}
{"timestamp": 1779122678, "type": "safe_tx", "device": "node-5-clean", "metadata": {}}
{"timestamp": 1779122678, "type": "safe_tx", "device": "node-8-spammer", "metadata": {}}
{"timestamp": 1779122678, "type": "safe_tx", "device": "node-8-spammer", "metadata": {}}
{"timestamp": 1779122678, "type": "safe_tx", "device": "node-8-spammer", "metadata": {}}
{"timestamp": 1779122678, "type": "safe_tx", "device": "node-4-clean", "metadata": {}}
{"timestamp": 1779122678, "type": "safe_tx", "device": "node-8-spammer", "metadata": {}}
{"timestamp": 1779122678, "type": "safe_tx", "device": "node-8-spammer", "metadata": {}}
{"timestamp": 1779122678, "type": "safe_tx", "device": "node-8-spammer", "metadata": {}}
{"timestamp": 1779122678, "type": "safe_tx", "device": "node-8-spammer", "metadata": {}}
{"timestamp": 1779122678, "type": "safe_tx", "device": "node-8-spammer", "metadata": {}}
{"timestamp": 1779122678, "type": "dos_spam", "device": "node-8-spammer", "metadata": {"count": 30, "window_sec": 5}}
{"timestamp": 1779122678, "type": "time_anomaly", "device": "node-12-mixed", "metadata": {}}
{"timestamp": 1779122678, "type": "safe_tx", "device": "node-8-spammer", "metadata": {}}
{"timestamp": 1779122678, "type": "safe_tx", "device": "node-8-spammer", "metadata": {}}
{"timestamp": 1779122678, "type": "safe_tx", "device": "node-8-spammer", "metadata": {}}
{"timestamp": 1779122678, "type": "safe_tx", "device": "node-8-spammer", "metadata": {}}
{"timestamp": 1779122678, "type": "safe_tx", "device": "node-8-spammer", "metadata": {}}
{"timestamp": 1779122678, "type": "dos_spam", "device": "node-8-spammer", "metadata": {}}
{"timestamp": 1779122678, "type": "safe_tx", "device": "node-15-mixed", "metadata": {}}
{"timestamp": 1779122678, "type": "safe_tx", "device": "node-8-spammer", "metadata": {}}
{"timestamp": 1779122679, "type": "time_anomaly", "device": "node-14-mixed", "metadata": {}}
{"timestamp": 1779122679, "type": "safe_tx", "device": "node-8-spammer", "metadata": {}}
{"timestamp": 1779122679, "type": "safe_tx", "device": "node-1-clean", "metadata": {}}
{"timestamp": 1779122679, "type": "fuzzing", "device": "node-10-fuzzer", "metadata": {}}
{"timestamp": 1779122679, "type": "safe_tx", "device": "node-2-clean", "metadata": {}}
{"timestamp": 1779122679, "type": "safe_tx", "device": "node-13-mixed", "metadata": {}}
{"timestamp": 1779122680, "type": "safe_tx", "device": "node-8-spammer", "metadata": {}}
{"timestamp": 1779122680, "type": "safe_tx", "device": "node-8-spammer", "metadata": {}}
{"timestamp": 1779122680, "type": "safe_tx", "device": "node-8-spammer", "metadata": {}}
{"timestamp": 1779122680, "type": "safe_tx", "device": "node-8-spammer", "metadata": {}}
{"timestamp": 1779122680, "type": "safe_tx", "device": "node-8-spammer", "metadata": {}}
{"timestamp": 1779122680, "type": "safe_tx", "device": "node-3-clean", "metadata": {}}
{"timestamp": 1779122680, "type": "safe_tx", "device": "node-8-spammer", "metadata": {}}
{"timestamp": 1779122680, "type": "safe_tx", "device": "node-8-spammer", "metadata": {}}
{"timestamp": 1779122680, "type": "safe_tx", "device": "node-8-spammer", "metadata": {}}
{"timestamp": 1779122680, "type": "safe_tx", "device": "node-9-stealth", "metadata": {}}
{"timestamp": 1779122680, "type": "safe_tx", "device": "node-14-mixed", "metadata": {}}
{"timestamp": 1779122680, "type": "safe_tx", "device": "node-8-spammer", "metadata": {}}
{"timestamp": 1779122680, "type": "safe_tx", "device": "node-8-spammer", "metadata": {}}
{"timestamp": 1779122680, "type": "safe_tx", "device": "node-8-spammer", "metadata": {}}
{"timestamp": 1779122680, "type": "safe_tx", "device": "node-8-spammer", "metadata": {}}
{"timestamp": 1779122680, "type": "safe_tx", "device": "node-8-spammer", "metadata": {}}
{"timestamp": 1779122680, "type": "dos_spam", "device": "node-8-spammer", "metadata": {}}
{"timestamp": 1779122680, "type": "safe_tx", "device": "node-8-spammer", "metadata": {}}
{"timestamp": 1779122680, "type": "safe_tx", "device": "node-8-spammer", "metadata": {}}
{"timestamp": 1779122680, "type": "safe_tx", "device": "node-8-spammer", "metadata": {}}
{"timestamp": 1779122680, "type": "safe_tx", "device": "node-8-spammer", "metadata": {}}
{"timestamp": 1779122681, "type": "safe_tx", "device": "node-4-clean", "metadata": {}}
{"timestamp": 1779122681, "type": "time_anomaly", "device": "node-12-mixed", "metadata": {}}
{"timestamp": 1779122681, "type": "safe_tx", "device": "node-9-stealth", "metadata": {}}
{"timestamp": 1779122681, "type": "safe_tx", "device": "node-13-mixed", "metadata": {}}
{"timestamp": 1779122681, "type": "safe_tx", "device": "node-2-clean", "metadata": {}}
{"timestamp": 1779122681, "type": "fuzzing", "device": "node-10-fuzzer", "metadata": {}}
{"timestamp": 1779122681, "type": "safe_tx", "device": "node-8-spammer", "metadata": {}}
{"timestamp": 1779122681, "type": "safe_tx", "device": "node-8-spammer", "metadata": {}}
{"timestamp": 1779122681, "type": "safe_tx", "device": "node-8-spammer", "metadata": {}}
{"timestamp": 1779122681, "type": "safe_tx", "device": "node-6-overflow", "metadata": {}}
{"timestamp": 1779122682, "type": "safe_tx", "device": "node-15-mixed", "metadata": {}}
{"timestamp": 1779122682, "type": "safe_tx", "device": "node-10-fuzzer", "metadata": {}}
{"timestamp": 1779122682, "type": "safe_tx", "device": "node-5-clean", "metadata": {}}
{"timestamp": 1779122682, "type": "safe_tx", "device": "node-8-spammer", "metadata": {}}
{"timestamp": 1779122682, "type": "safe_tx", "device": "node-2-clean", "metadata": {}}
{"timestamp": 1779122682, "type": "safe_tx", "device": "node-8-spammer", "metadata": {}}
{"timestamp": 1779122682, "type": "safe_tx", "device": "node-8-spammer", "metadata": {}}
{"timestamp": 1779122682, "type": "dos_spam", "device": "node-8-spammer", "metadata": {"count": 30, "window_sec": 5}}
{"timestamp": 1779122682, "type": "safe_tx", "device": "node-8-spammer", "metadata": {}}
{"timestamp": 1779122682, "type": "safe_tx", "device": "node-8-spammer", "metadata": {}}
{"timestamp": 1779122682, "type": "safe_tx", "device": "node-14-mixed", "metadata": {}}
{"timestamp": 1779122682, "type": "safe_tx", "device": "node-13-mixed", "metadata": {}}
{"timestamp": 1779122683, "type": "time_anomaly", "device": "node-12-mixed", "metadata": {}}
{"timestamp": 1779122682, "type": "safe_tx", "device": "node-1-clean", "metadata": {}}
{"timestamp": 1779122683, "type": "safe_tx", "device": "node-3-clean", "metadata": {}}
{"timestamp": 1779122683, "type": "safe_tx", "device": "node-1-clean", "metadata": {}}
{"timestamp": 1779122683, "type": "safe_tx", "device": "node-10-fuzzer", "metadata": {}}
{"timestamp": 1779122683, "type": "safe_tx", "device": "node-12-mixed", "metadata": {}}
{"timestamp": 1779122683, "type": "time_anomaly", "device": "node-7-timespoof", "metadata": {}}
{"timestamp": 1779122684, "type": "safe_tx", "device": "node-3-clean", "metadata": {}}
{"timestamp": 1779122684, "type": "safe_tx", "device": "node-9-stealth", "metadata": {}}
{"timestamp": 1779122684, "type": "safe_tx", "device": "node-3-clean", "metadata": {}}
{"timestamp": 1779122684, "type": "safe_tx", "device": "node-14-mixed", "metadata": {}}
{"timestamp": 1779122684, "type": "safe_tx", "device": "node-8-spammer", "metadata": {}}
{"timestamp": 1779122684, "type": "safe_tx", "device": "node-8-spammer", "metadata": {}}
{"timestamp": 1779122684, "type": "safe_tx", "device": "node-8-spammer", "metadata": {}}
{"timestamp": 1779122684, "type": "safe_tx", "device": "node-8-spammer", "metadata": {}}
{"timestamp": 1779122684, "type": "fuzzing", "device": "node-10-fuzzer", "metadata": {}}
{"timestamp": 1779122684, "type": "safe_tx", "device": "node-8-spammer", "metadata": {}}
{"timestamp": 1779122684, "type": "safe_tx", "device": "node-8-spammer", "metadata": {}}
{"timestamp": 1779122684, "type": "safe_tx", "device": "node-8-spammer", "metadata": {}}
{"timestamp": 1779122684, "type": "safe_tx", "device": "node-8-spammer", "metadata": {}}
{"timestamp": 1779122684, "type": "safe_tx", "device": "node-8-spammer", "metadata": {}}
{"timestamp": 1779122684, "type": "safe_tx", "device": "node-9-stealth", "metadata": {}}
{"timestamp": 1779122685, "type": "safe_tx", "device": "node-4-clean", "metadata": {}}
{"timestamp": 1779122685, "type": "safe_tx", "device": "node-3-clean", "metadata": {}}
{"timestamp": 1779122685, "type": "safe_tx", "device": "node-5-clean", "metadata": {}}
{"timestamp": 1779122685, "type": "safe_tx", "device": "node-2-clean", "metadata": {}}
{"timestamp": 1779122685, "type": "time_anomaly", "device": "node-14-mixed", "metadata": {}}
{"timestamp": 1779122685, "type": "safe_tx", "device": "node-8-spammer", "metadata": {}}
{"timestamp": 1779122685, "type": "time_anomaly", "device": "node-7-timespoof", "metadata": {}}
{"timestamp": 1779122685, "type": "safe_tx", "device": "node-8-spammer", "metadata": {}}
{"timestamp": 1779122685, "type": "safe_tx", "device": "node-3-clean", "metadata": {}}
{"timestamp": 1779122685, "type": "safe_tx", "device": "node-8-spammer", "metadata": {}}
{"timestamp": 1779122685, "type": "safe_tx", "device": "node-8-spammer", "metadata": {}}
{"timestamp": 1779122685, "type": "safe_tx", "device": "node-8-spammer", "metadata": {}}
{"timestamp": 1779122685, "type": "safe_tx", "device": "node-8-spammer", "metadata": {}}
{"timestamp": 1779122685, "type": "dos_spam", "device": "node-8-spammer", "metadata": {}}
{"timestamp": 1779122685, "type": "safe_tx", "device": "node-8-spammer", "metadata": {}}
{"timestamp": 1779122685, "type": "safe_tx", "device": "node-8-spammer", "metadata": {}}
{"timestamp": 1779122685, "type": "safe_tx", "device": "node-8-spammer", "metadata": {}}
{"timestamp": 1779122685, "type": "safe_tx", "device": "node-8-spammer", "metadata": {}}
{"timestamp": 1779122686, "type": "safe_tx", "device": "node-2-clean", "metadata": {}}
{"timestamp": 1779122686, "type": "safe_tx", "device": "node-13-mixed", "metadata": {}}
{"timestamp": 1779122686, "type": "safe_tx", "device": "node-3-clean", "metadata": {}}
{"timestamp": 1779122686, "type": "safe_tx", "device": "node-12-mixed", "metadata": {}}
{"timestamp": 1779122686, "type": "safe_tx", "device": "node-10-fuzzer", "metadata": {}}
{"timestamp": 1779122686, "type": "safe_tx", "device": "node-13-mixed", "metadata": {}}
{"timestamp": 1779122686, "type": "safe_tx", "device": "node-4-clean", "metadata": {}}
{"timestamp": 1779122686, "type": "safe_tx", "device": "node-8-spammer", "metadata": {}}
{"timestamp": 1779122686, "type": "safe_tx", "device": "node-8-spammer", "metadata": {}}
{"timestamp": 1779122686, "type": "safe_tx", "device": "node-8-spammer", "metadata": {}}
{"timestamp": 1779122686, "type": "safe_tx", "device": "node-8-spammer", "metadata": {}}
{"timestamp": 1779122687, "type": "safe_tx", "device": "node-8-spammer", "metadata": {}}
{"timestamp": 1779122687, "type": "safe_tx", "device": "node-8-spammer", "metadata": {}}
{"timestamp": 1779122687, "type": "safe_tx", "device": "node-8-spammer", "metadata": {}}
{"timestamp": 1779122687, "type": "safe_tx", "device": "node-8-spammer", "metadata": {}}
{"timestamp": 1779122687, "type": "safe_tx", "device": "node-1-clean", "metadata": {}}
{"timestamp": 1779122687, "type": "safe_tx", "device": "node-8-spammer", "metadata": {}}
{"timestamp": 1779122687, "type": "dos_spam", "device": "node-8-spammer", "metadata": {"count": 30, "window_sec": 5}}
{"timestamp": 1779122687, "type": "safe_tx", "device": "node-8-spammer", "metadata": {}}
{"timestamp": 1779122687, "type": "safe_tx", "device": "node-8-spammer", "metadata": {}}
{"timestamp": 1779122687, "type": "dos_spam", "device": "node-8-spammer", "metadata": {}}
{"timestamp": 1779122687, "type": "safe_tx", "device": "node-8-spammer", "metadata": {}}
{"timestamp": 1779122687, "type": "safe_tx", "device": "node-8-spammer", "metadata": {}}
{"timestamp": 1779122687, "type": "safe_tx", "device": "node-9-stealth", "metadata": {}}
{"timestamp": 1779122688, "type": "time_anomaly", "device": "node-14-mixed", "metadata": {}}
{"timestamp": 1779122688, "type": "safe_tx", "device": "node-15-mixed", "metadata": {}}
{"timestamp": 1779122688, "type": "safe_tx", "device": "node-9-stealth", "metadata": {}}
{"timestamp": 1779122688, "type": "safe_tx", "device": "node-10-fuzzer", "metadata": {}}
{"timestamp": 1779122688, "type": "safe_tx", "device": "node-5-clean", "metadata": {}}
{"timestamp": 1779122688, "type": "safe_tx", "device": "node-2-clean", "metadata": {}}
{"timestamp": 1779122688, "type": "safe_tx", "device": "node-8-spammer", "metadata": {}}
{"timestamp": 1779122688, "type": "safe_tx", "device": "node-1-clean", "metadata": {}}
{"timestamp": 1779122688, "type": "safe_tx", "device": "node-12-mixed", "metadata": {}}
{"timestamp": 1779122689, "type": "safe_tx", "device": "node-13-mixed", "metadata": {}}
{"timestamp": 1779122689, "type": "fuzzing", "device": "node-10-fuzzer", "metadata": {}}
{"timestamp": 1779122690, "type": "time_anomaly", "device": "node-14-mixed", "metadata": {}}
{"timestamp": 1779122689, "type": "safe_tx", "device": "node-3-clean", "metadata": {}}
{"timestamp": 1779122689, "type": "safe_tx", "device": "node-4-clean", "metadata": {}}
{"timestamp": 1779122690, "type": "safe_tx", "device": "node-8-spammer", "metadata": {}}
{"timestamp": 1779122690, "type": "safe_tx", "device": "node-8-spammer", "metadata": {}}
{"timestamp": 1779122690, "type": "safe_tx", "device": "node-8-spammer", "metadata": {}}
{"timestamp": 1779122690, "type": "safe_tx", "device": "node-8-spammer", "metadata": {}}
{"timestamp": 1779122690, "type": "safe_tx", "device": "node-8-spammer", "metadata": {}}
{"timestamp": 1779122690, "type": "safe_tx", "device": "node-1-clean", "metadata": {}}
{"timestamp": 1779122690, "type": "safe_tx", "device": "node-8-spammer", "metadata": {}}
{"timestamp": 1779122690, "type": "safe_tx", "device": "node-2-clean", "metadata": {}}
{"timestamp": 1779122690, "type": "safe_tx", "device": "node-14-mixed", "metadata": {}}
{"timestamp": 1779122690, "type": "time_anomaly", "device": "node-7-timespoof", "metadata": {}}
{"timestamp": 1779122690, "type": "safe_tx", "device": "node-2-clean", "metadata": {}}
{"timestamp": 1779122690, "type": "safe_tx", "device": "node-4-clean", "metadata": {}}
{"timestamp": 1779122690, "type": "fuzzing", "device": "node-10-fuzzer", "metadata": {}}
{"timestamp": 1779122691, "type": "safe_tx", "device": "node-1-clean", "metadata": {}}
{"timestamp": 1779122691, "type": "safe_tx", "device": "node-3-clean", "metadata": {}}
{"timestamp": 1779122691, "type": "safe_tx", "device": "node-15-mixed", "metadata": {}}
{"timestamp": 1779122691, "type": "safe_tx", "device": "node-8-spammer", "metadata": {}}
{"timestamp": 1779122691, "type": "safe_tx", "device": "node-13-mixed", "metadata": {}}
{"timestamp": 1779122691, "type": "safe_tx", "device": "node-10-fuzzer", "metadata": {}}
{"timestamp": 1779122691, "type": "safe_tx", "device": "node-14-mixed", "metadata": {}}
{"timestamp": 1779122691, "type": "safe_tx", "device": "node-4-clean", "metadata": {}}
{"timestamp": 1779122692, "type": "safe_tx", "device": "node-5-clean", "metadata": {}}
{"timestamp": 1779122692, "type": "safe_tx", "device": "node-12-mixed", "metadata": {}}
{"timestamp": 1779122692, "type": "safe_tx", "device": "node-2-clean", "metadata": {}}
{"timestamp": 1779122692, "type": "safe_tx", "device": "node-9-stealth", "metadata": {}}
{"timestamp": 1779122692, "type": "safe_tx", "device": "node-3-clean", "metadata": {}}
{"timestamp": 1779122692, "type": "overflow", "device": "node-15-mixed", "metadata": {"count": 3, "window_sec": 30}}
{"timestamp": 1779122693, "type": "time_anomaly", "device": "node-13-mixed", "metadata": {}}
{"timestamp": 1779122693, "type": "safe_tx", "device": "node-1-clean", "metadata": {}}
{"timestamp": 1779122693, "type": "time_anomaly", "device": "node-14-mixed", "metadata": {}}
{"timestamp": 1779122693, "type": "safe_tx", "device": "node-8-spammer", "metadata": {}}
{"timestamp": 1779122693, "type": "safe_tx", "device": "node-8-spammer", "metadata": {}}
{"timestamp": 1779122693, "type": "safe_tx", "device": "node-6-overflow", "metadata": {}}
{"timestamp": 1779122693, "type": "safe_tx", "device": "node-8-spammer", "metadata": {}}
{"timestamp": 1779122693, "type": "safe_tx", "device": "node-8-spammer", "metadata": {}}
{"timestamp": 1779122693, "type": "safe_tx", "device": "node-8-spammer", "metadata": {}}
{"timestamp": 1779122693, "type": "safe_tx", "device": "node-8-spammer", "metadata": {}}
{"timestamp": 1779122693, "type": "safe_tx", "device": "node-8-spammer", "metadata": {}}
{"timestamp": 1779122693, "type": "safe_tx", "device": "node-8-spammer", "metadata": {}}
{"timestamp": 1779122693, "type": "safe_tx", "device": "node-8-spammer", "metadata": {}}
{"timestamp": 1779122693, "type": "safe_tx", "device": "node-8-spammer", "metadata": {}}
{"timestamp": 1779122693, "type": "safe_tx", "device": "node-8-spammer", "metadata": {}}
{"timestamp": 1779122693, "type": "safe_tx", "device": "node-8-spammer", "metadata": {}}
{"timestamp": 1779122693, "type": "safe_tx", "device": "node-8-spammer", "metadata": {}}
{"timestamp": 1779122694, "type": "safe_tx", "device": "node-3-clean", "metadata": {}}
{"timestamp": 1779122694, "type": "time_anomaly", "device": "node-12-mixed", "metadata": {}}
{"timestamp": 1779122694, "type": "time_anomaly", "device": "node-13-mixed", "metadata": {}}
{"timestamp": 1779122694, "type": "fuzzing", "device": "node-10-fuzzer", "metadata": {}}
{"timestamp": 1779122694, "type": "safe_tx", "device": "node-9-stealth", "metadata": {}}
{"timestamp": 1779122695, "type": "time_anomaly", "device": "node-7-timespoof", "metadata": {}}
{"timestamp": 1779122695, "type": "fuzzing", "device": "node-10-fuzzer", "metadata": {}}
{"timestamp": 1779122695, "type": "safe_tx", "device": "node-8-spammer", "metadata": {}}
{"timestamp": 1779122695, "type": "time_anomaly", "device": "node-15-mixed", "metadata": {}}
{"timestamp": 1779122695, "type": "safe_tx", "device": "node-8-spammer", "metadata": {}}
{"timestamp": 1779122695, "type": "dos_spam", "device": "node-8-spammer", "metadata": {}}
{"timestamp": 1779122695, "type": "safe_tx", "device": "node-8-spammer", "metadata": {}}
{"timestamp": 1779122695, "type": "safe_tx", "device": "node-8-spammer", "metadata": {}}
{"timestamp": 1779122695, "type": "overflow", "device": "node-6-overflow", "metadata": {"count": 3, "window_sec": 30}}
{"timestamp": 1779122695, "type": "safe_tx", "device": "node-8-spammer", "metadata": {}}
{"timestamp": 1779122695, "type": "safe_tx", "device": "node-8-spammer", "metadata": {}}
{"timestamp": 1779122695, "type": "safe_tx", "device": "node-8-spammer", "metadata": {}}
{"timestamp": 1779122695, "type": "safe_tx", "device": "node-4-clean", "metadata": {}}
{"timestamp": 1779122695, "type": "safe_tx", "device": "node-2-clean", "metadata": {}}
{"timestamp": 1779122695, "type": "safe_tx", "device": "node-13-mixed", "metadata": {}}
{"timestamp": 1779122695, "type": "safe_tx", "device": "node-5-clean", "metadata": {}}
{"timestamp": 1779122696, "type": "safe_tx", "device": "node-5-clean", "metadata": {}}
{"timestamp": 1779122696, "type": "time_anomaly", "device": "node-14-mixed", "metadata": {}}
{"timestamp": 1779122696, "type": "safe_tx", "device": "node-8-spammer", "metadata": {}}
{"timestamp": 1779122696, "type": "safe_tx", "device": "node-8-spammer", "metadata": {}}
{"timestamp": 1779122696, "type": "safe_tx", "device": "node-8-spammer", "metadata": {}}
{"timestamp": 1779122696, "type": "safe_tx", "device": "node-3-clean", "metadata": {}}
{"timestamp": 1779122696, "type": "safe_tx", "device": "node-8-spammer", "metadata": {}}
{"timestamp": 1779122696, "type": "safe_tx", "device": "node-8-spammer", "metadata": {}}
{"timestamp": 1779122696, "type": "safe_tx", "device": "node-8-spammer", "metadata": {}}
{"timestamp": 1779122696, "type": "safe_tx", "device": "node-8-spammer", "metadata": {}}
{"timestamp": 1779122696, "type": "safe_tx", "device": "node-8-spammer", "metadata": {}}
{"timestamp": 1779122696, "type": "safe_tx", "device": "node-8-spammer", "metadata": {}}
{"timestamp": 1779122696, "type": "dos_spam", "device": "node-8-spammer", "metadata": {"count": 30, "window_sec": 5}}
{"timestamp": 1779122696, "type": "safe_tx", "device": "node-8-spammer", "metadata": {}}
{"timestamp": 1779122696, "type": "dos_spam", "device": "node-8-spammer", "metadata": {}}
{"timestamp": 1779122697, "type": "time_anomaly", "device": "node-12-mixed", "metadata": {}}
{"timestamp": 1779122696, "type": "safe_tx", "device": "node-1-clean", "metadata": {}}
{"timestamp": 1779122697, "type": "fuzzing", "device": "node-10-fuzzer", "metadata": {}}
{"timestamp": 1779122697, "type": "safe_tx", "device": "node-8-spammer", "metadata": {}}
{"timestamp": 1779122697, "type": "safe_tx", "device": "node-8-spammer", "metadata": {}}
{"timestamp": 1779122697, "type": "safe_tx", "device": "node-8-spammer", "metadata": {}}
{"timestamp": 1779122697, "type": "safe_tx", "device": "node-5-clean", "metadata": {}}
{"timestamp": 1779122697, "type": "safe_tx", "device": "node-8-spammer", "metadata": {}}
{"timestamp": 1779122697, "type": "safe_tx", "device": "node-8-spammer", "metadata": {}}
{"timestamp": 1779122697, "type": "time_anomaly", "device": "node-7-timespoof", "metadata": {}}
{"timestamp": 1779122697, "type": "safe_tx", "device": "node-8-spammer", "metadata": {}}
{"timestamp": 1779122697, "type": "safe_tx", "device": "node-8-spammer", "metadata": {}}
{"timestamp": 1779122697, "type": "safe_tx", "device": "node-15-mixed", "metadata": {}}
{"timestamp": 1779122697, "type": "safe_tx", "device": "node-9-stealth", "metadata": {}}
{"timestamp": 1779122697, "type": "safe_tx", "device": "node-1-clean", "metadata": {}}
{"timestamp": 1779122698, "type": "safe_tx", "device": "node-3-clean", "metadata": {}}
{"timestamp": 1779122698, "type": "safe_tx", "device": "node-12-mixed", "metadata": {}}
{"timestamp": 1779122698, "type": "time_anomaly", "device": "node-14-mixed", "metadata": {}}
{"timestamp": 1779122699, "type": "safe_tx", "device": "node-10-fuzzer", "metadata": {}}
{"timestamp": 1779122699, "type": "safe_tx", "device": "node-5-clean", "metadata": {}}
{"timestamp": 1779122699, "type": "safe_tx", "device": "node-8-spammer", "metadata": {}}
{"timestamp": 1779122699, "type": "safe_tx", "device": "node-8-spammer", "metadata": {}}
{"timestamp": 1779122699, "type": "safe_tx", "device": "node-8-spammer", "metadata": {}}
{"timestamp": 1779122699, "type": "safe_tx", "device": "node-8-spammer", "metadata": {}}
{"timestamp": 1779122699, "type": "safe_tx", "device": "node-8-spammer", "metadata": {}}
{"timestamp": 1779122699, "type": "safe_tx", "device": "node-8-spammer", "metadata": {}}
{"timestamp": 1779122699, "type": "safe_tx", "device": "node-2-clean", "metadata": {}}
{"timestamp": 1779122700, "type": "safe_tx", "device": "node-4-clean", "metadata": {}}
{"timestamp": 1779122700, "type": "safe_tx", "device": "node-1-clean", "metadata": {}}
{"timestamp": 1779122700, "type": "safe_tx", "device": "node-11-pulsing", "metadata": {}}
{"timestamp": 1779122700, "type": "safe_tx", "device": "node-11-pulsing", "metadata": {}}
{"timestamp": 1779122700, "type": "safe_tx", "device": "node-3-clean", "metadata": {}}
{"timestamp": 1779122700, "type": "safe_tx", "device": "node-8-spammer", "metadata": {}}
{"timestamp": 1779122700, "type": "safe_tx", "device": "node-11-pulsing", "metadata": {}}
{"timestamp": 1779122700, "type": "safe_tx", "device": "node-8-spammer", "metadata": {}}
{"timestamp": 1779122700, "type": "safe_tx", "device": "node-11-pulsing", "metadata": {}}
{"timestamp": 1779122700, "type": "safe_tx", "device": "node-8-spammer", "metadata": {}}
{"timestamp": 1779122700, "type": "safe_tx", "device": "node-11-pulsing", "metadata": {}}
{"timestamp": 1779122700, "type": "safe_tx", "device": "node-11-pulsing", "metadata": {}}
{"timestamp": 1779122700, "type": "safe_tx", "device": "node-11-pulsing", "metadata": {}}
{"timestamp": 1779122701, "type": "fuzzing", "device": "node-10-fuzzer", "metadata": {}}
{"timestamp": 1779122701, "type": "safe_tx", "device": "node-15-mixed", "metadata": {}}
{"timestamp": 1779122701, "type": "safe_tx", "device": "node-11-pulsing", "metadata": {}}
{"timestamp": 1779122701, "type": "safe_tx", "device": "node-11-pulsing", "metadata": {}}
{"timestamp": 1779122701, "type": "safe_tx", "device": "node-1-clean", "metadata": {}}
{"timestamp": 1779122701, "type": "safe_tx", "device": "node-11-pulsing", "metadata": {}}
{"timestamp": 1779122701, "type": "safe_tx", "device": "node-11-pulsing", "metadata": {}}
{"timestamp": 1779122701, "type": "safe_tx", "device": "node-11-pulsing", "metadata": {}}
{"timestamp": 1779122701, "type": "time_anomaly", "device": "node-12-mixed", "metadata": {}}
{"timestamp": 1779122701, "type": "safe_tx", "device": "node-11-pulsing", "metadata": {}}
{"timestamp": 1779122701, "type": "safe_tx", "device": "node-11-pulsing", "metadata": {}}
{"timestamp": 1779122701, "type": "safe_tx", "device": "node-11-pulsing", "metadata": {}}
{"timestamp": 1779122701, "type": "dos_spam", "device": "node-11-pulsing", "metadata": {}}
{"timestamp": 1779122701, "type": "safe_tx", "device": "node-11-pulsing", "metadata": {}}
{"timestamp": 1779122701, "type": "safe_tx", "device": "node-11-pulsing", "metadata": {}}
{"timestamp": 1779122701, "type": "safe_tx", "device": "node-11-pulsing", "metadata": {}}
{"timestamp": 1779122701, "type": "safe_tx", "device": "node-1-clean", "metadata": {}}
{"timestamp": 1779122701, "type": "safe_tx", "device": "node-11-pulsing", "metadata": {}}
{"timestamp": 1779122701, "type": "safe_tx", "device": "node-15-mixed", "metadata": {}}
{"timestamp": 1779122701, "type": "time_anomaly", "device": "node-7-timespoof", "metadata": {}}
{"timestamp": 1779122701, "type": "safe_tx", "device": "node-11-pulsing", "metadata": {}}
{"timestamp": 1779122701, "type": "safe_tx", "device": "node-8-spammer", "metadata": {}}
{"timestamp": 1779122701, "type": "safe_tx", "device": "node-8-spammer", "metadata": {}}
{"timestamp": 1779122701, "type": "safe_tx", "device": "node-8-spammer", "metadata": {}}
{"timestamp": 1779122701, "type": "safe_tx", "device": "node-8-spammer", "metadata": {}}
{"timestamp": 1779122701, "type": "safe_tx", "device": "node-8-spammer", "metadata": {}}
{"timestamp": 1779122702, "type": "overflow", "device": "node-14-mixed", "metadata": {"count": 3, "window_sec": 30}}
{"timestamp": 1779122702, "type": "safe_tx", "device": "node-3-clean", "metadata": {}}
{"timestamp": 1779122702, "type": "safe_tx", "device": "node-8-spammer", "metadata": {}}
{"timestamp": 1779122702, "type": "safe_tx", "device": "node-8-spammer", "metadata": {}}
{"timestamp": 1779122702, "type": "safe_tx", "device": "node-8-spammer", "metadata": {}}
{"timestamp": 1779122702, "type": "safe_tx", "device": "node-8-spammer", "metadata": {}}
{"timestamp": 1779122702, "type": "safe_tx", "device": "node-9-stealth", "metadata": {}}
{"timestamp": 1779122702, "type": "time_anomaly", "device": "node-13-mixed", "metadata": {}}
{"timestamp": 1779122702, "type": "overflow", "device": "node-6-overflow", "metadata": {"count": 3, "window_sec": 30}}
{"timestamp": 1779122702, "type": "fuzzing", "device": "node-10-fuzzer", "metadata": {}}
{"timestamp": 1779122703, "type": "safe_tx", "device": "node-5-clean", "metadata": {}}
{"timestamp": 1779122703, "type": "safe_tx", "device": "node-8-spammer", "metadata": {}}
{"timestamp": 1779122703, "type": "safe_tx", "device": "node-9-stealth", "metadata": {}}
{"timestamp": 1779122703, "type": "safe_tx", "device": "node-4-clean", "metadata": {}}
{"timestamp": 1779122704, "type": "safe_tx", "device": "node-8-spammer", "metadata": {}}
{"timestamp": 1779122704, "type": "safe_tx", "device": "node-8-spammer", "metadata": {}}
{"timestamp": 1779122704, "type": "safe_tx", "device": "node-2-clean", "metadata": {}}
{"timestamp": 1779122704, "type": "safe_tx", "device": "node-8-spammer", "metadata": {}}
{"timestamp": 1779122704, "type": "safe_tx", "device": "node-8-spammer", "metadata": {}}
{"timestamp": 1779122704, "type": "fuzzing", "device": "node-10-fuzzer", "metadata": {}}
{"timestamp": 1779122704, "type": "safe_tx", "device": "node-12-mixed", "metadata": {}}
{"timestamp": 1779122704, "type": "safe_tx", "device": "node-9-stealth", "metadata": {}}
{"timestamp": 1779122704, "type": "safe_tx", "device": "node-13-mixed", "metadata": {}}
{"timestamp": 1779122705, "type": "safe_tx", "device": "node-15-mixed", "metadata": {}}
{"timestamp": 1779122705, "type": "safe_tx", "device": "node-5-clean", "metadata": {}}
{"timestamp": 1779122705, "type": "safe_tx", "device": "node-8-spammer", "metadata": {}}
{"timestamp": 1779122705, "type": "safe_tx", "device": "node-8-spammer", "metadata": {}}
{"timestamp": 1779122705, "type": "safe_tx", "device": "node-3-clean", "metadata": {}}
{"timestamp": 1779122705, "type": "safe_tx", "device": "node-15-mixed", "metadata": {}}
{"timestamp": 1779122706, "type": "time_anomaly", "device": "node-13-mixed", "metadata": {}}
{"timestamp": 1779122706, "type": "time_anomaly", "device": "node-14-mixed", "metadata": {}}
{"timestamp": 1779122706, "type": "safe_tx", "device": "node-2-clean", "metadata": {}}
{"timestamp": 1779122706, "type": "safe_tx", "device": "node-1-clean", "metadata": {}}
{"timestamp": 1779122706, "type": "safe_tx", "device": "node-8-spammer", "metadata": {}}
{"timestamp": 1779122706, "type": "safe_tx", "device": "node-8-spammer", "metadata": {}}
{"timestamp": 1779122706, "type": "safe_tx", "device": "node-8-spammer", "metadata": {}}
{"timestamp": 1779122706, "type": "time_anomaly", "device": "node-7-timespoof", "metadata": {}}
{"timestamp": 1779122706, "type": "safe_tx", "device": "node-8-spammer", "metadata": {}}
{"timestamp": 1779122706, "type": "safe_tx", "device": "node-8-spammer", "metadata": {}}
{"timestamp": 1779122706, "type": "safe_tx", "device": "node-8-spammer", "metadata": {}}
{"timestamp": 1779122706, "type": "safe_tx", "device": "node-8-spammer", "metadata": {}}
{"timestamp": 1779122706, "type": "overflow", "device": "node-10-fuzzer", "metadata": {"count": 3, "window_sec": 30}}
{"timestamp": 1779122706, "type": "safe_tx", "device": "node-8-spammer", "metadata": {}}
{"timestamp": 1779122706, "type": "overflow", "device": "node-9-stealth", "metadata": {"count": 3, "window_sec": 30}}
{"timestamp": 1779122706, "type": "safe_tx", "device": "node-8-spammer", "metadata": {}}
{"timestamp": 1779122706, "type": "dos_spam", "device": "node-8-spammer", "metadata": {}}
{"timestamp": 1779122706, "type": "safe_tx", "device": "node-8-spammer", "metadata": {}}
{"timestamp": 1779122707, "type": "time_anomaly", "device": "node-12-mixed", "metadata": {}}
{"timestamp": 1779122707, "type": "safe_tx", "device": "node-8-spammer", "metadata": {}}
{"timestamp": 1779122707, "type": "safe_tx", "device": "node-8-spammer", "metadata": {}}
{"timestamp": 1779122707, "type": "safe_tx", "device": "node-8-spammer", "metadata": {}}
{"timestamp": 1779122707, "type": "safe_tx", "device": "node-8-spammer", "metadata": {}}
{"timestamp": 1779122707, "type": "safe_tx", "device": "node-8-spammer", "metadata": {}}
{"timestamp": 1779122707, "type": "safe_tx", "device": "node-8-spammer", "metadata": {}}
{"timestamp": 1779122708, "type": "safe_tx", "device": "node-4-clean", "metadata": {}}
{"timestamp": 1779122708, "type": "safe_tx", "device": "node-12-mixed", "metadata": {}}
{"timestamp": 1779122708, "type": "safe_tx", "device": "node-8-spammer", "metadata": {}}
{"timestamp": 1779122708, "type": "safe_tx", "device": "node-8-spammer", "metadata": {}}
{"timestamp": 1779122708, "type": "fuzzing", "device": "node-10-fuzzer", "metadata": {}}
{"timestamp": 1779122708, "type": "safe_tx", "device": "node-5-clean", "metadata": {}}
{"timestamp": 1779122708, "type": "safe_tx", "device": "node-2-clean", "metadata": {}}
{"timestamp": 1779122709, "type": "safe_tx", "device": "node-13-mixed", "metadata": {}}
{"timestamp": 1779122709, "type": "safe_tx", "device": "node-1-clean", "metadata": {}}
{"timestamp": 1779122709, "type": "safe_tx", "device": "node-10-fuzzer", "metadata": {}}
{"timestamp": 1779122709, "type": "time_anomaly", "device": "node-15-mixed", "metadata": {}}
{"timestamp": 1779122709, "type": "safe_tx", "device": "node-8-spammer", "metadata": {}}
{"timestamp": 1779122709, "type": "safe_tx", "device": "node-14-mixed", "metadata": {}}
{"timestamp": 1779122709, "type": "safe_tx", "device": "node-12-mixed", "metadata": {}}
{"timestamp": 1779122709, "type": "safe_tx", "device": "node-8-spammer", "metadata": {}}
{"timestamp": 1779122709, "type": "safe_tx", "device": "node-3-clean", "metadata": {}}
{"timestamp": 1779122709, "type": "safe_tx", "device": "node-9-stealth", "metadata": {}}
{"timestamp": 1779122709, "type": "safe_tx", "device": "node-14-mixed", "metadata": {}}
{"timestamp": 1779122710, "type": "safe_tx", "device": "node-8-spammer", "metadata": {}}
{"timestamp": 1779122710, "type": "safe_tx", "device": "node-13-mixed", "metadata": {}}
{"timestamp": 1779122710, "type": "safe_tx", "device": "node-14-mixed", "metadata": {}}
{"timestamp": 1779122710, "type": "safe_tx", "device": "node-1-clean", "metadata": {}}
{"timestamp": 1779122711, "type": "safe_tx", "device": "node-5-clean", "metadata": {}}
{"timestamp": 1779122711, "type": "safe_tx", "device": "node-12-mixed", "metadata": {}}
{"timestamp": 1779122711, "type": "safe_tx", "device": "node-2-clean", "metadata": {}}
{"timestamp": 1779122711, "type": "safe_tx", "device": "node-9-stealth", "metadata": {}}
{"timestamp": 1779122711, "type": "safe_tx", "device": "node-3-clean", "metadata": {}}
{"timestamp": 1779122711, "type": "safe_tx", "device": "node-4-clean", "metadata": {}}
{"timestamp": 1779122711, "type": "safe_tx", "device": "node-10-fuzzer", "metadata": {}}
{"timestamp": 1779122712, "type": "safe_tx", "device": "node-15-mixed", "metadata": {}}
{"timestamp": 1779122712, "type": "time_anomaly", "device": "node-13-mixed", "metadata": {}}
{"timestamp": 1779122712, "type": "time_anomaly", "device": "node-7-timespoof", "metadata": {}}
{"timestamp": 1779122712, "type": "safe_tx", "device": "node-14-mixed", "metadata": {}}
{"timestamp": 1779122712, "type": "overflow", "device": "node-6-overflow", "metadata": {"count": 3, "window_sec": 30}}
{"timestamp": 1779122712, "type": "safe_tx", "device": "node-12-mixed", "metadata": {}}
{"timestamp": 1779122712, "type": "fuzzing", "device": "node-10-fuzzer", "metadata": {}}
{"timestamp": 1779122713, "type": "time_anomaly", "device": "node-15-mixed", "metadata": {}}
{"timestamp": 1779122713, "type": "safe_tx", "device": "node-8-spammer", "metadata": {}}
{"timestamp": 1779122713, "type": "safe_tx", "device": "node-8-spammer", "metadata": {}}
{"timestamp": 1779122713, "type": "safe_tx", "device": "node-1-clean", "metadata": {}}
{"timestamp": 1779122713, "type": "safe_tx", "device": "node-8-spammer", "metadata": {}}
{"timestamp": 1779122713, "type": "safe_tx", "device": "node-8-spammer", "metadata": {}}
{"timestamp": 1779122713, "type": "safe_tx", "device": "node-8-spammer", "metadata": {}}
{"timestamp": 1779122713, "type": "safe_tx", "device": "node-8-spammer", "metadata": {}}
{"timestamp": 1779122713, "type": "safe_tx", "device": "node-8-spammer", "metadata": {}}
{"timestamp": 1779122713, "type": "safe_tx", "device": "node-8-spammer", "metadata": {}}
{"timestamp": 1779122713, "type": "safe_tx", "device": "node-8-spammer", "metadata": {}}
{"timestamp": 1779122713, "type": "safe_tx", "device": "node-8-spammer", "metadata": {}}
{"timestamp": 1779122713, "type": "safe_tx", "device": "node-8-spammer", "metadata": {}}
{"timestamp": 1779122713, "type": "safe_tx", "device": "node-8-spammer", "metadata": {}}
{"timestamp": 1779122713, "type": "safe_tx", "device": "node-15-mixed", "metadata": {}}
{"timestamp": 1779122713, "type": "safe_tx", "device": "node-10-fuzzer", "metadata": {}}
{"timestamp": 1779122713, "type": "safe_tx", "device": "node-8-spammer", "metadata": {}}
{"timestamp": 1779122713, "type": "safe_tx", "device": "node-8-spammer", "metadata": {}}
{"timestamp": 1779122713, "type": "safe_tx", "device": "node-8-spammer", "metadata": {}}
{"timestamp": 1779122713, "type": "dos_spam", "device": "node-8-spammer", "metadata": {}}
{"timestamp": 1779122713, "type": "safe_tx", "device": "node-8-spammer", "metadata": {}}
{"timestamp": 1779122713, "type": "safe_tx", "device": "node-8-spammer", "metadata": {}}
{"timestamp": 1779122713, "type": "safe_tx", "device": "node-8-spammer", "metadata": {}}
{"timestamp": 1779122713, "type": "safe_tx", "device": "node-8-spammer", "metadata": {}}
{"timestamp": 1779122713, "type": "safe_tx", "device": "node-8-spammer", "metadata": {}}
{"timestamp": 1779122714, "type": "safe_tx", "device": "node-9-stealth", "metadata": {}}
{"timestamp": 1779122714, "type": "safe_tx", "device": "node-10-fuzzer", "metadata": {}}
{"timestamp": 1779122714, "type": "safe_tx", "device": "node-4-clean", "metadata": {}}
{"timestamp": 1779122714, "type": "safe_tx", "device": "node-8-spammer", "metadata": {}}
{"timestamp": 1779122714, "type": "safe_tx", "device": "node-8-spammer", "metadata": {}}
{"timestamp": 1779122714, "type": "safe_tx", "device": "node-8-spammer", "metadata": {}}
{"timestamp": 1779122714, "type": "safe_tx", "device": "node-8-spammer", "metadata": {}}
{"timestamp": 1779122715, "type": "overflow", "device": "node-13-mixed", "metadata": {"count": 3, "window_sec": 30}}
{"timestamp": 1779122715, "type": "safe_tx", "device": "node-2-clean", "metadata": {}}
{"timestamp": 1779122715, "type": "safe_tx", "device": "node-3-clean", "metadata": {}}
{"timestamp": 1779122715, "type": "safe_tx", "device": "node-14-mixed", "metadata": {}}
{"timestamp": 1779122715, "type": "safe_tx", "device": "node-4-clean", "metadata": {}}
{"timestamp": 1779122715, "type": "safe_tx", "device": "node-5-clean", "metadata": {}}
{"timestamp": 1779122715, "type": "safe_tx", "device": "node-8-spammer", "metadata": {}}
{"timestamp": 1779122715, "type": "safe_tx", "device": "node-8-spammer", "metadata": {}}
{"timestamp": 1779122715, "type": "safe_tx", "device": "node-1-clean", "metadata": {}}
{"timestamp": 1779122715, "type": "safe_tx", "device": "node-8-spammer", "metadata": {}}
{"timestamp": 1779122715, "type": "safe_tx", "device": "node-8-spammer", "metadata": {}}
{"timestamp": 1779122715, "type": "safe_tx", "device": "node-8-spammer", "metadata": {}}
{"timestamp": 1779122715, "type": "dos_spam", "device": "node-8-spammer", "metadata": {"count": 30, "window_sec": 5}}
{"timestamp": 1779122715, "type": "safe_tx", "device": "node-8-spammer", "metadata": {}}
{"timestamp": 1779122715, "type": "dos_spam", "device": "node-8-spammer", "metadata": {}}
{"timestamp": 1779122716, "type": "safe_tx", "device": "node-8-spammer", "metadata": {}}
{"timestamp": 1779122716, "type": "safe_tx", "device": "node-8-spammer", "metadata": {}}
{"timestamp": 1779122716, "type": "safe_tx", "device": "node-8-spammer", "metadata": {}}
{"timestamp": 1779122716, "type": "safe_tx", "device": "node-8-spammer", "metadata": {}}
{"timestamp": 1779122716, "type": "safe_tx", "device": "node-8-spammer", "metadata": {}}
{"timestamp": 1779122716, "type": "safe_tx", "device": "node-8-spammer", "metadata": {}}
{"timestamp": 1779122716, "type": "safe_tx", "device": "node-8-spammer", "metadata": {}}
{"timestamp": 1779122716, "type": "safe_tx", "device": "node-8-spammer", "metadata": {}}
{"timestamp": 1779122716, "type": "safe_tx", "device": "node-12-mixed", "metadata": {}}
{"timestamp": 1779122716, "type": "safe_tx", "device": "node-15-mixed", "metadata": {}}
{"timestamp": 1779122716, "type": "safe_tx", "device": "node-5-clean", "metadata": {}}
{"timestamp": 1779122716, "type": "time_anomaly", "device": "node-7-timespoof", "metadata": {}}
{"timestamp": 1779122716, "type": "safe_tx", "device": "node-8-spammer", "metadata": {}}
{"timestamp": 1779122716, "type": "safe_tx", "device": "node-8-spammer", "metadata": {}}
{"timestamp": 1779122716, "type": "safe_tx", "device": "node-8-spammer", "metadata": {}}
{"timestamp": 1779122716, "type": "safe_tx", "device": "node-8-spammer", "metadata": {}}
{"timestamp": 1779122716, "type": "safe_tx", "device": "node-8-spammer", "metadata": {}}
{"timestamp": 1779122717, "type": "safe_tx", "device": "node-8-spammer", "metadata": {}}
{"timestamp": 1779122717, "type": "safe_tx", "device": "node-8-spammer", "metadata": {}}
{"timestamp": 1779122717, "type": "dos_spam", "device": "node-8-spammer", "metadata": {}}
{"timestamp": 1779122717, "type": "safe_tx", "device": "node-8-spammer", "metadata": {}}
{"timestamp": 1779122717, "type": "safe_tx", "device": "node-2-clean", "metadata": {}}
{"timestamp": 1779122717, "type": "safe_tx", "device": "node-8-spammer", "metadata": {}}
{"timestamp": 1779122717, "type": "safe_tx", "device": "node-8-spammer", "metadata": {}}
{"timestamp": 1779122717, "type": "safe_tx", "device": "node-8-spammer", "metadata": {}}
{"timestamp": 1779122717, "type": "safe_tx", "device": "node-9-stealth", "metadata": {}}
{"timestamp": 1779122717, "type": "safe_tx", "device": "node-5-clean", "metadata": {}}
{"timestamp": 1779122717, "type": "safe_tx", "device": "node-10-fuzzer", "metadata": {}}
{"timestamp": 1779122717, "type": "safe_tx", "device": "node-4-clean", "metadata": {}}
{"timestamp": 1779122717, "type": "safe_tx", "device": "node-5-clean", "metadata": {}}
{"timestamp": 1779122718, "type": "safe_tx", "device": "node-10-fuzzer", "metadata": {}}
{"timestamp": 1779122718, "type": "safe_tx", "device": "node-8-spammer", "metadata": {}}
{"timestamp": 1779122718, "type": "safe_tx", "device": "node-8-spammer", "metadata": {}}
{"timestamp": 1779122718, "type": "safe_tx", "device": "node-3-clean", "metadata": {}}
{"timestamp": 1779122718, "type": "safe_tx", "device": "node-14-mixed", "metadata": {}}
{"timestamp": 1779122718, "type": "safe_tx", "device": "node-1-clean", "metadata": {}}
{"timestamp": 1779122719, "type": "time_anomaly", "device": "node-7-timespoof", "metadata": {}}
{"timestamp": 1779122719, "type": "safe_tx", "device": "node-12-mixed", "metadata": {}}
{"timestamp": 1779122719, "type": "safe_tx", "device": "node-5-clean", "metadata": {}}
{"timestamp": 1779122719, "type": "safe_tx", "device": "node-4-clean", "metadata": {}}
{"timestamp": 1779122719, "type": "safe_tx", "device": "node-8-spammer", "metadata": {}}
{"timestamp": 1779122719, "type": "safe_tx", "device": "node-8-spammer", "metadata": {}}
{"timestamp": 1779122719, "type": "safe_tx", "device": "node-9-stealth", "metadata": {}}
{"timestamp": 1779122719, "type": "safe_tx", "device": "node-4-clean", "metadata": {}}
{"timestamp": 1779122719, "type": "safe_tx", "device": "node-2-clean", "metadata": {}}
{"timestamp": 1779122719, "type": "safe_tx", "device": "node-3-clean", "metadata": {}}
{"timestamp": 1779122719, "type": "safe_tx", "device": "node-12-mixed", "metadata": {}}
{"timestamp": 1779122720, "type": "safe_tx", "device": "node-5-clean", "metadata": {}}
{"timestamp": 1779122720, "type": "safe_tx", "device": "node-13-mixed", "metadata": {}}
{"timestamp": 1779122720, "type": "safe_tx", "device": "node-4-clean", "metadata": {}}
{"timestamp": 1779122720, "type": "safe_tx", "device": "node-12-mixed", "metadata": {}}
{"timestamp": 1779122720, "type": "safe_tx", "device": "node-10-fuzzer", "metadata": {}}
{"timestamp": 1779122720, "type": "safe_tx", "device": "node-8-spammer", "metadata": {}}
{"timestamp": 1779122720, "type": "safe_tx", "device": "node-4-clean", "metadata": {}}
{"timestamp": 1779122721, "type": "time_anomaly", "device": "node-7-timespoof", "metadata": {}}
{"timestamp": 1779122721, "type": "overflow", "device": "node-12-mixed", "metadata": {"count": 3, "window_sec": 30}}
{"timestamp": 1779122721, "type": "safe_tx", "device": "node-15-mixed", "metadata": {}}
{"timestamp": 1779122721, "type": "safe_tx", "device": "node-1-clean", "metadata": {}}
{"timestamp": 1779122721, "type": "safe_tx", "device": "node-8-spammer", "metadata": {}}
{"timestamp": 1779122721, "type": "safe_tx", "device": "node-3-clean", "metadata": {}}
{"timestamp": 1779122721, "type": "safe_tx", "device": "node-8-spammer", "metadata": {}}
{"timestamp": 1779122721, "type": "safe_tx", "device": "node-8-spammer", "metadata": {}}
{"timestamp": 1779122722, "type": "safe_tx", "device": "node-9-stealth", "metadata": {}}
{"timestamp": 1779122722, "type": "safe_tx", "device": "node-5-clean", "metadata": {}}
{"timestamp": 1779122722, "type": "safe_tx", "device": "node-10-fuzzer", "metadata": {}}
{"timestamp": 1779122722, "type": "safe_tx", "device": "node-2-clean", "metadata": {}}
{"timestamp": 1779122722, "type": "overflow", "device": "node-6-overflow", "metadata": {"count": 3, "window_sec": 30}}
{"timestamp": 1779122723, "type": "safe_tx", "device": "node-11-pulsing", "metadata": {}}
{"timestamp": 1779122723, "type": "safe_tx", "device": "node-11-pulsing", "metadata": {}}
{"timestamp": 1779122723, "type": "safe_tx", "device": "node-8-spammer", "metadata": {}}
{"timestamp": 1779122723, "type": "safe_tx", "device": "node-8-spammer", "metadata": {}}
{"timestamp": 1779122723, "type": "safe_tx", "device": "node-11-pulsing", "metadata": {}}
{"timestamp": 1779122723, "type": "safe_tx", "device": "node-11-pulsing", "metadata": {}}
{"timestamp": 1779122723, "type": "safe_tx", "device": "node-11-pulsing", "metadata": {}}
{"timestamp": 1779122723, "type": "safe_tx", "device": "node-11-pulsing", "metadata": {}}
{"timestamp": 1779122723, "type": "safe_tx", "device": "node-11-pulsing", "metadata": {}}
{"timestamp": 1779122723, "type": "safe_tx", "device": "node-11-pulsing", "metadata": {}}
{"timestamp": 1779122723, "type": "safe_tx", "device": "node-13-mixed", "metadata": {}}
{"timestamp": 1779122723, "type": "safe_tx", "device": "node-11-pulsing", "metadata": {}}
{"timestamp": 1779122723, "type": "safe_tx", "device": "node-11-pulsing", "metadata": {}}
{"timestamp": 1779122723, "type": "time_anomaly", "device": "node-12-mixed", "metadata": {}}
{"timestamp": 1779122723, "type": "safe_tx", "device": "node-11-pulsing", "metadata": {}}
{"timestamp": 1779122723, "type": "safe_tx", "device": "node-11-pulsing", "metadata": {}}
{"timestamp": 1779122723, "type": "safe_tx", "device": "node-11-pulsing", "metadata": {}}
{"timestamp": 1779122723, "type": "safe_tx", "device": "node-11-pulsing", "metadata": {}}
{"timestamp": 1779122723, "type": "safe_tx", "device": "node-8-spammer", "metadata": {}}
{"timestamp": 1779122723, "type": "safe_tx", "device": "node-10-fuzzer", "metadata": {}}
{"timestamp": 1779122723, "type": "safe_tx", "device": "node-11-pulsing", "metadata": {}}
{"timestamp": 1779122723, "type": "dos_spam", "device": "node-11-pulsing", "metadata": {}}
{"timestamp": 1779122723, "type": "safe_tx", "device": "node-8-spammer", "metadata": {}}
{"timestamp": 1779122723, "type": "safe_tx", "device": "node-8-spammer", "metadata": {}}
{"timestamp": 1779122723, "type": "safe_tx", "device": "node-11-pulsing", "metadata": {}}
{"timestamp": 1779122724, "type": "safe_tx", "device": "node-8-spammer", "metadata": {}}
{"timestamp": 1779122724, "type": "safe_tx", "device": "node-11-pulsing", "metadata": {}}
{"timestamp": 1779122724, "type": "safe_tx", "device": "node-8-spammer", "metadata": {}}
{"timestamp": 1779122724, "type": "safe_tx", "device": "node-8-spammer", "metadata": {}}
{"timestamp": 1779122724, "type": "safe_tx", "device": "node-11-pulsing", "metadata": {}}
{"timestamp": 1779122724, "type": "safe_tx", "device": "node-8-spammer", "metadata": {}}
{"timestamp": 1779122724, "type": "safe_tx", "device": "node-11-pulsing", "metadata": {}}
{"timestamp": 1779122724, "type": "safe_tx", "device": "node-8-spammer", "metadata": {}}
{"timestamp": 1779122724, "type": "safe_tx", "device": "node-8-spammer", "metadata": {}}
{"timestamp": 1779122724, "type": "safe_tx", "device": "node-11-pulsing", "metadata": {}}
{"timestamp": 1779122724, "type": "safe_tx", "device": "node-8-spammer", "metadata": {}}
{"timestamp": 1779122724, "type": "safe_tx", "device": "node-8-spammer", "metadata": {}}
{"timestamp": 1779122724, "type": "safe_tx", "device": "node-8-spammer", "metadata": {}}
{"timestamp": 1779122724, "type": "safe_tx", "device": "node-8-spammer", "metadata": {}}
{"timestamp": 1779122724, "type": "dos_spam", "device": "node-8-spammer", "metadata": {}}
{"timestamp": 1779122724, "type": "safe_tx", "device": "node-8-spammer", "metadata": {}}
{"timestamp": 1779122724, "type": "safe_tx", "device": "node-12-mixed", "metadata": {}}
{"timestamp": 1779122724, "type": "safe_tx", "device": "node-8-spammer", "metadata": {}}
{"timestamp": 1779122724, "type": "time_anomaly", "device": "node-7-timespoof", "metadata": {}}
{"timestamp": 1779122724, "type": "safe_tx", "device": "node-1-clean", "metadata": {}}
{"timestamp": 1779122724, "type": "safe_tx", "device": "node-3-clean", "metadata": {}}
{"timestamp": 1779122725, "type": "safe_tx", "device": "node-13-mixed", "metadata": {}}
{"timestamp": 1779122725, "type": "safe_tx", "device": "node-4-clean", "metadata": {}}
{"timestamp": 1779122725, "type": "safe_tx", "device": "node-2-clean", "metadata": {}}
{"timestamp": 1779122725, "type": "safe_tx", "device": "node-8-spammer", "metadata": {}}
{"timestamp": 1779122725, "type": "fuzzing", "device": "node-10-fuzzer", "metadata": {}}
{"timestamp": 1779122725, "type": "safe_tx", "device": "node-8-spammer", "metadata": {}}
{"timestamp": 1779122725, "type": "safe_tx", "device": "node-8-spammer", "metadata": {}}
{"timestamp": 1779122725, "type": "safe_tx", "device": "node-8-spammer", "metadata": {}}
{"timestamp": 1779122725, "type": "safe_tx", "device": "node-8-spammer", "metadata": {}}
{"timestamp": 1779122725, "type": "safe_tx", "device": "node-14-mixed", "metadata": {}}
{"timestamp": 1779122726, "type": "safe_tx", "device": "node-1-clean", "metadata": {}}
{"timestamp": 1779122726, "type": "safe_tx", "device": "node-5-clean", "metadata": {}}
{"timestamp": 1779122726, "type": "safe_tx", "device": "node-9-stealth", "metadata": {}}
{"timestamp": 1779122726, "type": "safe_tx", "device": "node-5-clean", "metadata": {}}
{"timestamp": 1779122726, "type": "safe_tx", "device": "node-8-spammer", "metadata": {}}
{"timestamp": 1779122726, "type": "safe_tx", "device": "node-8-spammer", "metadata": {}}
{"timestamp": 1779122726, "type": "safe_tx", "device": "node-8-spammer", "metadata": {}}
{"timestamp": 1779122726, "type": "safe_tx", "device": "node-8-spammer", "metadata": {}}
{"timestamp": 1779122726, "type": "safe_tx", "device": "node-8-spammer", "metadata": {}}
{"timestamp": 1779122726, "type": "dos_spam", "device": "node-8-spammer", "metadata": {"count": 30, "window_sec": 5}}
{"timestamp": 1779122726, "type": "safe_tx", "device": "node-8-spammer", "metadata": {}}
{"timestamp": 1779122726, "type": "safe_tx", "device": "node-8-spammer", "metadata": {}}
{"timestamp": 1779122726, "type": "safe_tx", "device": "node-8-spammer", "metadata": {}}
{"timestamp": 1779122726, "type": "dos_spam", "device": "node-8-spammer", "metadata": {}}
{"timestamp": 1779122726, "type": "safe_tx", "device": "node-8-spammer", "metadata": {}}
{"timestamp": 1779122726, "type": "safe_tx", "device": "node-8-spammer", "metadata": {}}
{"timestamp": 1779122727, "type": "safe_tx", "device": "node-8-spammer", "metadata": {}}
{"timestamp": 1779122727, "type": "safe_tx", "device": "node-8-spammer", "metadata": {}}
{"timestamp": 1779122727, "type": "safe_tx", "device": "node-8-spammer", "metadata": {}}
{"timestamp": 1779122727, "type": "safe_tx", "device": "node-8-spammer", "metadata": {}}
{"timestamp": 1779122727, "type": "safe_tx", "device": "node-8-spammer", "metadata": {}}
{"timestamp": 1779122727, "type": "safe_tx", "device": "node-8-spammer", "metadata": {}}
{"timestamp": 1779122727, "type": "safe_tx", "device": "node-8-spammer", "metadata": {}}
{"timestamp": 1779122727, "type": "safe_tx", "device": "node-1-clean", "metadata": {}}
{"timestamp": 1779122727, "type": "fuzzing", "device": "node-10-fuzzer", "metadata": {}}
{"timestamp": 1779122727, "type": "safe_tx", "device": "node-1-clean", "metadata": {}}
{"timestamp": 1779122727, "type": "safe_tx", "device": "node-3-clean", "metadata": {}}
{"timestamp": 1779122728, "type": "safe_tx", "device": "node-14-mixed", "metadata": {}}
{"timestamp": 1779122728, "type": "safe_tx", "device": "node-3-clean", "metadata": {}}
{"timestamp": 1779122729, "type": "safe_tx", "device": "node-14-mixed", "metadata": {}}
{"timestamp": 1779122729, "type": "safe_tx", "device": "node-4-clean", "metadata": {}}
{"timestamp": 1779122729, "type": "safe_tx", "device": "node-2-clean", "metadata": {}}
{"timestamp": 1779122729, "type": "safe_tx", "device": "node-14-mixed", "metadata": {}}
{"timestamp": 1779122729, "type": "time_anomaly", "device": "node-12-mixed", "metadata": {}}
{"timestamp": 1779122729, "type": "safe_tx", "device": "node-2-clean", "metadata": {}}
{"timestamp": 1779122729, "type": "safe_tx", "device": "node-1-clean", "metadata": {}}
{"timestamp": 1779122729, "type": "fuzzing", "device": "node-10-fuzzer", "metadata": {}}
{"timestamp": 1779122729, "type": "safe_tx", "device": "node-8-spammer", "metadata": {}}
{"timestamp": 1779122729, "type": "safe_tx", "device": "node-8-spammer", "metadata": {}}
{"timestamp": 1779122729, "type": "safe_tx", "device": "node-8-spammer", "metadata": {}}
{"timestamp": 1779122730, "type": "safe_tx", "device": "node-8-spammer", "metadata": {}}
{"timestamp": 1779122730, "type": "safe_tx", "device": "node-2-clean", "metadata": {}}
{"timestamp": 1779122730, "type": "safe_tx", "device": "node-3-clean", "metadata": {}}
{"timestamp": 1779122730, "type": "time_anomaly", "device": "node-7-timespoof", "metadata": {}}
{"timestamp": 1779122730, "type": "time_anomaly", "device": "node-15-mixed", "metadata": {}}
{"timestamp": 1779122730, "type": "safe_tx", "device": "node-9-stealth", "metadata": {}}
{"timestamp": 1779122730, "type": "safe_tx", "device": "node-13-mixed", "metadata": {}}
{"timestamp": 1779122730, "type": "safe_tx", "device": "node-8-spammer", "metadata": {}}
{"timestamp": 1779122730, "type": "safe_tx", "device": "node-6-overflow", "metadata": {}}
{"timestamp": 1779122731, "type": "safe_tx", "device": "node-8-spammer", "metadata": {}}
{"timestamp": 1779122731, "type": "safe_tx", "device": "node-8-spammer", "metadata": {}}
{"timestamp": 1779122731, "type": "safe_tx", "device": "node-8-spammer", "metadata": {}}
{"timestamp": 1779122731, "type": "safe_tx", "device": "node-8-spammer", "metadata": {}}
{"timestamp": 1779122731, "type": "safe_tx", "device": "node-8-spammer", "metadata": {}}
{"timestamp": 1779122731, "type": "safe_tx", "device": "node-8-spammer", "metadata": {}}
{"timestamp": 1779122731, "type": "overflow", "device": "node-13-mixed", "metadata": {"count": 3, "window_sec": 30}}
{"timestamp": 1779122731, "type": "safe_tx", "device": "node-8-spammer", "metadata": {}}
{"timestamp": 1779122731, "type": "safe_tx", "device": "node-5-clean", "metadata": {}}
{"timestamp": 1779122731, "type": "safe_tx", "device": "node-14-mixed", "metadata": {}}
{"timestamp": 1779122731, "type": "safe_tx", "device": "node-4-clean", "metadata": {}}
{"timestamp": 1779122732, "type": "safe_tx", "device": "node-3-clean", "metadata": {}}
{"timestamp": 1779122732, "type": "safe_tx", "device": "node-8-spammer", "metadata": {}}
{"timestamp": 1779122732, "type": "safe_tx", "device": "node-8-spammer", "metadata": {}}
{"timestamp": 1779122732, "type": "overflow", "device": "node-12-mixed", "metadata": {"count": 3, "window_sec": 30}}
{"timestamp": 1779122732, "type": "safe_tx", "device": "node-15-mixed", "metadata": {}}
{"timestamp": 1779122732, "type": "safe_tx", "device": "node-3-clean", "metadata": {}}
{"timestamp": 1779122732, "type": "safe_tx", "device": "node-9-stealth", "metadata": {}}
{"timestamp": 1779122732, "type": "time_anomaly", "device": "node-7-timespoof", "metadata": {}}
{"timestamp": 1779122732, "type": "fuzzing", "device": "node-10-fuzzer", "metadata": {}}
{"timestamp": 1779122732, "type": "safe_tx", "device": "node-2-clean", "metadata": {}}
{"timestamp": 1779122733, "type": "safe_tx", "device": "node-8-spammer", "metadata": {}}
{"timestamp": 1779122733, "type": "safe_tx", "device": "node-8-spammer", "metadata": {}}
{"timestamp": 1779122733, "type": "safe_tx", "device": "node-1-clean", "metadata": {}}
{"timestamp": 1779122733, "type": "safe_tx", "device": "node-8-spammer", "metadata": {}}
{"timestamp": 1779122733, "type": "safe_tx", "device": "node-8-spammer", "metadata": {}}
{"timestamp": 1779122733, "type": "safe_tx", "device": "node-8-spammer", "metadata": {}}
{"timestamp": 1779122733, "type": "safe_tx", "device": "node-8-spammer", "metadata": {}}
{"timestamp": 1779122733, "type": "dos_spam", "device": "node-8-spammer", "metadata": {}}
{"timestamp": 1779122733, "type": "safe_tx", "device": "node-8-spammer", "metadata": {}}
{"timestamp": 1779122733, "type": "safe_tx", "device": "node-8-spammer", "metadata": {}}
{"timestamp": 1779122733, "type": "safe_tx", "device": "node-8-spammer", "metadata": {}}
{"timestamp": 1779122733, "type": "safe_tx", "device": "node-8-spammer", "metadata": {}}
{"timestamp": 1779122733, "type": "safe_tx", "device": "node-8-spammer", "metadata": {}}
{"timestamp": 1779122733, "type": "safe_tx", "device": "node-8-spammer", "metadata": {}}
{"timestamp": 1779122733, "type": "fuzzing", "device": "node-10-fuzzer", "metadata": {}}
{"timestamp": 1779122733, "type": "safe_tx", "device": "node-8-spammer", "metadata": {}}
{"timestamp": 1779122733, "type": "safe_tx", "device": "node-8-spammer", "metadata": {}}
{"timestamp": 1779122733, "type": "overflow", "device": "node-6-overflow", "metadata": {"count": 3, "window_sec": 30}}
{"timestamp": 1779122735, "type": "time_anomaly", "device": "node-13-mixed", "metadata": {}}
{"timestamp": 1779122734, "type": "overflow", "device": "node-9-stealth", "metadata": {"count": 3, "window_sec": 30}}
{"timestamp": 1779122734, "type": "safe_tx", "device": "node-12-mixed", "metadata": {}}
{"timestamp": 1779122734, "type": "safe_tx", "device": "node-4-clean", "metadata": {}}
{"timestamp": 1779122734, "type": "safe_tx", "device": "node-1-clean", "metadata": {}}
{"timestamp": 1779122734, "type": "safe_tx", "device": "node-5-clean", "metadata": {}}
{"timestamp": 1779122734, "type": "safe_tx", "device": "node-8-spammer", "metadata": {}}
{"timestamp": 1779122734, "type": "safe_tx", "device": "node-8-spammer", "metadata": {}}
{"timestamp": 1779122734, "type": "dos_spam", "device": "node-8-spammer", "metadata": {"count": 30, "window_sec": 5}}
{"timestamp": 1779122734, "type": "safe_tx", "device": "node-2-clean", "metadata": {}}
{"timestamp": 1779122736, "type": "time_anomaly", "device": "node-14-mixed", "metadata": {}}
{"timestamp": 1779122735, "type": "overflow", "device": "node-10-fuzzer", "metadata": {"count": 3, "window_sec": 30}}
{"timestamp": 1779122735, "type": "safe_tx", "device": "node-4-clean", "metadata": {}}
{"timestamp": 1779122735, "type": "safe_tx", "device": "node-15-mixed", "metadata": {}}
{"timestamp": 1779122735, "type": "safe_tx", "device": "node-3-clean", "metadata": {}}
{"timestamp": 1779122736, "type": "safe_tx", "device": "node-8-spammer", "metadata": {}}
{"timestamp": 1779122736, "type": "safe_tx", "device": "node-8-spammer", "metadata": {}}
{"timestamp": 1779122736, "type": "safe_tx", "device": "node-1-clean", "metadata": {}}
{"timestamp": 1779122736, "type": "safe_tx", "device": "node-9-stealth", "metadata": {}}
{"timestamp": 1779122736, "type": "fuzzing", "device": "node-10-fuzzer", "metadata": {}}
{"timestamp": 1779122736, "type": "safe_tx", "device": "node-5-clean", "metadata": {}}
{"timestamp": 1779122737, "type": "time_anomaly", "device": "node-7-timespoof", "metadata": {}}
{"timestamp": 1779122736, "type": "safe_tx", "device": "node-14-mixed", "metadata": {}}
{"timestamp": 1779122737, "type": "safe_tx", "device": "node-9-stealth", "metadata": {}}
{"timestamp": 1779122737, "type": "overflow", "device": "node-15-mixed", "metadata": {"count": 3, "window_sec": 30}}
{"timestamp": 1779122737, "type": "safe_tx", "device": "node-13-mixed", "metadata": {}}
{"timestamp": 1779122737, "type": "safe_tx", "device": "node-2-clean", "metadata": {}}
{"timestamp": 1779122737, "type": "safe_tx", "device": "node-14-mixed", "metadata": {}}
{"timestamp": 1779122737, "type": "safe_tx", "device": "node-8-spammer", "metadata": {}}
{"timestamp": 1779122737, "type": "safe_tx", "device": "node-8-spammer", "metadata": {}}
{"timestamp": 1779122737, "type": "safe_tx", "device": "node-8-spammer", "metadata": {}}
{"timestamp": 1779122737, "type": "safe_tx", "device": "node-1-clean", "metadata": {}}
{"timestamp": 1779122737, "type": "safe_tx", "device": "node-8-spammer", "metadata": {}}
{"timestamp": 1779122737, "type": "safe_tx", "device": "node-8-spammer", "metadata": {}}
{"timestamp": 1779122737, "type": "safe_tx", "device": "node-8-spammer", "metadata": {}}
{"timestamp": 1779122737, "type": "safe_tx", "device": "node-8-spammer", "metadata": {}}
{"timestamp": 1779122737, "type": "safe_tx", "device": "node-8-spammer", "metadata": {}}
{"timestamp": 1779122737, "type": "safe_tx", "device": "node-5-clean", "metadata": {}}
{"timestamp": 1779122737, "type": "safe_tx", "device": "node-9-stealth", "metadata": {}}
{"timestamp": 1779122737, "type": "safe_tx", "device": "node-8-spammer", "metadata": {}}
{"timestamp": 1779122738, "type": "safe_tx", "device": "node-2-clean", "metadata": {}}
{"timestamp": 1779122738, "type": "safe_tx", "device": "node-3-clean", "metadata": {}}
{"timestamp": 1779122738, "type": "safe_tx", "device": "node-8-spammer", "metadata": {}}
{"timestamp": 1779122738, "type": "safe_tx", "device": "node-8-spammer", "metadata": {}}
{"timestamp": 1779122739, "type": "safe_tx", "device": "node-8-spammer", "metadata": {}}
{"timestamp": 1779122739, "type": "safe_tx", "device": "node-8-spammer", "metadata": {}}
{"timestamp": 1779122740, "type": "time_anomaly", "device": "node-7-timespoof", "metadata": {}}
{"timestamp": 1779122739, "type": "safe_tx", "device": "node-4-clean", "metadata": {}}
{"timestamp": 1779122739, "type": "safe_tx", "device": "node-15-mixed", "metadata": {}}
{"timestamp": 1779122739, "type": "safe_tx", "device": "node-8-spammer", "metadata": {}}
{"timestamp": 1779122739, "type": "safe_tx", "device": "node-1-clean", "metadata": {}}
{"timestamp": 1779122739, "type": "safe_tx", "device": "node-8-spammer", "metadata": {}}
{"timestamp": 1779122739, "type": "dos_spam", "device": "node-8-spammer", "metadata": {}}
{"timestamp": 1779122740, "type": "time_anomaly", "device": "node-12-mixed", "metadata": {}}
{"timestamp": 1779122740, "type": "safe_tx", "device": "node-13-mixed", "metadata": {}}
{"timestamp": 1779122740, "type": "safe_tx", "device": "node-4-clean", "metadata": {}}
{"timestamp": 1779122740, "type": "safe_tx", "device": "node-9-stealth", "metadata": {}}
{"timestamp": 1779122741, "type": "time_anomaly", "device": "node-12-mixed", "metadata": {}}
{"timestamp": 1779122740, "type": "safe_tx", "device": "node-14-mixed", "metadata": {}}
{"timestamp": 1779122740, "type": "fuzzing", "device": "node-10-fuzzer", "metadata": {}}
{"timestamp": 1779122740, "type": "safe_tx", "device": "node-5-clean", "metadata": {}}
{"timestamp": 1779122740, "type": "safe_tx", "device": "node-3-clean", "metadata": {}}
{"timestamp": 1779122741, "type": "overflow", "device": "node-10-fuzzer", "metadata": {"count": 3, "window_sec": 30}}
{"timestamp": 1779122741, "type": "safe_tx", "device": "node-8-spammer", "metadata": {}}
{"timestamp": 1779122741, "type": "safe_tx", "device": "node-8-spammer", "metadata": {}}
{"timestamp": 1779122741, "type": "safe_tx", "device": "node-8-spammer", "metadata": {}}
{"timestamp": 1779122741, "type": "safe_tx", "device": "node-2-clean", "metadata": {}}
{"timestamp": 1779122741, "type": "safe_tx", "device": "node-8-spammer", "metadata": {}}
{"timestamp": 1779122741, "type": "safe_tx", "device": "node-8-spammer", "metadata": {}}
{"timestamp": 1779122741, "type": "safe_tx", "device": "node-4-clean", "metadata": {}}
{"timestamp": 1779122741, "type": "safe_tx", "device": "node-3-clean", "metadata": {}}
{"timestamp": 1779122742, "type": "safe_tx", "device": "node-2-clean", "metadata": {}}
{"timestamp": 1779122742, "type": "safe_tx", "device": "node-8-spammer", "metadata": {}}
{"timestamp": 1779122742, "type": "safe_tx", "device": "node-8-spammer", "metadata": {}}
{"timestamp": 1779122742, "type": "safe_tx", "device": "node-8-spammer", "metadata": {}}
{"timestamp": 1779122742, "type": "safe_tx", "device": "node-3-clean", "metadata": {}}
{"timestamp": 1779122742, "type": "safe_tx", "device": "node-5-clean", "metadata": {}}
{"timestamp": 1779122742, "type": "safe_tx", "device": "node-10-fuzzer", "metadata": {}}
{"timestamp": 1779122743, "type": "safe_tx", "device": "node-9-stealth", "metadata": {}}
{"timestamp": 1779122744, "type": "time_anomaly", "device": "node-15-mixed", "metadata": {}}
{"timestamp": 1779122743, "type": "safe_tx", "device": "node-13-mixed", "metadata": {}}
{"timestamp": 1779122744, "type": "time_anomaly", "device": "node-7-timespoof", "metadata": {}}
{"timestamp": 1779122743, "type": "safe_tx", "device": "node-12-mixed", "metadata": {}}
{"timestamp": 1779122743, "type": "safe_tx", "device": "node-1-clean", "metadata": {}}
{"timestamp": 1779122744, "type": "safe_tx", "device": "node-8-spammer", "metadata": {}}
{"timestamp": 1779122744, "type": "safe_tx", "device": "node-8-spammer", "metadata": {}}
{"timestamp": 1779122744, "type": "safe_tx", "device": "node-8-spammer", "metadata": {}}
{"timestamp": 1779122744, "type": "overflow", "device": "node-6-overflow", "metadata": {"count": 3, "window_sec": 30}}
{"timestamp": 1779122744, "type": "safe_tx", "device": "node-10-fuzzer", "metadata": {}}
{"timestamp": 1779122745, "type": "time_anomaly", "device": "node-14-mixed", "metadata": {}}
{"timestamp": 1779122744, "type": "safe_tx", "device": "node-9-stealth", "metadata": {}}
{"timestamp": 1779122744, "type": "safe_tx", "device": "node-4-clean", "metadata": {}}
{"timestamp": 1779122745, "type": "safe_tx", "device": "node-15-mixed", "metadata": {}}
{"timestamp": 1779122745, "type": "safe_tx", "device": "node-4-clean", "metadata": {}}
{"timestamp": 1779122745, "type": "safe_tx", "device": "node-5-clean", "metadata": {}}
{"timestamp": 1779122745, "type": "safe_tx", "device": "node-8-spammer", "metadata": {}}
{"timestamp": 1779122745, "type": "safe_tx", "device": "node-8-spammer", "metadata": {}}
{"timestamp": 1779122745, "type": "safe_tx", "device": "node-8-spammer", "metadata": {}}
{"timestamp": 1779122745, "type": "safe_tx", "device": "node-10-fuzzer", "metadata": {}}
{"timestamp": 1779122745, "type": "safe_tx", "device": "node-2-clean", "metadata": {}}
{"timestamp": 1779122746, "type": "time_anomaly", "device": "node-13-mixed", "metadata": {}}
{"timestamp": 1779122745, "type": "safe_tx", "device": "node-9-stealth", "metadata": {}}
{"timestamp": 1779122746, "type": "safe_tx", "device": "node-14-mixed", "metadata": {}}
{"timestamp": 1779122746, "type": "safe_tx", "device": "node-3-clean", "metadata": {}}
{"timestamp": 1779122746, "type": "overflow", "device": "node-12-mixed", "metadata": {"count": 3, "window_sec": 30}}
{"timestamp": 1779122746, "type": "safe_tx", "device": "node-8-spammer", "metadata": {}}
{"timestamp": 1779122746, "type": "safe_tx", "device": "node-8-spammer", "metadata": {}}
{"timestamp": 1779122746, "type": "safe_tx", "device": "node-2-clean", "metadata": {}}
{"timestamp": 1779122746, "type": "safe_tx", "device": "node-8-spammer", "metadata": {}}
{"timestamp": 1779122746, "type": "safe_tx", "device": "node-8-spammer", "metadata": {}}
{"timestamp": 1779122746, "type": "safe_tx", "device": "node-8-spammer", "metadata": {}}
{"timestamp": 1779122746, "type": "safe_tx", "device": "node-5-clean", "metadata": {}}
{"timestamp": 1779122746, "type": "safe_tx", "device": "node-9-stealth", "metadata": {}}
{"timestamp": 1779122747, "type": "safe_tx", "device": "node-10-fuzzer", "metadata": {}}
{"timestamp": 1779122747, "type": "safe_tx", "device": "node-1-clean", "metadata": {}}
{"timestamp": 1779122747, "type": "safe_tx", "device": "node-12-mixed", "metadata": {}}
{"timestamp": 1779122747, "type": "safe_tx", "device": "node-8-spammer", "metadata": {}}
{"timestamp": 1779122747, "type": "safe_tx", "device": "node-8-spammer", "metadata": {}}
{"timestamp": 1779122747, "type": "safe_tx", "device": "node-8-spammer", "metadata": {}}
{"timestamp": 1779122747, "type": "safe_tx", "device": "node-8-spammer", "metadata": {}}
{"timestamp": 1779122747, "type": "safe_tx", "device": "node-8-spammer", "metadata": {}}
{"timestamp": 1779122747, "type": "safe_tx", "device": "node-8-spammer", "metadata": {}}
{"timestamp": 1779122748, "type": "safe_tx", "device": "node-8-spammer", "metadata": {}}
{"timestamp": 1779122748, "type": "safe_tx", "device": "node-8-spammer", "metadata": {}}
{"timestamp": 1779122748, "type": "safe_tx", "device": "node-8-spammer", "metadata": {}}
{"timestamp": 1779122748, "type": "safe_tx", "device": "node-8-spammer", "metadata": {}}
{"timestamp": 1779122748, "type": "dos_spam", "device": "node-8-spammer", "metadata": {}}
{"timestamp": 1779122748, "type": "safe_tx", "device": "node-13-mixed", "metadata": {}}
{"timestamp": 1779122748, "type": "safe_tx", "device": "node-11-pulsing", "metadata": {}}
{"timestamp": 1779122748, "type": "safe_tx", "device": "node-12-mixed", "metadata": {}}
{"timestamp": 1779122748, "type": "safe_tx", "device": "node-11-pulsing", "metadata": {}}
{"timestamp": 1779122748, "type": "safe_tx", "device": "node-11-pulsing", "metadata": {}}
{"timestamp": 1779122748, "type": "safe_tx", "device": "node-11-pulsing", "metadata": {}}
{"timestamp": 1779122748, "type": "safe_tx", "device": "node-11-pulsing", "metadata": {}}
{"timestamp": 1779122748, "type": "safe_tx", "device": "node-11-pulsing", "metadata": {}}
{"timestamp": 1779122748, "type": "safe_tx", "device": "node-11-pulsing", "metadata": {}}
{"timestamp": 1779122748, "type": "safe_tx", "device": "node-11-pulsing", "metadata": {}}
{"timestamp": 1779122748, "type": "safe_tx", "device": "node-11-pulsing", "metadata": {}}
{"timestamp": 1779122749, "type": "time_anomaly", "device": "node-7-timespoof", "metadata": {}}
{"timestamp": 1779122748, "type": "safe_tx", "device": "node-11-pulsing", "metadata": {}}
{"timestamp": 1779122748, "type": "safe_tx", "device": "node-11-pulsing", "metadata": {}}
{"timestamp": 1779122748, "type": "safe_tx", "device": "node-11-pulsing", "metadata": {}}
{"timestamp": 1779122748, "type": "safe_tx", "device": "node-14-mixed", "metadata": {}}
{"timestamp": 1779122749, "type": "safe_tx", "device": "node-11-pulsing", "metadata": {}}
{"timestamp": 1779122749, "type": "safe_tx", "device": "node-11-pulsing", "metadata": {}}
{"timestamp": 1779122749, "type": "safe_tx", "device": "node-11-pulsing", "metadata": {}}
{"timestamp": 1779122749, "type": "dos_spam", "device": "node-11-pulsing", "metadata": {}}
{"timestamp": 1779122749, "type": "safe_tx", "device": "node-3-clean", "metadata": {}}
{"timestamp": 1779122749, "type": "fuzzing", "device": "node-10-fuzzer", "metadata": {}}
{"timestamp": 1779122749, "type": "safe_tx", "device": "node-11-pulsing", "metadata": {}}
{"timestamp": 1779122749, "type": "safe_tx", "device": "node-11-pulsing", "metadata": {}}
{"timestamp": 1779122749, "type": "safe_tx", "device": "node-8-spammer", "metadata": {}}
{"timestamp": 1779122749, "type": "safe_tx", "device": "node-11-pulsing", "metadata": {}}
{"timestamp": 1779122749, "type": "safe_tx", "device": "node-8-spammer", "metadata": {}}
{"timestamp": 1779122749, "type": "safe_tx", "device": "node-8-spammer", "metadata": {}}
{"timestamp": 1779122749, "type": "safe_tx", "device": "node-11-pulsing", "metadata": {}}
{"timestamp": 1779122749, "type": "safe_tx", "device": "node-8-spammer", "metadata": {}}
{"timestamp": 1779122749, "type": "safe_tx", "device": "node-8-spammer", "metadata": {}}
{"timestamp": 1779122749, "type": "safe_tx", "device": "node-11-pulsing", "metadata": {}}
{"timestamp": 1779122749, "type": "safe_tx", "device": "node-8-spammer", "metadata": {}}
{"timestamp": 1779122749, "type": "safe_tx", "device": "node-8-spammer", "metadata": {}}
{"timestamp": 1779122749, "type": "safe_tx", "device": "node-9-stealth", "metadata": {}}
{"timestamp": 1779122749, "type": "safe_tx", "device": "node-2-clean", "metadata": {}}
{"timestamp": 1779122749, "type": "safe_tx", "device": "node-5-clean", "metadata": {}}
{"timestamp": 1779122749, "type": "safe_tx", "device": "node-10-fuzzer", "metadata": {}}
{"timestamp": 1779122750, "type": "safe_tx", "device": "node-1-clean", "metadata": {}}
{"timestamp": 1779122750, "type": "safe_tx", "device": "node-4-clean", "metadata": {}}
{"timestamp": 1779122750, "type": "safe_tx", "device": "node-5-clean", "metadata": {}}
{"timestamp": 1779122750, "type": "fuzzing", "device": "node-10-fuzzer", "metadata": {}}
{"timestamp": 1779122750, "type": "overflow", "device": "node-14-mixed", "metadata": {"count": 3, "window_sec": 30}}
{"timestamp": 1779122750, "type": "safe_tx", "device": "node-8-spammer", "metadata": {}}
{"timestamp": 1779122750, "type": "safe_tx", "device": "node-8-spammer", "metadata": {}}
{"timestamp": 1779122750, "type": "safe_tx", "device": "node-1-clean", "metadata": {}}
{"timestamp": 1779122751, "type": "safe_tx", "device": "node-8-spammer", "metadata": {}}
{"timestamp": 1779122751, "type": "safe_tx", "device": "node-8-spammer", "metadata": {}}
{"timestamp": 1779122751, "type": "safe_tx", "device": "node-8-spammer", "metadata": {}}
{"timestamp": 1779122751, "type": "safe_tx", "device": "node-8-spammer", "metadata": {}}
{"timestamp": 1779122751, "type": "safe_tx", "device": "node-8-spammer", "metadata": {}}
{"timestamp": 1779122751, "type": "safe_tx", "device": "node-4-clean", "metadata": {}}
{"timestamp": 1779122751, "type": "safe_tx", "device": "node-8-spammer", "metadata": {}}
{"timestamp": 1779122751, "type": "dos_spam", "device": "node-8-spammer", "metadata": {"count": 30, "window_sec": 5}}
{"timestamp": 1779122751, "type": "dos_spam", "device": "node-8-spammer", "metadata": {}}
{"timestamp": 1779122751, "type": "safe_tx", "device": "node-15-mixed", "metadata": {}}
{"timestamp": 1779122751, "type": "safe_tx", "device": "node-12-mixed", "metadata": {}}
{"timestamp": 1779122751, "type": "safe_tx", "device": "node-13-mixed", "metadata": {}}
{"timestamp": 1779122751, "type": "safe_tx", "device": "node-3-clean", "metadata": {}}
{"timestamp": 1779122751, "type": "safe_tx", "device": "node-2-clean", "metadata": {}}
{"timestamp": 1779122751, "type": "safe_tx", "device": "node-10-fuzzer", "metadata": {}}
{"timestamp": 1779122751, "type": "safe_tx", "device": "node-4-clean", "metadata": {}}
{"timestamp": 1779122752, "type": "safe_tx", "device": "node-15-mixed", "metadata": {}}
{"timestamp": 1779122752, "type": "safe_tx", "device": "node-5-clean", "metadata": {}}
{"timestamp": 1779122752, "type": "safe_tx", "device": "node-9-stealth", "metadata": {}}
{"timestamp": 1779122752, "type": "safe_tx", "device": "node-10-fuzzer", "metadata": {}}
{"timestamp": 1779122752, "type": "safe_tx", "device": "node-5-clean", "metadata": {}}
{"timestamp": 1779122752, "type": "safe_tx", "device": "node-9-stealth", "metadata": {}}
{"timestamp": 1779122753, "type": "overflow", "device": "node-6-overflow", "metadata": {"count": 3, "window_sec": 30}}
{"timestamp": 1779122753, "type": "safe_tx", "device": "node-8-spammer", "metadata": {}}
{"timestamp": 1779122753, "type": "safe_tx", "device": "node-8-spammer", "metadata": {}}
{"timestamp": 1779122753, "type": "safe_tx", "device": "node-8-spammer", "metadata": {}}
{"timestamp": 1779122753, "type": "safe_tx", "device": "node-8-spammer", "metadata": {}}
{"timestamp": 1779122753, "type": "safe_tx", "device": "node-8-spammer", "metadata": {}}
{"timestamp": 1779122753, "type": "fuzzing", "device": "node-10-fuzzer", "metadata": {}}
{"timestamp": 1779122754, "type": "time_anomaly", "device": "node-7-timespoof", "metadata": {}}
{"timestamp": 1779122754, "type": "time_anomaly", "device": "node-13-mixed", "metadata": {}}
{"timestamp": 1779122753, "type": "safe_tx", "device": "node-5-clean", "metadata": {}}
{"timestamp": 1779122753, "type": "safe_tx", "device": "node-3-clean", "metadata": {}}
{"timestamp": 1779122754, "type": "safe_tx", "device": "node-8-spammer", "metadata": {}}
{"timestamp": 1779122754, "type": "safe_tx", "device": "node-8-spammer", "metadata": {}}
{"timestamp": 1779122754, "type": "safe_tx", "device": "node-14-mixed", "metadata": {}}
{"timestamp": 1779122754, "type": "overflow", "device": "node-15-mixed", "metadata": {"count": 3, "window_sec": 30}}
{"timestamp": 1779122755, "type": "time_anomaly", "device": "node-12-mixed", "metadata": {}}
{"timestamp": 1779122754, "type": "safe_tx", "device": "node-8-spammer", "metadata": {}}
{"timestamp": 1779122754, "type": "safe_tx", "device": "node-8-spammer", "metadata": {}}
{"timestamp": 1779122754, "type": "safe_tx", "device": "node-8-spammer", "metadata": {}}
{"timestamp": 1779122754, "type": "safe_tx", "device": "node-8-spammer", "metadata": {}}
{"timestamp": 1779122754, "type": "safe_tx", "device": "node-2-clean", "metadata": {}}
{"timestamp": 1779122754, "type": "safe_tx", "device": "node-8-spammer", "metadata": {}}
{"timestamp": 1779122754, "type": "safe_tx", "device": "node-8-spammer", "metadata": {}}
{"timestamp": 1779122754, "type": "safe_tx", "device": "node-8-spammer", "metadata": {}}
{"timestamp": 1779122754, "type": "safe_tx", "device": "node-8-spammer", "metadata": {}}
{"timestamp": 1779122754, "type": "dos_spam", "device": "node-8-spammer", "metadata": {}}
{"timestamp": 1779122754, "type": "safe_tx", "device": "node-10-fuzzer", "metadata": {}}
{"timestamp": 1779122754, "type": "safe_tx", "device": "node-8-spammer", "metadata": {}}
{"timestamp": 1779122754, "type": "safe_tx", "device": "node-8-spammer", "metadata": {}}
{"timestamp": 1779122754, "type": "safe_tx", "device": "node-8-spammer", "metadata": {}}
{"timestamp": 1779122754, "type": "safe_tx", "device": "node-8-spammer", "metadata": {}}
{"timestamp": 1779122754, "type": "safe_tx", "device": "node-14-mixed", "metadata": {}}
{"timestamp": 1779122755, "type": "safe_tx", "device": "node-4-clean", "metadata": {}}
{"timestamp": 1779122755, "type": "safe_tx", "device": "node-9-stealth", "metadata": {}}
{"timestamp": 1779122755, "type": "safe_tx", "device": "node-15-mixed", "metadata": {}}
{"timestamp": 1779122755, "type": "safe_tx", "device": "node-2-clean", "metadata": {}}
{"timestamp": 1779122755, "type": "safe_tx", "device": "node-8-spammer", "metadata": {}}
{"timestamp": 1779122755, "type": "safe_tx", "device": "node-8-spammer", "metadata": {}}
{"timestamp": 1779122755, "type": "safe_tx", "device": "node-8-spammer", "metadata": {}}
{"timestamp": 1779122755, "type": "safe_tx", "device": "node-8-spammer", "metadata": {}}
{"timestamp": 1779122755, "type": "safe_tx", "device": "node-14-mixed", "metadata": {}}
{"timestamp": 1779122755, "type": "safe_tx", "device": "node-8-spammer", "metadata": {}}
{"timestamp": 1779122755, "type": "safe_tx", "device": "node-8-spammer", "metadata": {}}
{"timestamp": 1779122755, "type": "safe_tx", "device": "node-8-spammer", "metadata": {}}
{"timestamp": 1779122755, "type": "safe_tx", "device": "node-3-clean", "metadata": {}}
{"timestamp": 1779122755, "type": "safe_tx", "device": "node-8-spammer", "metadata": {}}
{"timestamp": 1779122755, "type": "safe_tx", "device": "node-8-spammer", "metadata": {}}
{"timestamp": 1779122755, "type": "safe_tx", "device": "node-8-spammer", "metadata": {}}
{"timestamp": 1779122755, "type": "safe_tx", "device": "node-8-spammer", "metadata": {}}
{"timestamp": 1779122755, "type": "dos_spam", "device": "node-8-spammer", "metadata": {"count": 30, "window_sec": 5}}
{"timestamp": 1779122755, "type": "dos_spam", "device": "node-8-spammer", "metadata": {}}
{"timestamp": 1779122755, "type": "safe_tx", "device": "node-15-mixed", "metadata": {}}
{"timestamp": 1779122756, "type": "fuzzing", "device": "node-10-fuzzer", "metadata": {}}
{"timestamp": 1779122756, "type": "safe_tx", "device": "node-15-mixed", "metadata": {}}
{"timestamp": 1779122756, "type": "safe_tx", "device": "node-4-clean", "metadata": {}}
{"timestamp": 1779122756, "type": "safe_tx", "device": "node-14-mixed", "metadata": {}}
{"timestamp": 1779122756, "type": "safe_tx", "device": "node-4-clean", "metadata": {}}
{"timestamp": 1779122756, "type": "safe_tx", "device": "node-12-mixed", "metadata": {}}
{"timestamp": 1779122756, "type": "safe_tx", "device": "node-8-spammer", "metadata": {}}
{"timestamp": 1779122756, "type": "safe_tx", "device": "node-8-spammer", "metadata": {}}
{"timestamp": 1779122756, "type": "safe_tx", "device": "node-8-spammer", "metadata": {}}
{"timestamp": 1779122756, "type": "safe_tx", "device": "node-8-spammer", "metadata": {}}
{"timestamp": 1779122756, "type": "safe_tx", "device": "node-1-clean", "metadata": {}}
{"timestamp": 1779122756, "type": "safe_tx", "device": "node-8-spammer", "metadata": {}}
{"timestamp": 1779122756, "type": "safe_tx", "device": "node-8-spammer", "metadata": {}}
{"timestamp": 1779122757, "type": "safe_tx", "device": "node-1-clean", "metadata": {}}
{"timestamp": 1779122757, "type": "safe_tx", "device": "node-2-clean", "metadata": {}}
{"timestamp": 1779122757, "type": "safe_tx", "device": "node-5-clean", "metadata": {}}
{"timestamp": 1779122757, "type": "fuzzing", "device": "node-10-fuzzer", "metadata": {}}
{"timestamp": 1779122757, "type": "safe_tx", "device": "node-4-clean", "metadata": {}}
{"timestamp": 1779122757, "type": "safe_tx", "device": "node-4-clean", "metadata": {}}
{"timestamp": 1779122757, "type": "safe_tx", "device": "node-3-clean", "metadata": {}}
{"timestamp": 1779122758, "type": "safe_tx", "device": "node-8-spammer", "metadata": {}}
{"timestamp": 1779122758, "type": "safe_tx", "device": "node-8-spammer", "metadata": {}}
{"timestamp": 1779122758, "type": "safe_tx", "device": "node-8-spammer", "metadata": {}}
{"timestamp": 1779122758, "type": "safe_tx", "device": "node-9-stealth", "metadata": {}}
{"timestamp": 1779122759, "type": "time_anomaly", "device": "node-7-timespoof", "metadata": {}}
{"timestamp": 1779122758, "type": "safe_tx", "device": "node-13-mixed", "metadata": {}}
{"timestamp": 1779122758, "type": "safe_tx", "device": "node-10-fuzzer", "metadata": {}}
{"timestamp": 1779122758, "type": "safe_tx", "device": "node-2-clean", "metadata": {}}
{"timestamp": 1779122758, "type": "safe_tx", "device": "node-15-mixed", "metadata": {}}
{"timestamp": 1779122758, "type": "safe_tx", "device": "node-1-clean", "metadata": {}}
{"timestamp": 1779122759, "type": "safe_tx", "device": "node-9-stealth", "metadata": {}}
{"timestamp": 1779122759, "type": "safe_tx", "device": "node-2-clean", "metadata": {}}
{"timestamp": 1779122759, "type": "safe_tx", "device": "node-8-spammer", "metadata": {}}
{"timestamp": 1779122759, "type": "fuzzing", "device": "node-10-fuzzer", "metadata": {}}
{"timestamp": 1779122760, "type": "time_anomaly", "device": "node-14-mixed", "metadata": {}}
{"timestamp": 1779122759, "type": "safe_tx", "device": "node-15-mixed", "metadata": {}}
{"timestamp": 1779122759, "type": "safe_tx", "device": "node-8-spammer", "metadata": {}}
{"timestamp": 1779122760, "type": "safe_tx", "device": "node-3-clean", "metadata": {}}
{"timestamp": 1779122760, "type": "fuzzing", "device": "node-10-fuzzer", "metadata": {}}
{"timestamp": 1779122760, "type": "safe_tx", "device": "node-5-clean", "metadata": {}}
{"timestamp": 1779122760, "type": "safe_tx", "device": "node-10-fuzzer", "metadata": {}}
{"timestamp": 1779122760, "type": "safe_tx", "device": "node-8-spammer", "metadata": {}}
{"timestamp": 1779122760, "type": "safe_tx", "device": "node-2-clean", "metadata": {}}
{"timestamp": 1779122760, "type": "safe_tx", "device": "node-4-clean", "metadata": {}}
{"timestamp": 1779122761, "type": "safe_tx", "device": "node-9-stealth", "metadata": {}}
{"timestamp": 1779122761, "type": "safe_tx", "device": "node-5-clean", "metadata": {}}
{"timestamp": 1779122762, "type": "safe_tx", "device": "node-5-clean", "metadata": {}}
{"timestamp": 1779122762, "type": "safe_tx", "device": "node-9-stealth", "metadata": {}}
{"timestamp": 1779122763, "type": "time_anomaly", "device": "node-7-timespoof", "metadata": {}}
{"timestamp": 1779122762, "type": "safe_tx", "device": "node-15-mixed", "metadata": {}}
{"timestamp": 1779122762, "type": "safe_tx", "device": "node-1-clean", "metadata": {}}
{"timestamp": 1779122762, "type": "safe_tx", "device": "node-8-spammer", "metadata": {}}
{"timestamp": 1779122762, "type": "safe_tx", "device": "node-8-spammer", "metadata": {}}
{"timestamp": 1779122762, "type": "safe_tx", "device": "node-8-spammer", "metadata": {}}
{"timestamp": 1779122762, "type": "safe_tx", "device": "node-14-mixed", "metadata": {}}
{"timestamp": 1779122762, "type": "safe_tx", "device": "node-8-spammer", "metadata": {}}
{"timestamp": 1779122762, "type": "overflow", "device": "node-6-overflow", "metadata": {"count": 3, "window_sec": 30}}
{"timestamp": 1779122762, "type": "safe_tx", "device": "node-8-spammer", "metadata": {}}
{"timestamp": 1779122763, "type": "safe_tx", "device": "node-8-spammer", "metadata": {}}
{"timestamp": 1779122763, "type": "safe_tx", "device": "node-12-mixed", "metadata": {}}
{"timestamp": 1779122763, "type": "safe_tx", "device": "node-8-spammer", "metadata": {}}
{"timestamp": 1779122763, "type": "safe_tx", "device": "node-8-spammer", "metadata": {}}
{"timestamp": 1779122763, "type": "safe_tx", "device": "node-8-spammer", "metadata": {}}
{"timestamp": 1779122763, "type": "safe_tx", "device": "node-8-spammer", "metadata": {}}
{"timestamp": 1779122763, "type": "safe_tx", "device": "node-8-spammer", "metadata": {}}
{"timestamp": 1779122763, "type": "safe_tx", "device": "node-8-spammer", "metadata": {}}
{"timestamp": 1779122763, "type": "safe_tx", "device": "node-8-spammer", "metadata": {}}
{"timestamp": 1779122763, "type": "safe_tx", "device": "node-8-spammer", "metadata": {}}
{"timestamp": 1779122763, "type": "safe_tx", "device": "node-3-clean", "metadata": {}}
{"timestamp": 1779122763, "type": "safe_tx", "device": "node-10-fuzzer", "metadata": {}}
{"timestamp": 1779122763, "type": "safe_tx", "device": "node-3-clean", "metadata": {}}
{"timestamp": 1779122764, "type": "time_anomaly", "device": "node-13-mixed", "metadata": {}}
{"timestamp": 1779122764, "type": "safe_tx", "device": "node-15-mixed", "metadata": {}}
{"timestamp": 1779122764, "type": "safe_tx", "device": "node-4-clean", "metadata": {}}
{"timestamp": 1779122764, "type": "safe_tx", "device": "node-5-clean", "metadata": {}}
{"timestamp": 1779122764, "type": "safe_tx", "device": "node-10-fuzzer", "metadata": {}}
{"timestamp": 1779122765, "type": "time_anomaly", "device": "node-13-mixed", "metadata": {}}
{"timestamp": 1779122764, "type": "safe_tx", "device": "node-8-spammer", "metadata": {}}
{"timestamp": 1779122764, "type": "dos_spam", "device": "node-8-spammer", "metadata": {}}
{"timestamp": 1779122764, "type": "safe_tx", "device": "node-8-spammer", "metadata": {}}
{"timestamp": 1779122764, "type": "safe_tx", "device": "node-5-clean", "metadata": {}}
{"timestamp": 1779122764, "type": "safe_tx", "device": "node-1-clean", "metadata": {}}
{"timestamp": 1779122765, "type": "time_anomaly", "device": "node-12-mixed", "metadata": {}}
{"timestamp": 1779122764, "type": "safe_tx", "device": "node-2-clean", "metadata": {}}
{"timestamp": 1779122765, "type": "time_anomaly", "device": "node-7-timespoof", "metadata": {}}
{"timestamp": 1779122765, "type": "safe_tx", "device": "node-14-mixed", "metadata": {}}
{"timestamp": 1779122765, "type": "safe_tx", "device": "node-8-spammer", "metadata": {}}
{"timestamp": 1779122765, "type": "safe_tx", "device": "node-8-spammer", "metadata": {}}
{"timestamp": 1779122765, "type": "safe_tx", "device": "node-8-spammer", "metadata": {}}
{"timestamp": 1779122765, "type": "safe_tx", "device": "node-8-spammer", "metadata": {}}
{"timestamp": 1779122765, "type": "safe_tx", "device": "node-8-spammer", "metadata": {}}
{"timestamp": 1779122765, "type": "safe_tx", "device": "node-8-spammer", "metadata": {}}
{"timestamp": 1779122765, "type": "safe_tx", "device": "node-14-mixed", "metadata": {}}
{"timestamp": 1779122765, "type": "safe_tx", "device": "node-12-mixed", "metadata": {}}
{"timestamp": 1779122765, "type": "safe_tx", "device": "node-8-spammer", "metadata": {}}
{"timestamp": 1779122765, "type": "safe_tx", "device": "node-8-spammer", "metadata": {}}
{"timestamp": 1779122765, "type": "safe_tx", "device": "node-8-spammer", "metadata": {}}
{"timestamp": 1779122765, "type": "safe_tx", "device": "node-8-spammer", "metadata": {}}
{"timestamp": 1779122766, "type": "safe_tx", "device": "node-1-clean", "metadata": {}}
{"timestamp": 1779122766, "type": "fuzzing", "device": "node-10-fuzzer", "metadata": {}}
{"timestamp": 1779122766, "type": "safe_tx", "device": "node-15-mixed", "metadata": {}}
{"timestamp": 1779122766, "type": "safe_tx", "device": "node-3-clean", "metadata": {}}
{"timestamp": 1779122766, "type": "safe_tx", "device": "node-12-mixed", "metadata": {}}
{"timestamp": 1779122766, "type": "safe_tx", "device": "node-15-mixed", "metadata": {}}
{"timestamp": 1779122766, "type": "safe_tx", "device": "node-1-clean", "metadata": {}}
{"timestamp": 1779122766, "type": "safe_tx", "device": "node-8-spammer", "metadata": {}}
{"timestamp": 1779122766, "type": "safe_tx", "device": "node-8-spammer", "metadata": {}}
{"timestamp": 1779122767, "type": "safe_tx", "device": "node-12-mixed", "metadata": {}}
{"timestamp": 1779122767, "type": "safe_tx", "device": "node-3-clean", "metadata": {}}
{"timestamp": 1779122767, "type": "overflow", "device": "node-13-mixed", "metadata": {"count": 3, "window_sec": 30}}
{"timestamp": 1779122767, "type": "safe_tx", "device": "node-9-stealth", "metadata": {}}
{"timestamp": 1779122767, "type": "safe_tx", "device": "node-13-mixed", "metadata": {}}
{"timestamp": 1779122767, "type": "safe_tx", "device": "node-8-spammer", "metadata": {}}
{"timestamp": 1779122767, "type": "safe_tx", "device": "node-8-spammer", "metadata": {}}
{"timestamp": 1779122767, "type": "dos_spam", "device": "node-8-spammer", "metadata": {"count": 30, "window_sec": 5}}
{"timestamp": 1779122767, "type": "safe_tx", "device": "node-8-spammer", "metadata": {}}
{"timestamp": 1779122767, "type": "dos_spam", "device": "node-8-spammer", "metadata": {}}
{"timestamp": 1779122767, "type": "safe_tx", "device": "node-8-spammer", "metadata": {}}
{"timestamp": 1779122767, "type": "safe_tx", "device": "node-8-spammer", "metadata": {}}
{"timestamp": 1779122767, "type": "safe_tx", "device": "node-8-spammer", "metadata": {}}
{"timestamp": 1779122767, "type": "safe_tx", "device": "node-8-spammer", "metadata": {}}
{"timestamp": 1779122767, "type": "safe_tx", "device": "node-8-spammer", "metadata": {}}
{"timestamp": 1779122767, "type": "safe_tx", "device": "node-5-clean", "metadata": {}}
{"timestamp": 1779122767, "type": "safe_tx", "device": "node-14-mixed", "metadata": {}}
{"timestamp": 1779122767, "type": "safe_tx", "device": "node-4-clean", "metadata": {}}
{"timestamp": 1779122768, "type": "safe_tx", "device": "node-2-clean", "metadata": {}}
{"timestamp": 1779122768, "type": "safe_tx", "device": "node-8-spammer", "metadata": {}}
{"timestamp": 1779122768, "type": "safe_tx", "device": "node-8-spammer", "metadata": {}}
{"timestamp": 1779122768, "type": "safe_tx", "device": "node-13-mixed", "metadata": {}}
{"timestamp": 1779122769, "type": "time_anomaly", "device": "node-15-mixed", "metadata": {}}
{"timestamp": 1779122769, "type": "safe_tx", "device": "node-4-clean", "metadata": {}}
{"timestamp": 1779122770, "type": "time_anomaly", "device": "node-7-timespoof", "metadata": {}}
{"timestamp": 1779122770, "type": "time_anomaly", "device": "node-12-mixed", "metadata": {}}
{"timestamp": 1779122769, "type": "safe_tx", "device": "node-4-clean", "metadata": {}}
{"timestamp": 1779122770, "type": "safe_tx", "device": "node-5-clean", "metadata": {}}
{"timestamp": 1779122770, "type": "fuzzing", "device": "node-10-fuzzer", "metadata": {}}
{"timestamp": 1779122770, "type": "safe_tx", "device": "node-1-clean", "metadata": {}}
{"timestamp": 1779122770, "type": "overflow", "device": "node-6-overflow", "metadata": {"count": 3, "window_sec": 30}}
{"timestamp": 1779122770, "type": "safe_tx", "device": "node-8-spammer", "metadata": {}}
{"timestamp": 1779122770, "type": "safe_tx", "device": "node-8-spammer", "metadata": {}}
{"timestamp": 1779122770, "type": "safe_tx", "device": "node-8-spammer", "metadata": {}}
{"timestamp": 1779122770, "type": "safe_tx", "device": "node-1-clean", "metadata": {}}
{"timestamp": 1779122770, "type": "safe_tx", "device": "node-8-spammer", "metadata": {}}
{"timestamp": 1779122770, "type": "safe_tx", "device": "node-8-spammer", "metadata": {}}
{"timestamp": 1779122770, "type": "safe_tx", "device": "node-13-mixed", "metadata": {}}
{"timestamp": 1779122770, "type": "safe_tx", "device": "node-3-clean", "metadata": {}}
{"timestamp": 1779122771, "type": "safe_tx", "device": "node-4-clean", "metadata": {}}
{"timestamp": 1779122771, "type": "safe_tx", "device": "node-9-stealth", "metadata": {}}
{"timestamp": 1779122772, "type": "time_anomaly", "device": "node-14-mixed", "metadata": {}}
{"timestamp": 1779122771, "type": "safe_tx", "device": "node-8-spammer", "metadata": {}}
{"timestamp": 1779122771, "type": "safe_tx", "device": "node-8-spammer", "metadata": {}}
{"timestamp": 1779122771, "type": "safe_tx", "device": "node-2-clean", "metadata": {}}
{"timestamp": 1779122771, "type": "safe_tx", "device": "node-8-spammer", "metadata": {}}
{"timestamp": 1779122771, "type": "safe_tx", "device": "node-8-spammer", "metadata": {}}
{"timestamp": 1779122771, "type": "safe_tx", "device": "node-1-clean", "metadata": {}}
{"timestamp": 1779122771, "type": "safe_tx", "device": "node-12-mixed", "metadata": {}}
{"timestamp": 1779122772, "type": "safe_tx", "device": "node-9-stealth", "metadata": {}}
{"timestamp": 1779122772, "type": "safe_tx", "device": "node-13-mixed", "metadata": {}}
{"timestamp": 1779122772, "type": "safe_tx", "device": "node-5-clean", "metadata": {}}
{"timestamp": 1779122772, "type": "safe_tx", "device": "node-8-spammer", "metadata": {}}
{"timestamp": 1779122772, "type": "safe_tx", "device": "node-8-spammer", "metadata": {}}
{"timestamp": 1779122772, "type": "safe_tx", "device": "node-8-spammer", "metadata": {}}
{"timestamp": 1779122772, "type": "safe_tx", "device": "node-5-clean", "metadata": {}}
{"timestamp": 1779122774, "type": "time_anomaly", "device": "node-7-timespoof", "metadata": {}}
{"timestamp": 1779122773, "type": "safe_tx", "device": "node-4-clean", "metadata": {}}
{"timestamp": 1779122773, "type": "safe_tx", "device": "node-14-mixed", "metadata": {}}
{"timestamp": 1779122773, "type": "safe_tx", "device": "node-9-stealth", "metadata": {}}
{"timestamp": 1779122773, "type": "safe_tx", "device": "node-2-clean", "metadata": {}}
{"timestamp": 1779122773, "type": "safe_tx", "device": "node-10-fuzzer", "metadata": {}}
{"timestamp": 1779122773, "type": "safe_tx", "device": "node-8-spammer", "metadata": {}}
{"timestamp": 1779122773, "type": "safe_tx", "device": "node-5-clean", "metadata": {}}
{"timestamp": 1779122773, "type": "safe_tx", "device": "node-8-spammer", "metadata": {}}
{"timestamp": 1779122773, "type": "safe_tx", "device": "node-2-clean", "metadata": {}}
{"timestamp": 1779122774, "type": "safe_tx", "device": "node-15-mixed", "metadata": {}}
{"timestamp": 1779122774, "type": "safe_tx", "device": "node-8-spammer", "metadata": {}}
{"timestamp": 1779122774, "type": "safe_tx", "device": "node-8-spammer", "metadata": {}}
{"timestamp": 1779122774, "type": "safe_tx", "device": "node-8-spammer", "metadata": {}}
{"timestamp": 1779122774, "type": "safe_tx", "device": "node-8-spammer", "metadata": {}}
{"timestamp": 1779122774, "type": "safe_tx", "device": "node-5-clean", "metadata": {}}
{"timestamp": 1779122774, "type": "fuzzing", "device": "node-10-fuzzer", "metadata": {}}
{"timestamp": 1779122774, "type": "safe_tx", "device": "node-11-pulsing", "metadata": {}}
{"timestamp": 1779122774, "type": "safe_tx", "device": "node-13-mixed", "metadata": {}}
{"timestamp": 1779122774, "type": "safe_tx", "device": "node-11-pulsing", "metadata": {}}
{"timestamp": 1779122774, "type": "safe_tx", "device": "node-11-pulsing", "metadata": {}}
{"timestamp": 1779122774, "type": "safe_tx", "device": "node-11-pulsing", "metadata": {}}
{"timestamp": 1779122774, "type": "safe_tx", "device": "node-3-clean", "metadata": {}}
{"timestamp": 1779122774, "type": "safe_tx", "device": "node-11-pulsing", "metadata": {}}
{"timestamp": 1779122774, "type": "safe_tx", "device": "node-4-clean", "metadata": {}}
{"timestamp": 1779122775, "type": "safe_tx", "device": "node-11-pulsing", "metadata": {}}
{"timestamp": 1779122775, "type": "safe_tx", "device": "node-12-mixed", "metadata": {}}
{"timestamp": 1779122775, "type": "safe_tx", "device": "node-11-pulsing", "metadata": {}}
{"timestamp": 1779122775, "type": "safe_tx", "device": "node-11-pulsing", "metadata": {}}
{"timestamp": 1779122775, "type": "time_anomaly", "device": "node-14-mixed", "metadata": {}}
{"timestamp": 1779122775, "type": "safe_tx", "device": "node-11-pulsing", "metadata": {}}
{"timestamp": 1779122775, "type": "safe_tx", "device": "node-11-pulsing", "metadata": {}}
{"timestamp": 1779122775, "type": "safe_tx", "device": "node-11-pulsing", "metadata": {}}
{"timestamp": 1779122775, "type": "safe_tx", "device": "node-10-fuzzer", "metadata": {}}
{"timestamp": 1779122775, "type": "safe_tx", "device": "node-11-pulsing", "metadata": {}}
{"timestamp": 1779122775, "type": "safe_tx", "device": "node-11-pulsing", "metadata": {}}
{"timestamp": 1779122775, "type": "safe_tx", "device": "node-11-pulsing", "metadata": {}}
{"timestamp": 1779122775, "type": "safe_tx", "device": "node-11-pulsing", "metadata": {}}
{"timestamp": 1779122775, "type": "dos_spam", "device": "node-11-pulsing", "metadata": {}}
{"timestamp": 1779122775, "type": "safe_tx", "device": "node-11-pulsing", "metadata": {}}
{"timestamp": 1779122775, "type": "safe_tx", "device": "node-5-clean", "metadata": {}}
{"timestamp": 1779122775, "type": "safe_tx", "device": "node-11-pulsing", "metadata": {}}
{"timestamp": 1779122775, "type": "safe_tx", "device": "node-11-pulsing", "metadata": {}}
{"timestamp": 1779122775, "type": "safe_tx", "device": "node-11-pulsing", "metadata": {}}
{"timestamp": 1779122775, "type": "safe_tx", "device": "node-11-pulsing", "metadata": {}}
{"timestamp": 1779122775, "type": "safe_tx", "device": "node-1-clean", "metadata": {}}
{"timestamp": 1779122775, "type": "safe_tx", "device": "node-8-spammer", "metadata": {}}
{"timestamp": 1779122775, "type": "safe_tx", "device": "node-8-spammer", "metadata": {}}
{"timestamp": 1779122775, "type": "safe_tx", "device": "node-8-spammer", "metadata": {}}
{"timestamp": 1779122776, "type": "time_anomaly", "device": "node-13-mixed", "metadata": {}}
{"timestamp": 1779122775, "type": "safe_tx", "device": "node-8-spammer", "metadata": {}}
{"timestamp": 1779122775, "type": "safe_tx", "device": "node-8-spammer", "metadata": {}}
{"timestamp": 1779122775, "type": "safe_tx", "device": "node-9-stealth", "metadata": {}}
{"timestamp": 1779122776, "type": "safe_tx", "device": "node-8-spammer", "metadata": {}}
{"timestamp": 1779122776, "type": "safe_tx", "device": "node-8-spammer", "metadata": {}}
{"timestamp": 1779122776, "type": "safe_tx", "device": "node-15-mixed", "metadata": {}}
{"timestamp": 1779122776, "type": "safe_tx", "device": "node-4-clean", "metadata": {}}
{"timestamp": 1779122776, "type": "safe_tx", "device": "node-1-clean", "metadata": {}}
{"timestamp": 1779122776, "type": "fuzzing", "device": "node-10-fuzzer", "metadata": {}}
{"timestamp": 1779122776, "type": "safe_tx", "device": "node-2-clean", "metadata": {}}
{"timestamp": 1779122777, "type": "safe_tx", "device": "node-15-mixed", "metadata": {}}
{"timestamp": 1779122777, "type": "safe_tx", "device": "node-12-mixed", "metadata": {}}
{"timestamp": 1779122777, "type": "safe_tx", "device": "node-9-stealth", "metadata": {}}
{"timestamp": 1779122777, "type": "safe_tx", "device": "node-5-clean", "metadata": {}}
{"timestamp": 1779122777, "type": "safe_tx", "device": "node-10-fuzzer", "metadata": {}}
{"timestamp": 1779122778, "type": "overflow", "device": "node-14-mixed", "metadata": {"count": 3, "window_sec": 30}}
{"timestamp": 1779122778, "type": "safe_tx", "device": "node-6-overflow", "metadata": {}}
{"timestamp": 1779122779, "type": "time_anomaly", "device": "node-7-timespoof", "metadata": {}}
{"timestamp": 1779122778, "type": "safe_tx", "device": "node-8-spammer", "metadata": {}}
{"timestamp": 1779122778, "type": "safe_tx", "device": "node-8-spammer", "metadata": {}}
{"timestamp": 1779122778, "type": "safe_tx", "device": "node-8-spammer", "metadata": {}}
{"timestamp": 1779122778, "type": "safe_tx", "device": "node-8-spammer", "metadata": {}}
{"timestamp": 1779122779, "type": "time_anomaly", "device": "node-14-mixed", "metadata": {}}
{"timestamp": 1779122778, "type": "safe_tx", "device": "node-2-clean", "metadata": {}}
{"timestamp": 1779122779, "type": "safe_tx", "device": "node-2-clean", "metadata": {}}
{"timestamp": 1779122779, "type": "safe_tx", "device": "node-2-clean", "metadata": {}}
{"timestamp": 1779122779, "type": "safe_tx", "device": "node-12-mixed", "metadata": {}}
{"timestamp": 1779122779, "type": "safe_tx", "device": "node-8-spammer", "metadata": {}}
{"timestamp": 1779122779, "type": "safe_tx", "device": "node-8-spammer", "metadata": {}}
{"timestamp": 1779122779, "type": "safe_tx", "device": "node-8-spammer", "metadata": {}}
{"timestamp": 1779122779, "type": "safe_tx", "device": "node-3-clean", "metadata": {}}
{"timestamp": 1779122780, "type": "safe_tx", "device": "node-3-clean", "metadata": {}}
{"timestamp": 1779122780, "type": "safe_tx", "device": "node-15-mixed", "metadata": {}}
{"timestamp": 1779122780, "type": "safe_tx", "device": "node-9-stealth", "metadata": {}}
{"timestamp": 1779122780, "type": "safe_tx", "device": "node-1-clean", "metadata": {}}
{"timestamp": 1779122780, "type": "safe_tx", "device": "node-10-fuzzer", "metadata": {}}
{"timestamp": 1779122780, "type": "safe_tx", "device": "node-4-clean", "metadata": {}}
{"timestamp": 1779122780, "type": "safe_tx", "device": "node-3-clean", "metadata": {}}
{"timestamp": 1779122781, "type": "safe_tx", "device": "node-5-clean", "metadata": {}}
{"timestamp": 1779122781, "type": "safe_tx", "device": "node-2-clean", "metadata": {}}
{"timestamp": 1779122782, "type": "time_anomaly", "device": "node-12-mixed", "metadata": {}}
{"timestamp": 1779122782, "type": "time_anomaly", "device": "node-14-mixed", "metadata": {}}
{"timestamp": 1779122782, "type": "time_anomaly", "device": "node-7-timespoof", "metadata": {}}
{"timestamp": 1779122782, "type": "safe_tx", "device": "node-8-spammer", "metadata": {}}
{"timestamp": 1779122782, "type": "safe_tx", "device": "node-8-spammer", "metadata": {}}
{"timestamp": 1779122782, "type": "safe_tx", "device": "node-8-spammer", "metadata": {}}
{"timestamp": 1779122782, "type": "safe_tx", "device": "node-8-spammer", "metadata": {}}
{"timestamp": 1779122782, "type": "safe_tx", "device": "node-10-fuzzer", "metadata": {}}
{"timestamp": 1779122782, "type": "safe_tx", "device": "node-13-mixed", "metadata": {}}
{"timestamp": 1779122782, "type": "safe_tx", "device": "node-4-clean", "metadata": {}}
{"timestamp": 1779122782, "type": "safe_tx", "device": "node-14-mixed", "metadata": {}}
{"timestamp": 1779122782, "type": "safe_tx", "device": "node-3-clean", "metadata": {}}
{"timestamp": 1779122782, "type": "safe_tx", "device": "node-13-mixed", "metadata": {}}
{"timestamp": 1779122783, "type": "safe_tx", "device": "node-8-spammer", "metadata": {}}
{"timestamp": 1779122783, "type": "safe_tx", "device": "node-8-spammer", "metadata": {}}
{"timestamp": 1779122783, "type": "safe_tx", "device": "node-8-spammer", "metadata": {}}
{"timestamp": 1779122783, "type": "safe_tx", "device": "node-8-spammer", "metadata": {}}
{"timestamp": 1779122783, "type": "safe_tx", "device": "node-8-spammer", "metadata": {}}
{"timestamp": 1779122783, "type": "safe_tx", "device": "node-8-spammer", "metadata": {}}
{"timestamp": 1779122783, "type": "overflow", "device": "node-10-fuzzer", "metadata": {"count": 3, "window_sec": 30}}
{"timestamp": 1779122783, "type": "safe_tx", "device": "node-1-clean", "metadata": {}}
{"timestamp": 1779122784, "type": "safe_tx", "device": "node-9-stealth", "metadata": {}}
{"timestamp": 1779122784, "type": "safe_tx", "device": "node-15-mixed", "metadata": {}}
{"timestamp": 1779122784, "type": "safe_tx", "device": "node-14-mixed", "metadata": {}}
{"timestamp": 1779122785, "type": "time_anomaly", "device": "node-7-timespoof", "metadata": {}}
{"timestamp": 1779122784, "type": "safe_tx", "device": "node-1-clean", "metadata": {}}
{"timestamp": 1779122784, "type": "safe_tx", "device": "node-8-spammer", "metadata": {}}
{"timestamp": 1779122784, "type": "safe_tx", "device": "node-8-spammer", "metadata": {}}
{"timestamp": 1779122784, "type": "safe_tx", "device": "node-8-spammer", "metadata": {}}
{"timestamp": 1779122784, "type": "safe_tx", "device": "node-8-spammer", "metadata": {}}
{"timestamp": 1779122784, "type": "safe_tx", "device": "node-8-spammer", "metadata": {}}
{"timestamp": 1779122784, "type": "dos_spam", "device": "node-8-spammer", "metadata": {}}
{"timestamp": 1779122784, "type": "safe_tx", "device": "node-8-spammer", "metadata": {}}
{"timestamp": 1779122784, "type": "safe_tx", "device": "node-8-spammer", "metadata": {}}
{"timestamp": 1779122784, "type": "safe_tx", "device": "node-8-spammer", "metadata": {}}
{"timestamp": 1779122784, "type": "safe_tx", "device": "node-8-spammer", "metadata": {}}
{"timestamp": 1779122784, "type": "safe_tx", "device": "node-2-clean", "metadata": {}}
{"timestamp": 1779122784, "type": "safe_tx", "device": "node-8-spammer", "metadata": {}}
{"timestamp": 1779122785, "type": "safe_tx", "device": "node-3-clean", "metadata": {}}
{"timestamp": 1779122785, "type": "safe_tx", "device": "node-6-overflow", "metadata": {}}
{"timestamp": 1779122785, "type": "safe_tx", "device": "node-4-clean", "metadata": {}}
{"timestamp": 1779122785, "type": "safe_tx", "device": "node-10-fuzzer", "metadata": {}}
{"timestamp": 1779122785, "type": "safe_tx", "device": "node-2-clean", "metadata": {}}
{"timestamp": 1779122785, "type": "safe_tx", "device": "node-9-stealth", "metadata": {}}
