{"timestamp": 1779139108, "type": "time_anomaly", "device": "node-7-timespoof", "metadata": {}}
{"timestamp": 1779139107, "type": "safe_tx", "device": "node-6-overflow", "metadata": {}}
{"timestamp": 1779139108, "type": "safe_tx", "device": "node-2-clean", "metadata": {}}
{"timestamp": 1779139108, "type": "safe_tx", "device": "node-1-clean", "metadata": {}}
{"timestamp": 1779139108, "type": "safe_tx", "device": "node-13-mixed", "metadata": {}}
{"timestamp": 1779139109, "type": "safe_tx", "device": "node-9-stealth", "metadata": {}}
{"timestamp": 1779139109, "type": "safe_tx", "device": "node-12-mixed", "metadata": {}}
{"timestamp": 1779139109, "type": "fuzzing", "device": "node-10-fuzzer", "metadata": {}}
{"timestamp": 1779139110, "type": "safe_tx", "device": "node-8-spammer", "metadata": {}}
{"timestamp": 1779139110, "type": "safe_tx", "device": "node-8-spammer", "metadata": {}}
{"timestamp": 1779139110, "type": "safe_tx", "device": "node-8-spammer", "metadata": {}}
{"timestamp": 1779139110, "type": "safe_tx", "device": "node-8-spammer", "metadata": {}}
{"timestamp": 1779139110, "type": "safe_tx", "device": "node-8-spammer", "metadata": {}}
{"timestamp": 1779139110, "type": "safe_tx", "device": "node-8-spammer", "metadata": {}}
{"timestamp": 1779139110, "type": "safe_tx", "device": "node-8-spammer", "metadata": {}}
{"timestamp": 1779139110, "type": "safe_tx", "device": "node-8-spammer", "metadata": {}}
{"timestamp": 1779139110, "type": "safe_tx", "device": "node-1-clean", "metadata": {}}
{"timestamp": 1779139110, "type": "safe_tx", "device": "node-4-clean", "metadata": {}}
{"timestamp": 1779139110, "type": "safe_tx", "device": "node-15-mixed", "metadata": {}}
{"timestamp": 1779139111, "type": "fuzzing", "device": "node-10-fuzzer", "metadata": {}}
{"timestamp": 1779139111, "type": "safe_tx", "device": "node-8-spammer", "metadata": {}}
{"timestamp": 1779139111, "type": "safe_tx", "device": "node-8-spammer", "metadata": {}}
{"timestamp": 1779139111, "type": "safe_tx", "device": "node-8-spammer", "metadata": {}}
{"timestamp": 1779139111, "type": "safe_tx", "device": "node-8-spammer", "metadata": {}}
{"timestamp": 1779139111, "type": "safe_tx", "device": "node-8-spammer", "metadata": {}}
{"timestamp": 1779139111, "type": "safe_tx", "device": "node-8-spammer", "metadata": {}}
{"timestamp": 1779139111, "type": "safe_tx", "device": "node-8-spammer", "metadata": {}}
{"timestamp": 1779139111, "type": "dos_spam", "device": "node-8-spammer", "metadata": {}}
{"timestamp": 1779139111, "type": "safe_tx", "device": "node-8-spammer", "metadata": {}}
{"timestamp": 1779139111, "type": "safe_tx", "device": "node-8-spammer", "metadata": {}}
{"timestamp": 1779139111, "type": "safe_tx", "device": "node-8-spammer", "metadata": {}}
{"timestamp": 1779139111, "type": "safe_tx", "device": "node-5-clean", "metadata": {}}
{"timestamp": 1779139111, "type": "safe_tx", "device": "node-15-mixed", "metadata": {}}
{"timestamp": 1779139112, "type": "time_anomaly", "device": "node-7-timespoof", "metadata": {}}
{"timestamp": 1779139111, "type": "safe_tx", "device": "node-3-clean", "metadata": {}}
{"timestamp": 1779139111, "type": "safe_tx", "device": "node-2-clean", "metadata": {}}
{"timestamp": 1779139112, "type": "safe_tx", "device": "node-10-fuzzer", "metadata": {}}
{"timestamp": 1779139112, "type": "safe_tx", "device": "node-9-stealth", "metadata": {}}
{"timestamp": 1779139112, "type": "safe_tx", "device": "node-8-spammer", "metadata": {}}
{"timestamp": 1779139112, "type": "safe_tx", "device": "node-8-spammer", "metadata": {}}
{"timestamp": 1779139112, "type": "safe_tx", "device": "node-8-spammer", "metadata": {}}
{"timestamp": 1779139112, "type": "safe_tx", "device": "node-8-spammer", "metadata": {}}
{"timestamp": 1779139112, "type": "safe_tx", "device": "node-15-mixed", "metadata": {}}
{"timestamp": 1779139112, "type": "safe_tx", "device": "node-8-spammer", "metadata": {}}
{"timestamp": 1779139112, "type": "safe_tx", "device": "node-8-spammer", "metadata": {}}
{"timestamp": 1779139112, "type": "safe_tx", "device": "node-8-spammer", "metadata": {}}
{"timestamp": 1779139112, "type": "safe_tx", "device": "node-8-spammer", "metadata": {}}
{"timestamp": 1779139112, "type": "safe_tx", "device": "node-8-spammer", "metadata": {}}
{"timestamp": 1779139112, "type": "safe_tx", "device": "node-8-spammer", "metadata": {}}
{"timestamp": 1779139112, "type": "safe_tx", "device": "node-8-spammer", "metadata": {}}
{"timestamp": 1779139112, "type": "safe_tx", "device": "node-8-spammer", "metadata": {}}
{"timestamp": 1779139112, "type": "dos_spam", "device": "node-8-spammer", "metadata": {"count": 30, "window_sec": 5}}
{"timestamp": 1779139112, "type": "dos_spam", "device": "node-8-spammer", "metadata": {}}
{"timestamp": 1779139112, "type": "safe_tx", "device": "node-1-clean", "metadata": {}}
{"timestamp": 1779139113, "type": "safe_tx", "device": "node-13-mixed", "metadata": {}}
{"timestamp": 1779139113, "type": "safe_tx", "device": "node-5-clean", "metadata": {}}
{"timestamp": 1779139113, "type": "safe_tx", "device": "node-8-spammer", "metadata": {}}
{"timestamp": 1779139113, "type": "safe_tx", "device": "node-14-mixed", "metadata": {}}
{"timestamp": 1779139114, "type": "safe_tx", "device": "node-4-clean", "metadata": {}}
{"timestamp": 1779139114, "type": "safe_tx", "device": "node-9-stealth", "metadata": {}}
{"timestamp": 1779139114, "type": "safe_tx", "device": "node-8-spammer", "metadata": {}}
{"timestamp": 1779139114, "type": "safe_tx", "device": "node-5-clean", "metadata": {}}
{"timestamp": 1779139114, "type": "safe_tx", "device": "node-8-spammer", "metadata": {}}
{"timestamp": 1779139114, "type": "safe_tx", "device": "node-8-spammer", "metadata": {}}
{"timestamp": 1779139114, "type": "safe_tx", "device": "node-8-spammer", "metadata": {}}
{"timestamp": 1779139114, "type": "safe_tx", "device": "node-8-spammer", "metadata": {}}
{"timestamp": 1779139114, "type": "safe_tx", "device": "node-15-mixed", "metadata": {}}
{"timestamp": 1779139114, "type": "safe_tx", "device": "node-8-spammer", "metadata": {}}
{"timestamp": 1779139114, "type": "safe_tx", "device": "node-8-spammer", "metadata": {}}
{"timestamp": 1779139114, "type": "safe_tx", "device": "node-8-spammer", "metadata": {}}
{"timestamp": 1779139114, "type": "safe_tx", "device": "node-8-spammer", "metadata": {}}
{"timestamp": 1779139114, "type": "safe_tx", "device": "node-2-clean", "metadata": {}}
{"timestamp": 1779139114, "type": "safe_tx", "device": "node-5-clean", "metadata": {}}
{"timestamp": 1779139114, "type": "safe_tx", "device": "node-5-clean", "metadata": {}}
{"timestamp": 1779139115, "type": "safe_tx", "device": "node-2-clean", "metadata": {}}
{"timestamp": 1779139115, "type": "safe_tx", "device": "node-10-fuzzer", "metadata": {}}
{"timestamp": 1779139115, "type": "safe_tx", "device": "node-8-spammer", "metadata": {}}
{"timestamp": 1779139115, "type": "safe_tx", "device": "node-8-spammer", "metadata": {}}
{"timestamp": 1779139115, "type": "safe_tx", "device": "node-3-clean", "metadata": {}}
{"timestamp": 1779139115, "type": "safe_tx", "device": "node-12-mixed", "metadata": {}}
{"timestamp": 1779139115, "type": "safe_tx", "device": "node-14-mixed", "metadata": {}}
{"timestamp": 1779139115, "type": "safe_tx", "device": "node-5-clean", "metadata": {}}
{"timestamp": 1779139116, "type": "safe_tx", "device": "node-3-clean", "metadata": {}}
{"timestamp": 1779139116, "type": "time_anomaly", "device": "node-14-mixed", "metadata": {}}
{"timestamp": 1779139116, "type": "safe_tx", "device": "node-13-mixed", "metadata": {}}
{"timestamp": 1779139116, "type": "safe_tx", "device": "node-9-stealth", "metadata": {}}
{"timestamp": 1779139116, "type": "safe_tx", "device": "node-8-spammer", "metadata": {}}
{"timestamp": 1779139116, "type": "safe_tx", "device": "node-4-clean", "metadata": {}}
{"timestamp": 1779139116, "type": "safe_tx", "device": "node-1-clean", "metadata": {}}
{"timestamp": 1779139117, "type": "time_anomaly", "device": "node-7-timespoof", "metadata": {}}
{"timestamp": 1779139117, "type": "safe_tx", "device": "node-9-stealth", "metadata": {}}
{"timestamp": 1779139118, "type": "safe_tx", "device": "node-8-spammer", "metadata": {}}
{"timestamp": 1779139118, "type": "safe_tx", "device": "node-8-spammer", "metadata": {}}
{"timestamp": 1779139118, "type": "safe_tx", "device": "node-5-clean", "metadata": {}}
{"timestamp": 1779139118, "type": "safe_tx", "device": "node-8-spammer", "metadata": {}}
{"timestamp": 1779139118, "type": "safe_tx", "device": "node-8-spammer", "metadata": {}}
{"timestamp": 1779139118, "type": "safe_tx", "device": "node-8-spammer", "metadata": {}}
{"timestamp": 1779139118, "type": "safe_tx", "device": "node-8-spammer", "metadata": {}}
{"timestamp": 1779139118, "type": "safe_tx", "device": "node-8-spammer", "metadata": {}}
{"timestamp": 1779139118, "type": "safe_tx", "device": "node-3-clean", "metadata": {}}
{"timestamp": 1779139118, "type": "safe_tx", "device": "node-8-spammer", "metadata": {}}
{"timestamp": 1779139118, "type": "safe_tx", "device": "node-12-mixed", "metadata": {}}
{"timestamp": 1779139118, "type": "safe_tx", "device": "node-2-clean", "metadata": {}}
{"timestamp": 1779139118, "type": "safe_tx", "device": "node-15-mixed", "metadata": {}}
{"timestamp": 1779139118, "type": "safe_tx", "device": "node-4-clean", "metadata": {}}
{"timestamp": 1779139119, "type": "safe_tx", "device": "node-14-mixed", "metadata": {}}
{"timestamp": 1779139119, "type": "safe_tx", "device": "node-9-stealth", "metadata": {}}
{"timestamp": 1779139119, "type": "safe_tx", "device": "node-8-spammer", "metadata": {}}
{"timestamp": 1779139119, "type": "safe_tx", "device": "node-8-spammer", "metadata": {}}
{"timestamp": 1779139119, "type": "safe_tx", "device": "node-8-spammer", "metadata": {}}
{"timestamp": 1779139119, "type": "safe_tx", "device": "node-8-spammer", "metadata": {}}
{"timestamp": 1779139119, "type": "safe_tx", "device": "node-8-spammer", "metadata": {}}
{"timestamp": 1779139119, "type": "safe_tx", "device": "node-14-mixed", "metadata": {}}
{"timestamp": 1779139119, "type": "safe_tx", "device": "node-8-spammer", "metadata": {}}
{"timestamp": 1779139119, "type": "safe_tx", "device": "node-8-spammer", "metadata": {}}
{"timestamp": 1779139119, "type": "dos_spam", "device": "node-8-spammer", "metadata": {}}
{"timestamp": 1779139119, "type": "safe_tx", "device": "node-8-spammer", "metadata": {}}
{"timestamp": 1779139119, "type": "safe_tx", "device": "node-14-mixed", "metadata": {}}
{"timestamp": 1779139119, "type": "safe_tx", "device": "node-13-mixed", "metadata": {}}
{"timestamp": 1779139120, "type": "safe_tx", "device": "node-5-clean", "metadata": {}}
{"timestamp": 1779139120, "type": "time_anomaly", "device": "node-12-mixed", "metadata": {}}
{"timestamp": 1779139120, "type": "safe_tx", "device": "node-13-mixed", "metadata": {}}
{"timestamp": 1779139120, "type": "safe_tx", "device": "node-1-clean", "metadata": {}}
{"timestamp": 1779139120, "type": "safe_tx", "device": "node-10-fuzzer", "metadata": {}}
{"timestamp": 1779139120, "type": "safe_tx", "device": "node-1-clean", "metadata": {}}
{"timestamp": 1779139120, "type": "safe_tx", "device": "node-9-stealth", "metadata": {}}
{"timestamp": 1779139120, "type": "safe_tx", "device": "node-8-spammer", "metadata": {}}
{"timestamp": 1779139120, "type": "safe_tx", "device": "node-8-spammer", "metadata": {}}
{"timestamp": 1779139120, "type": "safe_tx", "device": "node-8-spammer", "metadata": {}}
{"timestamp": 1779139120, "type": "safe_tx", "device": "node-8-spammer", "metadata": {}}
{"timestamp": 1779139120, "type": "safe_tx", "device": "node-8-spammer", "metadata": {}}
{"timestamp": 1779139120, "type": "safe_tx", "device": "node-15-mixed", "metadata": {}}
{"timestamp": 1779139120, "type": "safe_tx", "device": "node-8-spammer", "metadata": {}}
{"timestamp": 1779139121, "type": "safe_tx", "device": "node-8-spammer", "metadata": {}}
{"timestamp": 1779139121, "type": "safe_tx", "device": "node-8-spammer", "metadata": {}}
{"timestamp": 1779139121, "type": "safe_tx", "device": "node-12-mixed", "metadata": {}}
{"timestamp": 1779139121, "type": "safe_tx", "device": "node-3-clean", "metadata": {}}
{"timestamp": 1779139121, "type": "fuzzing", "device": "node-10-fuzzer", "metadata": {}}
{"timestamp": 1779139122, "type": "safe_tx", "device": "node-4-clean", "metadata": {}}
{"timestamp": 1779139122, "type": "safe_tx", "device": "node-10-fuzzer", "metadata": {}}
{"timestamp": 1779139122, "type": "safe_tx", "device": "node-15-mixed", "metadata": {}}
{"timestamp": 1779139123, "type": "time_anomaly", "device": "node-7-timespoof", "metadata": {}}
{"timestamp": 1779139122, "type": "safe_tx", "device": "node-8-spammer", "metadata": {}}
{"timestamp": 1779139122, "type": "safe_tx", "device": "node-5-clean", "metadata": {}}
{"timestamp": 1779139122, "type": "safe_tx", "device": "node-8-spammer", "metadata": {}}
{"timestamp": 1779139122, "type": "safe_tx", "device": "node-8-spammer", "metadata": {}}
{"timestamp": 1779139122, "type": "safe_tx", "device": "node-8-spammer", "metadata": {}}
{"timestamp": 1779139122, "type": "safe_tx", "device": "node-8-spammer", "metadata": {}}
{"timestamp": 1779139122, "type": "safe_tx", "device": "node-3-clean", "metadata": {}}
{"timestamp": 1779139122, "type": "safe_tx", "device": "node-8-spammer", "metadata": {}}
{"timestamp": 1779139122, "type": "dos_spam", "device": "node-8-spammer", "metadata": {"count": 30, "window_sec": 5}}
{"timestamp": 1779139122, "type": "safe_tx", "device": "node-2-clean", "metadata": {}}
{"timestamp": 1779139123, "type": "safe_tx", "device": "node-5-clean", "metadata": {}}
{"timestamp": 1779139123, "type": "safe_tx", "device": "node-13-mixed", "metadata": {}}
{"timestamp": 1779139123, "type": "overflow", "device": "node-12-mixed", "metadata": {"count": 3, "window_sec": 30}}
{"timestamp": 1779139123, "type": "safe_tx", "device": "node-1-clean", "metadata": {}}
{"timestamp": 1779139123, "type": "safe_tx", "device": "node-4-clean", "metadata": {}}
{"timestamp": 1779139123, "type": "safe_tx", "device": "node-10-fuzzer", "metadata": {}}
{"timestamp": 1779139123, "type": "safe_tx", "device": "node-8-spammer", "metadata": {}}
{"timestamp": 1779139124, "type": "safe_tx", "device": "node-8-spammer", "metadata": {}}
{"timestamp": 1779139124, "type": "safe_tx", "device": "node-8-spammer", "metadata": {}}
{"timestamp": 1779139124, "type": "safe_tx", "device": "node-8-spammer", "metadata": {}}
{"timestamp": 1779139124, "type": "safe_tx", "device": "node-14-mixed", "metadata": {}}
{"timestamp": 1779139124, "type": "time_anomaly", "device": "node-13-mixed", "metadata": {}}
{"timestamp": 1779139124, "type": "safe_tx", "device": "node-3-clean", "metadata": {}}
{"timestamp": 1779139124, "type": "safe_tx", "device": "node-3-clean", "metadata": {}}
{"timestamp": 1779139124, "type": "safe_tx", "device": "node-9-stealth", "metadata": {}}
{"timestamp": 1779139125, "type": "overflow", "device": "node-6-overflow", "metadata": {"count": 3, "window_sec": 30}}
{"timestamp": 1779139125, "type": "safe_tx", "device": "node-10-fuzzer", "metadata": {}}
{"timestamp": 1779139125, "type": "safe_tx", "device": "node-8-spammer", "metadata": {}}
{"timestamp": 1779139125, "type": "safe_tx", "device": "node-8-spammer", "metadata": {}}
{"timestamp": 1779139125, "type": "safe_tx", "device": "node-8-spammer", "metadata": {}}
{"timestamp": 1779139125, "type": "safe_tx", "device": "node-8-spammer", "metadata": {}}
{"timestamp": 1779139125, "type": "safe_tx", "device": "node-8-spammer", "metadata": {}}
{"timestamp": 1779139125, "type": "safe_tx", "device": "node-8-spammer", "metadata": {}}
{"timestamp": 1779139125, "type": "safe_tx", "device": "node-8-spammer", "metadata": {}}
{"timestamp": 1779139125, "type": "safe_tx", "device": "node-8-spammer", "metadata": {}}
{"timestamp": 1779139125, "type": "safe_tx", "device": "node-8-spammer", "metadata": {}}
{"timestamp": 1779139125, "type": "safe_tx", "device": "node-8-spammer", "metadata": {}}
{"timestamp": 1779139125, "type": "safe_tx", "device": "node-1-clean", "metadata": {}}
{"timestamp": 1779139125, "type": "safe_tx", "device": "node-14-mixed", "metadata": {}}
{"timestamp": 1779139125, "type": "safe_tx", "device": "node-15-mixed", "metadata": {}}
{"timestamp": 1779139126, "type": "safe_tx", "device": "node-8-spammer", "metadata": {}}
{"timestamp": 1779139126, "type": "safe_tx", "device": "node-8-spammer", "metadata": {}}
{"timestamp": 1779139126, "type": "dos_spam", "device": "node-8-spammer", "metadata": {}}
{"timestamp": 1779139126, "type": "safe_tx", "device": "node-8-spammer", "metadata": {}}
{"timestamp": 1779139126, "type": "safe_tx", "device": "node-8-spammer", "metadata": {}}
{"timestamp": 1779139126, "type": "safe_tx", "device": "node-9-stealth", "metadata": {}}
{"timestamp": 1779139126, "type": "safe_tx", "device": "node-8-spammer", "metadata": {}}
{"timestamp": 1779139126, "type": "safe_tx", "device": "node-8-spammer", "metadata": {}}
{"timestamp": 1779139126, "type": "safe_tx", "device": "node-8-spammer", "metadata": {}}
{"timestamp": 1779139126, "type": "safe_tx", "device": "node-8-spammer", "metadata": {}}
{"timestamp": 1779139126, "type": "safe_tx", "device": "node-8-spammer", "metadata": {}}
{"timestamp": 1779139126, "type": "safe_tx", "device": "node-1-clean", "metadata": {}}
{"timestamp": 1779139126, "type": "safe_tx", "device": "node-8-spammer", "metadata": {}}
{"timestamp": 1779139126, "type": "safe_tx", "device": "node-8-spammer", "metadata": {}}
{"timestamp": 1779139126, "type": "safe_tx", "device": "node-5-clean", "metadata": {}}
{"timestamp": 1779139126, "type": "safe_tx", "device": "node-8-spammer", "metadata": {}}
{"timestamp": 1779139126, "type": "safe_tx", "device": "node-8-spammer", "metadata": {}}
{"timestamp": 1779139126, "type": "safe_tx", "device": "node-8-spammer", "metadata": {}}
{"timestamp": 1779139126, "type": "safe_tx", "device": "node-12-mixed", "metadata": {}}
{"timestamp": 1779139126, "type": "safe_tx", "device": "node-4-clean", "metadata": {}}
{"timestamp": 1779139126, "type": "safe_tx", "device": "node-2-clean", "metadata": {}}
{"timestamp": 1779139127, "type": "fuzzing", "device": "node-10-fuzzer", "metadata": {}}
{"timestamp": 1779139127, "type": "safe_tx", "device": "node-1-clean", "metadata": {}}
{"timestamp": 1779139127, "type": "safe_tx", "device": "node-4-clean", "metadata": {}}
{"timestamp": 1779139127, "type": "safe_tx", "device": "node-3-clean", "metadata": {}}
{"timestamp": 1779139127, "type": "safe_tx", "device": "node-5-clean", "metadata": {}}
{"timestamp": 1779139127, "type": "safe_tx", "device": "node-14-mixed", "metadata": {}}
{"timestamp": 1779139128, "type": "time_anomaly", "device": "node-7-timespoof", "metadata": {}}
{"timestamp": 1779139127, "type": "overflow", "device": "node-10-fuzzer", "metadata": {"count": 3, "window_sec": 30}}
{"timestamp": 1779139127, "type": "safe_tx", "device": "node-8-spammer", "metadata": {}}
{"timestamp": 1779139127, "type": "safe_tx", "device": "node-1-clean", "metadata": {}}
{"timestamp": 1779139127, "type": "safe_tx", "device": "node-8-spammer", "metadata": {}}
{"timestamp": 1779139127, "type": "dos_spam", "device": "node-8-spammer", "metadata": {"count": 30, "window_sec": 5}}
{"timestamp": 1779139128, "type": "safe_tx", "device": "node-13-mixed", "metadata": {}}
{"timestamp": 1779139128, "type": "overflow", "device": "node-9-stealth", "metadata": {"count": 3, "window_sec": 30}}
{"timestamp": 1779139128, "type": "safe_tx", "device": "node-12-mixed", "metadata": {}}
{"timestamp": 1779139128, "type": "safe_tx", "device": "node-8-spammer", "metadata": {}}
{"timestamp": 1779139128, "type": "dos_spam", "device": "node-8-spammer", "metadata": {}}
{"timestamp": 1779139128, "type": "safe_tx", "device": "node-8-spammer", "metadata": {}}
{"timestamp": 1779139128, "type": "safe_tx", "device": "node-8-spammer", "metadata": {}}
{"timestamp": 1779139128, "type": "safe_tx", "device": "node-8-spammer", "metadata": {}}
{"timestamp": 1779139128, "type": "safe_tx", "device": "node-3-clean", "metadata": {}}
{"timestamp": 1779139129, "type": "safe_tx", "device": "node-8-spammer", "metadata": {}}
{"timestamp": 1779139129, "type": "safe_tx", "device": "node-8-spammer", "metadata": {}}
{"timestamp": 1779139129, "type": "safe_tx", "device": "node-8-spammer", "metadata": {}}
{"timestamp": 1779139129, "type": "safe_tx", "device": "node-8-spammer", "metadata": {}}
{"timestamp": 1779139129, "type": "safe_tx", "device": "node-8-spammer", "metadata": {}}
{"timestamp": 1779139129, "type": "safe_tx", "device": "node-8-spammer", "metadata": {}}
{"timestamp": 1779139129, "type": "safe_tx", "device": "node-8-spammer", "metadata": {}}
{"timestamp": 1779139129, "type": "safe_tx", "device": "node-2-clean", "metadata": {}}
{"timestamp": 1779139129, "type": "fuzzing", "device": "node-10-fuzzer", "metadata": {}}
{"timestamp": 1779139129, "type": "safe_tx", "device": "node-15-mixed", "metadata": {}}
{"timestamp": 1779139129, "type": "safe_tx", "device": "node-8-spammer", "metadata": {}}
{"timestamp": 1779139129, "type": "safe_tx", "device": "node-8-spammer", "metadata": {}}
{"timestamp": 1779139129, "type": "safe_tx", "device": "node-8-spammer", "metadata": {}}
{"timestamp": 1779139129, "type": "safe_tx", "device": "node-8-spammer", "metadata": {}}
{"timestamp": 1779139130, "type": "safe_tx", "device": "node-9-stealth", "metadata": {}}
{"timestamp": 1779139130, "type": "safe_tx", "device": "node-6-overflow", "metadata": {}}
{"timestamp": 1779139130, "type": "safe_tx", "device": "node-1-clean", "metadata": {}}
{"timestamp": 1779139131, "type": "time_anomaly", "device": "node-7-timespoof", "metadata": {}}
{"timestamp": 1779139130, "type": "safe_tx", "device": "node-1-clean", "metadata": {}}
{"timestamp": 1779139131, "type": "time_anomaly", "device": "node-14-mixed", "metadata": {}}
{"timestamp": 1779139130, "type": "safe_tx", "device": "node-13-mixed", "metadata": {}}
{"timestamp": 1779139130, "type": "safe_tx", "device": "node-8-spammer", "metadata": {}}
{"timestamp": 1779139130, "type": "dos_spam", "device": "node-8-spammer", "metadata": {}}
{"timestamp": 1779139130, "type": "safe_tx", "device": "node-8-spammer", "metadata": {}}
{"timestamp": 1779139131, "type": "safe_tx", "device": "node-8-spammer", "metadata": {}}
{"timestamp": 1779139131, "type": "safe_tx", "device": "node-8-spammer", "metadata": {}}
{"timestamp": 1779139131, "type": "safe_tx", "device": "node-14-mixed", "metadata": {}}
{"timestamp": 1779139131, "type": "safe_tx", "device": "node-10-fuzzer", "metadata": {}}
{"timestamp": 1779139131, "type": "safe_tx", "device": "node-9-stealth", "metadata": {}}
{"timestamp": 1779139131, "type": "safe_tx", "device": "node-4-clean", "metadata": {}}
{"timestamp": 1779139131, "type": "safe_tx", "device": "node-1-clean", "metadata": {}}
{"timestamp": 1779139131, "type": "safe_tx", "device": "node-10-fuzzer", "metadata": {}}
{"timestamp": 1779139131, "type": "safe_tx", "device": "node-8-spammer", "metadata": {}}
{"timestamp": 1779139132, "type": "safe_tx", "device": "node-12-mixed", "metadata": {}}
{"timestamp": 1779139132, "type": "safe_tx", "device": "node-5-clean", "metadata": {}}
{"timestamp": 1779139132, "type": "safe_tx", "device": "node-2-clean", "metadata": {}}
{"timestamp": 1779139132, "type": "safe_tx", "device": "node-1-clean", "metadata": {}}
{"timestamp": 1779139132, "type": "safe_tx", "device": "node-8-spammer", "metadata": {}}
{"timestamp": 1779139132, "type": "safe_tx", "device": "node-3-clean", "metadata": {}}
{"timestamp": 1779139132, "type": "safe_tx", "device": "node-2-clean", "metadata": {}}
{"timestamp": 1779139133, "type": "safe_tx", "device": "node-15-mixed", "metadata": {}}
{"timestamp": 1779139133, "type": "safe_tx", "device": "node-3-clean", "metadata": {}}
{"timestamp": 1779139133, "type": "safe_tx", "device": "node-13-mixed", "metadata": {}}
{"timestamp": 1779139133, "type": "safe_tx", "device": "node-10-fuzzer", "metadata": {}}
{"timestamp": 1779139133, "type": "safe_tx", "device": "node-4-clean", "metadata": {}}
{"timestamp": 1779139133, "type": "safe_tx", "device": "node-5-clean", "metadata": {}}
{"timestamp": 1779139133, "type": "safe_tx", "device": "node-12-mixed", "metadata": {}}
{"timestamp": 1779139133, "type": "safe_tx", "device": "node-8-spammer", "metadata": {}}
{"timestamp": 1779139133, "type": "safe_tx", "device": "node-8-spammer", "metadata": {}}
{"timestamp": 1779139133, "type": "safe_tx", "device": "node-8-spammer", "metadata": {}}
{"timestamp": 1779139134, "type": "safe_tx", "device": "node-9-stealth", "metadata": {}}
{"timestamp": 1779139134, "type": "safe_tx", "device": "node-3-clean", "metadata": {}}
{"timestamp": 1779139134, "type": "safe_tx", "device": "node-5-clean", "metadata": {}}
{"timestamp": 1779139135, "type": "safe_tx", "device": "node-14-mixed", "metadata": {}}
{"timestamp": 1779139135, "type": "safe_tx", "device": "node-8-spammer", "metadata": {}}
{"timestamp": 1779139135, "type": "safe_tx", "device": "node-8-spammer", "metadata": {}}
{"timestamp": 1779139135, "type": "safe_tx", "device": "node-10-fuzzer", "metadata": {}}
{"timestamp": 1779139135, "type": "safe_tx", "device": "node-8-spammer", "metadata": {}}
{"timestamp": 1779139135, "type": "safe_tx", "device": "node-3-clean", "metadata": {}}
{"timestamp": 1779139135, "type": "safe_tx", "device": "node-4-clean", "metadata": {}}
{"timestamp": 1779139135, "type": "safe_tx", "device": "node-1-clean", "metadata": {}}
{"timestamp": 1779139135, "type": "safe_tx", "device": "node-3-clean", "metadata": {}}
{"timestamp": 1779139135, "type": "safe_tx", "device": "node-2-clean", "metadata": {}}
{"timestamp": 1779139136, "type": "time_anomaly", "device": "node-7-timespoof", "metadata": {}}
{"timestamp": 1779139135, "type": "safe_tx", "device": "node-9-stealth", "metadata": {}}
{"timestamp": 1779139135, "type": "fuzzing", "device": "node-10-fuzzer", "metadata": {}}
{"timestamp": 1779139136, "type": "safe_tx", "device": "node-2-clean", "metadata": {}}
{"timestamp": 1779139136, "type": "safe_tx", "device": "node-13-mixed", "metadata": {}}
{"timestamp": 1779139136, "type": "overflow", "device": "node-6-overflow", "metadata": {"count": 3, "window_sec": 30}}
{"timestamp": 1779139136, "type": "safe_tx", "device": "node-5-clean", "metadata": {}}
{"timestamp": 1779139136, "type": "safe_tx", "device": "node-1-clean", "metadata": {}}
{"timestamp": 1779139137, "type": "safe_tx", "device": "node-2-clean", "metadata": {}}
{"timestamp": 1779139137, "type": "fuzzing", "device": "node-10-fuzzer", "metadata": {}}
{"timestamp": 1779139137, "type": "safe_tx", "device": "node-14-mixed", "metadata": {}}
{"timestamp": 1779139137, "type": "safe_tx", "device": "node-1-clean", "metadata": {}}
{"timestamp": 1779139137, "type": "safe_tx", "device": "node-2-clean", "metadata": {}}
{"timestamp": 1779139137, "type": "safe_tx", "device": "node-8-spammer", "metadata": {}}
{"timestamp": 1779139137, "type": "safe_tx", "device": "node-2-clean", "metadata": {}}
{"timestamp": 1779139137, "type": "safe_tx", "device": "node-8-spammer", "metadata": {}}
{"timestamp": 1779139137, "type": "safe_tx", "device": "node-8-spammer", "metadata": {}}
{"timestamp": 1779139137, "type": "safe_tx", "device": "node-5-clean", "metadata": {}}
{"timestamp": 1779139137, "type": "safe_tx", "device": "node-8-spammer", "metadata": {}}
{"timestamp": 1779139137, "type": "safe_tx", "device": "node-8-spammer", "metadata": {}}
{"timestamp": 1779139138, "type": "safe_tx", "device": "node-9-stealth", "metadata": {}}
{"timestamp": 1779139138, "type": "safe_tx", "device": "node-12-mixed", "metadata": {}}
{"timestamp": 1779139138, "type": "safe_tx", "device": "node-15-mixed", "metadata": {}}
{"timestamp": 1779139138, "type": "safe_tx", "device": "node-3-clean", "metadata": {}}
{"timestamp": 1779139138, "type": "overflow", "device": "node-14-mixed", "metadata": {"count": 3, "window_sec": 30}}
{"timestamp": 1779139139, "type": "safe_tx", "device": "node-4-clean", "metadata": {}}
{"timestamp": 1779139139, "type": "safe_tx", "device": "node-6-overflow", "metadata": {}}
{"timestamp": 1779139139, "type": "safe_tx", "device": "node-13-mixed", "metadata": {}}
{"timestamp": 1779139140, "type": "time_anomaly", "device": "node-7-timespoof", "metadata": {}}
{"timestamp": 1779139139, "type": "safe_tx", "device": "node-11-pulsing", "metadata": {}}
{"timestamp": 1779139139, "type": "safe_tx", "device": "node-11-pulsing", "metadata": {}}
{"timestamp": 1779139139, "type": "safe_tx", "device": "node-11-pulsing", "metadata": {}}
{"timestamp": 1779139139, "type": "safe_tx", "device": "node-5-clean", "metadata": {}}
{"timestamp": 1779139139, "type": "safe_tx", "device": "node-11-pulsing", "metadata": {}}
{"timestamp": 1779139139, "type": "safe_tx", "device": "node-1-clean", "metadata": {}}
{"timestamp": 1779139140, "type": "safe_tx", "device": "node-11-pulsing", "metadata": {}}
{"timestamp": 1779139140, "type": "safe_tx", "device": "node-11-pulsing", "metadata": {}}
{"timestamp": 1779139140, "type": "safe_tx", "device": "node-11-pulsing", "metadata": {}}
{"timestamp": 1779139140, "type": "safe_tx", "device": "node-9-stealth", "metadata": {}}
{"timestamp": 1779139140, "type": "fuzzing", "device": "node-10-fuzzer", "metadata": {}}
{"timestamp": 1779139140, "type": "safe_tx", "device": "node-11-pulsing", "metadata": {}}
{"timestamp": 1779139140, "type": "safe_tx", "device": "node-11-pulsing", "metadata": {}}
{"timestamp": 1779139140, "type": "safe_tx", "device": "node-11-pulsing", "metadata": {}}
{"timestamp": 1779139140, "type": "safe_tx", "device": "node-11-pulsing", "metadata": {}}
{"timestamp": 1779139140, "type": "safe_tx", "device": "node-11-pulsing", "metadata": {}}
{"timestamp": 1779139140, "type": "safe_tx", "device": "node-11-pulsing", "metadata": {}}
{"timestamp": 1779139140, "type": "safe_tx", "device": "node-11-pulsing", "metadata": {}}
{"timestamp": 1779139140, "type": "safe_tx", "device": "node-11-pulsing", "metadata": {}}
{"timestamp": 1779139140, "type": "dos_spam", "device": "node-11-pulsing", "metadata": {}}
{"timestamp": 1779139140, "type": "safe_tx", "device": "node-11-pulsing", "metadata": {}}
{"timestamp": 1779139140, "type": "safe_tx", "device": "node-11-pulsing", "metadata": {}}
{"timestamp": 1779139140, "type": "safe_tx", "device": "node-11-pulsing", "metadata": {}}
{"timestamp": 1779139140, "type": "safe_tx", "device": "node-11-pulsing", "metadata": {}}
{"timestamp": 1779139140, "type": "safe_tx", "device": "node-11-pulsing", "metadata": {}}
{"timestamp": 1779139140, "type": "safe_tx", "device": "node-12-mixed", "metadata": {}}
{"timestamp": 1779139141, "type": "safe_tx", "device": "node-8-spammer", "metadata": {}}
{"timestamp": 1779139141, "type": "safe_tx", "device": "node-8-spammer", "metadata": {}}
{"timestamp": 1779139141, "type": "safe_tx", "device": "node-8-spammer", "metadata": {}}
{"timestamp": 1779139141, "type": "safe_tx", "device": "node-8-spammer", "metadata": {}}
{"timestamp": 1779139141, "type": "safe_tx", "device": "node-2-clean", "metadata": {}}
{"timestamp": 1779139141, "type": "safe_tx", "device": "node-3-clean", "metadata": {}}
{"timestamp": 1779139141, "type": "safe_tx", "device": "node-10-fuzzer", "metadata": {}}
{"timestamp": 1779139141, "type": "safe_tx", "device": "node-9-stealth", "metadata": {}}
{"timestamp": 1779139141, "type": "safe_tx", "device": "node-8-spammer", "metadata": {}}
{"timestamp": 1779139141, "type": "safe_tx", "device": "node-8-spammer", "metadata": {}}
{"timestamp": 1779139141, "type": "safe_tx", "device": "node-6-overflow", "metadata": {}}
{"timestamp": 1779139141, "type": "safe_tx", "device": "node-8-spammer", "metadata": {}}
{"timestamp": 1779139141, "type": "safe_tx", "device": "node-8-spammer", "metadata": {}}
{"timestamp": 1779139141, "type": "safe_tx", "device": "node-8-spammer", "metadata": {}}
{"timestamp": 1779139142, "type": "safe_tx", "device": "node-10-fuzzer", "metadata": {}}
{"timestamp": 1779139142, "type": "safe_tx", "device": "node-14-mixed", "metadata": {}}
{"timestamp": 1779139142, "type": "safe_tx", "device": "node-8-spammer", "metadata": {}}
{"timestamp": 1779139142, "type": "safe_tx", "device": "node-8-spammer", "metadata": {}}
{"timestamp": 1779139142, "type": "safe_tx", "device": "node-2-clean", "metadata": {}}
{"timestamp": 1779139142, "type": "safe_tx", "device": "node-15-mixed", "metadata": {}}
{"timestamp": 1779139142, "type": "safe_tx", "device": "node-4-clean", "metadata": {}}
{"timestamp": 1779139142, "type": "safe_tx", "device": "node-9-stealth", "metadata": {}}
{"timestamp": 1779139143, "type": "safe_tx", "device": "node-1-clean", "metadata": {}}
{"timestamp": 1779139143, "type": "time_anomaly", "device": "node-7-timespoof", "metadata": {}}
{"timestamp": 1779139143, "type": "safe_tx", "device": "node-12-mixed", "metadata": {}}
{"timestamp": 1779139143, "type": "fuzzing", "device": "node-10-fuzzer", "metadata": {}}
{"timestamp": 1779139143, "type": "safe_tx", "device": "node-8-spammer", "metadata": {}}
{"timestamp": 1779139143, "type": "safe_tx", "device": "node-8-spammer", "metadata": {}}
{"timestamp": 1779139143, "type": "safe_tx", "device": "node-8-spammer", "metadata": {}}
{"timestamp": 1779139144, "type": "time_anomaly", "device": "node-13-mixed", "metadata": {}}
{"timestamp": 1779139144, "type": "safe_tx", "device": "node-5-clean", "metadata": {}}
{"timestamp": 1779139145, "type": "time_anomaly", "device": "node-13-mixed", "metadata": {}}
{"timestamp": 1779139144, "type": "safe_tx", "device": "node-3-clean", "metadata": {}}
{"timestamp": 1779139145, "type": "safe_tx", "device": "node-2-clean", "metadata": {}}
{"timestamp": 1779139145, "type": "safe_tx", "device": "node-15-mixed", "metadata": {}}
{"timestamp": 1779139145, "type": "safe_tx", "device": "node-8-spammer", "metadata": {}}
{"timestamp": 1779139145, "type": "safe_tx", "device": "node-8-spammer", "metadata": {}}
{"timestamp": 1779139145, "type": "safe_tx", "device": "node-8-spammer", "metadata": {}}
{"timestamp": 1779139145, "type": "safe_tx", "device": "node-8-spammer", "metadata": {}}
{"timestamp": 1779139145, "type": "safe_tx", "device": "node-8-spammer", "metadata": {}}
{"timestamp": 1779139145, "type": "safe_tx", "device": "node-8-spammer", "metadata": {}}
{"timestamp": 1779139145, "type": "safe_tx", "device": "node-8-spammer", "metadata": {}}
{"timestamp": 1779139145, "type": "safe_tx", "device": "node-8-spammer", "metadata": {}}
{"timestamp": 1779139145, "type": "safe_tx", "device": "node-8-spammer", "metadata": {}}
{"timestamp": 1779139145, "type": "safe_tx", "device": "node-8-spammer", "metadata": {}}
{"timestamp": 1779139145, "type": "safe_tx", "device": "node-8-spammer", "metadata": {}}
{"timestamp": 1779139145, "type": "safe_tx", "device": "node-8-spammer", "metadata": {}}
{"timestamp": 1779139145, "type": "dos_spam", "device": "node-8-spammer", "metadata": {}}
{"timestamp": 1779139145, "type": "safe_tx", "device": "node-8-spammer", "metadata": {}}
{"timestamp": 1779139145, "type": "safe_tx", "device": "node-4-clean", "metadata": {}}
{"timestamp": 1779139145, "type": "safe_tx", "device": "node-8-spammer", "metadata": {}}
{"timestamp": 1779139145, "type": "safe_tx", "device": "node-8-spammer", "metadata": {}}
{"timestamp": 1779139145, "type": "safe_tx", "device": "node-8-spammer", "metadata": {}}
{"timestamp": 1779139145, "type": "dos_spam", "device": "node-8-spammer", "metadata": {"count": 30, "window_sec": 5}}
{"timestamp": 1779139145, "type": "safe_tx", "device": "node-8-spammer", "metadata": {}}
{"timestamp": 1779139145, "type": "safe_tx", "device": "node-8-spammer", "metadata": {}}
{"timestamp": 1779139145, "type": "safe_tx", "device": "node-13-mixed", "metadata": {}}
{"timestamp": 1779139145, "type": "safe_tx", "device": "node-8-spammer", "metadata": {}}
{"timestamp": 1779139145, "type": "safe_tx", "device": "node-8-spammer", "metadata": {}}
{"timestamp": 1779139145, "type": "safe_tx", "device": "node-8-spammer", "metadata": {}}
{"timestamp": 1779139145, "type": "safe_tx", "device": "node-8-spammer", "metadata": {}}
{"timestamp": 1779139145, "type": "safe_tx", "device": "node-9-stealth", "metadata": {}}
{"timestamp": 1779139146, "type": "safe_tx", "device": "node-8-spammer", "metadata": {}}
{"timestamp": 1779139146, "type": "fuzzing", "device": "node-10-fuzzer", "metadata": {}}
{"timestamp": 1779139146, "type": "time_anomaly", "device": "node-14-mixed", "metadata": {}}
{"timestamp": 1779139146, "type": "overflow", "device": "node-6-overflow", "metadata": {"count": 3, "window_sec": 30}}
{"timestamp": 1779139146, "type": "safe_tx", "device": "node-1-clean", "metadata": {}}
{"timestamp": 1779139146, "type": "safe_tx", "device": "node-13-mixed", "metadata": {}}
{"timestamp": 1779139146, "type": "fuzzing", "device": "node-10-fuzzer", "metadata": {}}
{"timestamp": 1779139147, "type": "time_anomaly", "device": "node-7-timespoof", "metadata": {}}
{"timestamp": 1779139147, "type": "safe_tx", "device": "node-8-spammer", "metadata": {}}
{"timestamp": 1779139147, "type": "safe_tx", "device": "node-8-spammer", "metadata": {}}
{"timestamp": 1779139147, "type": "safe_tx", "device": "node-8-spammer", "metadata": {}}
{"timestamp": 1779139147, "type": "safe_tx", "device": "node-8-spammer", "metadata": {}}
{"timestamp": 1779139147, "type": "dos_spam", "device": "node-8-spammer", "metadata": {}}
{"timestamp": 1779139147, "type": "safe_tx", "device": "node-8-spammer", "metadata": {}}
{"timestamp": 1779139147, "type": "safe_tx", "device": "node-8-spammer", "metadata": {}}
{"timestamp": 1779139147, "type": "safe_tx", "device": "node-8-spammer", "metadata": {}}
{"timestamp": 1779139147, "type": "safe_tx", "device": "node-8-spammer", "metadata": {}}
{"timestamp": 1779139147, "type": "safe_tx", "device": "node-8-spammer", "metadata": {}}
{"timestamp": 1779139147, "type": "safe_tx", "device": "node-8-spammer", "metadata": {}}
{"timestamp": 1779139147, "type": "safe_tx", "device": "node-8-spammer", "metadata": {}}
{"timestamp": 1779139147, "type": "safe_tx", "device": "node-8-spammer", "metadata": {}}
{"timestamp": 1779139147, "type": "safe_tx", "device": "node-8-spammer", "metadata": {}}
{"timestamp": 1779139147, "type": "safe_tx", "device": "node-8-spammer", "metadata": {}}
{"timestamp": 1779139147, "type": "safe_tx", "device": "node-8-spammer", "metadata": {}}
{"timestamp": 1779139147, "type": "safe_tx", "device": "node-8-spammer", "metadata": {}}
{"timestamp": 1779139147, "type": "safe_tx", "device": "node-8-spammer", "metadata": {}}
{"timestamp": 1779139147, "type": "safe_tx", "device": "node-5-clean", "metadata": {}}
{"timestamp": 1779139147, "type": "safe_tx", "device": "node-8-spammer", "metadata": {}}
{"timestamp": 1779139147, "type": "safe_tx", "device": "node-2-clean", "metadata": {}}
{"timestamp": 1779139147, "type": "safe_tx", "device": "node-8-spammer", "metadata": {}}
{"timestamp": 1779139147, "type": "dos_spam", "device": "node-8-spammer", "metadata": {}}
{"timestamp": 1779139148, "type": "safe_tx", "device": "node-3-clean", "metadata": {}}
{"timestamp": 1779139148, "type": "safe_tx", "device": "node-10-fuzzer", "metadata": {}}
{"timestamp": 1779139148, "type": "safe_tx", "device": "node-4-clean", "metadata": {}}
{"timestamp": 1779139148, "type": "safe_tx", "device": "node-15-mixed", "metadata": {}}
{"timestamp": 1779139148, "type": "safe_tx", "device": "node-12-mixed", "metadata": {}}
{"timestamp": 1779139149, "type": "time_anomaly", "device": "node-14-mixed", "metadata": {}}
{"timestamp": 1779139148, "type": "safe_tx", "device": "node-8-spammer", "metadata": {}}
{"timestamp": 1779139148, "type": "safe_tx", "device": "node-8-spammer", "metadata": {}}
{"timestamp": 1779139148, "type": "safe_tx", "device": "node-8-spammer", "metadata": {}}
{"timestamp": 1779139148, "type": "safe_tx", "device": "node-9-stealth", "metadata": {}}
{"timestamp": 1779139149, "type": "time_anomaly", "device": "node-13-mixed", "metadata": {}}
{"timestamp": 1779139149, "type": "safe_tx", "device": "node-2-clean", "metadata": {}}
{"timestamp": 1779139149, "type": "safe_tx", "device": "node-12-mixed", "metadata": {}}
{"timestamp": 1779139149, "type": "safe_tx", "device": "node-8-spammer", "metadata": {}}
{"timestamp": 1779139149, "type": "dos_spam", "device": "node-8-spammer", "metadata": {"count": 30, "window_sec": 5}}
{"timestamp": 1779139149, "type": "safe_tx", "device": "node-8-spammer", "metadata": {}}
{"timestamp": 1779139149, "type": "safe_tx", "device": "node-8-spammer", "metadata": {}}
{"timestamp": 1779139149, "type": "safe_tx", "device": "node-10-fuzzer", "metadata": {}}
{"timestamp": 1779139149, "type": "safe_tx", "device": "node-1-clean", "metadata": {}}
{"timestamp": 1779139149, "type": "safe_tx", "device": "node-8-spammer", "metadata": {}}
{"timestamp": 1779139149, "type": "safe_tx", "device": "node-8-spammer", "metadata": {}}
{"timestamp": 1779139149, "type": "safe_tx", "device": "node-8-spammer", "metadata": {}}
{"timestamp": 1779139149, "type": "safe_tx", "device": "node-8-spammer", "metadata": {}}
{"timestamp": 1779139149, "type": "safe_tx", "device": "node-8-spammer", "metadata": {}}
{"timestamp": 1779139149, "type": "safe_tx", "device": "node-5-clean", "metadata": {}}
{"timestamp": 1779139149, "type": "safe_tx", "device": "node-4-clean", "metadata": {}}
{"timestamp": 1779139150, "type": "time_anomaly", "device": "node-7-timespoof", "metadata": {}}
{"timestamp": 1779139149, "type": "safe_tx", "device": "node-12-mixed", "metadata": {}}
{"timestamp": 1779139150, "type": "safe_tx", "device": "node-3-clean", "metadata": {}}
{"timestamp": 1779139150, "type": "safe_tx", "device": "node-8-spammer", "metadata": {}}
{"timestamp": 1779139150, "type": "safe_tx", "device": "node-8-spammer", "metadata": {}}
{"timestamp": 1779139150, "type": "safe_tx", "device": "node-8-spammer", "metadata": {}}
{"timestamp": 1779139150, "type": "safe_tx", "device": "node-8-spammer", "metadata": {}}
{"timestamp": 1779139150, "type": "dos_spam", "device": "node-8-spammer", "metadata": {}}
{"timestamp": 1779139150, "type": "time_anomaly", "device": "node-15-mixed", "metadata": {}}
{"timestamp": 1779139150, "type": "safe_tx", "device": "node-9-stealth", "metadata": {}}
{"timestamp": 1779139150, "type": "safe_tx", "device": "node-10-fuzzer", "metadata": {}}
{"timestamp": 1779139151, "type": "safe_tx", "device": "node-12-mixed", "metadata": {}}
{"timestamp": 1779139151, "type": "safe_tx", "device": "node-9-stealth", "metadata": {}}
{"timestamp": 1779139151, "type": "safe_tx", "device": "node-13-mixed", "metadata": {}}
{"timestamp": 1779139151, "type": "safe_tx", "device": "node-8-spammer", "metadata": {}}
{"timestamp": 1779139151, "type": "safe_tx", "device": "node-3-clean", "metadata": {}}
{"timestamp": 1779139152, "type": "safe_tx", "device": "node-5-clean", "metadata": {}}
{"timestamp": 1779139152, "type": "safe_tx", "device": "node-12-mixed", "metadata": {}}
{"timestamp": 1779139152, "type": "safe_tx", "device": "node-1-clean", "metadata": {}}
{"timestamp": 1779139152, "type": "safe_tx", "device": "node-8-spammer", "metadata": {}}
{"timestamp": 1779139152, "type": "safe_tx", "device": "node-8-spammer", "metadata": {}}
{"timestamp": 1779139152, "type": "safe_tx", "device": "node-8-spammer", "metadata": {}}
{"timestamp": 1779139152, "type": "fuzzing", "device": "node-10-fuzzer", "metadata": {}}
{"timestamp": 1779139152, "type": "safe_tx", "device": "node-14-mixed", "metadata": {}}
{"timestamp": 1779139153, "type": "safe_tx", "device": "node-2-clean", "metadata": {}}
{"timestamp": 1779139153, "type": "safe_tx", "device": "node-1-clean", "metadata": {}}
{"timestamp": 1779139153, "type": "safe_tx", "device": "node-15-mixed", "metadata": {}}
{"timestamp": 1779139153, "type": "overflow", "device": "node-6-overflow", "metadata": {"count": 3, "window_sec": 30}}
{"timestamp": 1779139153, "type": "fuzzing", "device": "node-10-fuzzer", "metadata": {}}
{"timestamp": 1779139153, "type": "safe_tx", "device": "node-8-spammer", "metadata": {}}
{"timestamp": 1779139153, "type": "safe_tx", "device": "node-8-spammer", "metadata": {}}
{"timestamp": 1779139153, "type": "safe_tx", "device": "node-8-spammer", "metadata": {}}
{"timestamp": 1779139154, "type": "time_anomaly", "device": "node-14-mixed", "metadata": {}}
{"timestamp": 1779139154, "type": "safe_tx", "device": "node-2-clean", "metadata": {}}
{"timestamp": 1779139154, "type": "safe_tx", "device": "node-10-fuzzer", "metadata": {}}
{"timestamp": 1779139154, "type": "overflow", "device": "node-12-mixed", "metadata": {"count": 3, "window_sec": 30}}
{"timestamp": 1779139155, "type": "time_anomaly", "device": "node-7-timespoof", "metadata": {}}
{"timestamp": 1779139154, "type": "safe_tx", "device": "node-1-clean", "metadata": {}}
{"timestamp": 1779139154, "type": "safe_tx", "device": "node-8-spammer", "metadata": {}}
{"timestamp": 1779139154, "type": "safe_tx", "device": "node-8-spammer", "metadata": {}}
{"timestamp": 1779139154, "type": "safe_tx", "device": "node-8-spammer", "metadata": {}}
{"timestamp": 1779139154, "type": "safe_tx", "device": "node-8-spammer", "metadata": {}}
{"timestamp": 1779139154, "type": "safe_tx", "device": "node-8-spammer", "metadata": {}}
{"timestamp": 1779139155, "type": "time_anomaly", "device": "node-13-mixed", "metadata": {}}
{"timestamp": 1779139154, "type": "safe_tx", "device": "node-9-stealth", "metadata": {}}
{"timestamp": 1779139155, "type": "safe_tx", "device": "node-3-clean", "metadata": {}}
{"timestamp": 1779139155, "type": "overflow", "device": "node-14-mixed", "metadata": {"count": 3, "window_sec": 30}}
{"timestamp": 1779139155, "type": "safe_tx", "device": "node-5-clean", "metadata": {}}
{"timestamp": 1779139155, "type": "safe_tx", "device": "node-4-clean", "metadata": {}}
{"timestamp": 1779139155, "type": "safe_tx", "device": "node-8-spammer", "metadata": {}}
{"timestamp": 1779139156, "type": "safe_tx", "device": "node-9-stealth", "metadata": {}}
{"timestamp": 1779139156, "type": "safe_tx", "device": "node-4-clean", "metadata": {}}
{"timestamp": 1779139156, "type": "safe_tx", "device": "node-10-fuzzer", "metadata": {}}
{"timestamp": 1779139156, "type": "safe_tx", "device": "node-8-spammer", "metadata": {}}
{"timestamp": 1779139156, "type": "safe_tx", "device": "node-8-spammer", "metadata": {}}
{"timestamp": 1779139156, "type": "safe_tx", "device": "node-8-spammer", "metadata": {}}
{"timestamp": 1779139156, "type": "safe_tx", "device": "node-8-spammer", "metadata": {}}
{"timestamp": 1779139156, "type": "safe_tx", "device": "node-8-spammer", "metadata": {}}
{"timestamp": 1779139156, "type": "safe_tx", "device": "node-8-spammer", "metadata": {}}
{"timestamp": 1779139156, "type": "safe_tx", "device": "node-8-spammer", "metadata": {}}
{"timestamp": 1779139156, "type": "safe_tx", "device": "node-8-spammer", "metadata": {}}
{"timestamp": 1779139157, "type": "safe_tx", "device": "node-8-spammer", "metadata": {}}
{"timestamp": 1779139157, "type": "safe_tx", "device": "node-8-spammer", "metadata": {}}
{"timestamp": 1779139157, "type": "safe_tx", "device": "node-8-spammer", "metadata": {}}
{"timestamp": 1779139157, "type": "safe_tx", "device": "node-15-mixed", "metadata": {}}
{"timestamp": 1779139157, "type": "overflow", "device": "node-13-mixed", "metadata": {"count": 3, "window_sec": 30}}
{"timestamp": 1779139157, "type": "safe_tx", "device": "node-14-mixed", "metadata": {}}
{"timestamp": 1779139157, "type": "safe_tx", "device": "node-2-clean", "metadata": {}}
{"timestamp": 1779139158, "type": "time_anomaly", "device": "node-12-mixed", "metadata": {}}
{"timestamp": 1779139157, "type": "fuzzing", "device": "node-10-fuzzer", "metadata": {}}
{"timestamp": 1779139158, "type": "safe_tx", "device": "node-5-clean", "metadata": {}}
{"timestamp": 1779139158, "type": "safe_tx", "device": "node-8-spammer", "metadata": {}}
{"timestamp": 1779139158, "type": "safe_tx", "device": "node-8-spammer", "metadata": {}}
{"timestamp": 1779139158, "type": "safe_tx", "device": "node-3-clean", "metadata": {}}
{"timestamp": 1779139158, "type": "safe_tx", "device": "node-8-spammer", "metadata": {}}
{"timestamp": 1779139158, "type": "safe_tx", "device": "node-8-spammer", "metadata": {}}
{"timestamp": 1779139158, "type": "dos_spam", "device": "node-8-spammer", "metadata": {}}
{"timestamp": 1779139158, "type": "safe_tx", "device": "node-15-mixed", "metadata": {}}
{"timestamp": 1779139158, "type": "safe_tx", "device": "node-8-spammer", "metadata": {}}
{"timestamp": 1779139158, "type": "safe_tx", "device": "node-8-spammer", "metadata": {}}
{"timestamp": 1779139158, "type": "safe_tx", "device": "node-8-spammer", "metadata": {}}
{"timestamp": 1779139158, "type": "safe_tx", "device": "node-8-spammer", "metadata": {}}
{"timestamp": 1779139158, "type": "safe_tx", "device": "node-9-stealth", "metadata": {}}
{"timestamp": 1779139158, "type": "safe_tx", "device": "node-1-clean", "metadata": {}}
{"timestamp": 1779139158, "type": "safe_tx", "device": "node-8-spammer", "metadata": {}}
{"timestamp": 1779139158, "type": "safe_tx", "device": "node-8-spammer", "metadata": {}}
{"timestamp": 1779139158, "type": "dos_spam", "device": "node-8-spammer", "metadata": {"count": 30, "window_sec": 5}}
{"timestamp": 1779139158, "type": "safe_tx", "device": "node-8-spammer", "metadata": {}}
{"timestamp": 1779139158, "type": "safe_tx", "device": "node-4-clean", "metadata": {}}
{"timestamp": 1779139158, "type": "safe_tx", "device": "node-5-clean", "metadata": {}}
{"timestamp": 1779139159, "type": "fuzzing", "device": "node-10-fuzzer", "metadata": {}}
{"timestamp": 1779139159, "type": "safe_tx", "device": "node-8-spammer", "metadata": {}}
{"timestamp": 1779139159, "type": "safe_tx", "device": "node-8-spammer", "metadata": {}}
{"timestamp": 1779139159, "type": "safe_tx", "device": "node-8-spammer", "metadata": {}}
{"timestamp": 1779139159, "type": "safe_tx", "device": "node-12-mixed", "metadata": {}}
{"timestamp": 1779139159, "type": "safe_tx", "device": "node-8-spammer", "metadata": {}}
{"timestamp": 1779139159, "type": "safe_tx", "device": "node-3-clean", "metadata": {}}
{"timestamp": 1779139159, "type": "safe_tx", "device": "node-1-clean", "metadata": {}}
{"timestamp": 1779139159, "type": "safe_tx", "device": "node-2-clean", "metadata": {}}
{"timestamp": 1779139160, "type": "time_anomaly", "device": "node-7-timespoof", "metadata": {}}
{"timestamp": 1779139159, "type": "safe_tx", "device": "node-1-clean", "metadata": {}}
{"timestamp": 1779139159, "type": "safe_tx", "device": "node-15-mixed", "metadata": {}}
{"timestamp": 1779139160, "type": "safe_tx", "device": "node-4-clean", "metadata": {}}
{"timestamp": 1779139160, "type": "safe_tx", "device": "node-8-spammer", "metadata": {}}
{"timestamp": 1779139160, "type": "safe_tx", "device": "node-8-spammer", "metadata": {}}
{"timestamp": 1779139160, "type": "safe_tx", "device": "node-8-spammer", "metadata": {}}
{"timestamp": 1779139160, "type": "safe_tx", "device": "node-8-spammer", "metadata": {}}
{"timestamp": 1779139160, "type": "dos_spam", "device": "node-8-spammer", "metadata": {}}
{"timestamp": 1779139160, "type": "time_anomaly", "device": "node-13-mixed", "metadata": {}}
{"timestamp": 1779139160, "type": "safe_tx", "device": "node-4-clean", "metadata": {}}
{"timestamp": 1779139160, "type": "safe_tx", "device": "node-2-clean", "metadata": {}}
{"timestamp": 1779139160, "type": "safe_tx", "device": "node-14-mixed", "metadata": {}}
{"timestamp": 1779139160, "type": "overflow", "device": "node-15-mixed", "metadata": {"count": 3, "window_sec": 30}}
{"timestamp": 1779139160, "type": "safe_tx", "device": "node-8-spammer", "metadata": {}}
{"timestamp": 1779139160, "type": "safe_tx", "device": "node-8-spammer", "metadata": {}}
{"timestamp": 1779139160, "type": "safe_tx", "device": "node-8-spammer", "metadata": {}}
{"timestamp": 1779139160, "type": "safe_tx", "device": "node-8-spammer", "metadata": {}}
{"timestamp": 1779139161, "type": "safe_tx", "device": "node-5-clean", "metadata": {}}
{"timestamp": 1779139161, "type": "safe_tx", "device": "node-8-spammer", "metadata": {}}
{"timestamp": 1779139161, "type": "safe_tx", "device": "node-8-spammer", "metadata": {}}
{"timestamp": 1779139161, "type": "safe_tx", "device": "node-5-clean", "metadata": {}}
{"timestamp": 1779139161, "type": "safe_tx", "device": "node-8-spammer", "metadata": {}}
{"timestamp": 1779139161, "type": "safe_tx", "device": "node-8-spammer", "metadata": {}}
{"timestamp": 1779139161, "type": "fuzzing", "device": "node-10-fuzzer", "metadata": {}}
{"timestamp": 1779139162, "type": "safe_tx", "device": "node-2-clean", "metadata": {}}
{"timestamp": 1779139162, "type": "safe_tx", "device": "node-3-clean", "metadata": {}}
{"timestamp": 1779139162, "type": "safe_tx", "device": "node-5-clean", "metadata": {}}
{"timestamp": 1779139162, "type": "safe_tx", "device": "node-12-mixed", "metadata": {}}
{"timestamp": 1779139162, "type": "safe_tx", "device": "node-12-mixed", "metadata": {}}
{"timestamp": 1779139162, "type": "safe_tx", "device": "node-14-mixed", "metadata": {}}
{"timestamp": 1779139162, "type": "safe_tx", "device": "node-13-mixed", "metadata": {}}
{"timestamp": 1779139163, "type": "safe_tx", "device": "node-4-clean", "metadata": {}}
{"timestamp": 1779139163, "type": "safe_tx", "device": "node-1-clean", "metadata": {}}
{"timestamp": 1779139163, "type": "safe_tx", "device": "node-8-spammer", "metadata": {}}
{"timestamp": 1779139163, "type": "safe_tx", "device": "node-9-stealth", "metadata": {}}
{"timestamp": 1779139163, "type": "safe_tx", "device": "node-10-fuzzer", "metadata": {}}
{"timestamp": 1779139163, "type": "safe_tx", "device": "node-14-mixed", "metadata": {}}
{"timestamp": 1779139163, "type": "safe_tx", "device": "node-6-overflow", "metadata": {}}
{"timestamp": 1779139163, "type": "fuzzing", "device": "node-10-fuzzer", "metadata": {}}
{"timestamp": 1779139164, "type": "time_anomaly", "device": "node-15-mixed", "metadata": {}}
{"timestamp": 1779139164, "type": "safe_tx", "device": "node-1-clean", "metadata": {}}
{"timestamp": 1779139164, "type": "safe_tx", "device": "node-12-mixed", "metadata": {}}
{"timestamp": 1779139164, "type": "safe_tx", "device": "node-3-clean", "metadata": {}}
{"timestamp": 1779139164, "type": "safe_tx", "device": "node-8-spammer", "metadata": {}}
{"timestamp": 1779139164, "type": "safe_tx", "device": "node-4-clean", "metadata": {}}
{"timestamp": 1779139164, "type": "safe_tx", "device": "node-1-clean", "metadata": {}}
{"timestamp": 1779139165, "type": "time_anomaly", "device": "node-7-timespoof", "metadata": {}}
{"timestamp": 1779139165, "type": "safe_tx", "device": "node-2-clean", "metadata": {}}
{"timestamp": 1779139165, "type": "safe_tx", "device": "node-8-spammer", "metadata": {}}
{"timestamp": 1779139165, "type": "safe_tx", "device": "node-8-spammer", "metadata": {}}
{"timestamp": 1779139165, "type": "safe_tx", "device": "node-8-spammer", "metadata": {}}
{"timestamp": 1779139165, "type": "safe_tx", "device": "node-8-spammer", "metadata": {}}
{"timestamp": 1779139165, "type": "safe_tx", "device": "node-8-spammer", "metadata": {}}
{"timestamp": 1779139165, "type": "safe_tx", "device": "node-13-mixed", "metadata": {}}
{"timestamp": 1779139165, "type": "safe_tx", "device": "node-8-spammer", "metadata": {}}
{"timestamp": 1779139165, "type": "safe_tx", "device": "node-8-spammer", "metadata": {}}
{"timestamp": 1779139165, "type": "safe_tx", "device": "node-8-spammer", "metadata": {}}
{"timestamp": 1779139165, "type": "safe_tx", "device": "node-9-stealth", "metadata": {}}
{"timestamp": 1779139166, "type": "safe_tx", "device": "node-5-clean", "metadata": {}}
{"timestamp": 1779139166, "type": "safe_tx", "device": "node-3-clean", "metadata": {}}
{"timestamp": 1779139166, "type": "safe_tx", "device": "node-14-mixed", "metadata": {}}
{"timestamp": 1779139166, "type": "fuzzing", "device": "node-10-fuzzer", "metadata": {}}
{"timestamp": 1779139166, "type": "safe_tx", "device": "node-15-mixed", "metadata": {}}
{"timestamp": 1779139166, "type": "safe_tx", "device": "node-3-clean", "metadata": {}}
{"timestamp": 1779139167, "type": "safe_tx", "device": "node-8-spammer", "metadata": {}}
{"timestamp": 1779139167, "type": "safe_tx", "device": "node-8-spammer", "metadata": {}}
{"timestamp": 1779139167, "type": "safe_tx", "device": "node-11-pulsing", "metadata": {}}
{"timestamp": 1779139167, "type": "safe_tx", "device": "node-11-pulsing", "metadata": {}}
{"timestamp": 1779139167, "type": "safe_tx", "device": "node-11-pulsing", "metadata": {}}
{"timestamp": 1779139167, "type": "safe_tx", "device": "node-11-pulsing", "metadata": {}}
{"timestamp": 1779139167, "type": "safe_tx", "device": "node-11-pulsing", "metadata": {}}
{"timestamp": 1779139167, "type": "safe_tx", "device": "node-9-stealth", "metadata": {}}
{"timestamp": 1779139167, "type": "safe_tx", "device": "node-11-pulsing", "metadata": {}}
{"timestamp": 1779139167, "type": "safe_tx", "device": "node-11-pulsing", "metadata": {}}
{"timestamp": 1779139167, "type": "overflow", "device": "node-6-overflow", "metadata": {"count": 3, "window_sec": 30}}
{"timestamp": 1779139167, "type": "safe_tx", "device": "node-11-pulsing", "metadata": {}}
{"timestamp": 1779139167, "type": "safe_tx", "device": "node-11-pulsing", "metadata": {}}
{"timestamp": 1779139167, "type": "safe_tx", "device": "node-11-pulsing", "metadata": {}}
{"timestamp": 1779139167, "type": "safe_tx", "device": "node-11-pulsing", "metadata": {}}
{"timestamp": 1779139167, "type": "safe_tx", "device": "node-11-pulsing", "metadata": {}}
{"timestamp": 1779139167, "type": "safe_tx", "device": "node-11-pulsing", "metadata": {}}
{"timestamp": 1779139167, "type": "safe_tx", "device": "node-11-pulsing", "metadata": {}}
{"timestamp": 1779139167, "type": "safe_tx", "device": "node-8-spammer", "metadata": {}}
{"timestamp": 1779139167, "type": "safe_tx", "device": "node-11-pulsing", "metadata": {}}
{"timestamp": 1779139167, "type": "dos_spam", "device": "node-11-pulsing", "metadata": {}}
{"timestamp": 1779139167, "type": "safe_tx", "device": "node-8-spammer", "metadata": {}}
{"timestamp": 1779139167, "type": "safe_tx", "device": "node-8-spammer", "metadata": {}}
{"timestamp": 1779139167, "type": "safe_tx", "device": "node-11-pulsing", "metadata": {}}
{"timestamp": 1779139167, "type": "safe_tx", "device": "node-8-spammer", "metadata": {}}
{"timestamp": 1779139167, "type": "safe_tx", "device": "node-10-fuzzer", "metadata": {}}
{"timestamp": 1779139167, "type": "safe_tx", "device": "node-8-spammer", "metadata": {}}
{"timestamp": 1779139167, "type": "dos_spam", "device": "node-8-spammer", "metadata": {}}
{"timestamp": 1779139167, "type": "safe_tx", "device": "node-11-pulsing", "metadata": {}}
{"timestamp": 1779139168, "type": "safe_tx", "device": "node-8-spammer", "metadata": {}}
{"timestamp": 1779139168, "type": "safe_tx", "device": "node-8-spammer", "metadata": {}}
{"timestamp": 1779139168, "type": "safe_tx", "device": "node-11-pulsing", "metadata": {}}
{"timestamp": 1779139168, "type": "safe_tx", "device": "node-4-clean", "metadata": {}}
{"timestamp": 1779139168, "type": "safe_tx", "device": "node-11-pulsing", "metadata": {}}
{"timestamp": 1779139168, "type": "safe_tx", "device": "node-11-pulsing", "metadata": {}}
{"timestamp": 1779139168, "type": "safe_tx", "device": "node-15-mixed", "metadata": {}}
{"timestamp": 1779139168, "type": "safe_tx", "device": "node-2-clean", "metadata": {}}
{"timestamp": 1779139168, "type": "safe_tx", "device": "node-1-clean", "metadata": {}}
{"timestamp": 1779139169, "type": "time_anomaly", "device": "node-13-mixed", "metadata": {}}
{"timestamp": 1779139168, "type": "safe_tx", "device": "node-8-spammer", "metadata": {}}
{"timestamp": 1779139169, "type": "time_anomaly", "device": "node-7-timespoof", "metadata": {}}
{"timestamp": 1779139168, "type": "safe_tx", "device": "node-8-spammer", "metadata": {}}
{"timestamp": 1779139168, "type": "safe_tx", "device": "node-8-spammer", "metadata": {}}
{"timestamp": 1779139169, "type": "safe_tx", "device": "node-8-spammer", "metadata": {}}
{"timestamp": 1779139169, "type": "safe_tx", "device": "node-5-clean", "metadata": {}}
{"timestamp": 1779139169, "type": "safe_tx", "device": "node-8-spammer", "metadata": {}}
{"timestamp": 1779139169, "type": "safe_tx", "device": "node-8-spammer", "metadata": {}}
{"timestamp": 1779139169, "type": "safe_tx", "device": "node-8-spammer", "metadata": {}}
{"timestamp": 1779139169, "type": "safe_tx", "device": "node-8-spammer", "metadata": {}}
{"timestamp": 1779139169, "type": "safe_tx", "device": "node-12-mixed", "metadata": {}}
{"timestamp": 1779139169, "type": "safe_tx", "device": "node-2-clean", "metadata": {}}
{"timestamp": 1779139169, "type": "safe_tx", "device": "node-8-spammer", "metadata": {}}
{"timestamp": 1779139169, "type": "safe_tx", "device": "node-8-spammer", "metadata": {}}
{"timestamp": 1779139169, "type": "safe_tx", "device": "node-8-spammer", "metadata": {}}
{"timestamp": 1779139169, "type": "safe_tx", "device": "node-8-spammer", "metadata": {}}
{"timestamp": 1779139169, "type": "dos_spam", "device": "node-8-spammer", "metadata": {"count": 30, "window_sec": 5}}
{"timestamp": 1779139169, "type": "safe_tx", "device": "node-8-spammer", "metadata": {}}
{"timestamp": 1779139169, "type": "dos_spam", "device": "node-8-spammer", "metadata": {}}
{"timestamp": 1779139169, "type": "safe_tx", "device": "node-13-mixed", "metadata": {}}
{"timestamp": 1779139169, "type": "overflow", "device": "node-13-mixed", "metadata": {"count": 3, "window_sec": 30}}
{"timestamp": 1779139170, "type": "safe_tx", "device": "node-8-spammer", "metadata": {}}
{"timestamp": 1779139170, "type": "safe_tx", "device": "node-3-clean", "metadata": {}}
{"timestamp": 1779139170, "type": "time_anomaly", "device": "node-15-mixed", "metadata": {}}
{"timestamp": 1779139170, "type": "safe_tx", "device": "node-1-clean", "metadata": {}}
{"timestamp": 1779139171, "type": "time_anomaly", "device": "node-13-mixed", "metadata": {}}
{"timestamp": 1779139170, "type": "safe_tx", "device": "node-9-stealth", "metadata": {}}
{"timestamp": 1779139170, "type": "safe_tx", "device": "node-2-clean", "metadata": {}}
{"timestamp": 1779139170, "type": "safe_tx", "device": "node-10-fuzzer", "metadata": {}}
{"timestamp": 1779139170, "type": "safe_tx", "device": "node-4-clean", "metadata": {}}
{"timestamp": 1779139171, "type": "safe_tx", "device": "node-8-spammer", "metadata": {}}
{"timestamp": 1779139171, "type": "safe_tx", "device": "node-8-spammer", "metadata": {}}
{"timestamp": 1779139171, "type": "safe_tx", "device": "node-8-spammer", "metadata": {}}
{"timestamp": 1779139171, "type": "safe_tx", "device": "node-8-spammer", "metadata": {}}
{"timestamp": 1779139171, "type": "safe_tx", "device": "node-8-spammer", "metadata": {}}
{"timestamp": 1779139171, "type": "safe_tx", "device": "node-8-spammer", "metadata": {}}
{"timestamp": 1779139171, "type": "safe_tx", "device": "node-8-spammer", "metadata": {}}
{"timestamp": 1779139171, "type": "safe_tx", "device": "node-5-clean", "metadata": {}}
{"timestamp": 1779139171, "type": "safe_tx", "device": "node-8-spammer", "metadata": {}}
{"timestamp": 1779139171, "type": "time_anomaly", "device": "node-13-mixed", "metadata": {}}
{"timestamp": 1779139171, "type": "safe_tx", "device": "node-8-spammer", "metadata": {}}
{"timestamp": 1779139171, "type": "safe_tx", "device": "node-8-spammer", "metadata": {}}
{"timestamp": 1779139171, "type": "safe_tx", "device": "node-8-spammer", "metadata": {}}
{"timestamp": 1779139171, "type": "safe_tx", "device": "node-8-spammer", "metadata": {}}
{"timestamp": 1779139171, "type": "safe_tx", "device": "node-14-mixed", "metadata": {}}
{"timestamp": 1779139171, "type": "safe_tx", "device": "node-8-spammer", "metadata": {}}
{"timestamp": 1779139171, "type": "safe_tx", "device": "node-8-spammer", "metadata": {}}
{"timestamp": 1779139171, "type": "dos_spam", "device": "node-8-spammer", "metadata": {}}
{"timestamp": 1779139171, "type": "safe_tx", "device": "node-8-spammer", "metadata": {}}
{"timestamp": 1779139171, "type": "safe_tx", "device": "node-8-spammer", "metadata": {}}
{"timestamp": 1779139171, "type": "safe_tx", "device": "node-8-spammer", "metadata": {}}
{"timestamp": 1779139171, "type": "safe_tx", "device": "node-8-spammer", "metadata": {}}
{"timestamp": 1779139172, "type": "time_anomaly", "device": "node-12-mixed", "metadata": {}}
{"timestamp": 1779139172, "type": "safe_tx", "device": "node-9-stealth", "metadata": {}}
{"timestamp": 1779139172, "type": "safe_tx", "device": "node-8-spammer", "metadata": {}}
{"timestamp": 1779139172, "type": "safe_tx", "device": "node-8-spammer", "metadata": {}}
{"timestamp": 1779139172, "type": "safe_tx", "device": "node-3-clean", "metadata": {}}
{"timestamp": 1779139172, "type": "safe_tx", "device": "node-8-spammer", "metadata": {}}
{"timestamp": 1779139172, "type": "safe_tx", "device": "node-8-spammer", "metadata": {}}
{"timestamp": 1779139172, "type": "safe_tx", "device": "node-1-clean", "metadata": {}}
{"timestamp": 1779139172, "type": "safe_tx", "device": "node-8-spammer", "metadata": {}}
{"timestamp": 1779139172, "type": "safe_tx", "device": "node-8-spammer", "metadata": {}}
{"timestamp": 1779139172, "type": "safe_tx", "device": "node-8-spammer", "metadata": {}}
{"timestamp": 1779139172, "type": "safe_tx", "device": "node-10-fuzzer", "metadata": {}}
{"timestamp": 1779139172, "type": "safe_tx", "device": "node-2-clean", "metadata": {}}
{"timestamp": 1779139173, "type": "safe_tx", "device": "node-9-stealth", "metadata": {}}
{"timestamp": 1779139173, "type": "safe_tx", "device": "node-12-mixed", "metadata": {}}
{"timestamp": 1779139173, "type": "safe_tx", "device": "node-5-clean", "metadata": {}}
{"timestamp": 1779139174, "type": "time_anomaly", "device": "node-13-mixed", "metadata": {}}
{"timestamp": 1779139173, "type": "safe_tx", "device": "node-14-mixed", "metadata": {}}
{"timestamp": 1779139174, "type": "safe_tx", "device": "node-10-fuzzer", "metadata": {}}
{"timestamp": 1779139174, "type": "time_anomaly", "device": "node-7-timespoof", "metadata": {}}
{"timestamp": 1779139174, "type": "safe_tx", "device": "node-3-clean", "metadata": {}}
{"timestamp": 1779139174, "type": "safe_tx", "device": "node-1-clean", "metadata": {}}
{"timestamp": 1779139175, "type": "safe_tx", "device": "node-8-spammer", "metadata": {}}
{"timestamp": 1779139175, "type": "safe_tx", "device": "node-8-spammer", "metadata": {}}
{"timestamp": 1779139175, "type": "safe_tx", "device": "node-8-spammer", "metadata": {}}
{"timestamp": 1779139175, "type": "safe_tx", "device": "node-8-spammer", "metadata": {}}
{"timestamp": 1779139175, "type": "dos_spam", "device": "node-8-spammer", "metadata": {"count": 30, "window_sec": 5}}
{"timestamp": 1779139175, "type": "safe_tx", "device": "node-15-mixed", "metadata": {}}
{"timestamp": 1779139175, "type": "safe_tx", "device": "node-8-spammer", "metadata": {}}
{"timestamp": 1779139175, "type": "safe_tx", "device": "node-8-spammer", "metadata": {}}
{"timestamp": 1779139175, "type": "safe_tx", "device": "node-2-clean", "metadata": {}}
{"timestamp": 1779139175, "type": "safe_tx", "device": "node-8-spammer", "metadata": {}}
{"timestamp": 1779139175, "type": "safe_tx", "device": "node-12-mixed", "metadata": {}}
{"timestamp": 1779139176, "type": "safe_tx", "device": "node-12-mixed", "metadata": {}}
{"timestamp": 1779139176, "type": "fuzzing", "device": "node-10-fuzzer", "metadata": {}}
{"timestamp": 1779139176, "type": "safe_tx", "device": "node-9-stealth", "metadata": {}}
{"timestamp": 1779139176, "type": "safe_tx", "device": "node-4-clean", "metadata": {}}
{"timestamp": 1779139176, "type": "safe_tx", "device": "node-8-spammer", "metadata": {}}
{"timestamp": 1779139176, "type": "safe_tx", "device": "node-8-spammer", "metadata": {}}
{"timestamp": 1779139176, "type": "safe_tx", "device": "node-5-clean", "metadata": {}}
{"timestamp": 1779139176, "type": "safe_tx", "device": "node-8-spammer", "metadata": {}}
{"timestamp": 1779139177, "type": "time_anomaly", "device": "node-7-timespoof", "metadata": {}}
{"timestamp": 1779139176, "type": "safe_tx", "device": "node-8-spammer", "metadata": {}}
{"timestamp": 1779139176, "type": "safe_tx", "device": "node-8-spammer", "metadata": {}}
{"timestamp": 1779139176, "type": "safe_tx", "device": "node-8-spammer", "metadata": {}}
{"timestamp": 1779139176, "type": "safe_tx", "device": "node-8-spammer", "metadata": {}}
{"timestamp": 1779139176, "type": "safe_tx", "device": "node-8-spammer", "metadata": {}}
{"timestamp": 1779139176, "type": "dos_spam", "device": "node-8-spammer", "metadata": {}}
{"timestamp": 1779139176, "type": "safe_tx", "device": "node-8-spammer", "metadata": {}}
{"timestamp": 1779139176, "type": "safe_tx", "device": "node-8-spammer", "metadata": {}}
{"timestamp": 1779139176, "type": "safe_tx", "device": "node-8-spammer", "metadata": {}}
{"timestamp": 1779139176, "type": "safe_tx", "device": "node-8-spammer", "metadata": {}}
{"timestamp": 1779139176, "type": "safe_tx", "device": "node-8-spammer", "metadata": {}}
{"timestamp": 1779139177, "type": "safe_tx", "device": "node-13-mixed", "metadata": {}}
{"timestamp": 1779139177, "type": "safe_tx", "device": "node-10-fuzzer", "metadata": {}}
{"timestamp": 1779139177, "type": "time_anomaly", "device": "node-15-mixed", "metadata": {}}
{"timestamp": 1779139177, "type": "safe_tx", "device": "node-3-clean", "metadata": {}}
{"timestamp": 1779139177, "type": "safe_tx", "device": "node-14-mixed", "metadata": {}}
{"timestamp": 1779139177, "type": "safe_tx", "device": "node-8-spammer", "metadata": {}}
{"timestamp": 1779139177, "type": "safe_tx", "device": "node-8-spammer", "metadata": {}}
{"timestamp": 1779139177, "type": "safe_tx", "device": "node-8-spammer", "metadata": {}}
{"timestamp": 1779139177, "type": "safe_tx", "device": "node-8-spammer", "metadata": {}}
{"timestamp": 1779139177, "type": "safe_tx", "device": "node-8-spammer", "metadata": {}}
{"timestamp": 1779139178, "type": "safe_tx", "device": "node-1-clean", "metadata": {}}
{"timestamp": 1779139178, "type": "safe_tx", "device": "node-4-clean", "metadata": {}}
{"timestamp": 1779139178, "type": "safe_tx", "device": "node-1-clean", "metadata": {}}
{"timestamp": 1779139178, "type": "safe_tx", "device": "node-2-clean", "metadata": {}}
{"timestamp": 1779139178, "type": "safe_tx", "device": "node-8-spammer", "metadata": {}}
{"timestamp": 1779139178, "type": "safe_tx", "device": "node-8-spammer", "metadata": {}}
{"timestamp": 1779139178, "type": "safe_tx", "device": "node-8-spammer", "metadata": {}}
{"timestamp": 1779139178, "type": "safe_tx", "device": "node-9-stealth", "metadata": {}}
{"timestamp": 1779139178, "type": "safe_tx", "device": "node-8-spammer", "metadata": {}}
{"timestamp": 1779139178, "type": "safe_tx", "device": "node-8-spammer", "metadata": {}}
{"timestamp": 1779139178, "type": "dos_spam", "device": "node-8-spammer", "metadata": {}}
{"timestamp": 1779139178, "type": "safe_tx", "device": "node-8-spammer", "metadata": {}}
{"timestamp": 1779139178, "type": "safe_tx", "device": "node-8-spammer", "metadata": {}}
{"timestamp": 1779139178, "type": "safe_tx", "device": "node-8-spammer", "metadata": {}}
{"timestamp": 1779139178, "type": "safe_tx", "device": "node-8-spammer", "metadata": {}}
{"timestamp": 1779139178, "type": "dos_spam", "device": "node-8-spammer", "metadata": {"count": 30, "window_sec": 5}}
{"timestamp": 1779139178, "type": "safe_tx", "device": "node-8-spammer", "metadata": {}}
{"timestamp": 1779139178, "type": "safe_tx", "device": "node-8-spammer", "metadata": {}}
{"timestamp": 1779139178, "type": "safe_tx", "device": "node-8-spammer", "metadata": {}}
{"timestamp": 1779139178, "type": "safe_tx", "device": "node-8-spammer", "metadata": {}}
{"timestamp": 1779139179, "type": "fuzzing", "device": "node-10-fuzzer", "metadata": {}}
{"timestamp": 1779139179, "type": "safe_tx", "device": "node-8-spammer", "metadata": {}}
{"timestamp": 1779139179, "type": "safe_tx", "device": "node-8-spammer", "metadata": {}}
{"timestamp": 1779139179, "type": "safe_tx", "device": "node-8-spammer", "metadata": {}}
{"timestamp": 1779139179, "type": "safe_tx", "device": "node-8-spammer", "metadata": {}}
{"timestamp": 1779139179, "type": "safe_tx", "device": "node-8-spammer", "metadata": {}}
{"timestamp": 1779139179, "type": "safe_tx", "device": "node-8-spammer", "metadata": {}}
{"timestamp": 1779139179, "type": "safe_tx", "device": "node-1-clean", "metadata": {}}
{"timestamp": 1779139180, "type": "overflow", "device": "node-14-mixed", "metadata": {"count": 3, "window_sec": 30}}
{"timestamp": 1779139180, "type": "overflow", "device": "node-6-overflow", "metadata": {"count": 3, "window_sec": 30}}
{"timestamp": 1779139180, "type": "safe_tx", "device": "node-12-mixed", "metadata": {}}
{"timestamp": 1779139180, "type": "safe_tx", "device": "node-12-mixed", "metadata": {}}
{"timestamp": 1779139180, "type": "safe_tx", "device": "node-13-mixed", "metadata": {}}
{"timestamp": 1779139180, "type": "safe_tx", "device": "node-8-spammer", "metadata": {}}
{"timestamp": 1779139180, "type": "dos_spam", "device": "node-8-spammer", "metadata": {}}
{"timestamp": 1779139180, "type": "safe_tx", "device": "node-8-spammer", "metadata": {}}
{"timestamp": 1779139180, "type": "safe_tx", "device": "node-8-spammer", "metadata": {}}
{"timestamp": 1779139180, "type": "safe_tx", "device": "node-8-spammer", "metadata": {}}
{"timestamp": 1779139180, "type": "safe_tx", "device": "node-8-spammer", "metadata": {}}
{"timestamp": 1779139180, "type": "safe_tx", "device": "node-10-fuzzer", "metadata": {}}
{"timestamp": 1779139180, "type": "safe_tx", "device": "node-8-spammer", "metadata": {}}
{"timestamp": 1779139180, "type": "safe_tx", "device": "node-8-spammer", "metadata": {}}
{"timestamp": 1779139180, "type": "safe_tx", "device": "node-8-spammer", "metadata": {}}
{"timestamp": 1779139181, "type": "safe_tx", "device": "node-4-clean", "metadata": {}}
{"timestamp": 1779139181, "type": "safe_tx", "device": "node-3-clean", "metadata": {}}
{"timestamp": 1779139181, "type": "safe_tx", "device": "node-8-spammer", "metadata": {}}
{"timestamp": 1779139181, "type": "safe_tx", "device": "node-8-spammer", "metadata": {}}
{"timestamp": 1779139181, "type": "safe_tx", "device": "node-5-clean", "metadata": {}}
{"timestamp": 1779139181, "type": "safe_tx", "device": "node-8-spammer", "metadata": {}}
{"timestamp": 1779139181, "type": "safe_tx", "device": "node-8-spammer", "metadata": {}}
{"timestamp": 1779139182, "type": "fuzzing", "device": "node-10-fuzzer", "metadata": {}}
{"timestamp": 1779139182, "type": "safe_tx", "device": "node-2-clean", "metadata": {}}
{"timestamp": 1779139182, "type": "safe_tx", "device": "node-4-clean", "metadata": {}}
{"timestamp": 1779139182, "type": "safe_tx", "device": "node-3-clean", "metadata": {}}
{"timestamp": 1779139182, "type": "safe_tx", "device": "node-8-spammer", "metadata": {}}
{"timestamp": 1779139182, "type": "safe_tx", "device": "node-8-spammer", "metadata": {}}
{"timestamp": 1779139182, "type": "safe_tx", "device": "node-8-spammer", "metadata": {}}
{"timestamp": 1779139182, "type": "safe_tx", "device": "node-8-spammer", "metadata": {}}
{"timestamp": 1779139182, "type": "dos_spam", "device": "node-8-spammer", "metadata": {}}
{"timestamp": 1779139182, "type": "safe_tx", "device": "node-8-spammer", "metadata": {}}
{"timestamp": 1779139182, "type": "safe_tx", "device": "node-8-spammer", "metadata": {}}
{"timestamp": 1779139182, "type": "safe_tx", "device": "node-8-spammer", "metadata": {}}
{"timestamp": 1779139182, "type": "safe_tx", "device": "node-8-spammer", "metadata": {}}
{"timestamp": 1779139182, "type": "dos_spam", "device": "node-8-spammer", "metadata": {"count": 30, "window_sec": 5}}
{"timestamp": 1779139182, "type": "safe_tx", "device": "node-1-clean", "metadata": {}}
{"timestamp": 1779139182, "type": "safe_tx", "device": "node-8-spammer", "metadata": {}}
{"timestamp": 1779139183, "type": "time_anomaly", "device": "node-7-timespoof", "metadata": {}}
{"timestamp": 1779139182, "type": "safe_tx", "device": "node-8-spammer", "metadata": {}}
{"timestamp": 1779139182, "type": "safe_tx", "device": "node-8-spammer", "metadata": {}}
{"timestamp": 1779139182, "type": "safe_tx", "device": "node-8-spammer", "metadata": {}}
{"timestamp": 1779139182, "type": "safe_tx", "device": "node-8-spammer", "metadata": {}}
{"timestamp": 1779139182, "type": "safe_tx", "device": "node-8-spammer", "metadata": {}}
{"timestamp": 1779139183, "type": "safe_tx", "device": "node-8-spammer", "metadata": {}}
{"timestamp": 1779139183, "type": "safe_tx", "device": "node-2-clean", "metadata": {}}
{"timestamp": 1779139183, "type": "safe_tx", "device": "node-4-clean", "metadata": {}}
{"timestamp": 1779139183, "type": "safe_tx", "device": "node-5-clean", "metadata": {}}
{"timestamp": 1779139183, "type": "safe_tx", "device": "node-10-fuzzer", "metadata": {}}
{"timestamp": 1779139183, "type": "safe_tx", "device": "node-12-mixed", "metadata": {}}
{"timestamp": 1779139184, "type": "safe_tx", "device": "node-1-clean", "metadata": {}}
{"timestamp": 1779139184, "type": "safe_tx", "device": "node-1-clean", "metadata": {}}
{"timestamp": 1779139184, "type": "overflow", "device": "node-9-stealth", "metadata": {"count": 3, "window_sec": 30}}
{"timestamp": 1779139184, "type": "safe_tx", "device": "node-8-spammer", "metadata": {}}
{"timestamp": 1779139184, "type": "safe_tx", "device": "node-15-mixed", "metadata": {}}
{"timestamp": 1779139184, "type": "safe_tx", "device": "node-5-clean", "metadata": {}}
{"timestamp": 1779139184, "type": "fuzzing", "device": "node-10-fuzzer", "metadata": {}}
{"timestamp": 1779139185, "type": "time_anomaly", "device": "node-13-mixed", "metadata": {}}
{"timestamp": 1779139185, "type": "safe_tx", "device": "node-8-spammer", "metadata": {}}
{"timestamp": 1779139185, "type": "safe_tx", "device": "node-8-spammer", "metadata": {}}
{"timestamp": 1779139185, "type": "safe_tx", "device": "node-12-mixed", "metadata": {}}
{"timestamp": 1779139185, "type": "safe_tx", "device": "node-3-clean", "metadata": {}}
{"timestamp": 1779139186, "type": "time_anomaly", "device": "node-7-timespoof", "metadata": {}}
{"timestamp": 1779139185, "type": "safe_tx", "device": "node-2-clean", "metadata": {}}
{"timestamp": 1779139185, "type": "safe_tx", "device": "node-10-fuzzer", "metadata": {}}
{"timestamp": 1779139186, "type": "safe_tx", "device": "node-8-spammer", "metadata": {}}
{"timestamp": 1779139186, "type": "safe_tx", "device": "node-8-spammer", "metadata": {}}
{"timestamp": 1779139186, "type": "safe_tx", "device": "node-15-mixed", "metadata": {}}
{"timestamp": 1779139186, "type": "safe_tx", "device": "node-1-clean", "metadata": {}}
{"timestamp": 1779139186, "type": "fuzzing", "device": "node-10-fuzzer", "metadata": {}}
{"timestamp": 1779139187, "type": "overflow", "device": "node-15-mixed", "metadata": {"count": 3, "window_sec": 30}}
{"timestamp": 1779139187, "type": "safe_tx", "device": "node-1-clean", "metadata": {}}
{"timestamp": 1779139187, "type": "safe_tx", "device": "node-8-spammer", "metadata": {}}
{"timestamp": 1779139187, "type": "safe_tx", "device": "node-8-spammer", "metadata": {}}
{"timestamp": 1779139187, "type": "safe_tx", "device": "node-8-spammer", "metadata": {}}
{"timestamp": 1779139187, "type": "safe_tx", "device": "node-13-mixed", "metadata": {}}
{"timestamp": 1779139187, "type": "safe_tx", "device": "node-8-spammer", "metadata": {}}
{"timestamp": 1779139187, "type": "safe_tx", "device": "node-8-spammer", "metadata": {}}
{"timestamp": 1779139187, "type": "safe_tx", "device": "node-8-spammer", "metadata": {}}
{"timestamp": 1779139187, "type": "safe_tx", "device": "node-8-spammer", "metadata": {}}
{"timestamp": 1779139187, "type": "safe_tx", "device": "node-8-spammer", "metadata": {}}
{"timestamp": 1779139188, "type": "time_anomaly", "device": "node-12-mixed", "metadata": {}}
{"timestamp": 1779139187, "type": "safe_tx", "device": "node-8-spammer", "metadata": {}}
{"timestamp": 1779139187, "type": "safe_tx", "device": "node-8-spammer", "metadata": {}}
{"timestamp": 1779139187, "type": "safe_tx", "device": "node-8-spammer", "metadata": {}}
{"timestamp": 1779139187, "type": "dos_spam", "device": "node-8-spammer", "metadata": {}}
{"timestamp": 1779139187, "type": "safe_tx", "device": "node-8-spammer", "metadata": {}}
{"timestamp": 1779139187, "type": "safe_tx", "device": "node-8-spammer", "metadata": {}}
{"timestamp": 1779139187, "type": "safe_tx", "device": "node-8-spammer", "metadata": {}}
{"timestamp": 1779139187, "type": "safe_tx", "device": "node-8-spammer", "metadata": {}}
{"timestamp": 1779139187, "type": "safe_tx", "device": "node-8-spammer", "metadata": {}}
{"timestamp": 1779139187, "type": "safe_tx", "device": "node-8-spammer", "metadata": {}}
{"timestamp": 1779139187, "type": "safe_tx", "device": "node-8-spammer", "metadata": {}}
{"timestamp": 1779139187, "type": "dos_spam", "device": "node-8-spammer", "metadata": {"count": 30, "window_sec": 5}}
{"timestamp": 1779139187, "type": "safe_tx", "device": "node-14-mixed", "metadata": {}}
{"timestamp": 1779139187, "type": "safe_tx", "device": "node-10-fuzzer", "metadata": {}}
{"timestamp": 1779139187, "type": "safe_tx", "device": "node-8-spammer", "metadata": {}}
{"timestamp": 1779139187, "type": "safe_tx", "device": "node-8-spammer", "metadata": {}}
{"timestamp": 1779139187, "type": "safe_tx", "device": "node-8-spammer", "metadata": {}}
{"timestamp": 1779139188, "type": "safe_tx", "device": "node-5-clean", "metadata": {}}
{"timestamp": 1779139188, "type": "safe_tx", "device": "node-8-spammer", "metadata": {}}
{"timestamp": 1779139188, "type": "safe_tx", "device": "node-8-spammer", "metadata": {}}
{"timestamp": 1779139188, "type": "safe_tx", "device": "node-8-spammer", "metadata": {}}
{"timestamp": 1779139188, "type": "safe_tx", "device": "node-8-spammer", "metadata": {}}
{"timestamp": 1779139188, "type": "safe_tx", "device": "node-8-spammer", "metadata": {}}
{"timestamp": 1779139188, "type": "dos_spam", "device": "node-8-spammer", "metadata": {}}
{"timestamp": 1779139188, "type": "safe_tx", "device": "node-8-spammer", "metadata": {}}
{"timestamp": 1779139188, "type": "safe_tx", "device": "node-8-spammer", "metadata": {}}
{"timestamp": 1779139188, "type": "safe_tx", "device": "node-3-clean", "metadata": {}}
{"timestamp": 1779139188, "type": "safe_tx", "device": "node-8-spammer", "metadata": {}}
{"timestamp": 1779139188, "type": "safe_tx", "device": "node-8-spammer", "metadata": {}}
{"timestamp": 1779139188, "type": "safe_tx", "device": "node-8-spammer", "metadata": {}}
{"timestamp": 1779139188, "type": "safe_tx", "device": "node-2-clean", "metadata": {}}
{"timestamp": 1779139188, "type": "safe_tx", "device": "node-8-spammer", "metadata": {}}
{"timestamp": 1779139188, "type": "safe_tx", "device": "node-8-spammer", "metadata": {}}
{"timestamp": 1779139188, "type": "safe_tx", "device": "node-8-spammer", "metadata": {}}
{"timestamp": 1779139188, "type": "safe_tx", "device": "node-8-spammer", "metadata": {}}
{"timestamp": 1779139189, "type": "time_anomaly", "device": "node-7-timespoof", "metadata": {}}
{"timestamp": 1779139188, "type": "safe_tx", "device": "node-8-spammer", "metadata": {}}
{"timestamp": 1779139188, "type": "safe_tx", "device": "node-8-spammer", "metadata": {}}
{"timestamp": 1779139188, "type": "safe_tx", "device": "node-8-spammer", "metadata": {}}
{"timestamp": 1779139188, "type": "safe_tx", "device": "node-8-spammer", "metadata": {}}
{"timestamp": 1779139188, "type": "safe_tx", "device": "node-8-spammer", "metadata": {}}
{"timestamp": 1779139188, "type": "safe_tx", "device": "node-9-stealth", "metadata": {}}
{"timestamp": 1779139188, "type": "safe_tx", "device": "node-8-spammer", "metadata": {}}
{"timestamp": 1779139188, "type": "dos_spam", "device": "node-8-spammer", "metadata": {}}
{"timestamp": 1779139188, "type": "overflow", "device": "node-6-overflow", "metadata": {"count": 3, "window_sec": 30}}
{"timestamp": 1779139188, "type": "safe_tx", "device": "node-8-spammer", "metadata": {}}
{"timestamp": 1779139188, "type": "safe_tx", "device": "node-8-spammer", "metadata": {}}
{"timestamp": 1779139188, "type": "safe_tx", "device": "node-4-clean", "metadata": {}}
{"timestamp": 1779139189, "type": "safe_tx", "device": "node-1-clean", "metadata": {}}
{"timestamp": 1779139189, "type": "safe_tx", "device": "node-12-mixed", "metadata": {}}
{"timestamp": 1779139189, "type": "fuzzing", "device": "node-10-fuzzer", "metadata": {}}
{"timestamp": 1779139189, "type": "overflow", "device": "node-13-mixed", "metadata": {"count": 3, "window_sec": 30}}
{"timestamp": 1779139189, "type": "safe_tx", "device": "node-11-pulsing", "metadata": {}}
{"timestamp": 1779139189, "type": "safe_tx", "device": "node-11-pulsing", "metadata": {}}
{"timestamp": 1779139189, "type": "safe_tx", "device": "node-3-clean", "metadata": {}}
{"timestamp": 1779139190, "type": "safe_tx", "device": "node-11-pulsing", "metadata": {}}
{"timestamp": 1779139190, "type": "safe_tx", "device": "node-15-mixed", "metadata": {}}
{"timestamp": 1779139190, "type": "safe_tx", "device": "node-11-pulsing", "metadata": {}}
{"timestamp": 1779139190, "type": "safe_tx", "device": "node-2-clean", "metadata": {}}
{"timestamp": 1779139190, "type": "safe_tx", "device": "node-11-pulsing", "metadata": {}}
{"timestamp": 1779139190, "type": "safe_tx", "device": "node-11-pulsing", "metadata": {}}
{"timestamp": 1779139190, "type": "safe_tx", "device": "node-11-pulsing", "metadata": {}}
{"timestamp": 1779139190, "type": "safe_tx", "device": "node-11-pulsing", "metadata": {}}
{"timestamp": 1779139190, "type": "safe_tx", "device": "node-11-pulsing", "metadata": {}}
{"timestamp": 1779139190, "type": "safe_tx", "device": "node-11-pulsing", "metadata": {}}
{"timestamp": 1779139190, "type": "safe_tx", "device": "node-11-pulsing", "metadata": {}}
{"timestamp": 1779139190, "type": "safe_tx", "device": "node-11-pulsing", "metadata": {}}
{"timestamp": 1779139190, "type": "safe_tx", "device": "node-11-pulsing", "metadata": {}}
{"timestamp": 1779139190, "type": "safe_tx", "device": "node-11-pulsing", "metadata": {}}
{"timestamp": 1779139190, "type": "safe_tx", "device": "node-11-pulsing", "metadata": {}}
{"timestamp": 1779139190, "type": "dos_spam", "device": "node-11-pulsing", "metadata": {}}
{"timestamp": 1779139190, "type": "safe_tx", "device": "node-11-pulsing", "metadata": {}}
{"timestamp": 1779139190, "type": "safe_tx", "device": "node-4-clean", "metadata": {}}
{"timestamp": 1779139190, "type": "safe_tx", "device": "node-11-pulsing", "metadata": {}}
{"timestamp": 1779139190, "type": "safe_tx", "device": "node-11-pulsing", "metadata": {}}
{"timestamp": 1779139190, "type": "safe_tx", "device": "node-5-clean", "metadata": {}}
{"timestamp": 1779139190, "type": "safe_tx", "device": "node-11-pulsing", "metadata": {}}
{"timestamp": 1779139190, "type": "safe_tx", "device": "node-11-pulsing", "metadata": {}}
{"timestamp": 1779139190, "type": "fuzzing", "device": "node-10-fuzzer", "metadata": {}}
{"timestamp": 1779139191, "type": "safe_tx", "device": "node-1-clean", "metadata": {}}
{"timestamp": 1779139191, "type": "safe_tx", "device": "node-8-spammer", "metadata": {}}
{"timestamp": 1779139191, "type": "safe_tx", "device": "node-8-spammer", "metadata": {}}
{"timestamp": 1779139191, "type": "safe_tx", "device": "node-8-spammer", "metadata": {}}
{"timestamp": 1779139192, "type": "safe_tx", "device": "node-4-clean", "metadata": {}}
{"timestamp": 1779139192, "type": "safe_tx", "device": "node-12-mixed", "metadata": {}}
{"timestamp": 1779139192, "type": "safe_tx", "device": "node-2-clean", "metadata": {}}
{"timestamp": 1779139192, "type": "safe_tx", "device": "node-10-fuzzer", "metadata": {}}
{"timestamp": 1779139192, "type": "overflow", "device": "node-14-mixed", "metadata": {"count": 3, "window_sec": 30}}
{"timestamp": 1779139192, "type": "safe_tx", "device": "node-8-spammer", "metadata": {}}
{"timestamp": 1779139192, "type": "safe_tx", "device": "node-8-spammer", "metadata": {}}
{"timestamp": 1779139192, "type": "dos_spam", "device": "node-8-spammer", "metadata": {"count": 30, "window_sec": 5}}
{"timestamp": 1779139192, "type": "safe_tx", "device": "node-8-spammer", "metadata": {}}
{"timestamp": 1779139192, "type": "safe_tx", "device": "node-8-spammer", "metadata": {}}
{"timestamp": 1779139192, "type": "safe_tx", "device": "node-8-spammer", "metadata": {}}
{"timestamp": 1779139192, "type": "safe_tx", "device": "node-8-spammer", "metadata": {}}
{"timestamp": 1779139193, "type": "time_anomaly", "device": "node-7-timespoof", "metadata": {}}
{"timestamp": 1779139193, "type": "safe_tx", "device": "node-3-clean", "metadata": {}}
{"timestamp": 1779139193, "type": "safe_tx", "device": "node-9-stealth", "metadata": {}}
{"timestamp": 1779139193, "type": "safe_tx", "device": "node-8-spammer", "metadata": {}}
{"timestamp": 1779139193, "type": "safe_tx", "device": "node-8-spammer", "metadata": {}}
{"timestamp": 1779139193, "type": "safe_tx", "device": "node-8-spammer", "metadata": {}}
{"timestamp": 1779139193, "type": "safe_tx", "device": "node-10-fuzzer", "metadata": {}}
{"timestamp": 1779139193, "type": "safe_tx", "device": "node-8-spammer", "metadata": {}}
{"timestamp": 1779139193, "type": "safe_tx", "device": "node-8-spammer", "metadata": {}}
{"timestamp": 1779139193, "type": "safe_tx", "device": "node-12-mixed", "metadata": {}}
{"timestamp": 1779139194, "type": "safe_tx", "device": "node-14-mixed", "metadata": {}}
{"timestamp": 1779139194, "type": "safe_tx", "device": "node-2-clean", "metadata": {}}
{"timestamp": 1779139194, "type": "safe_tx", "device": "node-9-stealth", "metadata": {}}
{"timestamp": 1779139194, "type": "time_anomaly", "device": "node-15-mixed", "metadata": {}}
{"timestamp": 1779139194, "type": "safe_tx", "device": "node-1-clean", "metadata": {}}
{"timestamp": 1779139194, "type": "safe_tx", "device": "node-8-spammer", "metadata": {}}
{"timestamp": 1779139194, "type": "safe_tx", "device": "node-12-mixed", "metadata": {}}
{"timestamp": 1779139195, "type": "safe_tx", "device": "node-12-mixed", "metadata": {}}
{"timestamp": 1779139195, "type": "fuzzing", "device": "node-10-fuzzer", "metadata": {}}
{"timestamp": 1779139195, "type": "safe_tx", "device": "node-12-mixed", "metadata": {}}
{"timestamp": 1779139195, "type": "safe_tx", "device": "node-9-stealth", "metadata": {}}
{"timestamp": 1779139195, "type": "safe_tx", "device": "node-4-clean", "metadata": {}}
{"timestamp": 1779139195, "type": "safe_tx", "device": "node-5-clean", "metadata": {}}
{"timestamp": 1779139195, "type": "safe_tx", "device": "node-8-spammer", "metadata": {}}
{"timestamp": 1779139196, "type": "safe_tx", "device": "node-8-spammer", "metadata": {}}
{"timestamp": 1779139196, "type": "safe_tx", "device": "node-8-spammer", "metadata": {}}
{"timestamp": 1779139196, "type": "safe_tx", "device": "node-8-spammer", "metadata": {}}
{"timestamp": 1779139196, "type": "safe_tx", "device": "node-8-spammer", "metadata": {}}
{"timestamp": 1779139196, "type": "safe_tx", "device": "node-8-spammer", "metadata": {}}
{"timestamp": 1779139196, "type": "safe_tx", "device": "node-8-spammer", "metadata": {}}
{"timestamp": 1779139196, "type": "overflow", "device": "node-6-overflow", "metadata": {"count": 3, "window_sec": 30}}
{"timestamp": 1779139196, "type": "safe_tx", "device": "node-13-mixed", "metadata": {}}
{"timestamp": 1779139196, "type": "overflow", "device": "node-9-stealth", "metadata": {"count": 3, "window_sec": 30}}
{"timestamp": 1779139196, "type": "safe_tx", "device": "node-8-spammer", "metadata": {}}
{"timestamp": 1779139196, "type": "safe_tx", "device": "node-8-spammer", "metadata": {}}
{"timestamp": 1779139196, "type": "safe_tx", "device": "node-8-spammer", "metadata": {}}
{"timestamp": 1779139196, "type": "safe_tx", "device": "node-3-clean", "metadata": {}}
{"timestamp": 1779139197, "type": "time_anomaly", "device": "node-7-timespoof", "metadata": {}}
{"timestamp": 1779139197, "type": "time_anomaly", "device": "node-15-mixed", "metadata": {}}
{"timestamp": 1779139197, "type": "safe_tx", "device": "node-14-mixed", "metadata": {}}
{"timestamp": 1779139197, "type": "safe_tx", "device": "node-8-spammer", "metadata": {}}
{"timestamp": 1779139197, "type": "time_anomaly", "device": "node-12-mixed", "metadata": {}}
{"timestamp": 1779139197, "type": "safe_tx", "device": "node-8-spammer", "metadata": {}}
{"timestamp": 1779139197, "type": "safe_tx", "device": "node-8-spammer", "metadata": {}}
{"timestamp": 1779139197, "type": "safe_tx", "device": "node-8-spammer", "metadata": {}}
{"timestamp": 1779139197, "type": "safe_tx", "device": "node-8-spammer", "metadata": {}}
{"timestamp": 1779139197, "type": "dos_spam", "device": "node-8-spammer", "metadata": {}}
{"timestamp": 1779139197, "type": "safe_tx", "device": "node-8-spammer", "metadata": {}}
{"timestamp": 1779139197, "type": "safe_tx", "device": "node-8-spammer", "metadata": {}}
{"timestamp": 1779139197, "type": "safe_tx", "device": "node-8-spammer", "metadata": {}}
{"timestamp": 1779139197, "type": "safe_tx", "device": "node-4-clean", "metadata": {}}
{"timestamp": 1779139197, "type": "safe_tx", "device": "node-8-spammer", "metadata": {}}
{"timestamp": 1779139197, "type": "safe_tx", "device": "node-8-spammer", "metadata": {}}
{"timestamp": 1779139197, "type": "dos_spam", "device": "node-8-spammer", "metadata": {"count": 30, "window_sec": 5}}
{"timestamp": 1779139197, "type": "safe_tx", "device": "node-8-spammer", "metadata": {}}
{"timestamp": 1779139197, "type": "safe_tx", "device": "node-2-clean", "metadata": {}}
{"timestamp": 1779139197, "type": "safe_tx", "device": "node-14-mixed", "metadata": {}}
{"timestamp": 1779139198, "type": "time_anomaly", "device": "node-15-mixed", "metadata": {}}
{"timestamp": 1779139198, "type": "safe_tx", "device": "node-9-stealth", "metadata": {}}
{"timestamp": 1779139198, "type": "safe_tx", "device": "node-3-clean", "metadata": {}}
{"timestamp": 1779139198, "type": "fuzzing", "device": "node-10-fuzzer", "metadata": {}}
{"timestamp": 1779139199, "type": "time_anomaly", "device": "node-12-mixed", "metadata": {}}
{"timestamp": 1779139198, "type": "safe_tx", "device": "node-9-stealth", "metadata": {}}
{"timestamp": 1779139199, "type": "safe_tx", "device": "node-8-spammer", "metadata": {}}
{"timestamp": 1779139199, "type": "safe_tx", "device": "node-8-spammer", "metadata": {}}
{"timestamp": 1779139199, "type": "safe_tx", "device": "node-8-spammer", "metadata": {}}
{"timestamp": 1779139199, "type": "safe_tx", "device": "node-8-spammer", "metadata": {}}
{"timestamp": 1779139199, "type": "safe_tx", "device": "node-8-spammer", "metadata": {}}
{"timestamp": 1779139199, "type": "safe_tx", "device": "node-8-spammer", "metadata": {}}
{"timestamp": 1779139199, "type": "safe_tx", "device": "node-2-clean", "metadata": {}}
{"timestamp": 1779139199, "type": "safe_tx", "device": "node-4-clean", "metadata": {}}
{"timestamp": 1779139199, "type": "safe_tx", "device": "node-1-clean", "metadata": {}}
{"timestamp": 1779139199, "type": "safe_tx", "device": "node-13-mixed", "metadata": {}}
{"timestamp": 1779139199, "type": "safe_tx", "device": "node-3-clean", "metadata": {}}
{"timestamp": 1779139199, "type": "safe_tx", "device": "node-5-clean", "metadata": {}}
{"timestamp": 1779139199, "type": "safe_tx", "device": "node-4-clean", "metadata": {}}
{"timestamp": 1779139200, "type": "safe_tx", "device": "node-2-clean", "metadata": {}}
{"timestamp": 1779139200, "type": "safe_tx", "device": "node-8-spammer", "metadata": {}}
{"timestamp": 1779139200, "type": "safe_tx", "device": "node-8-spammer", "metadata": {}}
{"timestamp": 1779139200, "type": "safe_tx", "device": "node-8-spammer", "metadata": {}}
{"timestamp": 1779139200, "type": "safe_tx", "device": "node-9-stealth", "metadata": {}}
{"timestamp": 1779139200, "type": "safe_tx", "device": "node-4-clean", "metadata": {}}
{"timestamp": 1779139200, "type": "safe_tx", "device": "node-2-clean", "metadata": {}}
{"timestamp": 1779139201, "type": "safe_tx", "device": "node-15-mixed", "metadata": {}}
{"timestamp": 1779139201, "type": "safe_tx", "device": "node-8-spammer", "metadata": {}}
{"timestamp": 1779139201, "type": "safe_tx", "device": "node-8-spammer", "metadata": {}}
{"timestamp": 1779139201, "type": "fuzzing", "device": "node-10-fuzzer", "metadata": {}}
{"timestamp": 1779139201, "type": "safe_tx", "device": "node-8-spammer", "metadata": {}}
{"timestamp": 1779139201, "type": "safe_tx", "device": "node-8-spammer", "metadata": {}}
{"timestamp": 1779139201, "type": "safe_tx", "device": "node-8-spammer", "metadata": {}}
{"timestamp": 1779139201, "type": "safe_tx", "device": "node-2-clean", "metadata": {}}
{"timestamp": 1779139201, "type": "safe_tx", "device": "node-15-mixed", "metadata": {}}
{"timestamp": 1779139202, "type": "safe_tx", "device": "node-8-spammer", "metadata": {}}
{"timestamp": 1779139202, "type": "safe_tx", "device": "node-8-spammer", "metadata": {}}
{"timestamp": 1779139202, "type": "safe_tx", "device": "node-8-spammer", "metadata": {}}
{"timestamp": 1779139202, "type": "safe_tx", "device": "node-8-spammer", "metadata": {}}
{"timestamp": 1779139202, "type": "safe_tx", "device": "node-8-spammer", "metadata": {}}
{"timestamp": 1779139202, "type": "safe_tx", "device": "node-8-spammer", "metadata": {}}
{"timestamp": 1779139202, "type": "safe_tx", "device": "node-1-clean", "metadata": {}}
{"timestamp": 1779139202, "type": "safe_tx", "device": "node-13-mixed", "metadata": {}}
{"timestamp": 1779139203, "type": "time_anomaly", "device": "node-7-timespoof", "metadata": {}}
{"timestamp": 1779139203, "type": "safe_tx", "device": "node-9-stealth", "metadata": {}}
{"timestamp": 1779139203, "type": "safe_tx", "device": "node-5-clean", "metadata": {}}
{"timestamp": 1779139203, "type": "fuzzing", "device": "node-10-fuzzer", "metadata": {}}
{"timestamp": 1779139203, "type": "safe_tx", "device": "node-8-spammer", "metadata": {}}
{"timestamp": 1779139203, "type": "safe_tx", "device": "node-4-clean", "metadata": {}}
{"timestamp": 1779139203, "type": "overflow", "device": "node-14-mixed", "metadata": {"count": 3, "window_sec": 30}}
{"timestamp": 1779139203, "type": "safe_tx", "device": "node-8-spammer", "metadata": {}}
{"timestamp": 1779139203, "type": "safe_tx", "device": "node-8-spammer", "metadata": {}}
{"timestamp": 1779139203, "type": "safe_tx", "device": "node-2-clean", "metadata": {}}
{"timestamp": 1779139204, "type": "safe_tx", "device": "node-15-mixed", "metadata": {}}
{"timestamp": 1779139204, "type": "safe_tx", "device": "node-3-clean", "metadata": {}}
{"timestamp": 1779139204, "type": "fuzzing", "device": "node-10-fuzzer", "metadata": {}}
{"timestamp": 1779139204, "type": "safe_tx", "device": "node-9-stealth", "metadata": {}}
{"timestamp": 1779139204, "type": "safe_tx", "device": "node-12-mixed", "metadata": {}}
{"timestamp": 1779139204, "type": "safe_tx", "device": "node-1-clean", "metadata": {}}
{"timestamp": 1779139205, "type": "safe_tx", "device": "node-8-spammer", "metadata": {}}
{"timestamp": 1779139205, "type": "safe_tx", "device": "node-8-spammer", "metadata": {}}
{"timestamp": 1779139205, "type": "fuzzing", "device": "node-10-fuzzer", "metadata": {}}
{"timestamp": 1779139205, "type": "safe_tx", "device": "node-8-spammer", "metadata": {}}
{"timestamp": 1779139205, "type": "safe_tx", "device": "node-13-mixed", "metadata": {}}
{"timestamp": 1779139205, "type": "safe_tx", "device": "node-10-fuzzer", "metadata": {}}
{"timestamp": 1779139205, "type": "safe_tx", "device": "node-8-spammer", "metadata": {}}
{"timestamp": 1779139205, "type": "safe_tx", "device": "node-8-spammer", "metadata": {}}
{"timestamp": 1779139205, "type": "safe_tx", "device": "node-8-spammer", "metadata": {}}
{"timestamp": 1779139206, "type": "safe_tx", "device": "node-14-mixed", "metadata": {}}
{"timestamp": 1779139206, "type": "safe_tx", "device": "node-8-spammer", "metadata": {}}
{"timestamp": 1779139206, "type": "safe_tx", "device": "node-8-spammer", "metadata": {}}
{"timestamp": 1779139206, "type": "safe_tx", "device": "node-15-mixed", "metadata": {}}
{"timestamp": 1779139206, "type": "fuzzing", "device": "node-10-fuzzer", "metadata": {}}
{"timestamp": 1779139206, "type": "safe_tx", "device": "node-2-clean", "metadata": {}}
{"timestamp": 1779139206, "type": "safe_tx", "device": "node-5-clean", "metadata": {}}
{"timestamp": 1779139207, "type": "time_anomaly", "device": "node-15-mixed", "metadata": {}}
{"timestamp": 1779139207, "type": "time_anomaly", "device": "node-14-mixed", "metadata": {}}
{"timestamp": 1779139207, "type": "safe_tx", "device": "node-8-spammer", "metadata": {}}
{"timestamp": 1779139207, "type": "safe_tx", "device": "node-8-spammer", "metadata": {}}
{"timestamp": 1779139207, "type": "safe_tx", "device": "node-8-spammer", "metadata": {}}
{"timestamp": 1779139207, "type": "safe_tx", "device": "node-8-spammer", "metadata": {}}
{"timestamp": 1779139207, "type": "safe_tx", "device": "node-8-spammer", "metadata": {}}
{"timestamp": 1779139207, "type": "safe_tx", "device": "node-8-spammer", "metadata": {}}
{"timestamp": 1779139207, "type": "safe_tx", "device": "node-4-clean", "metadata": {}}
{"timestamp": 1779139207, "type": "safe_tx", "device": "node-2-clean", "metadata": {}}
{"timestamp": 1779139207, "type": "safe_tx", "device": "node-14-mixed", "metadata": {}}
{"timestamp": 1779139208, "type": "time_anomaly", "device": "node-12-mixed", "metadata": {}}
{"timestamp": 1779139207, "type": "safe_tx", "device": "node-9-stealth", "metadata": {}}
{"timestamp": 1779139208, "type": "safe_tx", "device": "node-8-spammer", "metadata": {}}
{"timestamp": 1779139208, "type": "safe_tx", "device": "node-8-spammer", "metadata": {}}
{"timestamp": 1779139208, "type": "safe_tx", "device": "node-8-spammer", "metadata": {}}
{"timestamp": 1779139208, "type": "safe_tx", "device": "node-8-spammer", "metadata": {}}
{"timestamp": 1779139208, "type": "safe_tx", "device": "node-8-spammer", "metadata": {}}
{"timestamp": 1779139208, "type": "safe_tx", "device": "node-4-clean", "metadata": {}}
{"timestamp": 1779139208, "type": "safe_tx", "device": "node-13-mixed", "metadata": {}}
{"timestamp": 1779139208, "type": "safe_tx", "device": "node-1-clean", "metadata": {}}
{"timestamp": 1779139208, "type": "fuzzing", "device": "node-10-fuzzer", "metadata": {}}
{"timestamp": 1779139208, "type": "safe_tx", "device": "node-6-overflow", "metadata": {}}
{"timestamp": 1779139209, "type": "safe_tx", "device": "node-3-clean", "metadata": {}}
{"timestamp": 1779139209, "type": "safe_tx", "device": "node-13-mixed", "metadata": {}}
{"timestamp": 1779139209, "type": "fuzzing", "device": "node-10-fuzzer", "metadata": {}}
{"timestamp": 1779139209, "type": "safe_tx", "device": "node-3-clean", "metadata": {}}
{"timestamp": 1779139209, "type": "safe_tx", "device": "node-15-mixed", "metadata": {}}
{"timestamp": 1779139209, "type": "safe_tx", "device": "node-5-clean", "metadata": {}}
{"timestamp": 1779139209, "type": "safe_tx", "device": "node-8-spammer", "metadata": {}}
{"timestamp": 1779139209, "type": "safe_tx", "device": "node-8-spammer", "metadata": {}}
{"timestamp": 1779139210, "type": "time_anomaly", "device": "node-7-timespoof", "metadata": {}}
{"timestamp": 1779139210, "type": "safe_tx", "device": "node-4-clean", "metadata": {}}
{"timestamp": 1779139210, "type": "safe_tx", "device": "node-14-mixed", "metadata": {}}
{"timestamp": 1779139210, "type": "safe_tx", "device": "node-9-stealth", "metadata": {}}
{"timestamp": 1779139210, "type": "safe_tx", "device": "node-13-mixed", "metadata": {}}
{"timestamp": 1779139210, "type": "safe_tx", "device": "node-8-spammer", "metadata": {}}
{"timestamp": 1779139210, "type": "safe_tx", "device": "node-12-mixed", "metadata": {}}
{"timestamp": 1779139210, "type": "safe_tx", "device": "node-5-clean", "metadata": {}}
{"timestamp": 1779139210, "type": "safe_tx", "device": "node-8-spammer", "metadata": {}}
{"timestamp": 1779139210, "type": "safe_tx", "device": "node-8-spammer", "metadata": {}}
{"timestamp": 1779139210, "type": "safe_tx", "device": "node-2-clean", "metadata": {}}
{"timestamp": 1779139210, "type": "safe_tx", "device": "node-8-spammer", "metadata": {}}
{"timestamp": 1779139211, "type": "safe_tx", "device": "node-8-spammer", "metadata": {}}
{"timestamp": 1779139211, "type": "safe_tx", "device": "node-8-spammer", "metadata": {}}
{"timestamp": 1779139211, "type": "fuzzing", "device": "node-10-fuzzer", "metadata": {}}
{"timestamp": 1779139211, "type": "time_anomaly", "device": "node-15-mixed", "metadata": {}}
{"timestamp": 1779139211, "type": "safe_tx", "device": "node-8-spammer", "metadata": {}}
{"timestamp": 1779139211, "type": "safe_tx", "device": "node-8-spammer", "metadata": {}}
{"timestamp": 1779139211, "type": "safe_tx", "device": "node-3-clean", "metadata": {}}
{"timestamp": 1779139212, "type": "safe_tx", "device": "node-1-clean", "metadata": {}}
{"timestamp": 1779139212, "type": "safe_tx", "device": "node-14-mixed", "metadata": {}}
{"timestamp": 1779139212, "type": "safe_tx", "device": "node-9-stealth", "metadata": {}}
{"timestamp": 1779139212, "type": "safe_tx", "device": "node-8-spammer", "metadata": {}}
{"timestamp": 1779139212, "type": "safe_tx", "device": "node-2-clean", "metadata": {}}
{"timestamp": 1779139212, "type": "overflow", "device": "node-13-mixed", "metadata": {"count": 3, "window_sec": 30}}
{"timestamp": 1779139212, "type": "safe_tx", "device": "node-4-clean", "metadata": {}}
{"timestamp": 1779139212, "type": "safe_tx", "device": "node-8-spammer", "metadata": {}}
{"timestamp": 1779139212, "type": "safe_tx", "device": "node-5-clean", "metadata": {}}
{"timestamp": 1779139212, "type": "safe_tx", "device": "node-8-spammer", "metadata": {}}
{"timestamp": 1779139212, "type": "safe_tx", "device": "node-3-clean", "metadata": {}}
{"timestamp": 1779139213, "type": "fuzzing", "device": "node-10-fuzzer", "metadata": {}}
{"timestamp": 1779139213, "type": "overflow", "device": "node-6-overflow", "metadata": {"count": 3, "window_sec": 30}}
{"timestamp": 1779139213, "type": "safe_tx", "device": "node-1-clean", "metadata": {}}
{"timestamp": 1779139213, "type": "safe_tx", "device": "node-15-mixed", "metadata": {}}
{"timestamp": 1779139213, "type": "safe_tx", "device": "node-9-stealth", "metadata": {}}
{"timestamp": 1779139214, "type": "time_anomaly", "device": "node-7-timespoof", "metadata": {}}
{"timestamp": 1779139214, "type": "time_anomaly", "device": "node-12-mixed", "metadata": {}}
{"timestamp": 1779139214, "type": "time_anomaly", "device": "node-14-mixed", "metadata": {}}
{"timestamp": 1779139213, "type": "safe_tx", "device": "node-8-spammer", "metadata": {}}
{"timestamp": 1779139214, "type": "safe_tx", "device": "node-8-spammer", "metadata": {}}
{"timestamp": 1779139214, "type": "safe_tx", "device": "node-8-spammer", "metadata": {}}
{"timestamp": 1779139214, "type": "safe_tx", "device": "node-8-spammer", "metadata": {}}
{"timestamp": 1779139214, "type": "safe_tx", "device": "node-8-spammer", "metadata": {}}
{"timestamp": 1779139214, "type": "safe_tx", "device": "node-8-spammer", "metadata": {}}
{"timestamp": 1779139214, "type": "safe_tx", "device": "node-13-mixed", "metadata": {}}
{"timestamp": 1779139214, "type": "safe_tx", "device": "node-10-fuzzer", "metadata": {}}
{"timestamp": 1779139214, "type": "safe_tx", "device": "node-4-clean", "metadata": {}}
{"timestamp": 1779139215, "type": "safe_tx", "device": "node-11-pulsing", "metadata": {}}
{"timestamp": 1779139215, "type": "safe_tx", "device": "node-11-pulsing", "metadata": {}}
{"timestamp": 1779139215, "type": "safe_tx", "device": "node-8-spammer", "metadata": {}}
{"timestamp": 1779139215, "type": "safe_tx", "device": "node-11-pulsing", "metadata": {}}
{"timestamp": 1779139215, "type": "safe_tx", "device": "node-8-spammer", "metadata": {}}
{"timestamp": 1779139215, "type": "safe_tx", "device": "node-11-pulsing", "metadata": {}}
{"timestamp": 1779139215, "type": "safe_tx", "device": "node-8-spammer", "metadata": {}}
{"timestamp": 1779139215, "type": "safe_tx", "device": "node-8-spammer", "metadata": {}}
{"timestamp": 1779139215, "type": "safe_tx", "device": "node-4-clean", "metadata": {}}
{"timestamp": 1779139215, "type": "safe_tx", "device": "node-11-pulsing", "metadata": {}}
{"timestamp": 1779139215, "type": "safe_tx", "device": "node-8-spammer", "metadata": {}}
{"timestamp": 1779139215, "type": "safe_tx", "device": "node-11-pulsing", "metadata": {}}
{"timestamp": 1779139215, "type": "safe_tx", "device": "node-11-pulsing", "metadata": {}}
{"timestamp": 1779139215, "type": "safe_tx", "device": "node-2-clean", "metadata": {}}
{"timestamp": 1779139215, "type": "safe_tx", "device": "node-11-pulsing", "metadata": {}}
{"timestamp": 1779139215, "type": "safe_tx", "device": "node-11-pulsing", "metadata": {}}
{"timestamp": 1779139215, "type": "safe_tx", "device": "node-11-pulsing", "metadata": {}}
{"timestamp": 1779139215, "type": "safe_tx", "device": "node-11-pulsing", "metadata": {}}
{"timestamp": 1779139215, "type": "safe_tx", "device": "node-11-pulsing", "metadata": {}}
{"timestamp": 1779139215, "type": "safe_tx", "device": "node-11-pulsing", "metadata": {}}
{"timestamp": 1779139215, "type": "safe_tx", "device": "node-11-pulsing", "metadata": {}}
{"timestamp": 1779139215, "type": "safe_tx", "device": "node-1-clean", "metadata": {}}
{"timestamp": 1779139215, "type": "safe_tx", "device": "node-11-pulsing", "metadata": {}}
{"timestamp": 1779139215, "type": "dos_spam", "device": "node-11-pulsing", "metadata": {}}
{"timestamp": 1779139215, "type": "safe_tx", "device": "node-11-pulsing", "metadata": {}}
{"timestamp": 1779139215, "type": "safe_tx", "device": "node-11-pulsing", "metadata": {}}
{"timestamp": 1779139216, "type": "safe_tx", "device": "node-4-clean", "metadata": {}}
{"timestamp": 1779139216, "type": "safe_tx", "device": "node-11-pulsing", "metadata": {}}
{"timestamp": 1779139216, "type": "safe_tx", "device": "node-8-spammer", "metadata": {}}
{"timestamp": 1779139216, "type": "safe_tx", "device": "node-8-spammer", "metadata": {}}
{"timestamp": 1779139216, "type": "safe_tx", "device": "node-11-pulsing", "metadata": {}}
{"timestamp": 1779139216, "type": "safe_tx", "device": "node-8-spammer", "metadata": {}}
{"timestamp": 1779139216, "type": "safe_tx", "device": "node-8-spammer", "metadata": {}}
{"timestamp": 1779139216, "type": "safe_tx", "device": "node-10-fuzzer", "metadata": {}}
{"timestamp": 1779139216, "type": "safe_tx", "device": "node-11-pulsing", "metadata": {}}
{"timestamp": 1779139216, "type": "safe_tx", "device": "node-8-spammer", "metadata": {}}
{"timestamp": 1779139216, "type": "dos_spam", "device": "node-8-spammer", "metadata": {}}
{"timestamp": 1779139216, "type": "safe_tx", "device": "node-5-clean", "metadata": {}}
{"timestamp": 1779139216, "type": "safe_tx", "device": "node-15-mixed", "metadata": {}}
{"timestamp": 1779139216, "type": "safe_tx", "device": "node-9-stealth", "metadata": {}}
{"timestamp": 1779139216, "type": "safe_tx", "device": "node-3-clean", "metadata": {}}
{"timestamp": 1779139216, "type": "safe_tx", "device": "node-13-mixed", "metadata": {}}
{"timestamp": 1779139217, "type": "safe_tx", "device": "node-1-clean", "metadata": {}}
{"timestamp": 1779139217, "type": "safe_tx", "device": "node-5-clean", "metadata": {}}
{"timestamp": 1779139217, "type": "safe_tx", "device": "node-9-stealth", "metadata": {}}
{"timestamp": 1779139217, "type": "safe_tx", "device": "node-12-mixed", "metadata": {}}
{"timestamp": 1779139217, "type": "safe_tx", "device": "node-8-spammer", "metadata": {}}
{"timestamp": 1779139217, "type": "fuzzing", "device": "node-10-fuzzer", "metadata": {}}
{"timestamp": 1779139217, "type": "safe_tx", "device": "node-12-mixed", "metadata": {}}
{"timestamp": 1779139217, "type": "safe_tx", "device": "node-14-mixed", "metadata": {}}
{"timestamp": 1779139218, "type": "safe_tx", "device": "node-15-mixed", "metadata": {}}
{"timestamp": 1779139218, "type": "safe_tx", "device": "node-5-clean", "metadata": {}}
{"timestamp": 1779139218, "type": "time_anomaly", "device": "node-7-timespoof", "metadata": {}}
{"timestamp": 1779139218, "type": "safe_tx", "device": "node-8-spammer", "metadata": {}}
{"timestamp": 1779139218, "type": "safe_tx", "device": "node-8-spammer", "metadata": {}}
{"timestamp": 1779139218, "type": "safe_tx", "device": "node-8-spammer", "metadata": {}}
{"timestamp": 1779139218, "type": "safe_tx", "device": "node-8-spammer", "metadata": {}}
{"timestamp": 1779139218, "type": "safe_tx", "device": "node-8-spammer", "metadata": {}}
{"timestamp": 1779139218, "type": "safe_tx", "device": "node-8-spammer", "metadata": {}}
{"timestamp": 1779139218, "type": "safe_tx", "device": "node-8-spammer", "metadata": {}}
{"timestamp": 1779139218, "type": "safe_tx", "device": "node-8-spammer", "metadata": {}}
{"timestamp": 1779139218, "type": "safe_tx", "device": "node-3-clean", "metadata": {}}
{"timestamp": 1779139218, "type": "safe_tx", "device": "node-1-clean", "metadata": {}}
{"timestamp": 1779139218, "type": "safe_tx", "device": "node-12-mixed", "metadata": {}}
{"timestamp": 1779139218, "type": "safe_tx", "device": "node-9-stealth", "metadata": {}}
{"timestamp": 1779139219, "type": "safe_tx", "device": "node-10-fuzzer", "metadata": {}}
{"timestamp": 1779139219, "type": "safe_tx", "device": "node-4-clean", "metadata": {}}
{"timestamp": 1779139219, "type": "safe_tx", "device": "node-2-clean", "metadata": {}}
{"timestamp": 1779139219, "type": "safe_tx", "device": "node-14-mixed", "metadata": {}}
{"timestamp": 1779139220, "type": "safe_tx", "device": "node-3-clean", "metadata": {}}
{"timestamp": 1779139220, "type": "fuzzing", "device": "node-10-fuzzer", "metadata": {}}
{"timestamp": 1779139220, "type": "safe_tx", "device": "node-5-clean", "metadata": {}}
{"timestamp": 1779139220, "type": "safe_tx", "device": "node-8-spammer", "metadata": {}}
{"timestamp": 1779139220, "type": "safe_tx", "device": "node-8-spammer", "metadata": {}}
{"timestamp": 1779139220, "type": "safe_tx", "device": "node-8-spammer", "metadata": {}}
{"timestamp": 1779139220, "type": "safe_tx", "device": "node-8-spammer", "metadata": {}}
{"timestamp": 1779139220, "type": "safe_tx", "device": "node-8-spammer", "metadata": {}}
{"timestamp": 1779139220, "type": "safe_tx", "device": "node-8-spammer", "metadata": {}}
{"timestamp": 1779139221, "type": "time_anomaly", "device": "node-12-mixed", "metadata": {}}
{"timestamp": 1779139220, "type": "safe_tx", "device": "node-4-clean", "metadata": {}}
{"timestamp": 1779139220, "type": "safe_tx", "device": "node-1-clean", "metadata": {}}
{"timestamp": 1779139220, "type": "safe_tx", "device": "node-2-clean", "metadata": {}}
{"timestamp": 1779139221, "type": "overflow", "device": "node-10-fuzzer", "metadata": {"count": 3, "window_sec": 30}}
{"timestamp": 1779139221, "type": "time_anomaly", "device": "node-7-timespoof", "metadata": {}}
{"timestamp": 1779139221, "type": "time_anomaly", "device": "node-13-mixed", "metadata": {}}
{"timestamp": 1779139221, "type": "safe_tx", "device": "node-12-mixed", "metadata": {}}
{"timestamp": 1779139222, "type": "safe_tx", "device": "node-13-mixed", "metadata": {}}
{"timestamp": 1779139222, "type": "safe_tx", "device": "node-14-mixed", "metadata": {}}
{"timestamp": 1779139222, "type": "time_anomaly", "device": "node-15-mixed", "metadata": {}}
{"timestamp": 1779139222, "type": "safe_tx", "device": "node-1-clean", "metadata": {}}
{"timestamp": 1779139222, "type": "safe_tx", "device": "node-3-clean", "metadata": {}}
{"timestamp": 1779139222, "type": "safe_tx", "device": "node-8-spammer", "metadata": {}}
{"timestamp": 1779139222, "type": "safe_tx", "device": "node-8-spammer", "metadata": {}}
{"timestamp": 1779139222, "type": "safe_tx", "device": "node-8-spammer", "metadata": {}}
{"timestamp": 1779139222, "type": "safe_tx", "device": "node-8-spammer", "metadata": {}}
{"timestamp": 1779139222, "type": "safe_tx", "device": "node-8-spammer", "metadata": {}}
{"timestamp": 1779139222, "type": "safe_tx", "device": "node-5-clean", "metadata": {}}
{"timestamp": 1779139222, "type": "safe_tx", "device": "node-8-spammer", "metadata": {}}
{"timestamp": 1779139222, "type": "fuzzing", "device": "node-10-fuzzer", "metadata": {}}
{"timestamp": 1779139223, "type": "safe_tx", "device": "node-2-clean", "metadata": {}}
{"timestamp": 1779139223, "type": "safe_tx", "device": "node-8-spammer", "metadata": {}}
{"timestamp": 1779139223, "type": "safe_tx", "device": "node-8-spammer", "metadata": {}}
{"timestamp": 1779139223, "type": "safe_tx", "device": "node-8-spammer", "metadata": {}}
{"timestamp": 1779139223, "type": "safe_tx", "device": "node-8-spammer", "metadata": {}}
{"timestamp": 1779139223, "type": "safe_tx", "device": "node-12-mixed", "metadata": {}}
{"timestamp": 1779139224, "type": "safe_tx", "device": "node-10-fuzzer", "metadata": {}}
{"timestamp": 1779139224, "type": "safe_tx", "device": "node-4-clean", "metadata": {}}
{"timestamp": 1779139224, "type": "overflow", "device": "node-6-overflow", "metadata": {"count": 3, "window_sec": 30}}
{"timestamp": 1779139224, "type": "safe_tx", "device": "node-8-spammer", "metadata": {}}
{"timestamp": 1779139224, "type": "safe_tx", "device": "node-8-spammer", "metadata": {}}
{"timestamp": 1779139224, "type": "safe_tx", "device": "node-8-spammer", "metadata": {}}
{"timestamp": 1779139224, "type": "safe_tx", "device": "node-8-spammer", "metadata": {}}
{"timestamp": 1779139224, "type": "safe_tx", "device": "node-14-mixed", "metadata": {}}
{"timestamp": 1779139224, "type": "safe_tx", "device": "node-8-spammer", "metadata": {}}
{"timestamp": 1779139224, "type": "dos_spam", "device": "node-8-spammer", "metadata": {}}
{"timestamp": 1779139224, "type": "safe_tx", "device": "node-8-spammer", "metadata": {}}
{"timestamp": 1779139224, "type": "safe_tx", "device": "node-8-spammer", "metadata": {}}
{"timestamp": 1779139224, "type": "safe_tx", "device": "node-8-spammer", "metadata": {}}
{"timestamp": 1779139224, "type": "safe_tx", "device": "node-8-spammer", "metadata": {}}
{"timestamp": 1779139225, "type": "time_anomaly", "device": "node-13-mixed", "metadata": {}}
{"timestamp": 1779139225, "type": "time_anomaly", "device": "node-7-timespoof", "metadata": {}}
{"timestamp": 1779139225, "type": "safe_tx", "device": "node-9-stealth", "metadata": {}}
{"timestamp": 1779139225, "type": "fuzzing", "device": "node-10-fuzzer", "metadata": {}}
{"timestamp": 1779139225, "type": "overflow", "device": "node-12-mixed", "metadata": {"count": 3, "window_sec": 30}}
{"timestamp": 1779139225, "type": "safe_tx", "device": "node-14-mixed", "metadata": {}}
{"timestamp": 1779139225, "type": "time_anomaly", "device": "node-15-mixed", "metadata": {}}
{"timestamp": 1779139225, "type": "safe_tx", "device": "node-12-mixed", "metadata": {}}
{"timestamp": 1779139225, "type": "safe_tx", "device": "node-1-clean", "metadata": {}}
{"timestamp": 1779139226, "type": "time_anomaly", "device": "node-15-mixed", "metadata": {}}
{"timestamp": 1779139225, "type": "safe_tx", "device": "node-3-clean", "metadata": {}}
{"timestamp": 1779139226, "type": "safe_tx", "device": "node-8-spammer", "metadata": {}}
{"timestamp": 1779139226, "type": "safe_tx", "device": "node-8-spammer", "metadata": {}}
{"timestamp": 1779139226, "type": "safe_tx", "device": "node-8-spammer", "metadata": {}}
{"timestamp": 1779139226, "type": "safe_tx", "device": "node-8-spammer", "metadata": {}}
{"timestamp": 1779139226, "type": "safe_tx", "device": "node-8-spammer", "metadata": {}}
{"timestamp": 1779139226, "type": "safe_tx", "device": "node-8-spammer", "metadata": {}}
{"timestamp": 1779139226, "type": "safe_tx", "device": "node-8-spammer", "metadata": {}}
{"timestamp": 1779139226, "type": "safe_tx", "device": "node-8-spammer", "metadata": {}}
{"timestamp": 1779139226, "type": "safe_tx", "device": "node-4-clean", "metadata": {}}
{"timestamp": 1779139226, "type": "fuzzing", "device": "node-10-fuzzer", "metadata": {}}
{"timestamp": 1779139226, "type": "safe_tx", "device": "node-5-clean", "metadata": {}}
{"timestamp": 1779139226, "type": "safe_tx", "device": "node-2-clean", "metadata": {}}
{"timestamp": 1779139227, "type": "safe_tx", "device": "node-1-clean", "metadata": {}}
{"timestamp": 1779139227, "type": "safe_tx", "device": "node-9-stealth", "metadata": {}}
{"timestamp": 1779139227, "type": "fuzzing", "device": "node-10-fuzzer", "metadata": {}}
{"timestamp": 1779139227, "type": "safe_tx", "device": "node-8-spammer", "metadata": {}}
{"timestamp": 1779139227, "type": "safe_tx", "device": "node-1-clean", "metadata": {}}
{"timestamp": 1779139228, "type": "time_anomaly", "device": "node-12-mixed", "metadata": {}}
{"timestamp": 1779139227, "type": "overflow", "device": "node-13-mixed", "metadata": {"count": 3, "window_sec": 30}}
{"timestamp": 1779139228, "type": "safe_tx", "device": "node-3-clean", "metadata": {}}
{"timestamp": 1779139228, "type": "safe_tx", "device": "node-10-fuzzer", "metadata": {}}
{"timestamp": 1779139228, "type": "safe_tx", "device": "node-4-clean", "metadata": {}}
{"timestamp": 1779139228, "type": "safe_tx", "device": "node-14-mixed", "metadata": {}}
{"timestamp": 1779139228, "type": "safe_tx", "device": "node-4-clean", "metadata": {}}
{"timestamp": 1779139228, "type": "safe_tx", "device": "node-9-stealth", "metadata": {}}
{"timestamp": 1779139228, "type": "time_anomaly", "device": "node-7-timespoof", "metadata": {}}
{"timestamp": 1779139228, "type": "safe_tx", "device": "node-3-clean", "metadata": {}}
{"timestamp": 1779139228, "type": "safe_tx", "device": "node-3-clean", "metadata": {}}
{"timestamp": 1779139229, "type": "safe_tx", "device": "node-12-mixed", "metadata": {}}
{"timestamp": 1779139229, "type": "fuzzing", "device": "node-10-fuzzer", "metadata": {}}
{"timestamp": 1779139229, "type": "safe_tx", "device": "node-15-mixed", "metadata": {}}
{"timestamp": 1779139229, "type": "safe_tx", "device": "node-8-spammer", "metadata": {}}
{"timestamp": 1779139229, "type": "safe_tx", "device": "node-8-spammer", "metadata": {}}
{"timestamp": 1779139229, "type": "safe_tx", "device": "node-8-spammer", "metadata": {}}
{"timestamp": 1779139229, "type": "safe_tx", "device": "node-8-spammer", "metadata": {}}
{"timestamp": 1779139229, "type": "safe_tx", "device": "node-8-spammer", "metadata": {}}
{"timestamp": 1779139229, "type": "safe_tx", "device": "node-8-spammer", "metadata": {}}
{"timestamp": 1779139229, "type": "safe_tx", "device": "node-8-spammer", "metadata": {}}
{"timestamp": 1779139229, "type": "safe_tx", "device": "node-8-spammer", "metadata": {}}
{"timestamp": 1779139229, "type": "safe_tx", "device": "node-8-spammer", "metadata": {}}
{"timestamp": 1779139229, "type": "safe_tx", "device": "node-8-spammer", "metadata": {}}
{"timestamp": 1779139229, "type": "safe_tx", "device": "node-8-spammer", "metadata": {}}
{"timestamp": 1779139229, "type": "safe_tx", "device": "node-8-spammer", "metadata": {}}
{"timestamp": 1779139229, "type": "dos_spam", "device": "node-8-spammer", "metadata": {"count": 30, "window_sec": 5}}
{"timestamp": 1779139229, "type": "safe_tx", "device": "node-8-spammer", "metadata": {}}
{"timestamp": 1779139229, "type": "safe_tx", "device": "node-8-spammer", "metadata": {}}
{"timestamp": 1779139229, "type": "dos_spam", "device": "node-8-spammer", "metadata": {}}
{"timestamp": 1779139229, "type": "safe_tx", "device": "node-3-clean", "metadata": {}}
{"timestamp": 1779139229, "type": "safe_tx", "device": "node-14-mixed", "metadata": {}}
{"timestamp": 1779139229, "type": "safe_tx", "device": "node-8-spammer", "metadata": {}}
{"timestamp": 1779139230, "type": "safe_tx", "device": "node-8-spammer", "metadata": {}}
{"timestamp": 1779139230, "type": "safe_tx", "device": "node-8-spammer", "metadata": {}}
{"timestamp": 1779139230, "type": "safe_tx", "device": "node-8-spammer", "metadata": {}}
{"timestamp": 1779139230, "type": "fuzzing", "device": "node-10-fuzzer", "metadata": {}}
{"timestamp": 1779139230, "type": "safe_tx", "device": "node-13-mixed", "metadata": {}}
{"timestamp": 1779139230, "type": "safe_tx", "device": "node-9-stealth", "metadata": {}}
{"timestamp": 1779139230, "type": "safe_tx", "device": "node-3-clean", "metadata": {}}
{"timestamp": 1779139230, "type": "safe_tx", "device": "node-2-clean", "metadata": {}}
{"timestamp": 1779139230, "type": "safe_tx", "device": "node-8-spammer", "metadata": {}}
{"timestamp": 1779139230, "type": "safe_tx", "device": "node-8-spammer", "metadata": {}}
{"timestamp": 1779139230, "type": "safe_tx", "device": "node-8-spammer", "metadata": {}}
{"timestamp": 1779139230, "type": "safe_tx", "device": "node-4-clean", "metadata": {}}
{"timestamp": 1779139230, "type": "safe_tx", "device": "node-8-spammer", "metadata": {}}
{"timestamp": 1779139230, "type": "safe_tx", "device": "node-8-spammer", "metadata": {}}
{"timestamp": 1779139231, "type": "safe_tx", "device": "node-8-spammer", "metadata": {}}
{"timestamp": 1779139231, "type": "safe_tx", "device": "node-5-clean", "metadata": {}}
{"timestamp": 1779139231, "type": "safe_tx", "device": "node-8-spammer", "metadata": {}}
{"timestamp": 1779139231, "type": "safe_tx", "device": "node-8-spammer", "metadata": {}}
{"timestamp": 1779139231, "type": "fuzzing", "device": "node-10-fuzzer", "metadata": {}}
{"timestamp": 1779139231, "type": "safe_tx", "device": "node-1-clean", "metadata": {}}
{"timestamp": 1779139231, "type": "safe_tx", "device": "node-15-mixed", "metadata": {}}
{"timestamp": 1779139231, "type": "safe_tx", "device": "node-9-stealth", "metadata": {}}
{"timestamp": 1779139231, "type": "safe_tx", "device": "node-13-mixed", "metadata": {}}
{"timestamp": 1779139231, "type": "safe_tx", "device": "node-4-clean", "metadata": {}}
{"timestamp": 1779139231, "type": "safe_tx", "device": "node-14-mixed", "metadata": {}}
{"timestamp": 1779139232, "type": "safe_tx", "device": "node-8-spammer", "metadata": {}}
{"timestamp": 1779139232, "type": "safe_tx", "device": "node-8-spammer", "metadata": {}}
{"timestamp": 1779139232, "type": "safe_tx", "device": "node-8-spammer", "metadata": {}}
{"timestamp": 1779139232, "type": "safe_tx", "device": "node-8-spammer", "metadata": {}}
{"timestamp": 1779139232, "type": "dos_spam", "device": "node-8-spammer", "metadata": {}}
{"timestamp": 1779139232, "type": "safe_tx", "device": "node-8-spammer", "metadata": {}}
{"timestamp": 1779139232, "type": "safe_tx", "device": "node-8-spammer", "metadata": {}}
{"timestamp": 1779139232, "type": "safe_tx", "device": "node-3-clean", "metadata": {}}
{"timestamp": 1779139232, "type": "safe_tx", "device": "node-8-spammer", "metadata": {}}
{"timestamp": 1779139232, "type": "safe_tx", "device": "node-8-spammer", "metadata": {}}
{"timestamp": 1779139232, "type": "safe_tx", "device": "node-4-clean", "metadata": {}}
{"timestamp": 1779139232, "type": "safe_tx", "device": "node-8-spammer", "metadata": {}}
{"timestamp": 1779139232, "type": "safe_tx", "device": "node-8-spammer", "metadata": {}}
{"timestamp": 1779139232, "type": "safe_tx", "device": "node-2-clean", "metadata": {}}
{"timestamp": 1779139232, "type": "safe_tx", "device": "node-8-spammer", "metadata": {}}
{"timestamp": 1779139232, "type": "time_anomaly", "device": "node-12-mixed", "metadata": {}}
{"timestamp": 1779139233, "type": "fuzzing", "device": "node-10-fuzzer", "metadata": {}}
{"timestamp": 1779139233, "type": "safe_tx", "device": "node-9-stealth", "metadata": {}}
{"timestamp": 1779139233, "type": "safe_tx", "device": "node-1-clean", "metadata": {}}
{"timestamp": 1779139233, "type": "safe_tx", "device": "node-2-clean", "metadata": {}}
{"timestamp": 1779139233, "type": "safe_tx", "device": "node-1-clean", "metadata": {}}
{"timestamp": 1779139233, "type": "safe_tx", "device": "node-15-mixed", "metadata": {}}
{"timestamp": 1779139234, "type": "safe_tx", "device": "node-2-clean", "metadata": {}}
{"timestamp": 1779139234, "type": "time_anomaly", "device": "node-7-timespoof", "metadata": {}}
{"timestamp": 1779139234, "type": "overflow", "device": "node-15-mixed", "metadata": {"count": 3, "window_sec": 30}}
{"timestamp": 1779139234, "type": "time_anomaly", "device": "node-13-mixed", "metadata": {}}
{"timestamp": 1779139234, "type": "fuzzing", "device": "node-10-fuzzer", "metadata": {}}
{"timestamp": 1779139234, "type": "safe_tx", "device": "node-3-clean", "metadata": {}}
{"timestamp": 1779139234, "type": "overflow", "device": "node-6-overflow", "metadata": {"count": 3, "window_sec": 30}}
{"timestamp": 1779139234, "type": "safe_tx", "device": "node-4-clean", "metadata": {}}
{"timestamp": 1779139234, "type": "safe_tx", "device": "node-5-clean", "metadata": {}}
{"timestamp": 1779139234, "type": "safe_tx", "device": "node-9-stealth", "metadata": {}}
{"timestamp": 1779139235, "type": "safe_tx", "device": "node-8-spammer", "metadata": {}}
{"timestamp": 1779139235, "type": "safe_tx", "device": "node-12-mixed", "metadata": {}}
{"timestamp": 1779139235, "type": "safe_tx", "device": "node-3-clean", "metadata": {}}
{"timestamp": 1779139235, "type": "safe_tx", "device": "node-14-mixed", "metadata": {}}
{"timestamp": 1779139236, "type": "safe_tx", "device": "node-1-clean", "metadata": {}}
{"timestamp": 1779139236, "type": "safe_tx", "device": "node-8-spammer", "metadata": {}}
{"timestamp": 1779139236, "type": "safe_tx", "device": "node-8-spammer", "metadata": {}}
{"timestamp": 1779139236, "type": "safe_tx", "device": "node-8-spammer", "metadata": {}}
{"timestamp": 1779139236, "type": "safe_tx", "device": "node-8-spammer", "metadata": {}}
{"timestamp": 1779139236, "type": "safe_tx", "device": "node-3-clean", "metadata": {}}
{"timestamp": 1779139236, "type": "safe_tx", "device": "node-8-spammer", "metadata": {}}
{"timestamp": 1779139236, "type": "safe_tx", "device": "node-8-spammer", "metadata": {}}
{"timestamp": 1779139236, "type": "safe_tx", "device": "node-8-spammer", "metadata": {}}
{"timestamp": 1779139236, "type": "safe_tx", "device": "node-8-spammer", "metadata": {}}
{"timestamp": 1779139236, "type": "safe_tx", "device": "node-8-spammer", "metadata": {}}
{"timestamp": 1779139236, "type": "safe_tx", "device": "node-8-spammer", "metadata": {}}
{"timestamp": 1779139236, "type": "safe_tx", "device": "node-1-clean", "metadata": {}}
{"timestamp": 1779139236, "type": "safe_tx", "device": "node-4-clean", "metadata": {}}
{"timestamp": 1779139236, "type": "fuzzing", "device": "node-10-fuzzer", "metadata": {}}
{"timestamp": 1779139236, "type": "safe_tx", "device": "node-14-mixed", "metadata": {}}
{"timestamp": 1779139236, "type": "safe_tx", "device": "node-8-spammer", "metadata": {}}
{"timestamp": 1779139236, "type": "safe_tx", "device": "node-9-stealth", "metadata": {}}
{"timestamp": 1779139237, "type": "safe_tx", "device": "node-1-clean", "metadata": {}}
{"timestamp": 1779139237, "type": "time_anomaly", "device": "node-7-timespoof", "metadata": {}}
{"timestamp": 1779139237, "type": "safe_tx", "device": "node-2-clean", "metadata": {}}
{"timestamp": 1779139237, "type": "safe_tx", "device": "node-9-stealth", "metadata": {}}
{"timestamp": 1779139237, "type": "safe_tx", "device": "node-1-clean", "metadata": {}}
{"timestamp": 1779139238, "type": "safe_tx", "device": "node-3-clean", "metadata": {}}
{"timestamp": 1779139238, "type": "safe_tx", "device": "node-15-mixed", "metadata": {}}
{"timestamp": 1779139238, "type": "safe_tx", "device": "node-8-spammer", "metadata": {}}
{"timestamp": 1779139238, "type": "safe_tx", "device": "node-8-spammer", "metadata": {}}
{"timestamp": 1779139238, "type": "safe_tx", "device": "node-8-spammer", "metadata": {}}
{"timestamp": 1779139238, "type": "safe_tx", "device": "node-8-spammer", "metadata": {}}
{"timestamp": 1779139238, "type": "dos_spam", "device": "node-8-spammer", "metadata": {}}
{"timestamp": 1779139238, "type": "safe_tx", "device": "node-2-clean", "metadata": {}}
{"timestamp": 1779139238, "type": "safe_tx", "device": "node-5-clean", "metadata": {}}
{"timestamp": 1779139238, "type": "safe_tx", "device": "node-14-mixed", "metadata": {}}
{"timestamp": 1779139238, "type": "safe_tx", "device": "node-13-mixed", "metadata": {}}
{"timestamp": 1779139239, "type": "safe_tx", "device": "node-5-clean", "metadata": {}}
{"timestamp": 1779139239, "type": "safe_tx", "device": "node-8-spammer", "metadata": {}}
{"timestamp": 1779139239, "type": "safe_tx", "device": "node-8-spammer", "metadata": {}}
{"timestamp": 1779139239, "type": "safe_tx", "device": "node-8-spammer", "metadata": {}}
{"timestamp": 1779139239, "type": "safe_tx", "device": "node-8-spammer", "metadata": {}}
{"timestamp": 1779139239, "type": "safe_tx", "device": "node-12-mixed", "metadata": {}}
{"timestamp": 1779139239, "type": "safe_tx", "device": "node-9-stealth", "metadata": {}}
{"timestamp": 1779139239, "type": "safe_tx", "device": "node-4-clean", "metadata": {}}
{"timestamp": 1779139240, "type": "time_anomaly", "device": "node-14-mixed", "metadata": {}}
{"timestamp": 1779139240, "type": "time_anomaly", "device": "node-13-mixed", "metadata": {}}
{"timestamp": 1779139240, "type": "overflow", "device": "node-10-fuzzer", "metadata": {"count": 3, "window_sec": 30}}
{"timestamp": 1779139240, "type": "safe_tx", "device": "node-11-pulsing", "metadata": {}}
{"timestamp": 1779139240, "type": "safe_tx", "device": "node-11-pulsing", "metadata": {}}
{"timestamp": 1779139240, "type": "safe_tx", "device": "node-11-pulsing", "metadata": {}}
{"timestamp": 1779139240, "type": "overflow", "device": "node-15-mixed", "metadata": {"count": 3, "window_sec": 30}}
{"timestamp": 1779139240, "type": "safe_tx", "device": "node-11-pulsing", "metadata": {}}
{"timestamp": 1779139240, "type": "safe_tx", "device": "node-9-stealth", "metadata": {}}
{"timestamp": 1779139240, "type": "safe_tx", "device": "node-11-pulsing", "metadata": {}}
{"timestamp": 1779139240, "type": "safe_tx", "device": "node-11-pulsing", "metadata": {}}
{"timestamp": 1779139240, "type": "safe_tx", "device": "node-11-pulsing", "metadata": {}}
{"timestamp": 1779139240, "type": "safe_tx", "device": "node-11-pulsing", "metadata": {}}
{"timestamp": 1779139240, "type": "safe_tx", "device": "node-11-pulsing", "metadata": {}}
{"timestamp": 1779139240, "type": "safe_tx", "device": "node-11-pulsing", "metadata": {}}
{"timestamp": 1779139240, "type": "safe_tx", "device": "node-2-clean", "metadata": {}}
{"timestamp": 1779139241, "type": "safe_tx", "device": "node-11-pulsing", "metadata": {}}
{"timestamp": 1779139241, "type": "time_anomaly", "device": "node-7-timespoof", "metadata": {}}
{"timestamp": 1779139241, "type": "safe_tx", "device": "node-11-pulsing", "metadata": {}}
{"timestamp": 1779139241, "type": "safe_tx", "device": "node-11-pulsing", "metadata": {}}
{"timestamp": 1779139241, "type": "safe_tx", "device": "node-11-pulsing", "metadata": {}}
{"timestamp": 1779139241, "type": "safe_tx", "device": "node-11-pulsing", "metadata": {}}
{"timestamp": 1779139241, "type": "dos_spam", "device": "node-11-pulsing", "metadata": {}}
{"timestamp": 1779139241, "type": "safe_tx", "device": "node-11-pulsing", "metadata": {}}
{"timestamp": 1779139241, "type": "safe_tx", "device": "node-11-pulsing", "metadata": {}}
{"timestamp": 1779139241, "type": "safe_tx", "device": "node-11-pulsing", "metadata": {}}
{"timestamp": 1779139241, "type": "safe_tx", "device": "node-11-pulsing", "metadata": {}}
{"timestamp": 1779139241, "type": "safe_tx", "device": "node-11-pulsing", "metadata": {}}
{"timestamp": 1779139241, "type": "safe_tx", "device": "node-1-clean", "metadata": {}}
{"timestamp": 1779139241, "type": "safe_tx", "device": "node-10-fuzzer", "metadata": {}}
{"timestamp": 1779139241, "type": "safe_tx", "device": "node-5-clean", "metadata": {}}
{"timestamp": 1779139241, "type": "safe_tx", "device": "node-2-clean", "metadata": {}}
{"timestamp": 1779139241, "type": "safe_tx", "device": "node-12-mixed", "metadata": {}}
{"timestamp": 1779139241, "type": "safe_tx", "device": "node-3-clean", "metadata": {}}
{"timestamp": 1779139242, "type": "safe_tx", "device": "node-14-mixed", "metadata": {}}
{"timestamp": 1779139242, "type": "safe_tx", "device": "node-8-spammer", "metadata": {}}
{"timestamp": 1779139242, "type": "safe_tx", "device": "node-8-spammer", "metadata": {}}
{"timestamp": 1779139242, "type": "safe_tx", "device": "node-2-clean", "metadata": {}}
{"timestamp": 1779139242, "type": "safe_tx", "device": "node-12-mixed", "metadata": {}}
{"timestamp": 1779139242, "type": "safe_tx", "device": "node-4-clean", "metadata": {}}
{"timestamp": 1779139243, "type": "fuzzing", "device": "node-10-fuzzer", "metadata": {}}
{"timestamp": 1779139243, "type": "safe_tx", "device": "node-5-clean", "metadata": {}}
{"timestamp": 1779139243, "type": "safe_tx", "device": "node-8-spammer", "metadata": {}}
{"timestamp": 1779139243, "type": "safe_tx", "device": "node-15-mixed", "metadata": {}}
{"timestamp": 1779139243, "type": "safe_tx", "device": "node-4-clean", "metadata": {}}
{"timestamp": 1779139244, "type": "safe_tx", "device": "node-3-clean", "metadata": {}}
{"timestamp": 1779139244, "type": "time_anomaly", "device": "node-7-timespoof", "metadata": {}}
{"timestamp": 1779139244, "type": "overflow", "device": "node-6-overflow", "metadata": {"count": 3, "window_sec": 30}}
{"timestamp": 1779139244, "type": "safe_tx", "device": "node-1-clean", "metadata": {}}
{"timestamp": 1779139244, "type": "time_anomaly", "device": "node-15-mixed", "metadata": {}}
{"timestamp": 1779139244, "type": "safe_tx", "device": "node-12-mixed", "metadata": {}}
{"timestamp": 1779139245, "type": "safe_tx", "device": "node-10-fuzzer", "metadata": {}}
{"timestamp": 1779139245, "type": "safe_tx", "device": "node-2-clean", "metadata": {}}
{"timestamp": 1779139245, "type": "safe_tx", "device": "node-8-spammer", "metadata": {}}
{"timestamp": 1779139245, "type": "safe_tx", "device": "node-8-spammer", "metadata": {}}
{"timestamp": 1779139245, "type": "time_anomaly", "device": "node-14-mixed", "metadata": {}}
{"timestamp": 1779139245, "type": "fuzzing", "device": "node-10-fuzzer", "metadata": {}}
{"timestamp": 1779139245, "type": "safe_tx", "device": "node-13-mixed", "metadata": {}}
{"timestamp": 1779139245, "type": "safe_tx", "device": "node-9-stealth", "metadata": {}}
{"timestamp": 1779139246, "type": "safe_tx", "device": "node-5-clean", "metadata": {}}
{"timestamp": 1779139246, "type": "safe_tx", "device": "node-8-spammer", "metadata": {}}
{"timestamp": 1779139246, "type": "safe_tx", "device": "node-4-clean", "metadata": {}}
{"timestamp": 1779139247, "type": "safe_tx", "device": "node-13-mixed", "metadata": {}}
{"timestamp": 1779139247, "type": "safe_tx", "device": "node-3-clean", "metadata": {}}
{"timestamp": 1779139247, "type": "safe_tx", "device": "node-15-mixed", "metadata": {}}
{"timestamp": 1779139247, "type": "safe_tx", "device": "node-8-spammer", "metadata": {}}
{"timestamp": 1779139247, "type": "safe_tx", "device": "node-8-spammer", "metadata": {}}
{"timestamp": 1779139248, "type": "fuzzing", "device": "node-10-fuzzer", "metadata": {}}
{"timestamp": 1779139248, "type": "time_anomaly", "device": "node-7-timespoof", "metadata": {}}
{"timestamp": 1779139248, "type": "safe_tx", "device": "node-1-clean", "metadata": {}}
{"timestamp": 1779139248, "type": "safe_tx", "device": "node-9-stealth", "metadata": {}}
{"timestamp": 1779139248, "type": "safe_tx", "device": "node-13-mixed", "metadata": {}}
{"timestamp": 1779139248, "type": "safe_tx", "device": "node-4-clean", "metadata": {}}
{"timestamp": 1779139248, "type": "fuzzing", "device": "node-10-fuzzer", "metadata": {}}
{"timestamp": 1779139248, "type": "safe_tx", "device": "node-15-mixed", "metadata": {}}
{"timestamp": 1779139248, "type": "safe_tx", "device": "node-5-clean", "metadata": {}}
{"timestamp": 1779139249, "type": "safe_tx", "device": "node-8-spammer", "metadata": {}}
{"timestamp": 1779139249, "type": "safe_tx", "device": "node-8-spammer", "metadata": {}}
{"timestamp": 1779139249, "type": "safe_tx", "device": "node-8-spammer", "metadata": {}}
{"timestamp": 1779139249, "type": "safe_tx", "device": "node-2-clean", "metadata": {}}
{"timestamp": 1779139249, "type": "safe_tx", "device": "node-8-spammer", "metadata": {}}
{"timestamp": 1779139249, "type": "safe_tx", "device": "node-8-spammer", "metadata": {}}
{"timestamp": 1779139249, "type": "safe_tx", "device": "node-8-spammer", "metadata": {}}
{"timestamp": 1779139249, "type": "safe_tx", "device": "node-8-spammer", "metadata": {}}
{"timestamp": 1779139249, "type": "safe_tx", "device": "node-8-spammer", "metadata": {}}
{"timestamp": 1779139249, "type": "safe_tx", "device": "node-8-spammer", "metadata": {}}
{"timestamp": 1779139249, "type": "safe_tx", "device": "node-14-mixed", "metadata": {}}
{"timestamp": 1779139249, "type": "safe_tx", "device": "node-8-spammer", "metadata": {}}
{"timestamp": 1779139249, "type": "safe_tx", "device": "node-2-clean", "metadata": {}}
{"timestamp": 1779139249, "type": "safe_tx", "device": "node-8-spammer", "metadata": {}}
{"timestamp": 1779139249, "type": "safe_tx", "device": "node-8-spammer", "metadata": {}}
{"timestamp": 1779139249, "type": "safe_tx", "device": "node-8-spammer", "metadata": {}}
{"timestamp": 1779139249, "type": "dos_spam", "device": "node-8-spammer", "metadata": {}}
{"timestamp": 1779139250, "type": "safe_tx", "device": "node-10-fuzzer", "metadata": {}}
{"timestamp": 1779139250, "type": "safe_tx", "device": "node-2-clean", "metadata": {}}
{"timestamp": 1779139250, "type": "safe_tx", "device": "node-13-mixed", "metadata": {}}
{"timestamp": 1779139250, "type": "safe_tx", "device": "node-9-stealth", "metadata": {}}
{"timestamp": 1779139250, "type": "safe_tx", "device": "node-8-spammer", "metadata": {}}
{"timestamp": 1779139250, "type": "safe_tx", "device": "node-8-spammer", "metadata": {}}
{"timestamp": 1779139250, "type": "safe_tx", "device": "node-8-spammer", "metadata": {}}
{"timestamp": 1779139251, "type": "safe_tx", "device": "node-1-clean", "metadata": {}}
{"timestamp": 1779139251, "type": "fuzzing", "device": "node-10-fuzzer", "metadata": {}}
{"timestamp": 1779139251, "type": "safe_tx", "device": "node-3-clean", "metadata": {}}
{"timestamp": 1779139251, "type": "safe_tx", "device": "node-9-stealth", "metadata": {}}
{"timestamp": 1779139251, "type": "safe_tx", "device": "node-8-spammer", "metadata": {}}
{"timestamp": 1779139251, "type": "safe_tx", "device": "node-8-spammer", "metadata": {}}
{"timestamp": 1779139251, "type": "safe_tx", "device": "node-8-spammer", "metadata": {}}
{"timestamp": 1779139251, "type": "safe_tx", "device": "node-9-stealth", "metadata": {}}
{"timestamp": 1779139251, "type": "overflow", "device": "node-12-mixed", "metadata": {"count": 3, "window_sec": 30}}
{"timestamp": 1779139251, "type": "safe_tx", "device": "node-10-fuzzer", "metadata": {}}
{"timestamp": 1779139252, "type": "safe_tx", "device": "node-4-clean", "metadata": {}}
{"timestamp": 1779139252, "type": "safe_tx", "device": "node-8-spammer", "metadata": {}}
{"timestamp": 1779139252, "type": "overflow", "device": "node-14-mixed", "metadata": {"count": 3, "window_sec": 30}}
{"timestamp": 1779139252, "type": "overflow", "device": "node-6-overflow", "metadata": {"count": 3, "window_sec": 30}}
{"timestamp": 1779139253, "type": "fuzzing", "device": "node-10-fuzzer", "metadata": {}}
{"timestamp": 1779139253, "type": "safe_tx", "device": "node-8-spammer", "metadata": {}}
{"timestamp": 1779139253, "type": "safe_tx", "device": "node-8-spammer", "metadata": {}}
{"timestamp": 1779139253, "type": "safe_tx", "device": "node-8-spammer", "metadata": {}}
{"timestamp": 1779139253, "type": "safe_tx", "device": "node-13-mixed", "metadata": {}}
{"timestamp": 1779139253, "type": "safe_tx", "device": "node-8-spammer", "metadata": {}}
{"timestamp": 1779139253, "type": "safe_tx", "device": "node-8-spammer", "metadata": {}}
{"timestamp": 1779139253, "type": "safe_tx", "device": "node-2-clean", "metadata": {}}
{"timestamp": 1779139253, "type": "safe_tx", "device": "node-8-spammer", "metadata": {}}
{"timestamp": 1779139253, "type": "safe_tx", "device": "node-8-spammer", "metadata": {}}
{"timestamp": 1779139253, "type": "safe_tx", "device": "node-8-spammer", "metadata": {}}
{"timestamp": 1779139253, "type": "safe_tx", "device": "node-8-spammer", "metadata": {}}
{"timestamp": 1779139254, "type": "time_anomaly", "device": "node-7-timespoof", "metadata": {}}
{"timestamp": 1779139253, "type": "safe_tx", "device": "node-9-stealth", "metadata": {}}
{"timestamp": 1779139253, "type": "safe_tx", "device": "node-5-clean", "metadata": {}}
{"timestamp": 1779139253, "type": "safe_tx", "device": "node-14-mixed", "metadata": {}}
{"timestamp": 1779139253, "type": "safe_tx", "device": "node-15-mixed", "metadata": {}}
{"timestamp": 1779139254, "type": "safe_tx", "device": "node-4-clean", "metadata": {}}
{"timestamp": 1779139254, "type": "safe_tx", "device": "node-3-clean", "metadata": {}}
{"timestamp": 1779139254, "type": "safe_tx", "device": "node-5-clean", "metadata": {}}
{"timestamp": 1779139254, "type": "safe_tx", "device": "node-12-mixed", "metadata": {}}
{"timestamp": 1779139254, "type": "safe_tx", "device": "node-15-mixed", "metadata": {}}
{"timestamp": 1779139254, "type": "safe_tx", "device": "node-8-spammer", "metadata": {}}
{"timestamp": 1779139254, "type": "dos_spam", "device": "node-8-spammer", "metadata": {"count": 30, "window_sec": 5}}
{"timestamp": 1779139254, "type": "safe_tx", "device": "node-3-clean", "metadata": {}}
{"timestamp": 1779139254, "type": "safe_tx", "device": "node-1-clean", "metadata": {}}
{"timestamp": 1779139255, "type": "safe_tx", "device": "node-2-clean", "metadata": {}}
{"timestamp": 1779139255, "type": "safe_tx", "device": "node-4-clean", "metadata": {}}
{"timestamp": 1779139255, "type": "safe_tx", "device": "node-8-spammer", "metadata": {}}
{"timestamp": 1779139255, "type": "safe_tx", "device": "node-8-spammer", "metadata": {}}
{"timestamp": 1779139255, "type": "safe_tx", "device": "node-8-spammer", "metadata": {}}
{"timestamp": 1779139255, "type": "safe_tx", "device": "node-15-mixed", "metadata": {}}
{"timestamp": 1779139255, "type": "safe_tx", "device": "node-12-mixed", "metadata": {}}
{"timestamp": 1779139256, "type": "safe_tx", "device": "node-13-mixed", "metadata": {}}
{"timestamp": 1779139256, "type": "safe_tx", "device": "node-5-clean", "metadata": {}}
{"timestamp": 1779139256, "type": "safe_tx", "device": "node-10-fuzzer", "metadata": {}}
{"timestamp": 1779139256, "type": "time_anomaly", "device": "node-12-mixed", "metadata": {}}
{"timestamp": 1779139256, "type": "safe_tx", "device": "node-8-spammer", "metadata": {}}
{"timestamp": 1779139256, "type": "safe_tx", "device": "node-8-spammer", "metadata": {}}
{"timestamp": 1779139256, "type": "safe_tx", "device": "node-8-spammer", "metadata": {}}
{"timestamp": 1779139256, "type": "safe_tx", "device": "node-8-spammer", "metadata": {}}
{"timestamp": 1779139256, "type": "safe_tx", "device": "node-8-spammer", "metadata": {}}
{"timestamp": 1779139256, "type": "safe_tx", "device": "node-8-spammer", "metadata": {}}
{"timestamp": 1779139256, "type": "safe_tx", "device": "node-8-spammer", "metadata": {}}
{"timestamp": 1779139257, "type": "safe_tx", "device": "node-8-spammer", "metadata": {}}
{"timestamp": 1779139257, "type": "safe_tx", "device": "node-8-spammer", "metadata": {}}
{"timestamp": 1779139257, "type": "safe_tx", "device": "node-8-spammer", "metadata": {}}
{"timestamp": 1779139257, "type": "time_anomaly", "device": "node-15-mixed", "metadata": {}}
{"timestamp": 1779139257, "type": "safe_tx", "device": "node-3-clean", "metadata": {}}
{"timestamp": 1779139257, "type": "safe_tx", "device": "node-8-spammer", "metadata": {}}
{"timestamp": 1779139257, "type": "safe_tx", "device": "node-8-spammer", "metadata": {}}
{"timestamp": 1779139257, "type": "dos_spam", "device": "node-8-spammer", "metadata": {}}
{"timestamp": 1779139257, "type": "safe_tx", "device": "node-8-spammer", "metadata": {}}
{"timestamp": 1779139257, "type": "safe_tx", "device": "node-8-spammer", "metadata": {}}
{"timestamp": 1779139257, "type": "safe_tx", "device": "node-8-spammer", "metadata": {}}
{"timestamp": 1779139257, "type": "overflow", "device": "node-9-stealth", "metadata": {"count": 3, "window_sec": 30}}
{"timestamp": 1779139257, "type": "safe_tx", "device": "node-8-spammer", "metadata": {}}
{"timestamp": 1779139257, "type": "safe_tx", "device": "node-8-spammer", "metadata": {}}
{"timestamp": 1779139257, "type": "safe_tx", "device": "node-8-spammer", "metadata": {}}
{"timestamp": 1779139257, "type": "safe_tx", "device": "node-8-spammer", "metadata": {}}
{"timestamp": 1779139257, "type": "safe_tx", "device": "node-14-mixed", "metadata": {}}
{"timestamp": 1779139257, "type": "time_anomaly", "device": "node-7-timespoof", "metadata": {}}
{"timestamp": 1779139257, "type": "safe_tx", "device": "node-8-spammer", "metadata": {}}
{"timestamp": 1779139257, "type": "safe_tx", "device": "node-8-spammer", "metadata": {}}
{"timestamp": 1779139257, "type": "safe_tx", "device": "node-10-fuzzer", "metadata": {}}
{"timestamp": 1779139258, "type": "safe_tx", "device": "node-4-clean", "metadata": {}}
{"timestamp": 1779139258, "type": "safe_tx", "device": "node-1-clean", "metadata": {}}
{"timestamp": 1779139258, "type": "safe_tx", "device": "node-2-clean", "metadata": {}}
{"timestamp": 1779139258, "type": "safe_tx", "device": "node-5-clean", "metadata": {}}
{"timestamp": 1779139258, "type": "safe_tx", "device": "node-9-stealth", "metadata": {}}
{"timestamp": 1779139258, "type": "fuzzing", "device": "node-10-fuzzer", "metadata": {}}
{"timestamp": 1779139259, "type": "time_anomaly", "device": "node-12-mixed", "metadata": {}}
{"timestamp": 1779139258, "type": "safe_tx", "device": "node-2-clean", "metadata": {}}
{"timestamp": 1779139259, "type": "safe_tx", "device": "node-14-mixed", "metadata": {}}
{"timestamp": 1779139259, "type": "safe_tx", "device": "node-6-overflow", "metadata": {}}
{"timestamp": 1779139259, "type": "safe_tx", "device": "node-9-stealth", "metadata": {}}
{"timestamp": 1779139259, "type": "overflow", "device": "node-13-mixed", "metadata": {"count": 3, "window_sec": 30}}
{"timestamp": 1779139260, "type": "safe_tx", "device": "node-1-clean", "metadata": {}}
{"timestamp": 1779139260, "type": "safe_tx", "device": "node-15-mixed", "metadata": {}}
{"timestamp": 1779139260, "type": "safe_tx", "device": "node-4-clean", "metadata": {}}
{"timestamp": 1779139260, "type": "safe_tx", "device": "node-4-clean", "metadata": {}}
{"timestamp": 1779139260, "type": "safe_tx", "device": "node-5-clean", "metadata": {}}
{"timestamp": 1779139260, "type": "fuzzing", "device": "node-10-fuzzer", "metadata": {}}
{"timestamp": 1779139260, "type": "safe_tx", "device": "node-9-stealth", "metadata": {}}
{"timestamp": 1779139261, "type": "time_anomaly", "device": "node-7-timespoof", "metadata": {}}
{"timestamp": 1779139261, "type": "safe_tx", "device": "node-3-clean", "metadata": {}}
{"timestamp": 1779139261, "type": "safe_tx", "device": "node-8-spammer", "metadata": {}}
{"timestamp": 1779139261, "type": "safe_tx", "device": "node-8-spammer", "metadata": {}}
{"timestamp": 1779139261, "type": "safe_tx", "device": "node-10-fuzzer", "metadata": {}}
{"timestamp": 1779139262, "type": "safe_tx", "device": "node-1-clean", "metadata": {}}
{"timestamp": 1779139262, "type": "safe_tx", "device": "node-14-mixed", "metadata": {}}
{"timestamp": 1779139262, "type": "safe_tx", "device": "node-12-mixed", "metadata": {}}
{"timestamp": 1779139262, "type": "safe_tx", "device": "node-8-spammer", "metadata": {}}
{"timestamp": 1779139262, "type": "safe_tx", "device": "node-8-spammer", "metadata": {}}
{"timestamp": 1779139262, "type": "safe_tx", "device": "node-8-spammer", "metadata": {}}
{"timestamp": 1779139262, "type": "time_anomaly", "device": "node-13-mixed", "metadata": {}}
{"timestamp": 1779139262, "type": "safe_tx", "device": "node-3-clean", "metadata": {}}
{"timestamp": 1779139262, "type": "safe_tx", "device": "node-2-clean", "metadata": {}}
{"timestamp": 1779139262, "type": "safe_tx", "device": "node-9-stealth", "metadata": {}}
{"timestamp": 1779139263, "type": "safe_tx", "device": "node-14-mixed", "metadata": {}}
{"timestamp": 1779139263, "type": "overflow", "device": "node-6-overflow", "metadata": {"count": 3, "window_sec": 30}}
{"timestamp": 1779139263, "type": "safe_tx", "device": "node-15-mixed", "metadata": {}}
{"timestamp": 1779139263, "type": "safe_tx", "device": "node-8-spammer", "metadata": {}}
{"timestamp": 1779139263, "type": "safe_tx", "device": "node-4-clean", "metadata": {}}
{"timestamp": 1779139263, "type": "fuzzing", "device": "node-10-fuzzer", "metadata": {}}
{"timestamp": 1779139263, "type": "safe_tx", "device": "node-4-clean", "metadata": {}}
{"timestamp": 1779139263, "type": "safe_tx", "device": "node-3-clean", "metadata": {}}
{"timestamp": 1779139264, "type": "safe_tx", "device": "node-5-clean", "metadata": {}}
{"timestamp": 1779139264, "type": "safe_tx", "device": "node-1-clean", "metadata": {}}
{"timestamp": 1779139264, "type": "safe_tx", "device": "node-8-spammer", "metadata": {}}
{"timestamp": 1779139264, "type": "safe_tx", "device": "node-12-mixed", "metadata": {}}
{"timestamp": 1779139264, "type": "safe_tx", "device": "node-2-clean", "metadata": {}}
{"timestamp": 1779139265, "type": "overflow", "device": "node-10-fuzzer", "metadata": {"count": 3, "window_sec": 30}}
{"timestamp": 1779139265, "type": "time_anomaly", "device": "node-7-timespoof", "metadata": {}}
{"timestamp": 1779139265, "type": "safe_tx", "device": "node-15-mixed", "metadata": {}}
{"timestamp": 1779139265, "type": "safe_tx", "device": "node-8-spammer", "metadata": {}}
{"timestamp": 1779139265, "type": "safe_tx", "device": "node-8-spammer", "metadata": {}}
{"timestamp": 1779139265, "type": "safe_tx", "device": "node-3-clean", "metadata": {}}
{"timestamp": 1779139265, "type": "safe_tx", "device": "node-9-stealth", "metadata": {}}
{"timestamp": 1779139265, "type": "safe_tx", "device": "node-13-mixed", "metadata": {}}
{"timestamp": 1779139266, "type": "time_anomaly", "device": "node-12-mixed", "metadata": {}}
{"timestamp": 1779139266, "type": "safe_tx", "device": "node-13-mixed", "metadata": {}}
{"timestamp": 1779139266, "type": "safe_tx", "device": "node-4-clean", "metadata": {}}
{"timestamp": 1779139266, "type": "safe_tx", "device": "node-3-clean", "metadata": {}}
{"timestamp": 1779139266, "type": "safe_tx", "device": "node-1-clean", "metadata": {}}
{"timestamp": 1779139266, "type": "safe_tx", "device": "node-12-mixed", "metadata": {}}
{"timestamp": 1779139266, "type": "safe_tx", "device": "node-10-fuzzer", "metadata": {}}
{"timestamp": 1779139267, "type": "safe_tx", "device": "node-14-mixed", "metadata": {}}
{"timestamp": 1779139267, "type": "fuzzing", "device": "node-10-fuzzer", "metadata": {}}
{"timestamp": 1779139267, "type": "safe_tx", "device": "node-11-pulsing", "metadata": {}}
{"timestamp": 1779139267, "type": "safe_tx", "device": "node-11-pulsing", "metadata": {}}
{"timestamp": 1779139267, "type": "safe_tx", "device": "node-14-mixed", "metadata": {}}
{"timestamp": 1779139268, "type": "time_anomaly", "device": "node-13-mixed", "metadata": {}}
{"timestamp": 1779139267, "type": "safe_tx", "device": "node-11-pulsing", "metadata": {}}
{"timestamp": 1779139267, "type": "safe_tx", "device": "node-8-spammer", "metadata": {}}
{"timestamp": 1779139267, "type": "safe_tx", "device": "node-8-spammer", "metadata": {}}
{"timestamp": 1779139267, "type": "safe_tx", "device": "node-11-pulsing", "metadata": {}}
{"timestamp": 1779139267, "type": "safe_tx", "device": "node-8-spammer", "metadata": {}}
{"timestamp": 1779139267, "type": "safe_tx", "device": "node-11-pulsing", "metadata": {}}
{"timestamp": 1779139267, "type": "safe_tx", "device": "node-8-spammer", "metadata": {}}
{"timestamp": 1779139267, "type": "safe_tx", "device": "node-11-pulsing", "metadata": {}}
{"timestamp": 1779139267, "type": "safe_tx", "device": "node-8-spammer", "metadata": {}}
{"timestamp": 1779139267, "type": "safe_tx", "device": "node-11-pulsing", "metadata": {}}
{"timestamp": 1779139268, "type": "safe_tx", "device": "node-11-pulsing", "metadata": {}}
{"timestamp": 1779139268, "type": "safe_tx", "device": "node-9-stealth", "metadata": {}}
{"timestamp": 1779139268, "type": "safe_tx", "device": "node-11-pulsing", "metadata": {}}
{"timestamp": 1779139268, "type": "safe_tx", "device": "node-15-mixed", "metadata": {}}
{"timestamp": 1779139268, "type": "safe_tx", "device": "node-11-pulsing", "metadata": {}}
{"timestamp": 1779139268, "type": "safe_tx", "device": "node-11-pulsing", "metadata": {}}
{"timestamp": 1779139268, "type": "safe_tx", "device": "node-11-pulsing", "metadata": {}}
{"timestamp": 1779139268, "type": "safe_tx", "device": "node-11-pulsing", "metadata": {}}
{"timestamp": 1779139268, "type": "safe_tx", "device": "node-11-pulsing", "metadata": {}}
{"timestamp": 1779139268, "type": "safe_tx", "device": "node-5-clean", "metadata": {}}
{"timestamp": 1779139268, "type": "safe_tx", "device": "node-11-pulsing", "metadata": {}}
{"timestamp": 1779139268, "type": "dos_spam", "device": "node-11-pulsing", "metadata": {}}
{"timestamp": 1779139268, "type": "time_anomaly", "device": "node-7-timespoof", "metadata": {}}
{"timestamp": 1779139268, "type": "safe_tx", "device": "node-11-pulsing", "metadata": {}}
{"timestamp": 1779139268, "type": "safe_tx", "device": "node-11-pulsing", "metadata": {}}
{"timestamp": 1779139268, "type": "safe_tx", "device": "node-11-pulsing", "metadata": {}}
{"timestamp": 1779139268, "type": "safe_tx", "device": "node-11-pulsing", "metadata": {}}
{"timestamp": 1779139268, "type": "safe_tx", "device": "node-11-pulsing", "metadata": {}}
{"timestamp": 1779139268, "type": "safe_tx", "device": "node-2-clean", "metadata": {}}
{"timestamp": 1779139268, "type": "safe_tx", "device": "node-1-clean", "metadata": {}}
{"timestamp": 1779139268, "type": "safe_tx", "device": "node-8-spammer", "metadata": {}}
{"timestamp": 1779139268, "type": "safe_tx", "device": "node-8-spammer", "metadata": {}}
{"timestamp": 1779139268, "type": "safe_tx", "device": "node-8-spammer", "metadata": {}}
{"timestamp": 1779139268, "type": "safe_tx", "device": "node-8-spammer", "metadata": {}}
{"timestamp": 1779139269, "type": "safe_tx", "device": "node-15-mixed", "metadata": {}}
{"timestamp": 1779139269, "type": "safe_tx", "device": "node-14-mixed", "metadata": {}}
{"timestamp": 1779139269, "type": "safe_tx", "device": "node-8-spammer", "metadata": {}}
{"timestamp": 1779139269, "type": "safe_tx", "device": "node-8-spammer", "metadata": {}}
{"timestamp": 1779139269, "type": "safe_tx", "device": "node-8-spammer", "metadata": {}}
{"timestamp": 1779139269, "type": "safe_tx", "device": "node-8-spammer", "metadata": {}}
{"timestamp": 1779139269, "type": "safe_tx", "device": "node-6-overflow", "metadata": {}}
{"timestamp": 1779139269, "type": "safe_tx", "device": "node-8-spammer", "metadata": {}}
{"timestamp": 1779139269, "type": "safe_tx", "device": "node-4-clean", "metadata": {}}
{"timestamp": 1779139269, "type": "safe_tx", "device": "node-8-spammer", "metadata": {}}
{"timestamp": 1779139269, "type": "dos_spam", "device": "node-8-spammer", "metadata": {}}
{"timestamp": 1779139269, "type": "safe_tx", "device": "node-8-spammer", "metadata": {}}
{"timestamp": 1779139269, "type": "safe_tx", "device": "node-8-spammer", "metadata": {}}
{"timestamp": 1779139269, "type": "safe_tx", "device": "node-8-spammer", "metadata": {}}
{"timestamp": 1779139269, "type": "safe_tx", "device": "node-8-spammer", "metadata": {}}
{"timestamp": 1779139270, "type": "safe_tx", "device": "node-12-mixed", "metadata": {}}
{"timestamp": 1779139270, "type": "safe_tx", "device": "node-4-clean", "metadata": {}}
{"timestamp": 1779139270, "type": "safe_tx", "device": "node-15-mixed", "metadata": {}}
{"timestamp": 1779139270, "type": "fuzzing", "device": "node-10-fuzzer", "metadata": {}}
{"timestamp": 1779139270, "type": "safe_tx", "device": "node-9-stealth", "metadata": {}}
{"timestamp": 1779139271, "type": "time_anomaly", "device": "node-13-mixed", "metadata": {}}
{"timestamp": 1779139271, "type": "safe_tx", "device": "node-8-spammer", "metadata": {}}
{"timestamp": 1779139271, "type": "safe_tx", "device": "node-8-spammer", "metadata": {}}
{"timestamp": 1779139271, "type": "safe_tx", "device": "node-8-spammer", "metadata": {}}
{"timestamp": 1779139271, "type": "safe_tx", "device": "node-3-clean", "metadata": {}}
{"timestamp": 1779139271, "type": "safe_tx", "device": "node-5-clean", "metadata": {}}
{"timestamp": 1779139271, "type": "safe_tx", "device": "node-9-stealth", "metadata": {}}
{"timestamp": 1779139271, "type": "safe_tx", "device": "node-4-clean", "metadata": {}}
{"timestamp": 1779139271, "type": "safe_tx", "device": "node-2-clean", "metadata": {}}
{"timestamp": 1779139271, "type": "safe_tx", "device": "node-3-clean", "metadata": {}}
{"timestamp": 1779139271, "type": "safe_tx", "device": "node-1-clean", "metadata": {}}
{"timestamp": 1779139272, "type": "fuzzing", "device": "node-10-fuzzer", "metadata": {}}
{"timestamp": 1779139272, "type": "safe_tx", "device": "node-5-clean", "metadata": {}}
{"timestamp": 1779139272, "type": "time_anomaly", "device": "node-14-mixed", "metadata": {}}
{"timestamp": 1779139272, "type": "safe_tx", "device": "node-5-clean", "metadata": {}}
{"timestamp": 1779139272, "type": "safe_tx", "device": "node-8-spammer", "metadata": {}}
{"timestamp": 1779139272, "type": "safe_tx", "device": "node-8-spammer", "metadata": {}}
{"timestamp": 1779139272, "type": "safe_tx", "device": "node-8-spammer", "metadata": {}}
{"timestamp": 1779139273, "type": "time_anomaly", "device": "node-12-mixed", "metadata": {}}
{"timestamp": 1779139273, "type": "time_anomaly", "device": "node-7-timespoof", "metadata": {}}
{"timestamp": 1779139273, "type": "safe_tx", "device": "node-8-spammer", "metadata": {}}
{"timestamp": 1779139273, "type": "safe_tx", "device": "node-8-spammer", "metadata": {}}
{"timestamp": 1779139273, "type": "safe_tx", "device": "node-8-spammer", "metadata": {}}
{"timestamp": 1779139273, "type": "safe_tx", "device": "node-12-mixed", "metadata": {}}
{"timestamp": 1779139273, "type": "safe_tx", "device": "node-15-mixed", "metadata": {}}
{"timestamp": 1779139273, "type": "safe_tx", "device": "node-13-mixed", "metadata": {}}
{"timestamp": 1779139273, "type": "safe_tx", "device": "node-1-clean", "metadata": {}}
{"timestamp": 1779139273, "type": "safe_tx", "device": "node-2-clean", "metadata": {}}
{"timestamp": 1779139273, "type": "safe_tx", "device": "node-3-clean", "metadata": {}}
{"timestamp": 1779139274, "type": "time_anomaly", "device": "node-13-mixed", "metadata": {}}
{"timestamp": 1779139274, "type": "overflow", "device": "node-6-overflow", "metadata": {"count": 3, "window_sec": 30}}
{"timestamp": 1779139274, "type": "overflow", "device": "node-15-mixed", "metadata": {"count": 3, "window_sec": 30}}
{"timestamp": 1779139274, "type": "safe_tx", "device": "node-9-stealth", "metadata": {}}
{"timestamp": 1779139274, "type": "safe_tx", "device": "node-2-clean", "metadata": {}}
{"timestamp": 1779139274, "type": "safe_tx", "device": "node-8-spammer", "metadata": {}}
{"timestamp": 1779139274, "type": "safe_tx", "device": "node-8-spammer", "metadata": {}}
{"timestamp": 1779139274, "type": "safe_tx", "device": "node-8-spammer", "metadata": {}}
{"timestamp": 1779139274, "type": "safe_tx", "device": "node-13-mixed", "metadata": {}}
{"timestamp": 1779139274, "type": "safe_tx", "device": "node-8-spammer", "metadata": {}}
{"timestamp": 1779139274, "type": "safe_tx", "device": "node-8-spammer", "metadata": {}}
{"timestamp": 1779139274, "type": "safe_tx", "device": "node-8-spammer", "metadata": {}}
{"timestamp": 1779139274, "type": "safe_tx", "device": "node-8-spammer", "metadata": {}}
{"timestamp": 1779139274, "type": "safe_tx", "device": "node-8-spammer", "metadata": {}}
{"timestamp": 1779139274, "type": "safe_tx", "device": "node-4-clean", "metadata": {}}
{"timestamp": 1779139274, "type": "safe_tx", "device": "node-5-clean", "metadata": {}}
{"timestamp": 1779139274, "type": "safe_tx", "device": "node-8-spammer", "metadata": {}}
{"timestamp": 1779139274, "type": "dos_spam", "device": "node-8-spammer", "metadata": {}}
{"timestamp": 1779139274, "type": "safe_tx", "device": "node-3-clean", "metadata": {}}
{"timestamp": 1779139275, "type": "safe_tx", "device": "node-8-spammer", "metadata": {}}
{"timestamp": 1779139275, "type": "safe_tx", "device": "node-8-spammer", "metadata": {}}
{"timestamp": 1779139275, "type": "safe_tx", "device": "node-8-spammer", "metadata": {}}
{"timestamp": 1779139275, "type": "safe_tx", "device": "node-8-spammer", "metadata": {}}
{"timestamp": 1779139275, "type": "safe_tx", "device": "node-8-spammer", "metadata": {}}
{"timestamp": 1779139275, "type": "safe_tx", "device": "node-8-spammer", "metadata": {}}
{"timestamp": 1779139275, "type": "safe_tx", "device": "node-8-spammer", "metadata": {}}
{"timestamp": 1779139275, "type": "safe_tx", "device": "node-8-spammer", "metadata": {}}
{"timestamp": 1779139275, "type": "safe_tx", "device": "node-8-spammer", "metadata": {}}
{"timestamp": 1779139275, "type": "safe_tx", "device": "node-8-spammer", "metadata": {}}
{"timestamp": 1779139275, "type": "safe_tx", "device": "node-8-spammer", "metadata": {}}
{"timestamp": 1779139275, "type": "safe_tx", "device": "node-8-spammer", "metadata": {}}
{"timestamp": 1779139275, "type": "dos_spam", "device": "node-8-spammer", "metadata": {"count": 30, "window_sec": 5}}
{"timestamp": 1779139275, "type": "safe_tx", "device": "node-8-spammer", "metadata": {}}
{"timestamp": 1779139275, "type": "overflow", "device": "node-14-mixed", "metadata": {"count": 3, "window_sec": 30}}
{"timestamp": 1779139275, "type": "safe_tx", "device": "node-8-spammer", "metadata": {}}
{"timestamp": 1779139275, "type": "safe_tx", "device": "node-8-spammer", "metadata": {}}
{"timestamp": 1779139275, "type": "dos_spam", "device": "node-8-spammer", "metadata": {}}
{"timestamp": 1779139275, "type": "safe_tx", "device": "node-8-spammer", "metadata": {}}
{"timestamp": 1779139275, "type": "safe_tx", "device": "node-8-spammer", "metadata": {}}
{"timestamp": 1779139275, "type": "safe_tx", "device": "node-8-spammer", "metadata": {}}
{"timestamp": 1779139275, "type": "safe_tx", "device": "node-8-spammer", "metadata": {}}
{"timestamp": 1779139275, "type": "safe_tx", "device": "node-8-spammer", "metadata": {}}
{"timestamp": 1779139275, "type": "safe_tx", "device": "node-8-spammer", "metadata": {}}
{"timestamp": 1779139276, "type": "fuzzing", "device": "node-10-fuzzer", "metadata": {}}
{"timestamp": 1779139276, "type": "time_anomaly", "device": "node-13-mixed", "metadata": {}}
{"timestamp": 1779139276, "type": "safe_tx", "device": "node-1-clean", "metadata": {}}
{"timestamp": 1779139277, "type": "time_anomaly", "device": "node-12-mixed", "metadata": {}}
{"timestamp": 1779139276, "type": "safe_tx", "device": "node-9-stealth", "metadata": {}}
{"timestamp": 1779139277, "type": "safe_tx", "device": "node-8-spammer", "metadata": {}}
{"timestamp": 1779139277, "type": "safe_tx", "device": "node-8-spammer", "metadata": {}}
{"timestamp": 1779139277, "type": "safe_tx", "device": "node-8-spammer", "metadata": {}}
{"timestamp": 1779139277, "type": "safe_tx", "device": "node-8-spammer", "metadata": {}}
{"timestamp": 1779139277, "type": "safe_tx", "device": "node-8-spammer", "metadata": {}}
{"timestamp": 1779139277, "type": "safe_tx", "device": "node-8-spammer", "metadata": {}}
{"timestamp": 1779139277, "type": "safe_tx", "device": "node-8-spammer", "metadata": {}}
{"timestamp": 1779139277, "type": "safe_tx", "device": "node-8-spammer", "metadata": {}}
{"timestamp": 1779139277, "type": "safe_tx", "device": "node-8-spammer", "metadata": {}}
{"timestamp": 1779139277, "type": "dos_spam", "device": "node-8-spammer", "metadata": {}}
{"timestamp": 1779139277, "type": "time_anomaly", "device": "node-12-mixed", "metadata": {}}
{"timestamp": 1779139277, "type": "safe_tx", "device": "node-8-spammer", "metadata": {}}
{"timestamp": 1779139277, "type": "safe_tx", "device": "node-8-spammer", "metadata": {}}
{"timestamp": 1779139277, "type": "safe_tx", "device": "node-8-spammer", "metadata": {}}
{"timestamp": 1779139277, "type": "safe_tx", "device": "node-8-spammer", "metadata": {}}
{"timestamp": 1779139277, "type": "safe_tx", "device": "node-8-spammer", "metadata": {}}
{"timestamp": 1779139277, "type": "safe_tx", "device": "node-8-spammer", "metadata": {}}
{"timestamp": 1779139277, "type": "safe_tx", "device": "node-8-spammer", "metadata": {}}
{"timestamp": 1779139277, "type": "safe_tx", "device": "node-8-spammer", "metadata": {}}
{"timestamp": 1779139277, "type": "safe_tx", "device": "node-8-spammer", "metadata": {}}
{"timestamp": 1779139277, "type": "safe_tx", "device": "node-8-spammer", "metadata": {}}
{"timestamp": 1779139277, "type": "safe_tx", "device": "node-8-spammer", "metadata": {}}
{"timestamp": 1779139277, "type": "safe_tx", "device": "node-8-spammer", "metadata": {}}
{"timestamp": 1779139277, "type": "dos_spam", "device": "node-8-spammer", "metadata": {"count": 30, "window_sec": 5}}
{"timestamp": 1779139277, "type": "safe_tx", "device": "node-8-spammer", "metadata": {}}
{"timestamp": 1779139277, "type": "safe_tx", "device": "node-2-clean", "metadata": {}}
{"timestamp": 1779139277, "type": "safe_tx", "device": "node-8-spammer", "metadata": {}}
{"timestamp": 1779139277, "type": "safe_tx", "device": "node-8-spammer", "metadata": {}}
{"timestamp": 1779139277, "type": "dos_spam", "device": "node-8-spammer", "metadata": {}}
{"timestamp": 1779139277, "type": "safe_tx", "device": "node-8-spammer", "metadata": {}}
{"timestamp": 1779139277, "type": "safe_tx", "device": "node-1-clean", "metadata": {}}
{"timestamp": 1779139277, "type": "safe_tx", "device": "node-8-spammer", "metadata": {}}
{"timestamp": 1779139278, "type": "safe_tx", "device": "node-8-spammer", "metadata": {}}
{"timestamp": 1779139278, "type": "safe_tx", "device": "node-8-spammer", "metadata": {}}
{"timestamp": 1779139278, "type": "safe_tx", "device": "node-15-mixed", "metadata": {}}
{"timestamp": 1779139278, "type": "safe_tx", "device": "node-3-clean", "metadata": {}}
{"timestamp": 1779139278, "type": "safe_tx", "device": "node-5-clean", "metadata": {}}
{"timestamp": 1779139278, "type": "safe_tx", "device": "node-4-clean", "metadata": {}}
{"timestamp": 1779139278, "type": "safe_tx", "device": "node-10-fuzzer", "metadata": {}}
{"timestamp": 1779139278, "type": "safe_tx", "device": "node-14-mixed", "metadata": {}}
{"timestamp": 1779139279, "type": "safe_tx", "device": "node-8-spammer", "metadata": {}}
{"timestamp": 1779139279, "type": "safe_tx", "device": "node-8-spammer", "metadata": {}}
{"timestamp": 1779139279, "type": "safe_tx", "device": "node-8-spammer", "metadata": {}}
{"timestamp": 1779139279, "type": "safe_tx", "device": "node-8-spammer", "metadata": {}}
{"timestamp": 1779139279, "type": "safe_tx", "device": "node-8-spammer", "metadata": {}}
{"timestamp": 1779139279, "type": "safe_tx", "device": "node-8-spammer", "metadata": {}}
{"timestamp": 1779139279, "type": "safe_tx", "device": "node-8-spammer", "metadata": {}}
{"timestamp": 1779139279, "type": "safe_tx", "device": "node-6-overflow", "metadata": {}}
{"timestamp": 1779139279, "type": "time_anomaly", "device": "node-7-timespoof", "metadata": {}}
{"timestamp": 1779139279, "type": "safe_tx", "device": "node-14-mixed", "metadata": {}}
{"timestamp": 1779139279, "type": "safe_tx", "device": "node-9-stealth", "metadata": {}}
{"timestamp": 1779139279, "type": "safe_tx", "device": "node-2-clean", "metadata": {}}
{"timestamp": 1779139280, "type": "time_anomaly", "device": "node-12-mixed", "metadata": {}}
{"timestamp": 1779139280, "type": "safe_tx", "device": "node-9-stealth", "metadata": {}}
{"timestamp": 1779139280, "type": "safe_tx", "device": "node-8-spammer", "metadata": {}}
{"timestamp": 1779139280, "type": "safe_tx", "device": "node-8-spammer", "metadata": {}}
{"timestamp": 1779139280, "type": "safe_tx", "device": "node-8-spammer", "metadata": {}}
{"timestamp": 1779139280, "type": "safe_tx", "device": "node-8-spammer", "metadata": {}}
{"timestamp": 1779139280, "type": "safe_tx", "device": "node-8-spammer", "metadata": {}}
{"timestamp": 1779139280, "type": "safe_tx", "device": "node-8-spammer", "metadata": {}}
{"timestamp": 1779139280, "type": "dos_spam", "device": "node-8-spammer", "metadata": {}}
{"timestamp": 1779139280, "type": "safe_tx", "device": "node-8-spammer", "metadata": {}}
{"timestamp": 1779139281, "type": "fuzzing", "device": "node-10-fuzzer", "metadata": {}}
{"timestamp": 1779139281, "type": "safe_tx", "device": "node-3-clean", "metadata": {}}
{"timestamp": 1779139281, "type": "time_anomaly", "device": "node-7-timespoof", "metadata": {}}
{"timestamp": 1779139281, "type": "safe_tx", "device": "node-5-clean", "metadata": {}}
{"timestamp": 1779139281, "type": "time_anomaly", "device": "node-15-mixed", "metadata": {}}
{"timestamp": 1779139281, "type": "safe_tx", "device": "node-9-stealth", "metadata": {}}
{"timestamp": 1779139281, "type": "safe_tx", "device": "node-4-clean", "metadata": {}}
{"timestamp": 1779139281, "type": "safe_tx", "device": "node-10-fuzzer", "metadata": {}}
{"timestamp": 1779139281, "type": "safe_tx", "device": "node-1-clean", "metadata": {}}
{"timestamp": 1779139282, "type": "safe_tx", "device": "node-2-clean", "metadata": {}}
{"timestamp": 1779139282, "type": "safe_tx", "device": "node-1-clean", "metadata": {}}
{"timestamp": 1779139282, "type": "safe_tx", "device": "node-14-mixed", "metadata": {}}
{"timestamp": 1779139282, "type": "safe_tx", "device": "node-12-mixed", "metadata": {}}
{"timestamp": 1779139282, "type": "safe_tx", "device": "node-8-spammer", "metadata": {}}
{"timestamp": 1779139282, "type": "safe_tx", "device": "node-8-spammer", "metadata": {}}
{"timestamp": 1779139282, "type": "safe_tx", "device": "node-8-spammer", "metadata": {}}
{"timestamp": 1779139282, "type": "safe_tx", "device": "node-8-spammer", "metadata": {}}
{"timestamp": 1779139282, "type": "safe_tx", "device": "node-8-spammer", "metadata": {}}
{"timestamp": 1779139282, "type": "safe_tx", "device": "node-8-spammer", "metadata": {}}
{"timestamp": 1779139282, "type": "safe_tx", "device": "node-8-spammer", "metadata": {}}
{"timestamp": 1779139282, "type": "safe_tx", "device": "node-8-spammer", "metadata": {}}
{"timestamp": 1779139282, "type": "safe_tx", "device": "node-8-spammer", "metadata": {}}
{"timestamp": 1779139282, "type": "dos_spam", "device": "node-8-spammer", "metadata": {"count": 30, "window_sec": 5}}
{"timestamp": 1779139282, "type": "safe_tx", "device": "node-4-clean", "metadata": {}}
{"timestamp": 1779139282, "type": "safe_tx", "device": "node-8-spammer", "metadata": {}}
{"timestamp": 1779139283, "type": "safe_tx", "device": "node-8-spammer", "metadata": {}}
{"timestamp": 1779139283, "type": "safe_tx", "device": "node-8-spammer", "metadata": {}}
{"timestamp": 1779139283, "type": "safe_tx", "device": "node-5-clean", "metadata": {}}
{"timestamp": 1779139283, "type": "overflow", "device": "node-13-mixed", "metadata": {"count": 3, "window_sec": 30}}
{"timestamp": 1779139283, "type": "safe_tx", "device": "node-12-mixed", "metadata": {}}
{"timestamp": 1779139283, "type": "safe_tx", "device": "node-10-fuzzer", "metadata": {}}
{"timestamp": 1779139283, "type": "safe_tx", "device": "node-8-spammer", "metadata": {}}
{"timestamp": 1779139284, "type": "safe_tx", "device": "node-3-clean", "metadata": {}}
{"timestamp": 1779139284, "type": "safe_tx", "device": "node-13-mixed", "metadata": {}}
{"timestamp": 1779139284, "type": "safe_tx", "device": "node-9-stealth", "metadata": {}}
{"timestamp": 1779139284, "type": "time_anomaly", "device": "node-7-timespoof", "metadata": {}}
{"timestamp": 1779139284, "type": "safe_tx", "device": "node-9-stealth", "metadata": {}}
{"timestamp": 1779139284, "type": "safe_tx", "device": "node-5-clean", "metadata": {}}
{"timestamp": 1779139284, "type": "safe_tx", "device": "node-15-mixed", "metadata": {}}
{"timestamp": 1779139284, "type": "safe_tx", "device": "node-13-mixed", "metadata": {}}
{"timestamp": 1779139284, "type": "safe_tx", "device": "node-2-clean", "metadata": {}}
{"timestamp": 1779139285, "type": "safe_tx", "device": "node-8-spammer", "metadata": {}}
{"timestamp": 1779139285, "type": "safe_tx", "device": "node-8-spammer", "metadata": {}}
{"timestamp": 1779139285, "type": "safe_tx", "device": "node-8-spammer", "metadata": {}}
{"timestamp": 1779139285, "type": "safe_tx", "device": "node-8-spammer", "metadata": {}}
{"timestamp": 1779139285, "type": "safe_tx", "device": "node-8-spammer", "metadata": {}}
{"timestamp": 1779139285, "type": "safe_tx", "device": "node-14-mixed", "metadata": {}}
{"timestamp": 1779139285, "type": "safe_tx", "device": "node-8-spammer", "metadata": {}}
{"timestamp": 1779139285, "type": "safe_tx", "device": "node-8-spammer", "metadata": {}}
{"timestamp": 1779139285, "type": "safe_tx", "device": "node-8-spammer", "metadata": {}}
{"timestamp": 1779139285, "type": "safe_tx", "device": "node-8-spammer", "metadata": {}}
{"timestamp": 1779139285, "type": "safe_tx", "device": "node-8-spammer", "metadata": {}}
{"timestamp": 1779139285, "type": "safe_tx", "device": "node-1-clean", "metadata": {}}
{"timestamp": 1779139286, "type": "safe_tx", "device": "node-6-overflow", "metadata": {}}
{"timestamp": 1779139286, "type": "safe_tx", "device": "node-4-clean", "metadata": {}}
{"timestamp": 1779139286, "type": "fuzzing", "device": "node-10-fuzzer", "metadata": {}}
{"timestamp": 1779139286, "type": "safe_tx", "device": "node-8-spammer", "metadata": {}}
{"timestamp": 1779139287, "type": "safe_tx", "device": "node-8-spammer", "metadata": {}}
{"timestamp": 1779139287, "type": "safe_tx", "device": "node-8-spammer", "metadata": {}}
{"timestamp": 1779139287, "type": "safe_tx", "device": "node-1-clean", "metadata": {}}
{"timestamp": 1779139287, "type": "safe_tx", "device": "node-8-spammer", "metadata": {}}
{"timestamp": 1779139287, "type": "safe_tx", "device": "node-8-spammer", "metadata": {}}
{"timestamp": 1779139287, "type": "dos_spam", "device": "node-8-spammer", "metadata": {}}
{"timestamp": 1779139287, "type": "safe_tx", "device": "node-1-clean", "metadata": {}}
{"timestamp": 1779139287, "type": "safe_tx", "device": "node-9-stealth", "metadata": {}}
{"timestamp": 1779139287, "type": "safe_tx", "device": "node-5-clean", "metadata": {}}
{"timestamp": 1779139287, "type": "time_anomaly", "device": "node-15-mixed", "metadata": {}}
{"timestamp": 1779139287, "type": "safe_tx", "device": "node-2-clean", "metadata": {}}
{"timestamp": 1779139287, "type": "safe_tx", "device": "node-13-mixed", "metadata": {}}
{"timestamp": 1779139287, "type": "safe_tx", "device": "node-12-mixed", "metadata": {}}
{"timestamp": 1779139287, "type": "safe_tx", "device": "node-4-clean", "metadata": {}}
{"timestamp": 1779139288, "type": "safe_tx", "device": "node-8-spammer", "metadata": {}}
{"timestamp": 1779139288, "type": "safe_tx", "device": "node-13-mixed", "metadata": {}}
{"timestamp": 1779139288, "type": "safe_tx", "device": "node-3-clean", "metadata": {}}
{"timestamp": 1779139288, "type": "safe_tx", "device": "node-5-clean", "metadata": {}}
{"timestamp": 1779139288, "type": "safe_tx", "device": "node-8-spammer", "metadata": {}}
{"timestamp": 1779139288, "type": "safe_tx", "device": "node-8-spammer", "metadata": {}}
{"timestamp": 1779139288, "type": "safe_tx", "device": "node-8-spammer", "metadata": {}}
{"timestamp": 1779139288, "type": "safe_tx", "device": "node-8-spammer", "metadata": {}}
{"timestamp": 1779139288, "type": "safe_tx", "device": "node-8-spammer", "metadata": {}}
{"timestamp": 1779139288, "type": "safe_tx", "device": "node-8-spammer", "metadata": {}}
{"timestamp": 1779139288, "type": "safe_tx", "device": "node-8-spammer", "metadata": {}}
{"timestamp": 1779139289, "type": "safe_tx", "device": "node-3-clean", "metadata": {}}
{"timestamp": 1779139289, "type": "safe_tx", "device": "node-4-clean", "metadata": {}}
{"timestamp": 1779139289, "type": "safe_tx", "device": "node-10-fuzzer", "metadata": {}}
{"timestamp": 1779139289, "type": "safe_tx", "device": "node-5-clean", "metadata": {}}
{"timestamp": 1779139289, "type": "safe_tx", "device": "node-8-spammer", "metadata": {}}
{"timestamp": 1779139289, "type": "safe_tx", "device": "node-8-spammer", "metadata": {}}
{"timestamp": 1779139289, "type": "safe_tx", "device": "node-1-clean", "metadata": {}}
{"timestamp": 1779139290, "type": "safe_tx", "device": "node-4-clean", "metadata": {}}
{"timestamp": 1779139290, "type": "overflow", "device": "node-14-mixed", "metadata": {"count": 3, "window_sec": 30}}
{"timestamp": 1779139290, "type": "safe_tx", "device": "node-2-clean", "metadata": {}}
{"timestamp": 1779139290, "type": "safe_tx", "device": "node-12-mixed", "metadata": {}}
{"timestamp": 1779139290, "type": "time_anomaly", "device": "node-7-timespoof", "metadata": {}}
{"timestamp": 1779139290, "type": "safe_tx", "device": "node-9-stealth", "metadata": {}}
{"timestamp": 1779139290, "type": "overflow", "device": "node-6-overflow", "metadata": {"count": 3, "window_sec": 30}}
{"timestamp": 1779139290, "type": "safe_tx", "device": "node-2-clean", "metadata": {}}
{"timestamp": 1779139290, "type": "overflow", "device": "node-10-fuzzer", "metadata": {"count": 3, "window_sec": 30}}
{"timestamp": 1779139290, "type": "safe_tx", "device": "node-4-clean", "metadata": {}}
{"timestamp": 1779139290, "type": "safe_tx", "device": "node-1-clean", "metadata": {}}
{"timestamp": 1779139290, "type": "safe_tx", "device": "node-8-spammer", "metadata": {}}
{"timestamp": 1779139290, "type": "safe_tx", "device": "node-8-spammer", "metadata": {}}
{"timestamp": 1779139290, "type": "safe_tx", "device": "node-8-spammer", "metadata": {}}
{"timestamp": 1779139291, "type": "safe_tx", "device": "node-4-clean", "metadata": {}}
{"timestamp": 1779139291, "type": "safe_tx", "device": "node-8-spammer", "metadata": {}}
{"timestamp": 1779139291, "type": "safe_tx", "device": "node-8-spammer", "metadata": {}}
{"timestamp": 1779139291, "type": "safe_tx", "device": "node-8-spammer", "metadata": {}}
{"timestamp": 1779139291, "type": "safe_tx", "device": "node-13-mixed", "metadata": {}}
{"timestamp": 1779139291, "type": "safe_tx", "device": "node-12-mixed", "metadata": {}}
{"timestamp": 1779139291, "type": "safe_tx", "device": "node-8-spammer", "metadata": {}}
{"timestamp": 1779139291, "type": "safe_tx", "device": "node-9-stealth", "metadata": {}}
{"timestamp": 1779139291, "type": "safe_tx", "device": "node-10-fuzzer", "metadata": {}}
{"timestamp": 1779139291, "type": "safe_tx", "device": "node-13-mixed", "metadata": {}}
{"timestamp": 1779139291, "type": "safe_tx", "device": "node-3-clean", "metadata": {}}
{"timestamp": 1779139292, "type": "time_anomaly", "device": "node-13-mixed", "metadata": {}}
{"timestamp": 1779139292, "type": "safe_tx", "device": "node-5-clean", "metadata": {}}
{"timestamp": 1779139293, "type": "safe_tx", "device": "node-2-clean", "metadata": {}}
{"timestamp": 1779139293, "type": "time_anomaly", "device": "node-7-timespoof", "metadata": {}}
{"timestamp": 1779139293, "type": "safe_tx", "device": "node-15-mixed", "metadata": {}}
{"timestamp": 1779139293, "type": "safe_tx", "device": "node-10-fuzzer", "metadata": {}}
{"timestamp": 1779139293, "type": "overflow", "device": "node-13-mixed", "metadata": {"count": 3, "window_sec": 30}}
{"timestamp": 1779139293, "type": "safe_tx", "device": "node-14-mixed", "metadata": {}}
{"timestamp": 1779139293, "type": "overflow", "device": "node-9-stealth", "metadata": {"count": 3, "window_sec": 30}}
{"timestamp": 1779139293, "type": "safe_tx", "device": "node-15-mixed", "metadata": {}}
{"timestamp": 1779139293, "type": "safe_tx", "device": "node-12-mixed", "metadata": {}}
{"timestamp": 1779139294, "type": "safe_tx", "device": "node-2-clean", "metadata": {}}
{"timestamp": 1779139294, "type": "safe_tx", "device": "node-1-clean", "metadata": {}}
{"timestamp": 1779139294, "type": "safe_tx", "device": "node-10-fuzzer", "metadata": {}}
{"timestamp": 1779139294, "type": "safe_tx", "device": "node-3-clean", "metadata": {}}
{"timestamp": 1779139294, "type": "safe_tx", "device": "node-8-spammer", "metadata": {}}
{"timestamp": 1779139294, "type": "safe_tx", "device": "node-8-spammer", "metadata": {}}
{"timestamp": 1779139294, "type": "safe_tx", "device": "node-6-overflow", "metadata": {}}
{"timestamp": 1779139294, "type": "safe_tx", "device": "node-4-clean", "metadata": {}}
{"timestamp": 1779139294, "type": "safe_tx", "device": "node-1-clean", "metadata": {}}
{"timestamp": 1779139294, "type": "safe_tx", "device": "node-8-spammer", "metadata": {}}
{"timestamp": 1779139294, "type": "safe_tx", "device": "node-8-spammer", "metadata": {}}
{"timestamp": 1779139295, "type": "time_anomaly", "device": "node-13-mixed", "metadata": {}}
{"timestamp": 1779139295, "type": "safe_tx", "device": "node-1-clean", "metadata": {}}
{"timestamp": 1779139295, "type": "safe_tx", "device": "node-5-clean", "metadata": {}}
{"timestamp": 1779139296, "type": "safe_tx", "device": "node-10-fuzzer", "metadata": {}}
{"timestamp": 1779139296, "type": "safe_tx", "device": "node-4-clean", "metadata": {}}
{"timestamp": 1779139296, "type": "safe_tx", "device": "node-9-stealth", "metadata": {}}
{"timestamp": 1779139296, "type": "safe_tx", "device": "node-3-clean", "metadata": {}}
{"timestamp": 1779139296, "type": "safe_tx", "device": "node-3-clean", "metadata": {}}
{"timestamp": 1779139297, "type": "time_anomaly", "device": "node-7-timespoof", "metadata": {}}
{"timestamp": 1779139296, "type": "safe_tx", "device": "node-14-mixed", "metadata": {}}
{"timestamp": 1779139296, "type": "safe_tx", "device": "node-15-mixed", "metadata": {}}
{"timestamp": 1779139297, "type": "safe_tx", "device": "node-1-clean", "metadata": {}}
{"timestamp": 1779139297, "type": "safe_tx", "device": "node-3-clean", "metadata": {}}
{"timestamp": 1779139297, "type": "safe_tx", "device": "node-10-fuzzer", "metadata": {}}
{"timestamp": 1779139297, "type": "safe_tx", "device": "node-8-spammer", "metadata": {}}
{"timestamp": 1779139297, "type": "safe_tx", "device": "node-2-clean", "metadata": {}}
{"timestamp": 1779139297, "type": "safe_tx", "device": "node-13-mixed", "metadata": {}}
{"timestamp": 1779139298, "type": "safe_tx", "device": "node-4-clean", "metadata": {}}
{"timestamp": 1779139298, "type": "safe_tx", "device": "node-15-mixed", "metadata": {}}
{"timestamp": 1779139298, "type": "time_anomaly", "device": "node-13-mixed", "metadata": {}}
{"timestamp": 1779139298, "type": "safe_tx", "device": "node-11-pulsing", "metadata": {}}
{"timestamp": 1779139298, "type": "safe_tx", "device": "node-9-stealth", "metadata": {}}
{"timestamp": 1779139298, "type": "safe_tx", "device": "node-11-pulsing", "metadata": {}}
{"timestamp": 1779139298, "type": "safe_tx", "device": "node-11-pulsing", "metadata": {}}
{"timestamp": 1779139298, "type": "safe_tx", "device": "node-5-clean", "metadata": {}}
{"timestamp": 1779139298, "type": "safe_tx", "device": "node-11-pulsing", "metadata": {}}
{"timestamp": 1779139298, "type": "safe_tx", "device": "node-11-pulsing", "metadata": {}}
{"timestamp": 1779139298, "type": "safe_tx", "device": "node-11-pulsing", "metadata": {}}
{"timestamp": 1779139298, "type": "safe_tx", "device": "node-11-pulsing", "metadata": {}}
{"timestamp": 1779139298, "type": "safe_tx", "device": "node-11-pulsing", "metadata": {}}
{"timestamp": 1779139298, "type": "safe_tx", "device": "node-11-pulsing", "metadata": {}}
{"timestamp": 1779139298, "type": "safe_tx", "device": "node-11-pulsing", "metadata": {}}
{"timestamp": 1779139299, "type": "safe_tx", "device": "node-11-pulsing", "metadata": {}}
{"timestamp": 1779139299, "type": "safe_tx", "device": "node-11-pulsing", "metadata": {}}
{"timestamp": 1779139299, "type": "fuzzing", "device": "node-10-fuzzer", "metadata": {}}
{"timestamp": 1779139299, "type": "safe_tx", "device": "node-11-pulsing", "metadata": {}}
{"timestamp": 1779139299, "type": "safe_tx", "device": "node-11-pulsing", "metadata": {}}
{"timestamp": 1779139299, "type": "safe_tx", "device": "node-11-pulsing", "metadata": {}}
{"timestamp": 1779139299, "type": "dos_spam", "device": "node-11-pulsing", "metadata": {}}
{"timestamp": 1779139299, "type": "safe_tx", "device": "node-11-pulsing", "metadata": {}}
{"timestamp": 1779139299, "type": "safe_tx", "device": "node-11-pulsing", "metadata": {}}
{"timestamp": 1779139299, "type": "safe_tx", "device": "node-11-pulsing", "metadata": {}}
{"timestamp": 1779139299, "type": "safe_tx", "device": "node-11-pulsing", "metadata": {}}
{"timestamp": 1779139299, "type": "safe_tx", "device": "node-11-pulsing", "metadata": {}}
{"timestamp": 1779139299, "type": "safe_tx", "device": "node-8-spammer", "metadata": {}}
{"timestamp": 1779139299, "type": "safe_tx", "device": "node-8-spammer", "metadata": {}}
{"timestamp": 1779139299, "type": "safe_tx", "device": "node-8-spammer", "metadata": {}}
{"timestamp": 1779139299, "type": "safe_tx", "device": "node-8-spammer", "metadata": {}}
{"timestamp": 1779139299, "type": "safe_tx", "device": "node-8-spammer", "metadata": {}}
{"timestamp": 1779139299, "type": "safe_tx", "device": "node-14-mixed", "metadata": {}}
{"timestamp": 1779139300, "type": "safe_tx", "device": "node-8-spammer", "metadata": {}}
{"timestamp": 1779139300, "type": "safe_tx", "device": "node-8-spammer", "metadata": {}}
{"timestamp": 1779139300, "type": "safe_tx", "device": "node-2-clean", "metadata": {}}
{"timestamp": 1779139300, "type": "safe_tx", "device": "node-8-spammer", "metadata": {}}
{"timestamp": 1779139300, "type": "safe_tx", "device": "node-8-spammer", "metadata": {}}
{"timestamp": 1779139300, "type": "safe_tx", "device": "node-8-spammer", "metadata": {}}
{"timestamp": 1779139300, "type": "safe_tx", "device": "node-8-spammer", "metadata": {}}
{"timestamp": 1779139300, "type": "safe_tx", "device": "node-8-spammer", "metadata": {}}
{"timestamp": 1779139300, "type": "safe_tx", "device": "node-8-spammer", "metadata": {}}
{"timestamp": 1779139300, "type": "safe_tx", "device": "node-13-mixed", "metadata": {}}
{"timestamp": 1779139300, "type": "safe_tx", "device": "node-1-clean", "metadata": {}}
{"timestamp": 1779139301, "type": "safe_tx", "device": "node-2-clean", "metadata": {}}
{"timestamp": 1779139301, "type": "safe_tx", "device": "node-8-spammer", "metadata": {}}
{"timestamp": 1779139301, "type": "safe_tx", "device": "node-4-clean", "metadata": {}}
{"timestamp": 1779139301, "type": "time_anomaly", "device": "node-7-timespoof", "metadata": {}}
{"timestamp": 1779139301, "type": "time_anomaly", "device": "node-12-mixed", "metadata": {}}
{"timestamp": 1779139301, "type": "safe_tx", "device": "node-3-clean", "metadata": {}}
{"timestamp": 1779139301, "type": "safe_tx", "device": "node-5-clean", "metadata": {}}
{"timestamp": 1779139302, "type": "safe_tx", "device": "node-10-fuzzer", "metadata": {}}
{"timestamp": 1779139302, "type": "safe_tx", "device": "node-15-mixed", "metadata": {}}
{"timestamp": 1779139302, "type": "safe_tx", "device": "node-3-clean", "metadata": {}}
{"timestamp": 1779139302, "type": "safe_tx", "device": "node-14-mixed", "metadata": {}}
{"timestamp": 1779139302, "type": "safe_tx", "device": "node-4-clean", "metadata": {}}
{"timestamp": 1779139303, "type": "safe_tx", "device": "node-8-spammer", "metadata": {}}
{"timestamp": 1779139303, "type": "safe_tx", "device": "node-8-spammer", "metadata": {}}
{"timestamp": 1779139303, "type": "safe_tx", "device": "node-9-stealth", "metadata": {}}
{"timestamp": 1779139303, "type": "safe_tx", "device": "node-13-mixed", "metadata": {}}
{"timestamp": 1779139303, "type": "safe_tx", "device": "node-2-clean", "metadata": {}}
{"timestamp": 1779139303, "type": "safe_tx", "device": "node-5-clean", "metadata": {}}
{"timestamp": 1779139303, "type": "overflow", "device": "node-6-overflow", "metadata": {"count": 3, "window_sec": 30}}
{"timestamp": 1779139303, "type": "safe_tx", "device": "node-1-clean", "metadata": {}}
{"timestamp": 1779139304, "type": "safe_tx", "device": "node-8-spammer", "metadata": {}}
{"timestamp": 1779139304, "type": "safe_tx", "device": "node-8-spammer", "metadata": {}}
{"timestamp": 1779139304, "type": "safe_tx", "device": "node-4-clean", "metadata": {}}
{"timestamp": 1779139304, "type": "safe_tx", "device": "node-8-spammer", "metadata": {}}
{"timestamp": 1779139304, "type": "safe_tx", "device": "node-8-spammer", "metadata": {}}
{"timestamp": 1779139304, "type": "safe_tx", "device": "node-8-spammer", "metadata": {}}
{"timestamp": 1779139304, "type": "safe_tx", "device": "node-8-spammer", "metadata": {}}
{"timestamp": 1779139304, "type": "safe_tx", "device": "node-8-spammer", "metadata": {}}
{"timestamp": 1779139304, "type": "safe_tx", "device": "node-4-clean", "metadata": {}}
{"timestamp": 1779139304, "type": "time_anomaly", "device": "node-12-mixed", "metadata": {}}
{"timestamp": 1779139304, "type": "safe_tx", "device": "node-9-stealth", "metadata": {}}
{"timestamp": 1779139305, "type": "safe_tx", "device": "node-15-mixed", "metadata": {}}
{"timestamp": 1779139305, "type": "safe_tx", "device": "node-3-clean", "metadata": {}}
{"timestamp": 1779139305, "type": "safe_tx", "device": "node-13-mixed", "metadata": {}}
{"timestamp": 1779139305, "type": "safe_tx", "device": "node-8-spammer", "metadata": {}}
{"timestamp": 1779139306, "type": "safe_tx", "device": "node-8-spammer", "metadata": {}}
{"timestamp": 1779139306, "type": "time_anomaly", "device": "node-15-mixed", "metadata": {}}
{"timestamp": 1779139306, "type": "safe_tx", "device": "node-8-spammer", "metadata": {}}
{"timestamp": 1779139306, "type": "safe_tx", "device": "node-1-clean", "metadata": {}}
{"timestamp": 1779139306, "type": "safe_tx", "device": "node-8-spammer", "metadata": {}}
{"timestamp": 1779139306, "type": "safe_tx", "device": "node-8-spammer", "metadata": {}}
{"timestamp": 1779139306, "type": "safe_tx", "device": "node-8-spammer", "metadata": {}}
{"timestamp": 1779139306, "type": "safe_tx", "device": "node-2-clean", "metadata": {}}
{"timestamp": 1779139306, "type": "time_anomaly", "device": "node-14-mixed", "metadata": {}}
{"timestamp": 1779139306, "type": "overflow", "device": "node-12-mixed", "metadata": {"count": 3, "window_sec": 30}}
{"timestamp": 1779139306, "type": "safe_tx", "device": "node-9-stealth", "metadata": {}}
{"timestamp": 1779139306, "type": "safe_tx", "device": "node-5-clean", "metadata": {}}
{"timestamp": 1779139306, "type": "safe_tx", "device": "node-13-mixed", "metadata": {}}
{"timestamp": 1779139307, "type": "time_anomaly", "device": "node-7-timespoof", "metadata": {}}
{"timestamp": 1779139307, "type": "safe_tx", "device": "node-9-stealth", "metadata": {}}
{"timestamp": 1779139307, "type": "safe_tx", "device": "node-3-clean", "metadata": {}}
{"timestamp": 1779139307, "type": "safe_tx", "device": "node-3-clean", "metadata": {}}
{"timestamp": 1779139307, "type": "safe_tx", "device": "node-8-spammer", "metadata": {}}
{"timestamp": 1779139307, "type": "safe_tx", "device": "node-8-spammer", "metadata": {}}
{"timestamp": 1779139307, "type": "safe_tx", "device": "node-5-clean", "metadata": {}}
{"timestamp": 1779139307, "type": "safe_tx", "device": "node-8-spammer", "metadata": {}}
{"timestamp": 1779139307, "type": "overflow", "device": "node-10-fuzzer", "metadata": {"count": 3, "window_sec": 30}}
{"timestamp": 1779139308, "type": "safe_tx", "device": "node-8-spammer", "metadata": {}}
{"timestamp": 1779139308, "type": "safe_tx", "device": "node-8-spammer", "metadata": {}}
{"timestamp": 1779139308, "type": "safe_tx", "device": "node-8-spammer", "metadata": {}}
{"timestamp": 1779139308, "type": "safe_tx", "device": "node-8-spammer", "metadata": {}}
{"timestamp": 1779139308, "type": "safe_tx", "device": "node-8-spammer", "metadata": {}}
{"timestamp": 1779139308, "type": "safe_tx", "device": "node-8-spammer", "metadata": {}}
{"timestamp": 1779139308, "type": "safe_tx", "device": "node-12-mixed", "metadata": {}}
{"timestamp": 1779139308, "type": "safe_tx", "device": "node-2-clean", "metadata": {}}
{"timestamp": 1779139308, "type": "safe_tx", "device": "node-4-clean", "metadata": {}}
{"timestamp": 1779139308, "type": "safe_tx", "device": "node-9-stealth", "metadata": {}}
{"timestamp": 1779139308, "type": "safe_tx", "device": "node-12-mixed", "metadata": {}}
{"timestamp": 1779139308, "type": "safe_tx", "device": "node-3-clean", "metadata": {}}
{"timestamp": 1779139309, "type": "fuzzing", "device": "node-10-fuzzer", "metadata": {}}
{"timestamp": 1779139309, "type": "time_anomaly", "device": "node-13-mixed", "metadata": {}}
{"timestamp": 1779139309, "type": "overflow", "device": "node-15-mixed", "metadata": {"count": 3, "window_sec": 30}}
{"timestamp": 1779139309, "type": "safe_tx", "device": "node-8-spammer", "metadata": {}}
{"timestamp": 1779139309, "type": "safe_tx", "device": "node-8-spammer", "metadata": {}}
{"timestamp": 1779139309, "type": "safe_tx", "device": "node-8-spammer", "metadata": {}}
{"timestamp": 1779139309, "type": "safe_tx", "device": "node-8-spammer", "metadata": {}}
{"timestamp": 1779139310, "type": "fuzzing", "device": "node-10-fuzzer", "metadata": {}}
{"timestamp": 1779139310, "type": "safe_tx", "device": "node-5-clean", "metadata": {}}
{"timestamp": 1779139310, "type": "safe_tx", "device": "node-15-mixed", "metadata": {}}
{"timestamp": 1779139310, "type": "safe_tx", "device": "node-4-clean", "metadata": {}}
{"timestamp": 1779139310, "type": "safe_tx", "device": "node-4-clean", "metadata": {}}
{"timestamp": 1779139310, "type": "safe_tx", "device": "node-8-spammer", "metadata": {}}
{"timestamp": 1779139310, "type": "safe_tx", "device": "node-2-clean", "metadata": {}}
{"timestamp": 1779139311, "type": "safe_tx", "device": "node-8-spammer", "metadata": {}}
{"timestamp": 1779139311, "type": "time_anomaly", "device": "node-7-timespoof", "metadata": {}}
{"timestamp": 1779139311, "type": "safe_tx", "device": "node-8-spammer", "metadata": {}}
{"timestamp": 1779139311, "type": "safe_tx", "device": "node-8-spammer", "metadata": {}}
{"timestamp": 1779139311, "type": "safe_tx", "device": "node-8-spammer", "metadata": {}}
{"timestamp": 1779139311, "type": "safe_tx", "device": "node-8-spammer", "metadata": {}}
{"timestamp": 1779139311, "type": "safe_tx", "device": "node-8-spammer", "metadata": {}}
{"timestamp": 1779139311, "type": "safe_tx", "device": "node-8-spammer", "metadata": {}}
{"timestamp": 1779139311, "type": "safe_tx", "device": "node-1-clean", "metadata": {}}
{"timestamp": 1779139311, "type": "safe_tx", "device": "node-8-spammer", "metadata": {}}
{"timestamp": 1779139311, "type": "safe_tx", "device": "node-9-stealth", "metadata": {}}
{"timestamp": 1779139311, "type": "safe_tx", "device": "node-8-spammer", "metadata": {}}
{"timestamp": 1779139311, "type": "safe_tx", "device": "node-15-mixed", "metadata": {}}
{"timestamp": 1779139311, "type": "safe_tx", "device": "node-8-spammer", "metadata": {}}
{"timestamp": 1779139311, "type": "dos_spam", "device": "node-8-spammer", "metadata": {}}
{"timestamp": 1779139311, "type": "safe_tx", "device": "node-8-spammer", "metadata": {}}
{"timestamp": 1779139311, "type": "dos_spam", "device": "node-8-spammer", "metadata": {"count": 30, "window_sec": 5}}
{"timestamp": 1779139311, "type": "safe_tx", "device": "node-8-spammer", "metadata": {}}
{"timestamp": 1779139311, "type": "safe_tx", "device": "node-8-spammer", "metadata": {}}
{"timestamp": 1779139311, "type": "safe_tx", "device": "node-8-spammer", "metadata": {}}
{"timestamp": 1779139311, "type": "time_anomaly", "device": "node-12-mixed", "metadata": {}}
{"timestamp": 1779139311, "type": "safe_tx", "device": "node-8-spammer", "metadata": {}}
{"timestamp": 1779139311, "type": "safe_tx", "device": "node-13-mixed", "metadata": {}}
{"timestamp": 1779139311, "type": "safe_tx", "device": "node-14-mixed", "metadata": {}}
{"timestamp": 1779139311, "type": "safe_tx", "device": "node-10-fuzzer", "metadata": {}}
{"timestamp": 1779139312, "type": "safe_tx", "device": "node-9-stealth", "metadata": {}}
{"timestamp": 1779139312, "type": "safe_tx", "device": "node-3-clean", "metadata": {}}
{"timestamp": 1779139312, "type": "time_anomaly", "device": "node-15-mixed", "metadata": {}}
{"timestamp": 1779139312, "type": "fuzzing", "device": "node-10-fuzzer", "metadata": {}}
{"timestamp": 1779139312, "type": "safe_tx", "device": "node-5-clean", "metadata": {}}
{"timestamp": 1779139312, "type": "safe_tx", "device": "node-4-clean", "metadata": {}}
{"timestamp": 1779139312, "type": "safe_tx", "device": "node-14-mixed", "metadata": {}}
{"timestamp": 1779139313, "type": "safe_tx", "device": "node-2-clean", "metadata": {}}
{"timestamp": 1779139313, "type": "safe_tx", "device": "node-3-clean", "metadata": {}}
{"timestamp": 1779139313, "type": "safe_tx", "device": "node-8-spammer", "metadata": {}}
{"timestamp": 1779139313, "type": "safe_tx", "device": "node-8-spammer", "metadata": {}}
{"timestamp": 1779139313, "type": "fuzzing", "device": "node-10-fuzzer", "metadata": {}}
{"timestamp": 1779139313, "type": "safe_tx", "device": "node-8-spammer", "metadata": {}}
{"timestamp": 1779139313, "type": "safe_tx", "device": "node-8-spammer", "metadata": {}}
{"timestamp": 1779139313, "type": "safe_tx", "device": "node-8-spammer", "metadata": {}}
{"timestamp": 1779139313, "type": "safe_tx", "device": "node-8-spammer", "metadata": {}}
{"timestamp": 1779139313, "type": "safe_tx", "device": "node-8-spammer", "metadata": {}}
{"timestamp": 1779139313, "type": "safe_tx", "device": "node-8-spammer", "metadata": {}}
{"timestamp": 1779139313, "type": "safe_tx", "device": "node-8-spammer", "metadata": {}}
{"timestamp": 1779139313, "type": "safe_tx", "device": "node-8-spammer", "metadata": {}}
{"timestamp": 1779139313, "type": "dos_spam", "device": "node-8-spammer", "metadata": {}}
{"timestamp": 1779139313, "type": "safe_tx", "device": "node-8-spammer", "metadata": {}}
{"timestamp": 1779139313, "type": "safe_tx", "device": "node-8-spammer", "metadata": {}}
{"timestamp": 1779139314, "type": "safe_tx", "device": "node-8-spammer", "metadata": {}}
{"timestamp": 1779139314, "type": "safe_tx", "device": "node-5-clean", "metadata": {}}
{"timestamp": 1779139314, "type": "safe_tx", "device": "node-8-spammer", "metadata": {}}
{"timestamp": 1779139314, "type": "safe_tx", "device": "node-8-spammer", "metadata": {}}
{"timestamp": 1779139314, "type": "safe_tx", "device": "node-8-spammer", "metadata": {}}
{"timestamp": 1779139314, "type": "safe_tx", "device": "node-8-spammer", "metadata": {}}
{"timestamp": 1779139314, "type": "safe_tx", "device": "node-8-spammer", "metadata": {}}
{"timestamp": 1779139314, "type": "safe_tx", "device": "node-1-clean", "metadata": {}}
{"timestamp": 1779139314, "type": "safe_tx", "device": "node-8-spammer", "metadata": {}}
{"timestamp": 1779139314, "type": "safe_tx", "device": "node-13-mixed", "metadata": {}}
{"timestamp": 1779139314, "type": "safe_tx", "device": "node-8-spammer", "metadata": {}}
{"timestamp": 1779139314, "type": "safe_tx", "device": "node-8-spammer", "metadata": {}}
{"timestamp": 1779139314, "type": "safe_tx", "device": "node-15-mixed", "metadata": {}}
{"timestamp": 1779139314, "type": "safe_tx", "device": "node-8-spammer", "metadata": {}}
{"timestamp": 1779139314, "type": "safe_tx", "device": "node-8-spammer", "metadata": {}}
{"timestamp": 1779139314, "type": "safe_tx", "device": "node-8-spammer", "metadata": {}}
{"timestamp": 1779139315, "type": "safe_tx", "device": "node-8-spammer", "metadata": {}}
{"timestamp": 1779139315, "type": "dos_spam", "device": "node-8-spammer", "metadata": {}}
{"timestamp": 1779139315, "type": "safe_tx", "device": "node-8-spammer", "metadata": {}}
{"timestamp": 1779139315, "type": "dos_spam", "device": "node-8-spammer", "metadata": {"count": 30, "window_sec": 5}}
{"timestamp": 1779139315, "type": "safe_tx", "device": "node-8-spammer", "metadata": {}}
{"timestamp": 1779139315, "type": "time_anomaly", "device": "node-12-mixed", "metadata": {}}
{"timestamp": 1779139315, "type": "safe_tx", "device": "node-1-clean", "metadata": {}}
{"timestamp": 1779139315, "type": "time_anomaly", "device": "node-7-timespoof", "metadata": {}}
{"timestamp": 1779139315, "type": "safe_tx", "device": "node-1-clean", "metadata": {}}
{"timestamp": 1779139315, "type": "overflow", "device": "node-6-overflow", "metadata": {"count": 3, "window_sec": 30}}
{"timestamp": 1779139315, "type": "overflow", "device": "node-9-stealth", "metadata": {"count": 3, "window_sec": 30}}
{"timestamp": 1779139315, "type": "safe_tx", "device": "node-8-spammer", "metadata": {}}
{"timestamp": 1779139315, "type": "safe_tx", "device": "node-8-spammer", "metadata": {}}
{"timestamp": 1779139315, "type": "safe_tx", "device": "node-8-spammer", "metadata": {}}
{"timestamp": 1779139315, "type": "safe_tx", "device": "node-4-clean", "metadata": {}}
{"timestamp": 1779139315, "type": "safe_tx", "device": "node-8-spammer", "metadata": {}}
{"timestamp": 1779139315, "type": "safe_tx", "device": "node-8-spammer", "metadata": {}}
{"timestamp": 1779139316, "type": "safe_tx", "device": "node-8-spammer", "metadata": {}}
{"timestamp": 1779139316, "type": "safe_tx", "device": "node-8-spammer", "metadata": {}}
{"timestamp": 1779139316, "type": "safe_tx", "device": "node-8-spammer", "metadata": {}}
{"timestamp": 1779139316, "type": "safe_tx", "device": "node-8-spammer", "metadata": {}}
{"timestamp": 1779139316, "type": "safe_tx", "device": "node-8-spammer", "metadata": {}}
{"timestamp": 1779139316, "type": "safe_tx", "device": "node-8-spammer", "metadata": {}}
{"timestamp": 1779139316, "type": "safe_tx", "device": "node-4-clean", "metadata": {}}
{"timestamp": 1779139316, "type": "safe_tx", "device": "node-8-spammer", "metadata": {}}
{"timestamp": 1779139316, "type": "safe_tx", "device": "node-8-spammer", "metadata": {}}
{"timestamp": 1779139316, "type": "dos_spam", "device": "node-8-spammer", "metadata": {}}
{"timestamp": 1779139316, "type": "safe_tx", "device": "node-8-spammer", "metadata": {}}
{"timestamp": 1779139316, "type": "safe_tx", "device": "node-2-clean", "metadata": {}}
{"timestamp": 1779139316, "type": "time_anomaly", "device": "node-14-mixed", "metadata": {}}
{"timestamp": 1779139316, "type": "safe_tx", "device": "node-8-spammer", "metadata": {}}
{"timestamp": 1779139316, "type": "safe_tx", "device": "node-8-spammer", "metadata": {}}
{"timestamp": 1779139316, "type": "safe_tx", "device": "node-8-spammer", "metadata": {}}
{"timestamp": 1779139316, "type": "safe_tx", "device": "node-8-spammer", "metadata": {}}
{"timestamp": 1779139316, "type": "safe_tx", "device": "node-8-spammer", "metadata": {}}
{"timestamp": 1779139316, "type": "time_anomaly", "device": "node-13-mixed", "metadata": {}}
{"timestamp": 1779139316, "type": "safe_tx", "device": "node-3-clean", "metadata": {}}
{"timestamp": 1779139316, "type": "fuzzing", "device": "node-10-fuzzer", "metadata": {}}
{"timestamp": 1779139316, "type": "safe_tx", "device": "node-4-clean", "metadata": {}}
{"timestamp": 1779139316, "type": "safe_tx", "device": "node-5-clean", "metadata": {}}
{"timestamp": 1779139317, "type": "safe_tx", "device": "node-1-clean", "metadata": {}}
{"timestamp": 1779139317, "type": "safe_tx", "device": "node-8-spammer", "metadata": {}}
{"timestamp": 1779139317, "type": "safe_tx", "device": "node-8-spammer", "metadata": {}}
{"timestamp": 1779139317, "type": "time_anomaly", "device": "node-7-timespoof", "metadata": {}}
{"timestamp": 1779139317, "type": "safe_tx", "device": "node-8-spammer", "metadata": {}}
{"timestamp": 1779139317, "type": "safe_tx", "device": "node-15-mixed", "metadata": {}}
{"timestamp": 1779139317, "type": "safe_tx", "device": "node-8-spammer", "metadata": {}}
{"timestamp": 1779139317, "type": "fuzzing", "device": "node-10-fuzzer", "metadata": {}}
{"timestamp": 1779139317, "type": "safe_tx", "device": "node-8-spammer", "metadata": {}}
{"timestamp": 1779139317, "type": "safe_tx", "device": "node-8-spammer", "metadata": {}}
{"timestamp": 1779139317, "type": "safe_tx", "device": "node-1-clean", "metadata": {}}
{"timestamp": 1779139317, "type": "safe_tx", "device": "node-3-clean", "metadata": {}}
{"timestamp": 1779139317, "type": "safe_tx", "device": "node-8-spammer", "metadata": {}}
{"timestamp": 1779139317, "type": "safe_tx", "device": "node-8-spammer", "metadata": {}}
{"timestamp": 1779139318, "type": "safe_tx", "device": "node-9-stealth", "metadata": {}}
{"timestamp": 1779139318, "type": "safe_tx", "device": "node-8-spammer", "metadata": {}}
{"timestamp": 1779139318, "type": "dos_spam", "device": "node-8-spammer", "metadata": {}}
{"timestamp": 1779139318, "type": "safe_tx", "device": "node-8-spammer", "metadata": {}}
{"timestamp": 1779139318, "type": "dos_spam", "device": "node-8-spammer", "metadata": {"count": 30, "window_sec": 5}}
{"timestamp": 1779139318, "type": "safe_tx", "device": "node-8-spammer", "metadata": {}}
{"timestamp": 1779139318, "type": "safe_tx", "device": "node-8-spammer", "metadata": {}}
{"timestamp": 1779139318, "type": "safe_tx", "device": "node-1-clean", "metadata": {}}
{"timestamp": 1779139318, "type": "fuzzing", "device": "node-10-fuzzer", "metadata": {}}
{"timestamp": 1779139318, "type": "safe_tx", "device": "node-8-spammer", "metadata": {}}
{"timestamp": 1779139318, "type": "safe_tx", "device": "node-8-spammer", "metadata": {}}
{"timestamp": 1779139319, "type": "time_anomaly", "device": "node-14-mixed", "metadata": {}}
{"timestamp": 1779139318, "type": "safe_tx", "device": "node-8-spammer", "metadata": {}}
{"timestamp": 1779139318, "type": "safe_tx", "device": "node-8-spammer", "metadata": {}}
{"timestamp": 1779139318, "type": "safe_tx", "device": "node-8-spammer", "metadata": {}}
{"timestamp": 1779139318, "type": "safe_tx", "device": "node-8-spammer", "metadata": {}}
{"timestamp": 1779139318, "type": "safe_tx", "device": "node-8-spammer", "metadata": {}}
{"timestamp": 1779139319, "type": "safe_tx", "device": "node-8-spammer", "metadata": {}}
{"timestamp": 1779139319, "type": "safe_tx", "device": "node-8-spammer", "metadata": {}}
{"timestamp": 1779139319, "type": "safe_tx", "device": "node-8-spammer", "metadata": {}}
{"timestamp": 1779139319, "type": "safe_tx", "device": "node-8-spammer", "metadata": {}}
{"timestamp": 1779139319, "type": "time_anomaly", "device": "node-12-mixed", "metadata": {}}
{"timestamp": 1779139319, "type": "safe_tx", "device": "node-13-mixed", "metadata": {}}
{"timestamp": 1779139319, "type": "safe_tx", "device": "node-4-clean", "metadata": {}}
{"timestamp": 1779139319, "type": "safe_tx", "device": "node-2-clean", "metadata": {}}
{"timestamp": 1779139320, "type": "safe_tx", "device": "node-8-spammer", "metadata": {}}
{"timestamp": 1779139320, "type": "dos_spam", "device": "node-8-spammer", "metadata": {}}
{"timestamp": 1779139320, "type": "safe_tx", "device": "node-8-spammer", "metadata": {}}
{"timestamp": 1779139320, "type": "safe_tx", "device": "node-9-stealth", "metadata": {}}
{"timestamp": 1779139320, "type": "safe_tx", "device": "node-3-clean", "metadata": {}}
{"timestamp": 1779139320, "type": "fuzzing", "device": "node-10-fuzzer", "metadata": {}}
{"timestamp": 1779139320, "type": "safe_tx", "device": "node-5-clean", "metadata": {}}
{"timestamp": 1779139320, "type": "safe_tx", "device": "node-13-mixed", "metadata": {}}
{"timestamp": 1779139320, "type": "safe_tx", "device": "node-15-mixed", "metadata": {}}
{"timestamp": 1779139320, "type": "safe_tx", "device": "node-8-spammer", "metadata": {}}
{"timestamp": 1779139321, "type": "safe_tx", "device": "node-14-mixed", "metadata": {}}
{"timestamp": 1779139321, "type": "safe_tx", "device": "node-8-spammer", "metadata": {}}
{"timestamp": 1779139321, "type": "safe_tx", "device": "node-8-spammer", "metadata": {}}
{"timestamp": 1779139321, "type": "safe_tx", "device": "node-8-spammer", "metadata": {}}
{"timestamp": 1779139321, "type": "safe_tx", "device": "node-14-mixed", "metadata": {}}
{"timestamp": 1779139321, "type": "safe_tx", "device": "node-8-spammer", "metadata": {}}
{"timestamp": 1779139321, "type": "safe_tx", "device": "node-1-clean", "metadata": {}}
{"timestamp": 1779139321, "type": "safe_tx", "device": "node-8-spammer", "metadata": {}}
{"timestamp": 1779139321, "type": "fuzzing", "device": "node-10-fuzzer", "metadata": {}}
{"timestamp": 1779139321, "type": "safe_tx", "device": "node-15-mixed", "metadata": {}}
{"timestamp": 1779139322, "type": "safe_tx", "device": "node-3-clean", "metadata": {}}
{"timestamp": 1779139322, "type": "safe_tx", "device": "node-8-spammer", "metadata": {}}
{"timestamp": 1779139322, "type": "safe_tx", "device": "node-5-clean", "metadata": {}}
{"timestamp": 1779139322, "type": "safe_tx", "device": "node-9-stealth", "metadata": {}}
{"timestamp": 1779139322, "type": "safe_tx", "device": "node-12-mixed", "metadata": {}}
{"timestamp": 1779139323, "type": "time_anomaly", "device": "node-7-timespoof", "metadata": {}}
{"timestamp": 1779139323, "type": "safe_tx", "device": "node-12-mixed", "metadata": {}}
{"timestamp": 1779139323, "type": "overflow", "device": "node-13-mixed", "metadata": {"count": 3, "window_sec": 30}}
{"timestamp": 1779139323, "type": "fuzzing", "device": "node-10-fuzzer", "metadata": {}}
{"timestamp": 1779139323, "type": "safe_tx", "device": "node-8-spammer", "metadata": {}}
{"timestamp": 1779139323, "type": "safe_tx", "device": "node-8-spammer", "metadata": {}}
{"timestamp": 1779139323, "type": "safe_tx", "device": "node-8-spammer", "metadata": {}}
{"timestamp": 1779139323, "type": "safe_tx", "device": "node-8-spammer", "metadata": {}}
{"timestamp": 1779139323, "type": "safe_tx", "device": "node-8-spammer", "metadata": {}}
{"timestamp": 1779139323, "type": "safe_tx", "device": "node-8-spammer", "metadata": {}}
{"timestamp": 1779139323, "type": "safe_tx", "device": "node-8-spammer", "metadata": {}}
{"timestamp": 1779139323, "type": "safe_tx", "device": "node-8-spammer", "metadata": {}}
{"timestamp": 1779139323, "type": "dos_spam", "device": "node-8-spammer", "metadata": {"count": 30, "window_sec": 5}}
{"timestamp": 1779139323, "type": "safe_tx", "device": "node-8-spammer", "metadata": {}}
{"timestamp": 1779139323, "type": "dos_spam", "device": "node-8-spammer", "metadata": {}}
{"timestamp": 1779139323, "type": "safe_tx", "device": "node-2-clean", "metadata": {}}
{"timestamp": 1779139323, "type": "safe_tx", "device": "node-15-mixed", "metadata": {}}
{"timestamp": 1779139324, "type": "time_anomaly", "device": "node-12-mixed", "metadata": {}}
{"timestamp": 1779139324, "type": "safe_tx", "device": "node-14-mixed", "metadata": {}}
{"timestamp": 1779139324, "type": "safe_tx", "device": "node-10-fuzzer", "metadata": {}}
{"timestamp": 1779139324, "type": "safe_tx", "device": "node-3-clean", "metadata": {}}
{"timestamp": 1779139324, "type": "safe_tx", "device": "node-11-pulsing", "metadata": {}}
{"timestamp": 1779139324, "type": "safe_tx", "device": "node-11-pulsing", "metadata": {}}
{"timestamp": 1779139324, "type": "safe_tx", "device": "node-11-pulsing", "metadata": {}}
{"timestamp": 1779139324, "type": "safe_tx", "device": "node-11-pulsing", "metadata": {}}
{"timestamp": 1779139324, "type": "safe_tx", "device": "node-5-clean", "metadata": {}}
{"timestamp": 1779139324, "type": "safe_tx", "device": "node-11-pulsing", "metadata": {}}
{"timestamp": 1779139324, "type": "safe_tx", "device": "node-15-mixed", "metadata": {}}
{"timestamp": 1779139324, "type": "safe_tx", "device": "node-11-pulsing", "metadata": {}}
{"timestamp": 1779139324, "type": "safe_tx", "device": "node-11-pulsing", "metadata": {}}
{"timestamp": 1779139324, "type": "safe_tx", "device": "node-11-pulsing", "metadata": {}}
{"timestamp": 1779139324, "type": "safe_tx", "device": "node-8-spammer", "metadata": {}}
{"timestamp": 1779139324, "type": "safe_tx", "device": "node-11-pulsing", "metadata": {}}
{"timestamp": 1779139324, "type": "safe_tx", "device": "node-8-spammer", "metadata": {}}
{"timestamp": 1779139324, "type": "safe_tx", "device": "node-11-pulsing", "metadata": {}}
{"timestamp": 1779139324, "type": "safe_tx", "device": "node-11-pulsing", "metadata": {}}
{"timestamp": 1779139324, "type": "safe_tx", "device": "node-11-pulsing", "metadata": {}}
{"timestamp": 1779139324, "type": "safe_tx", "device": "node-2-clean", "metadata": {}}
{"timestamp": 1779139324, "type": "safe_tx", "device": "node-11-pulsing", "metadata": {}}
{"timestamp": 1779139324, "type": "safe_tx", "device": "node-11-pulsing", "metadata": {}}
{"timestamp": 1779139324, "type": "safe_tx", "device": "node-1-clean", "metadata": {}}
{"timestamp": 1779139324, "type": "safe_tx", "device": "node-11-pulsing", "metadata": {}}
{"timestamp": 1779139324, "type": "dos_spam", "device": "node-11-pulsing", "metadata": {}}
{"timestamp": 1779139324, "type": "safe_tx", "device": "node-11-pulsing", "metadata": {}}
{"timestamp": 1779139324, "type": "safe_tx", "device": "node-10-fuzzer", "metadata": {}}
{"timestamp": 1779139325, "type": "safe_tx", "device": "node-11-pulsing", "metadata": {}}
{"timestamp": 1779139325, "type": "safe_tx", "device": "node-11-pulsing", "metadata": {}}
{"timestamp": 1779139325, "type": "safe_tx", "device": "node-9-stealth", "metadata": {}}
{"timestamp": 1779139325, "type": "safe_tx", "device": "node-11-pulsing", "metadata": {}}
{"timestamp": 1779139325, "type": "safe_tx", "device": "node-11-pulsing", "metadata": {}}
{"timestamp": 1779139325, "type": "safe_tx", "device": "node-13-mixed", "metadata": {}}
{"timestamp": 1779139325, "type": "safe_tx", "device": "node-4-clean", "metadata": {}}
{"timestamp": 1779139325, "type": "safe_tx", "device": "node-5-clean", "metadata": {}}
{"timestamp": 1779139325, "type": "overflow", "device": "node-6-overflow", "metadata": {"count": 3, "window_sec": 30}}
{"timestamp": 1779139325, "type": "safe_tx", "device": "node-10-fuzzer", "metadata": {}}
{"timestamp": 1779139325, "type": "safe_tx", "device": "node-8-spammer", "metadata": {}}
{"timestamp": 1779139325, "type": "safe_tx", "device": "node-8-spammer", "metadata": {}}
{"timestamp": 1779139325, "type": "safe_tx", "device": "node-8-spammer", "metadata": {}}
{"timestamp": 1779139326, "type": "safe_tx", "device": "node-15-mixed", "metadata": {}}
{"timestamp": 1779139326, "type": "safe_tx", "device": "node-14-mixed", "metadata": {}}
{"timestamp": 1779139326, "type": "safe_tx", "device": "node-3-clean", "metadata": {}}
{"timestamp": 1779139327, "type": "safe_tx", "device": "node-10-fuzzer", "metadata": {}}
{"timestamp": 1779139327, "type": "fuzzing", "device": "node-10-fuzzer", "metadata": {}}
{"timestamp": 1779139327, "type": "time_anomaly", "device": "node-7-timespoof", "metadata": {}}
{"timestamp": 1779139327, "type": "safe_tx", "device": "node-2-clean", "metadata": {}}
{"timestamp": 1779139327, "type": "safe_tx", "device": "node-9-stealth", "metadata": {}}
{"timestamp": 1779139327, "type": "safe_tx", "device": "node-15-mixed", "metadata": {}}
{"timestamp": 1779139328, "type": "safe_tx", "device": "node-14-mixed", "metadata": {}}
{"timestamp": 1779139328, "type": "time_anomaly", "device": "node-12-mixed", "metadata": {}}
{"timestamp": 1779139328, "type": "safe_tx", "device": "node-13-mixed", "metadata": {}}
{"timestamp": 1779139329, "type": "time_anomaly", "device": "node-15-mixed", "metadata": {}}
{"timestamp": 1779139328, "type": "safe_tx", "device": "node-4-clean", "metadata": {}}
{"timestamp": 1779139328, "type": "safe_tx", "device": "node-8-spammer", "metadata": {}}
{"timestamp": 1779139329, "type": "safe_tx", "device": "node-5-clean", "metadata": {}}
{"timestamp": 1779139329, "type": "time_anomaly", "device": "node-15-mixed", "metadata": {}}
{"timestamp": 1779139329, "type": "safe_tx", "device": "node-14-mixed", "metadata": {}}
{"timestamp": 1779139329, "type": "safe_tx", "device": "node-6-overflow", "metadata": {}}
{"timestamp": 1779139329, "type": "safe_tx", "device": "node-10-fuzzer", "metadata": {}}
{"timestamp": 1779139329, "type": "safe_tx", "device": "node-3-clean", "metadata": {}}
{"timestamp": 1779139330, "type": "time_anomaly", "device": "node-15-mixed", "metadata": {}}
{"timestamp": 1779139330, "type": "time_anomaly", "device": "node-13-mixed", "metadata": {}}
{"timestamp": 1779139330, "type": "safe_tx", "device": "node-12-mixed", "metadata": {}}
{"timestamp": 1779139330, "type": "safe_tx", "device": "node-8-spammer", "metadata": {}}
{"timestamp": 1779139330, "type": "safe_tx", "device": "node-2-clean", "metadata": {}}
{"timestamp": 1779139330, "type": "safe_tx", "device": "node-8-spammer", "metadata": {}}
{"timestamp": 1779139330, "type": "time_anomaly", "device": "node-15-mixed", "metadata": {}}
{"timestamp": 1779139330, "type": "safe_tx", "device": "node-1-clean", "metadata": {}}
{"timestamp": 1779139330, "type": "overflow", "device": "node-10-fuzzer", "metadata": {"count": 3, "window_sec": 30}}
{"timestamp": 1779139330, "type": "safe_tx", "device": "node-4-clean", "metadata": {}}
{"timestamp": 1779139331, "type": "safe_tx", "device": "node-4-clean", "metadata": {}}
{"timestamp": 1779139331, "type": "overflow", "device": "node-14-mixed", "metadata": {"count": 3, "window_sec": 30}}
{"timestamp": 1779139331, "type": "safe_tx", "device": "node-2-clean", "metadata": {}}
{"timestamp": 1779139331, "type": "safe_tx", "device": "node-3-clean", "metadata": {}}
{"timestamp": 1779139331, "type": "safe_tx", "device": "node-10-fuzzer", "metadata": {}}
{"timestamp": 1779139331, "type": "safe_tx", "device": "node-5-clean", "metadata": {}}
{"timestamp": 1779139332, "type": "safe_tx", "device": "node-15-mixed", "metadata": {}}
{"timestamp": 1779139332, "type": "safe_tx", "device": "node-8-spammer", "metadata": {}}
{"timestamp": 1779139332, "type": "safe_tx", "device": "node-8-spammer", "metadata": {}}
{"timestamp": 1779139332, "type": "safe_tx", "device": "node-8-spammer", "metadata": {}}
{"timestamp": 1779139332, "type": "safe_tx", "device": "node-9-stealth", "metadata": {}}
{"timestamp": 1779139332, "type": "safe_tx", "device": "node-8-spammer", "metadata": {}}
{"timestamp": 1779139332, "type": "safe_tx", "device": "node-8-spammer", "metadata": {}}
{"timestamp": 1779139332, "type": "safe_tx", "device": "node-8-spammer", "metadata": {}}
{"timestamp": 1779139332, "type": "safe_tx", "device": "node-8-spammer", "metadata": {}}
{"timestamp": 1779139332, "type": "safe_tx", "device": "node-10-fuzzer", "metadata": {}}
{"timestamp": 1779139332, "type": "safe_tx", "device": "node-8-spammer", "metadata": {}}
{"timestamp": 1779139332, "type": "safe_tx", "device": "node-12-mixed", "metadata": {}}
{"timestamp": 1779139333, "type": "safe_tx", "device": "node-1-clean", "metadata": {}}
{"timestamp": 1779139333, "type": "safe_tx", "device": "node-13-mixed", "metadata": {}}
{"timestamp": 1779139333, "type": "safe_tx", "device": "node-8-spammer", "metadata": {}}
{"timestamp": 1779139333, "type": "safe_tx", "device": "node-8-spammer", "metadata": {}}
{"timestamp": 1779139333, "type": "safe_tx", "device": "node-14-mixed", "metadata": {}}
{"timestamp": 1779139333, "type": "safe_tx", "device": "node-8-spammer", "metadata": {}}
{"timestamp": 1779139333, "type": "safe_tx", "device": "node-4-clean", "metadata": {}}
{"timestamp": 1779139333, "type": "safe_tx", "device": "node-8-spammer", "metadata": {}}
{"timestamp": 1779139333, "type": "fuzzing", "device": "node-10-fuzzer", "metadata": {}}
{"timestamp": 1779139333, "type": "safe_tx", "device": "node-3-clean", "metadata": {}}
{"timestamp": 1779139334, "type": "safe_tx", "device": "node-2-clean", "metadata": {}}
{"timestamp": 1779139334, "type": "time_anomaly", "device": "node-7-timespoof", "metadata": {}}
{"timestamp": 1779139334, "type": "safe_tx", "device": "node-8-spammer", "metadata": {}}
{"timestamp": 1779139334, "type": "safe_tx", "device": "node-1-clean", "metadata": {}}
{"timestamp": 1779139335, "type": "fuzzing", "device": "node-10-fuzzer", "metadata": {}}
{"timestamp": 1779139335, "type": "safe_tx", "device": "node-8-spammer", "metadata": {}}
{"timestamp": 1779139335, "type": "safe_tx", "device": "node-8-spammer", "metadata": {}}
{"timestamp": 1779139335, "type": "safe_tx", "device": "node-9-stealth", "metadata": {}}
{"timestamp": 1779139335, "type": "safe_tx", "device": "node-8-spammer", "metadata": {}}
{"timestamp": 1779139335, "type": "safe_tx", "device": "node-2-clean", "metadata": {}}
{"timestamp": 1779139335, "type": "safe_tx", "device": "node-8-spammer", "metadata": {}}
{"timestamp": 1779139335, "type": "safe_tx", "device": "node-8-spammer", "metadata": {}}
{"timestamp": 1779139335, "type": "safe_tx", "device": "node-12-mixed", "metadata": {}}
{"timestamp": 1779139335, "type": "safe_tx", "device": "node-4-clean", "metadata": {}}
{"timestamp": 1779139335, "type": "safe_tx", "device": "node-13-mixed", "metadata": {}}
{"timestamp": 1779139335, "type": "safe_tx", "device": "node-3-clean", "metadata": {}}
{"timestamp": 1779139335, "type": "time_anomaly", "device": "node-15-mixed", "metadata": {}}
{"timestamp": 1779139335, "type": "safe_tx", "device": "node-5-clean", "metadata": {}}
{"timestamp": 1779139336, "type": "fuzzing", "device": "node-10-fuzzer", "metadata": {}}
{"timestamp": 1779139336, "type": "safe_tx", "device": "node-8-spammer", "metadata": {}}
{"timestamp": 1779139336, "type": "safe_tx", "device": "node-1-clean", "metadata": {}}
{"timestamp": 1779139337, "type": "safe_tx", "device": "node-14-mixed", "metadata": {}}
{"timestamp": 1779139337, "type": "safe_tx", "device": "node-13-mixed", "metadata": {}}
{"timestamp": 1779139337, "type": "safe_tx", "device": "node-6-overflow", "metadata": {}}
{"timestamp": 1779139337, "type": "safe_tx", "device": "node-9-stealth", "metadata": {}}
{"timestamp": 1779139337, "type": "safe_tx", "device": "node-2-clean", "metadata": {}}
{"timestamp": 1779139337, "type": "safe_tx", "device": "node-12-mixed", "metadata": {}}
{"timestamp": 1779139338, "type": "safe_tx", "device": "node-3-clean", "metadata": {}}
{"timestamp": 1779139338, "type": "safe_tx", "device": "node-9-stealth", "metadata": {}}
{"timestamp": 1779139338, "type": "safe_tx", "device": "node-4-clean", "metadata": {}}
{"timestamp": 1779139338, "type": "safe_tx", "device": "node-2-clean", "metadata": {}}
{"timestamp": 1779139339, "type": "safe_tx", "device": "node-8-spammer", "metadata": {}}
{"timestamp": 1779139339, "type": "safe_tx", "device": "node-8-spammer", "metadata": {}}
{"timestamp": 1779139339, "type": "safe_tx", "device": "node-8-spammer", "metadata": {}}
{"timestamp": 1779139339, "type": "safe_tx", "device": "node-8-spammer", "metadata": {}}
{"timestamp": 1779139339, "type": "safe_tx", "device": "node-8-spammer", "metadata": {}}
{"timestamp": 1779139339, "type": "safe_tx", "device": "node-8-spammer", "metadata": {}}
{"timestamp": 1779139339, "type": "overflow", "device": "node-6-overflow", "metadata": {"count": 3, "window_sec": 30}}
{"timestamp": 1779139339, "type": "safe_tx", "device": "node-5-clean", "metadata": {}}
{"timestamp": 1779139339, "type": "safe_tx", "device": "node-8-spammer", "metadata": {}}
{"timestamp": 1779139339, "type": "safe_tx", "device": "node-8-spammer", "metadata": {}}
{"timestamp": 1779139339, "type": "safe_tx", "device": "node-15-mixed", "metadata": {}}
{"timestamp": 1779139339, "type": "safe_tx", "device": "node-14-mixed", "metadata": {}}
{"timestamp": 1779139339, "type": "fuzzing", "device": "node-10-fuzzer", "metadata": {}}
{"timestamp": 1779139339, "type": "safe_tx", "device": "node-13-mixed", "metadata": {}}
{"timestamp": 1779139339, "type": "safe_tx", "device": "node-13-mixed", "metadata": {}}
{"timestamp": 1779139339, "type": "safe_tx", "device": "node-1-clean", "metadata": {}}
{"timestamp": 1779139340, "type": "time_anomaly", "device": "node-7-timespoof", "metadata": {}}
{"timestamp": 1779139340, "type": "time_anomaly", "device": "node-15-mixed", "metadata": {}}
{"timestamp": 1779139340, "type": "safe_tx", "device": "node-12-mixed", "metadata": {}}
{"timestamp": 1779139340, "type": "safe_tx", "device": "node-8-spammer", "metadata": {}}
{"timestamp": 1779139340, "type": "safe_tx", "device": "node-3-clean", "metadata": {}}
{"timestamp": 1779139340, "type": "safe_tx", "device": "node-5-clean", "metadata": {}}
{"timestamp": 1779139340, "type": "safe_tx", "device": "node-4-clean", "metadata": {}}
{"timestamp": 1779139341, "type": "safe_tx", "device": "node-9-stealth", "metadata": {}}
{"timestamp": 1779139341, "type": "safe_tx", "device": "node-10-fuzzer", "metadata": {}}
{"timestamp": 1779139341, "type": "safe_tx", "device": "node-13-mixed", "metadata": {}}
{"timestamp": 1779139341, "type": "safe_tx", "device": "node-14-mixed", "metadata": {}}
{"timestamp": 1779139341, "type": "safe_tx", "device": "node-8-spammer", "metadata": {}}
{"timestamp": 1779139341, "type": "safe_tx", "device": "node-8-spammer", "metadata": {}}
{"timestamp": 1779139341, "type": "safe_tx", "device": "node-8-spammer", "metadata": {}}
{"timestamp": 1779139341, "type": "safe_tx", "device": "node-8-spammer", "metadata": {}}
{"timestamp": 1779139341, "type": "safe_tx", "device": "node-8-spammer", "metadata": {}}
{"timestamp": 1779139341, "type": "time_anomaly", "device": "node-15-mixed", "metadata": {}}
{"timestamp": 1779139341, "type": "safe_tx", "device": "node-2-clean", "metadata": {}}
{"timestamp": 1779139341, "type": "safe_tx", "device": "node-3-clean", "metadata": {}}
{"timestamp": 1779139342, "type": "safe_tx", "device": "node-1-clean", "metadata": {}}
{"timestamp": 1779139342, "type": "fuzzing", "device": "node-10-fuzzer", "metadata": {}}
{"timestamp": 1779139342, "type": "safe_tx", "device": "node-4-clean", "metadata": {}}
{"timestamp": 1779139343, "type": "safe_tx", "device": "node-12-mixed", "metadata": {}}
{"timestamp": 1779139343, "type": "safe_tx", "device": "node-5-clean", "metadata": {}}
{"timestamp": 1779139344, "type": "time_anomaly", "device": "node-7-timespoof", "metadata": {}}
{"timestamp": 1779139344, "type": "safe_tx", "device": "node-9-stealth", "metadata": {}}
{"timestamp": 1779139344, "type": "safe_tx", "device": "node-5-clean", "metadata": {}}
{"timestamp": 1779139344, "type": "safe_tx", "device": "node-14-mixed", "metadata": {}}
{"timestamp": 1779139344, "type": "safe_tx", "device": "node-2-clean", "metadata": {}}
{"timestamp": 1779139344, "type": "safe_tx", "device": "node-10-fuzzer", "metadata": {}}
{"timestamp": 1779139344, "type": "safe_tx", "device": "node-8-spammer", "metadata": {}}
{"timestamp": 1779139344, "type": "safe_tx", "device": "node-8-spammer", "metadata": {}}
{"timestamp": 1779139344, "type": "safe_tx", "device": "node-8-spammer", "metadata": {}}
{"timestamp": 1779139344, "type": "safe_tx", "device": "node-8-spammer", "metadata": {}}
{"timestamp": 1779139345, "type": "safe_tx", "device": "node-3-clean", "metadata": {}}
{"timestamp": 1779139345, "type": "safe_tx", "device": "node-4-clean", "metadata": {}}
{"timestamp": 1779139345, "type": "safe_tx", "device": "node-11-pulsing", "metadata": {}}
{"timestamp": 1779139345, "type": "safe_tx", "device": "node-12-mixed", "metadata": {}}
{"timestamp": 1779139345, "type": "safe_tx", "device": "node-15-mixed", "metadata": {}}
{"timestamp": 1779139345, "type": "safe_tx", "device": "node-11-pulsing", "metadata": {}}
{"timestamp": 1779139345, "type": "safe_tx", "device": "node-11-pulsing", "metadata": {}}
{"timestamp": 1779139345, "type": "safe_tx", "device": "node-11-pulsing", "metadata": {}}
{"timestamp": 1779139345, "type": "safe_tx", "device": "node-14-mixed", "metadata": {}}
{"timestamp": 1779139345, "type": "safe_tx", "device": "node-11-pulsing", "metadata": {}}
{"timestamp": 1779139345, "type": "safe_tx", "device": "node-8-spammer", "metadata": {}}
{"timestamp": 1779139345, "type": "safe_tx", "device": "node-11-pulsing", "metadata": {}}
{"timestamp": 1779139345, "type": "safe_tx", "device": "node-8-spammer", "metadata": {}}
{"timestamp": 1779139345, "type": "safe_tx", "device": "node-11-pulsing", "metadata": {}}
{"timestamp": 1779139345, "type": "safe_tx", "device": "node-8-spammer", "metadata": {}}
{"timestamp": 1779139345, "type": "safe_tx", "device": "node-8-spammer", "metadata": {}}
{"timestamp": 1779139345, "type": "safe_tx", "device": "node-11-pulsing", "metadata": {}}
{"timestamp": 1779139345, "type": "safe_tx", "device": "node-8-spammer", "metadata": {}}
{"timestamp": 1779139345, "type": "safe_tx", "device": "node-11-pulsing", "metadata": {}}
{"timestamp": 1779139345, "type": "safe_tx", "device": "node-8-spammer", "metadata": {}}
{"timestamp": 1779139345, "type": "safe_tx", "device": "node-1-clean", "metadata": {}}
{"timestamp": 1779139345, "type": "safe_tx", "device": "node-8-spammer", "metadata": {}}
{"timestamp": 1779139345, "type": "safe_tx", "device": "node-11-pulsing", "metadata": {}}
{"timestamp": 1779139345, "type": "safe_tx", "device": "node-8-spammer", "metadata": {}}
{"timestamp": 1779139345, "type": "safe_tx", "device": "node-8-spammer", "metadata": {}}
{"timestamp": 1779139345, "type": "safe_tx", "device": "node-11-pulsing", "metadata": {}}
{"timestamp": 1779139346, "type": "safe_tx", "device": "node-8-spammer", "metadata": {}}
{"timestamp": 1779139346, "type": "overflow", "device": "node-6-overflow", "metadata": {"count": 3, "window_sec": 30}}
{"timestamp": 1779139346, "type": "safe_tx", "device": "node-11-pulsing", "metadata": {}}
{"timestamp": 1779139346, "type": "safe_tx", "device": "node-8-spammer", "metadata": {}}
{"timestamp": 1779139346, "type": "dos_spam", "device": "node-8-spammer", "metadata": {}}
{"timestamp": 1779139346, "type": "safe_tx", "device": "node-8-spammer", "metadata": {}}
{"timestamp": 1779139346, "type": "safe_tx", "device": "node-11-pulsing", "metadata": {}}
{"timestamp": 1779139346, "type": "safe_tx", "device": "node-12-mixed", "metadata": {}}
{"timestamp": 1779139346, "type": "safe_tx", "device": "node-8-spammer", "metadata": {}}
{"timestamp": 1779139346, "type": "safe_tx", "device": "node-11-pulsing", "metadata": {}}
{"timestamp": 1779139346, "type": "safe_tx", "device": "node-8-spammer", "metadata": {}}
{"timestamp": 1779139346, "type": "safe_tx", "device": "node-8-spammer", "metadata": {}}
{"timestamp": 1779139346, "type": "safe_tx", "device": "node-11-pulsing", "metadata": {}}
{"timestamp": 1779139346, "type": "dos_spam", "device": "node-11-pulsing", "metadata": {}}
{"timestamp": 1779139346, "type": "safe_tx", "device": "node-8-spammer", "metadata": {}}
{"timestamp": 1779139346, "type": "safe_tx", "device": "node-8-spammer", "metadata": {}}
{"timestamp": 1779139346, "type": "safe_tx", "device": "node-11-pulsing", "metadata": {}}
{"timestamp": 1779139346, "type": "safe_tx", "device": "node-8-spammer", "metadata": {}}
{"timestamp": 1779139346, "type": "safe_tx", "device": "node-9-stealth", "metadata": {}}
{"timestamp": 1779139346, "type": "safe_tx", "device": "node-11-pulsing", "metadata": {}}
{"timestamp": 1779139346, "type": "safe_tx", "device": "node-8-spammer", "metadata": {}}
{"timestamp": 1779139346, "type": "safe_tx", "device": "node-8-spammer", "metadata": {}}
{"timestamp": 1779139346, "type": "safe_tx", "device": "node-11-pulsing", "metadata": {}}
{"timestamp": 1779139346, "type": "safe_tx", "device": "node-8-spammer", "metadata": {}}
{"timestamp": 1779139346, "type": "dos_spam", "device": "node-8-spammer", "metadata": {"count": 30, "window_sec": 5}}
{"timestamp": 1779139346, "type": "safe_tx", "device": "node-8-spammer", "metadata": {}}
{"timestamp": 1779139346, "type": "safe_tx", "device": "node-11-pulsing", "metadata": {}}
{"timestamp": 1779139346, "type": "safe_tx", "device": "node-8-spammer", "metadata": {}}
{"timestamp": 1779139346, "type": "safe_tx", "device": "node-11-pulsing", "metadata": {}}
{"timestamp": 1779139346, "type": "safe_tx", "device": "node-8-spammer", "metadata": {}}
{"timestamp": 1779139346, "type": "safe_tx", "device": "node-8-spammer", "metadata": {}}
{"timestamp": 1779139346, "type": "safe_tx", "device": "node-13-mixed", "metadata": {}}
{"timestamp": 1779139347, "type": "safe_tx", "device": "node-15-mixed", "metadata": {}}
{"timestamp": 1779139347, "type": "safe_tx", "device": "node-4-clean", "metadata": {}}
{"timestamp": 1779139347, "type": "safe_tx", "device": "node-5-clean", "metadata": {}}
{"timestamp": 1779139347, "type": "overflow", "device": "node-10-fuzzer", "metadata": {"count": 3, "window_sec": 30}}
{"timestamp": 1779139347, "type": "safe_tx", "device": "node-13-mixed", "metadata": {}}
{"timestamp": 1779139347, "type": "safe_tx", "device": "node-9-stealth", "metadata": {}}
{"timestamp": 1779139347, "type": "safe_tx", "device": "node-1-clean", "metadata": {}}
{"timestamp": 1779139347, "type": "safe_tx", "device": "node-2-clean", "metadata": {}}
{"timestamp": 1779139347, "type": "safe_tx", "device": "node-8-spammer", "metadata": {}}
{"timestamp": 1779139347, "type": "dos_spam", "device": "node-8-spammer", "metadata": {}}
{"timestamp": 1779139348, "type": "time_anomaly", "device": "node-7-timespoof", "metadata": {}}
{"timestamp": 1779139347, "type": "safe_tx", "device": "node-8-spammer", "metadata": {}}
{"timestamp": 1779139347, "type": "safe_tx", "device": "node-8-spammer", "metadata": {}}
{"timestamp": 1779139348, "type": "overflow", "device": "node-15-mixed", "metadata": {"count": 3, "window_sec": 30}}
{"timestamp": 1779139348, "type": "safe_tx", "device": "node-12-mixed", "metadata": {}}
{"timestamp": 1779139348, "type": "safe_tx", "device": "node-15-mixed", "metadata": {}}
{"timestamp": 1779139348, "type": "time_anomaly", "device": "node-13-mixed", "metadata": {}}
{"timestamp": 1779139348, "type": "safe_tx", "device": "node-3-clean", "metadata": {}}
{"timestamp": 1779139348, "type": "safe_tx", "device": "node-14-mixed", "metadata": {}}
{"timestamp": 1779139349, "type": "safe_tx", "device": "node-13-mixed", "metadata": {}}
{"timestamp": 1779139349, "type": "fuzzing", "device": "node-10-fuzzer", "metadata": {}}
{"timestamp": 1779139349, "type": "safe_tx", "device": "node-8-spammer", "metadata": {}}
{"timestamp": 1779139350, "type": "safe_tx", "device": "node-8-spammer", "metadata": {}}
{"timestamp": 1779139350, "type": "safe_tx", "device": "node-8-spammer", "metadata": {}}
{"timestamp": 1779139350, "type": "safe_tx", "device": "node-8-spammer", "metadata": {}}
{"timestamp": 1779139350, "type": "safe_tx", "device": "node-9-stealth", "metadata": {}}
{"timestamp": 1779139350, "type": "safe_tx", "device": "node-12-mixed", "metadata": {}}
{"timestamp": 1779139350, "type": "safe_tx", "device": "node-8-spammer", "metadata": {}}
{"timestamp": 1779139350, "type": "safe_tx", "device": "node-8-spammer", "metadata": {}}
{"timestamp": 1779139350, "type": "safe_tx", "device": "node-8-spammer", "metadata": {}}
{"timestamp": 1779139350, "type": "safe_tx", "device": "node-4-clean", "metadata": {}}
{"timestamp": 1779139350, "type": "safe_tx", "device": "node-2-clean", "metadata": {}}
{"timestamp": 1779139351, "type": "time_anomaly", "device": "node-14-mixed", "metadata": {}}
{"timestamp": 1779139351, "type": "safe_tx", "device": "node-5-clean", "metadata": {}}
{"timestamp": 1779139351, "type": "safe_tx", "device": "node-15-mixed", "metadata": {}}
{"timestamp": 1779139351, "type": "safe_tx", "device": "node-8-spammer", "metadata": {}}
{"timestamp": 1779139351, "type": "safe_tx", "device": "node-6-overflow", "metadata": {}}
{"timestamp": 1779139351, "type": "safe_tx", "device": "node-1-clean", "metadata": {}}
{"timestamp": 1779139351, "type": "overflow", "device": "node-13-mixed", "metadata": {"count": 3, "window_sec": 30}}
{"timestamp": 1779139352, "type": "safe_tx", "device": "node-8-spammer", "metadata": {}}
{"timestamp": 1779139352, "type": "safe_tx", "device": "node-8-spammer", "metadata": {}}
{"timestamp": 1779139352, "type": "safe_tx", "device": "node-8-spammer", "metadata": {}}
{"timestamp": 1779139352, "type": "safe_tx", "device": "node-8-spammer", "metadata": {}}
{"timestamp": 1779139352, "type": "safe_tx", "device": "node-8-spammer", "metadata": {}}
{"timestamp": 1779139352, "type": "safe_tx", "device": "node-8-spammer", "metadata": {}}
{"timestamp": 1779139352, "type": "safe_tx", "device": "node-8-spammer", "metadata": {}}
{"timestamp": 1779139352, "type": "safe_tx", "device": "node-8-spammer", "metadata": {}}
{"timestamp": 1779139352, "type": "dos_spam", "device": "node-8-spammer", "metadata": {}}
{"timestamp": 1779139352, "type": "safe_tx", "device": "node-8-spammer", "metadata": {}}
{"timestamp": 1779139352, "type": "safe_tx", "device": "node-14-mixed", "metadata": {}}
{"timestamp": 1779139352, "type": "safe_tx", "device": "node-3-clean", "metadata": {}}
{"timestamp": 1779139352, "type": "safe_tx", "device": "node-4-clean", "metadata": {}}
{"timestamp": 1779139352, "type": "safe_tx", "device": "node-2-clean", "metadata": {}}
{"timestamp": 1779139352, "type": "safe_tx", "device": "node-12-mixed", "metadata": {}}
{"timestamp": 1779139353, "type": "safe_tx", "device": "node-10-fuzzer", "metadata": {}}
{"timestamp": 1779139353, "type": "safe_tx", "device": "node-8-spammer", "metadata": {}}
{"timestamp": 1779139353, "type": "time_anomaly", "device": "node-14-mixed", "metadata": {}}
{"timestamp": 1779139353, "type": "safe_tx", "device": "node-8-spammer", "metadata": {}}
{"timestamp": 1779139354, "type": "time_anomaly", "device": "node-7-timespoof", "metadata": {}}
{"timestamp": 1779139353, "type": "safe_tx", "device": "node-8-spammer", "metadata": {}}
{"timestamp": 1779139353, "type": "safe_tx", "device": "node-8-spammer", "metadata": {}}
{"timestamp": 1779139353, "type": "safe_tx", "device": "node-8-spammer", "metadata": {}}
{"timestamp": 1779139353, "type": "safe_tx", "device": "node-8-spammer", "metadata": {}}
{"timestamp": 1779139354, "type": "safe_tx", "device": "node-8-spammer", "metadata": {}}
{"timestamp": 1779139354, "type": "safe_tx", "device": "node-8-spammer", "metadata": {}}
{"timestamp": 1779139354, "type": "safe_tx", "device": "node-3-clean", "metadata": {}}
{"timestamp": 1779139354, "type": "safe_tx", "device": "node-4-clean", "metadata": {}}
{"timestamp": 1779139354, "type": "time_anomaly", "device": "node-13-mixed", "metadata": {}}
{"timestamp": 1779139354, "type": "safe_tx", "device": "node-1-clean", "metadata": {}}
{"timestamp": 1779139354, "type": "safe_tx", "device": "node-5-clean", "metadata": {}}
{"timestamp": 1779139354, "type": "safe_tx", "device": "node-2-clean", "metadata": {}}
{"timestamp": 1779139354, "type": "safe_tx", "device": "node-8-spammer", "metadata": {}}
{"timestamp": 1779139354, "type": "safe_tx", "device": "node-8-spammer", "metadata": {}}
{"timestamp": 1779139354, "type": "safe_tx", "device": "node-8-spammer", "metadata": {}}
{"timestamp": 1779139355, "type": "safe_tx", "device": "node-8-spammer", "metadata": {}}
{"timestamp": 1779139355, "type": "safe_tx", "device": "node-8-spammer", "metadata": {}}
{"timestamp": 1779139355, "type": "safe_tx", "device": "node-9-stealth", "metadata": {}}
{"timestamp": 1779139355, "type": "safe_tx", "device": "node-4-clean", "metadata": {}}
{"timestamp": 1779139355, "type": "fuzzing", "device": "node-10-fuzzer", "metadata": {}}
{"timestamp": 1779139356, "type": "time_anomaly", "device": "node-15-mixed", "metadata": {}}
{"timestamp": 1779139355, "type": "safe_tx", "device": "node-6-overflow", "metadata": {}}
{"timestamp": 1779139355, "type": "safe_tx", "device": "node-14-mixed", "metadata": {}}
{"timestamp": 1779139356, "type": "safe_tx", "device": "node-1-clean", "metadata": {}}
{"timestamp": 1779139356, "type": "time_anomaly", "device": "node-12-mixed", "metadata": {}}
{"timestamp": 1779139356, "type": "fuzzing", "device": "node-10-fuzzer", "metadata": {}}
{"timestamp": 1779139357, "type": "time_anomaly", "device": "node-7-timespoof", "metadata": {}}
{"timestamp": 1779139357, "type": "safe_tx", "device": "node-1-clean", "metadata": {}}
{"timestamp": 1779139357, "type": "safe_tx", "device": "node-3-clean", "metadata": {}}
{"timestamp": 1779139357, "type": "safe_tx", "device": "node-8-spammer", "metadata": {}}
{"timestamp": 1779139357, "type": "safe_tx", "device": "node-5-clean", "metadata": {}}
{"timestamp": 1779139357, "type": "safe_tx", "device": "node-8-spammer", "metadata": {}}
{"timestamp": 1779139357, "type": "safe_tx", "device": "node-4-clean", "metadata": {}}
{"timestamp": 1779139357, "type": "safe_tx", "device": "node-13-mixed", "metadata": {}}
{"timestamp": 1779139358, "type": "safe_tx", "device": "node-8-spammer", "metadata": {}}
{"timestamp": 1779139358, "type": "safe_tx", "device": "node-8-spammer", "metadata": {}}
{"timestamp": 1779139358, "type": "safe_tx", "device": "node-9-stealth", "metadata": {}}
{"timestamp": 1779139358, "type": "safe_tx", "device": "node-5-clean", "metadata": {}}
{"timestamp": 1779139358, "type": "overflow", "device": "node-14-mixed", "metadata": {"count": 3, "window_sec": 30}}
{"timestamp": 1779139358, "type": "safe_tx", "device": "node-3-clean", "metadata": {}}
{"timestamp": 1779139358, "type": "safe_tx", "device": "node-2-clean", "metadata": {}}
{"timestamp": 1779139358, "type": "safe_tx", "device": "node-3-clean", "metadata": {}}
{"timestamp": 1779139358, "type": "safe_tx", "device": "node-8-spammer", "metadata": {}}
{"timestamp": 1779139358, "type": "safe_tx", "device": "node-15-mixed", "metadata": {}}
{"timestamp": 1779139359, "type": "fuzzing", "device": "node-10-fuzzer", "metadata": {}}
{"timestamp": 1779139359, "type": "safe_tx", "device": "node-14-mixed", "metadata": {}}
{"timestamp": 1779139359, "type": "safe_tx", "device": "node-2-clean", "metadata": {}}
{"timestamp": 1779139359, "type": "safe_tx", "device": "node-9-stealth", "metadata": {}}
{"timestamp": 1779139359, "type": "safe_tx", "device": "node-12-mixed", "metadata": {}}
{"timestamp": 1779139359, "type": "safe_tx", "device": "node-1-clean", "metadata": {}}
{"timestamp": 1779139359, "type": "safe_tx", "device": "node-10-fuzzer", "metadata": {}}
{"timestamp": 1779139359, "type": "safe_tx", "device": "node-4-clean", "metadata": {}}
{"timestamp": 1779139360, "type": "safe_tx", "device": "node-4-clean", "metadata": {}}
{"timestamp": 1779139360, "type": "safe_tx", "device": "node-14-mixed", "metadata": {}}
{"timestamp": 1779139360, "type": "fuzzing", "device": "node-10-fuzzer", "metadata": {}}
{"timestamp": 1779139360, "type": "safe_tx", "device": "node-13-mixed", "metadata": {}}
{"timestamp": 1779139361, "type": "safe_tx", "device": "node-3-clean", "metadata": {}}
{"timestamp": 1779139361, "type": "safe_tx", "device": "node-3-clean", "metadata": {}}
{"timestamp": 1779139361, "type": "safe_tx", "device": "node-8-spammer", "metadata": {}}
{"timestamp": 1779139361, "type": "safe_tx", "device": "node-2-clean", "metadata": {}}
{"timestamp": 1779139361, "type": "safe_tx", "device": "node-12-mixed", "metadata": {}}
{"timestamp": 1779139361, "type": "safe_tx", "device": "node-15-mixed", "metadata": {}}
{"timestamp": 1779139361, "type": "safe_tx", "device": "node-2-clean", "metadata": {}}
{"timestamp": 1779139361, "type": "safe_tx", "device": "node-1-clean", "metadata": {}}
{"timestamp": 1779139361, "type": "time_anomaly", "device": "node-7-timespoof", "metadata": {}}
{"timestamp": 1779139361, "type": "safe_tx", "device": "node-8-spammer", "metadata": {}}
{"timestamp": 1779139361, "type": "safe_tx", "device": "node-8-spammer", "metadata": {}}
{"timestamp": 1779139361, "type": "safe_tx", "device": "node-8-spammer", "metadata": {}}
{"timestamp": 1779139361, "type": "safe_tx", "device": "node-8-spammer", "metadata": {}}
{"timestamp": 1779139362, "type": "safe_tx", "device": "node-8-spammer", "metadata": {}}
{"timestamp": 1779139362, "type": "safe_tx", "device": "node-5-clean", "metadata": {}}
{"timestamp": 1779139362, "type": "safe_tx", "device": "node-12-mixed", "metadata": {}}
{"timestamp": 1779139362, "type": "safe_tx", "device": "node-9-stealth", "metadata": {}}
{"timestamp": 1779139363, "type": "safe_tx", "device": "node-8-spammer", "metadata": {}}
{"timestamp": 1779139363, "type": "safe_tx", "device": "node-13-mixed", "metadata": {}}
{"timestamp": 1779139363, "type": "safe_tx", "device": "node-8-spammer", "metadata": {}}
{"timestamp": 1779139363, "type": "fuzzing", "device": "node-10-fuzzer", "metadata": {}}
{"timestamp": 1779139363, "type": "safe_tx", "device": "node-8-spammer", "metadata": {}}
{"timestamp": 1779139363, "type": "overflow", "device": "node-12-mixed", "metadata": {"count": 3, "window_sec": 30}}
{"timestamp": 1779139363, "type": "safe_tx", "device": "node-8-spammer", "metadata": {}}
{"timestamp": 1779139363, "type": "safe_tx", "device": "node-8-spammer", "metadata": {}}
{"timestamp": 1779139363, "type": "safe_tx", "device": "node-8-spammer", "metadata": {}}
{"timestamp": 1779139363, "type": "safe_tx", "device": "node-15-mixed", "metadata": {}}
{"timestamp": 1779139363, "type": "safe_tx", "device": "node-13-mixed", "metadata": {}}
{"timestamp": 1779139363, "type": "safe_tx", "device": "node-1-clean", "metadata": {}}
{"timestamp": 1779139363, "type": "safe_tx", "device": "node-5-clean", "metadata": {}}
{"timestamp": 1779139363, "type": "safe_tx", "device": "node-14-mixed", "metadata": {}}
{"timestamp": 1779139363, "type": "safe_tx", "device": "node-12-mixed", "metadata": {}}
{"timestamp": 1779139364, "type": "time_anomaly", "device": "node-7-timespoof", "metadata": {}}
{"timestamp": 1779139364, "type": "safe_tx", "device": "node-6-overflow", "metadata": {}}
{"timestamp": 1779139364, "type": "safe_tx", "device": "node-4-clean", "metadata": {}}
{"timestamp": 1779139364, "type": "safe_tx", "device": "node-3-clean", "metadata": {}}
{"timestamp": 1779139364, "type": "fuzzing", "device": "node-10-fuzzer", "metadata": {}}
{"timestamp": 1779139364, "type": "safe_tx", "device": "node-8-spammer", "metadata": {}}
{"timestamp": 1779139365, "type": "time_anomaly", "device": "node-13-mixed", "metadata": {}}
{"timestamp": 1779139365, "type": "safe_tx", "device": "node-12-mixed", "metadata": {}}
{"timestamp": 1779139365, "type": "safe_tx", "device": "node-2-clean", "metadata": {}}
{"timestamp": 1779139365, "type": "overflow", "device": "node-9-stealth", "metadata": {"count": 3, "window_sec": 30}}
{"timestamp": 1779139365, "type": "safe_tx", "device": "node-2-clean", "metadata": {}}
{"timestamp": 1779139365, "type": "fuzzing", "device": "node-10-fuzzer", "metadata": {}}
{"timestamp": 1779139365, "type": "safe_tx", "device": "node-4-clean", "metadata": {}}
{"timestamp": 1779139365, "type": "safe_tx", "device": "node-3-clean", "metadata": {}}
{"timestamp": 1779139366, "type": "safe_tx", "device": "node-12-mixed", "metadata": {}}
{"timestamp": 1779139366, "type": "safe_tx", "device": "node-1-clean", "metadata": {}}
{"timestamp": 1779139366, "type": "safe_tx", "device": "node-10-fuzzer", "metadata": {}}
{"timestamp": 1779139366, "type": "safe_tx", "device": "node-8-spammer", "metadata": {}}
{"timestamp": 1779139366, "type": "safe_tx", "device": "node-8-spammer", "metadata": {}}
{"timestamp": 1779139366, "type": "safe_tx", "device": "node-3-clean", "metadata": {}}
{"timestamp": 1779139366, "type": "safe_tx", "device": "node-14-mixed", "metadata": {}}
{"timestamp": 1779139366, "type": "safe_tx", "device": "node-9-stealth", "metadata": {}}
{"timestamp": 1779139366, "type": "time_anomaly", "device": "node-7-timespoof", "metadata": {}}
{"timestamp": 1779139367, "type": "safe_tx", "device": "node-4-clean", "metadata": {}}
{"timestamp": 1779139367, "type": "overflow", "device": "node-6-overflow", "metadata": {"count": 3, "window_sec": 30}}
{"timestamp": 1779139367, "type": "safe_tx", "device": "node-8-spammer", "metadata": {}}
{"timestamp": 1779139367, "type": "safe_tx", "device": "node-8-spammer", "metadata": {}}
{"timestamp": 1779139367, "type": "safe_tx", "device": "node-15-mixed", "metadata": {}}
{"timestamp": 1779139367, "type": "safe_tx", "device": "node-8-spammer", "metadata": {}}
{"timestamp": 1779139367, "type": "safe_tx", "device": "node-8-spammer", "metadata": {}}
{"timestamp": 1779139367, "type": "safe_tx", "device": "node-8-spammer", "metadata": {}}
{"timestamp": 1779139367, "type": "safe_tx", "device": "node-8-spammer", "metadata": {}}
{"timestamp": 1779139367, "type": "safe_tx", "device": "node-8-spammer", "metadata": {}}
{"timestamp": 1779139367, "type": "safe_tx", "device": "node-8-spammer", "metadata": {}}
{"timestamp": 1779139367, "type": "overflow", "device": "node-10-fuzzer", "metadata": {"count": 3, "window_sec": 30}}
{"timestamp": 1779139368, "type": "safe_tx", "device": "node-12-mixed", "metadata": {}}
{"timestamp": 1779139368, "type": "time_anomaly", "device": "node-14-mixed", "metadata": {}}
{"timestamp": 1779139368, "type": "fuzzing", "device": "node-10-fuzzer", "metadata": {}}
{"timestamp": 1779139368, "type": "safe_tx", "device": "node-2-clean", "metadata": {}}
{"timestamp": 1779139368, "type": "safe_tx", "device": "node-3-clean", "metadata": {}}
{"timestamp": 1779139368, "type": "safe_tx", "device": "node-1-clean", "metadata": {}}
{"timestamp": 1779139368, "type": "safe_tx", "device": "node-5-clean", "metadata": {}}
{"timestamp": 1779139368, "type": "safe_tx", "device": "node-4-clean", "metadata": {}}
{"timestamp": 1779139369, "type": "safe_tx", "device": "node-8-spammer", "metadata": {}}
{"timestamp": 1779139369, "type": "safe_tx", "device": "node-8-spammer", "metadata": {}}
{"timestamp": 1779139369, "type": "safe_tx", "device": "node-8-spammer", "metadata": {}}
{"timestamp": 1779139369, "type": "safe_tx", "device": "node-8-spammer", "metadata": {}}
{"timestamp": 1779139369, "type": "safe_tx", "device": "node-8-spammer", "metadata": {}}
{"timestamp": 1779139369, "type": "safe_tx", "device": "node-9-stealth", "metadata": {}}
{"timestamp": 1779139369, "type": "overflow", "device": "node-13-mixed", "metadata": {"count": 3, "window_sec": 30}}
{"timestamp": 1779139369, "type": "safe_tx", "device": "node-2-clean", "metadata": {}}
{"timestamp": 1779139370, "type": "safe_tx", "device": "node-8-spammer", "metadata": {}}
{"timestamp": 1779139370, "type": "safe_tx", "device": "node-8-spammer", "metadata": {}}
{"timestamp": 1779139370, "type": "safe_tx", "device": "node-15-mixed", "metadata": {}}
{"timestamp": 1779139370, "type": "safe_tx", "device": "node-8-spammer", "metadata": {}}
{"timestamp": 1779139370, "type": "safe_tx", "device": "node-5-clean", "metadata": {}}
{"timestamp": 1779139370, "type": "safe_tx", "device": "node-8-spammer", "metadata": {}}
{"timestamp": 1779139370, "type": "safe_tx", "device": "node-3-clean", "metadata": {}}
{"timestamp": 1779139370, "type": "safe_tx", "device": "node-2-clean", "metadata": {}}
{"timestamp": 1779139371, "type": "safe_tx", "device": "node-8-spammer", "metadata": {}}
{"timestamp": 1779139371, "type": "safe_tx", "device": "node-8-spammer", "metadata": {}}
{"timestamp": 1779139371, "type": "safe_tx", "device": "node-8-spammer", "metadata": {}}
{"timestamp": 1779139371, "type": "safe_tx", "device": "node-8-spammer", "metadata": {}}
{"timestamp": 1779139371, "type": "safe_tx", "device": "node-8-spammer", "metadata": {}}
{"timestamp": 1779139371, "type": "time_anomaly", "device": "node-7-timespoof", "metadata": {}}
{"timestamp": 1779139371, "type": "safe_tx", "device": "node-10-fuzzer", "metadata": {}}
{"timestamp": 1779139372, "type": "safe_tx", "device": "node-8-spammer", "metadata": {}}
{"timestamp": 1779139372, "type": "safe_tx", "device": "node-14-mixed", "metadata": {}}
{"timestamp": 1779139372, "type": "safe_tx", "device": "node-8-spammer", "metadata": {}}
{"timestamp": 1779139372, "type": "safe_tx", "device": "node-8-spammer", "metadata": {}}
{"timestamp": 1779139372, "type": "safe_tx", "device": "node-8-spammer", "metadata": {}}
{"timestamp": 1779139372, "type": "safe_tx", "device": "node-1-clean", "metadata": {}}
{"timestamp": 1779139372, "type": "safe_tx", "device": "node-8-spammer", "metadata": {}}
{"timestamp": 1779139372, "type": "safe_tx", "device": "node-11-pulsing", "metadata": {}}
{"timestamp": 1779139372, "type": "safe_tx", "device": "node-8-spammer", "metadata": {}}
{"timestamp": 1779139372, "type": "dos_spam", "device": "node-8-spammer", "metadata": {}}
{"timestamp": 1779139372, "type": "safe_tx", "device": "node-8-spammer", "metadata": {}}
{"timestamp": 1779139372, "type": "safe_tx", "device": "node-9-stealth", "metadata": {}}
{"timestamp": 1779139372, "type": "safe_tx", "device": "node-11-pulsing", "metadata": {}}
{"timestamp": 1779139372, "type": "safe_tx", "device": "node-15-mixed", "metadata": {}}
{"timestamp": 1779139372, "type": "safe_tx", "device": "node-8-spammer", "metadata": {}}
{"timestamp": 1779139372, "type": "dos_spam", "device": "node-8-spammer", "metadata": {"count": 30, "window_sec": 5}}
{"timestamp": 1779139372, "type": "safe_tx", "device": "node-11-pulsing", "metadata": {}}
{"timestamp": 1779139372, "type": "safe_tx", "device": "node-11-pulsing", "metadata": {}}
{"timestamp": 1779139372, "type": "safe_tx", "device": "node-11-pulsing", "metadata": {}}
{"timestamp": 1779139372, "type": "safe_tx", "device": "node-11-pulsing", "metadata": {}}
{"timestamp": 1779139372, "type": "safe_tx", "device": "node-3-clean", "metadata": {}}
{"timestamp": 1779139372, "type": "safe_tx", "device": "node-11-pulsing", "metadata": {}}
{"timestamp": 1779139372, "type": "safe_tx", "device": "node-11-pulsing", "metadata": {}}
{"timestamp": 1779139372, "type": "safe_tx", "device": "node-11-pulsing", "metadata": {}}
{"timestamp": 1779139372, "type": "safe_tx", "device": "node-11-pulsing", "metadata": {}}
{"timestamp": 1779139372, "type": "safe_tx", "device": "node-4-clean", "metadata": {}}
{"timestamp": 1779139372, "type": "safe_tx", "device": "node-11-pulsing", "metadata": {}}
{"timestamp": 1779139372, "type": "safe_tx", "device": "node-11-pulsing", "metadata": {}}
{"timestamp": 1779139372, "type": "safe_tx", "device": "node-11-pulsing", "metadata": {}}
{"timestamp": 1779139372, "type": "safe_tx", "device": "node-11-pulsing", "metadata": {}}
{"timestamp": 1779139372, "type": "safe_tx", "device": "node-11-pulsing", "metadata": {}}
{"timestamp": 1779139372, "type": "dos_spam", "device": "node-11-pulsing", "metadata": {}}
{"timestamp": 1779139373, "type": "safe_tx", "device": "node-11-pulsing", "metadata": {}}
{"timestamp": 1779139373, "type": "safe_tx", "device": "node-11-pulsing", "metadata": {}}
{"timestamp": 1779139373, "type": "safe_tx", "device": "node-15-mixed", "metadata": {}}
{"timestamp": 1779139373, "type": "safe_tx", "device": "node-11-pulsing", "metadata": {}}
{"timestamp": 1779139373, "type": "safe_tx", "device": "node-11-pulsing", "metadata": {}}
{"timestamp": 1779139373, "type": "safe_tx", "device": "node-11-pulsing", "metadata": {}}
{"timestamp": 1779139373, "type": "safe_tx", "device": "node-13-mixed", "metadata": {}}
{"timestamp": 1779139373, "type": "safe_tx", "device": "node-14-mixed", "metadata": {}}
{"timestamp": 1779139373, "type": "safe_tx", "device": "node-8-spammer", "metadata": {}}
{"timestamp": 1779139373, "type": "safe_tx", "device": "node-8-spammer", "metadata": {}}
{"timestamp": 1779139373, "type": "safe_tx", "device": "node-8-spammer", "metadata": {}}
{"timestamp": 1779139373, "type": "safe_tx", "device": "node-5-clean", "metadata": {}}
{"timestamp": 1779139373, "type": "safe_tx", "device": "node-8-spammer", "metadata": {}}
{"timestamp": 1779139373, "type": "safe_tx", "device": "node-2-clean", "metadata": {}}
{"timestamp": 1779139373, "type": "safe_tx", "device": "node-4-clean", "metadata": {}}
{"timestamp": 1779139373, "type": "overflow", "device": "node-12-mixed", "metadata": {"count": 3, "window_sec": 30}}
{"timestamp": 1779139374, "type": "time_anomaly", "device": "node-7-timespoof", "metadata": {}}
{"timestamp": 1779139374, "type": "safe_tx", "device": "node-12-mixed", "metadata": {}}
{"timestamp": 1779139374, "type": "safe_tx", "device": "node-10-fuzzer", "metadata": {}}
{"timestamp": 1779139374, "type": "safe_tx", "device": "node-5-clean", "metadata": {}}
{"timestamp": 1779139374, "type": "safe_tx", "device": "node-3-clean", "metadata": {}}
{"timestamp": 1779139375, "type": "time_anomaly", "device": "node-14-mixed", "metadata": {}}
{"timestamp": 1779139375, "type": "safe_tx", "device": "node-8-spammer", "metadata": {}}
{"timestamp": 1779139375, "type": "safe_tx", "device": "node-5-clean", "metadata": {}}
{"timestamp": 1779139375, "type": "safe_tx", "device": "node-8-spammer", "metadata": {}}
{"timestamp": 1779139375, "type": "safe_tx", "device": "node-9-stealth", "metadata": {}}
{"timestamp": 1779139375, "type": "safe_tx", "device": "node-8-spammer", "metadata": {}}
{"timestamp": 1779139375, "type": "safe_tx", "device": "node-8-spammer", "metadata": {}}
{"timestamp": 1779139375, "type": "safe_tx", "device": "node-8-spammer", "metadata": {}}
{"timestamp": 1779139375, "type": "safe_tx", "device": "node-8-spammer", "metadata": {}}
{"timestamp": 1779139375, "type": "safe_tx", "device": "node-8-spammer", "metadata": {}}
{"timestamp": 1779139375, "type": "safe_tx", "device": "node-8-spammer", "metadata": {}}
{"timestamp": 1779139375, "type": "safe_tx", "device": "node-8-spammer", "metadata": {}}
{"timestamp": 1779139375, "type": "safe_tx", "device": "node-8-spammer", "metadata": {}}
{"timestamp": 1779139375, "type": "safe_tx", "device": "node-8-spammer", "metadata": {}}
{"timestamp": 1779139375, "type": "dos_spam", "device": "node-8-spammer", "metadata": {}}
{"timestamp": 1779139375, "type": "safe_tx", "device": "node-8-spammer", "metadata": {}}
{"timestamp": 1779139375, "type": "safe_tx", "device": "node-8-spammer", "metadata": {}}
{"timestamp": 1779139375, "type": "safe_tx", "device": "node-8-spammer", "metadata": {}}
{"timestamp": 1779139375, "type": "safe_tx", "device": "node-8-spammer", "metadata": {}}
{"timestamp": 1779139375, "type": "safe_tx", "device": "node-8-spammer", "metadata": {}}
{"timestamp": 1779139375, "type": "safe_tx", "device": "node-8-spammer", "metadata": {}}
{"timestamp": 1779139375, "type": "safe_tx", "device": "node-8-spammer", "metadata": {}}
{"timestamp": 1779139375, "type": "safe_tx", "device": "node-8-spammer", "metadata": {}}
{"timestamp": 1779139375, "type": "safe_tx", "device": "node-8-spammer", "metadata": {}}
{"timestamp": 1779139375, "type": "safe_tx", "device": "node-1-clean", "metadata": {}}
{"timestamp": 1779139376, "type": "safe_tx", "device": "node-13-mixed", "metadata": {}}
{"timestamp": 1779139376, "type": "safe_tx", "device": "node-3-clean", "metadata": {}}
{"timestamp": 1779139376, "type": "safe_tx", "device": "node-9-stealth", "metadata": {}}
{"timestamp": 1779139376, "type": "safe_tx", "device": "node-6-overflow", "metadata": {}}
{"timestamp": 1779139376, "type": "safe_tx", "device": "node-14-mixed", "metadata": {}}
{"timestamp": 1779139376, "type": "safe_tx", "device": "node-8-spammer", "metadata": {}}
{"timestamp": 1779139376, "type": "safe_tx", "device": "node-15-mixed", "metadata": {}}
{"timestamp": 1779139376, "type": "safe_tx", "device": "node-8-spammer", "metadata": {}}
{"timestamp": 1779139376, "type": "safe_tx", "device": "node-8-spammer", "metadata": {}}
{"timestamp": 1779139376, "type": "safe_tx", "device": "node-8-spammer", "metadata": {}}
{"timestamp": 1779139376, "type": "safe_tx", "device": "node-8-spammer", "metadata": {}}
{"timestamp": 1779139376, "type": "safe_tx", "device": "node-2-clean", "metadata": {}}
{"timestamp": 1779139377, "type": "safe_tx", "device": "node-3-clean", "metadata": {}}
{"timestamp": 1779139377, "type": "safe_tx", "device": "node-8-spammer", "metadata": {}}
{"timestamp": 1779139377, "type": "dos_spam", "device": "node-8-spammer", "metadata": {"count": 30, "window_sec": 5}}
{"timestamp": 1779139377, "type": "dos_spam", "device": "node-8-spammer", "metadata": {}}
{"timestamp": 1779139377, "type": "safe_tx", "device": "node-8-spammer", "metadata": {}}
{"timestamp": 1779139377, "type": "safe_tx", "device": "node-8-spammer", "metadata": {}}
{"timestamp": 1779139377, "type": "safe_tx", "device": "node-8-spammer", "metadata": {}}
{"timestamp": 1779139377, "type": "safe_tx", "device": "node-8-spammer", "metadata": {}}
{"timestamp": 1779139377, "type": "safe_tx", "device": "node-5-clean", "metadata": {}}
{"timestamp": 1779139377, "type": "safe_tx", "device": "node-9-stealth", "metadata": {}}
{"timestamp": 1779139377, "type": "safe_tx", "device": "node-8-spammer", "metadata": {}}
{"timestamp": 1779139377, "type": "safe_tx", "device": "node-8-spammer", "metadata": {}}
{"timestamp": 1779139377, "type": "safe_tx", "device": "node-8-spammer", "metadata": {}}
{"timestamp": 1779139377, "type": "overflow", "device": "node-10-fuzzer", "metadata": {"count": 3, "window_sec": 30}}
{"timestamp": 1779139377, "type": "safe_tx", "device": "node-8-spammer", "metadata": {}}
{"timestamp": 1779139377, "type": "safe_tx", "device": "node-8-spammer", "metadata": {}}
{"timestamp": 1779139377, "type": "time_anomaly", "device": "node-12-mixed", "metadata": {}}
{"timestamp": 1779139377, "type": "safe_tx", "device": "node-8-spammer", "metadata": {}}
{"timestamp": 1779139377, "type": "safe_tx", "device": "node-8-spammer", "metadata": {}}
{"timestamp": 1779139377, "type": "safe_tx", "device": "node-8-spammer", "metadata": {}}
{"timestamp": 1779139377, "type": "safe_tx", "device": "node-8-spammer", "metadata": {}}
{"timestamp": 1779139377, "type": "safe_tx", "device": "node-8-spammer", "metadata": {}}
{"timestamp": 1779139377, "type": "safe_tx", "device": "node-8-spammer", "metadata": {}}
{"timestamp": 1779139377, "type": "dos_spam", "device": "node-8-spammer", "metadata": {}}
{"timestamp": 1779139377, "type": "safe_tx", "device": "node-4-clean", "metadata": {}}
{"timestamp": 1779139378, "type": "safe_tx", "device": "node-4-clean", "metadata": {}}
{"timestamp": 1779139378, "type": "time_anomaly", "device": "node-7-timespoof", "metadata": {}}
{"timestamp": 1779139378, "type": "safe_tx", "device": "node-8-spammer", "metadata": {}}
{"timestamp": 1779139378, "type": "safe_tx", "device": "node-8-spammer", "metadata": {}}
{"timestamp": 1779139378, "type": "safe_tx", "device": "node-5-clean", "metadata": {}}
{"timestamp": 1779139378, "type": "safe_tx", "device": "node-8-spammer", "metadata": {}}
{"timestamp": 1779139378, "type": "safe_tx", "device": "node-8-spammer", "metadata": {}}
{"timestamp": 1779139378, "type": "safe_tx", "device": "node-8-spammer", "metadata": {}}
{"timestamp": 1779139378, "type": "safe_tx", "device": "node-1-clean", "metadata": {}}
{"timestamp": 1779139378, "type": "safe_tx", "device": "node-8-spammer", "metadata": {}}
{"timestamp": 1779139378, "type": "safe_tx", "device": "node-8-spammer", "metadata": {}}
{"timestamp": 1779139378, "type": "safe_tx", "device": "node-8-spammer", "metadata": {}}
{"timestamp": 1779139378, "type": "safe_tx", "device": "node-8-spammer", "metadata": {}}
{"timestamp": 1779139378, "type": "safe_tx", "device": "node-8-spammer", "metadata": {}}
{"timestamp": 1779139378, "type": "safe_tx", "device": "node-8-spammer", "metadata": {}}
{"timestamp": 1779139378, "type": "safe_tx", "device": "node-8-spammer", "metadata": {}}
{"timestamp": 1779139378, "type": "safe_tx", "device": "node-8-spammer", "metadata": {}}
{"timestamp": 1779139378, "type": "safe_tx", "device": "node-8-spammer", "metadata": {}}
{"timestamp": 1779139378, "type": "safe_tx", "device": "node-9-stealth", "metadata": {}}
{"timestamp": 1779139378, "type": "safe_tx", "device": "node-8-spammer", "metadata": {}}
{"timestamp": 1779139378, "type": "dos_spam", "device": "node-8-spammer", "metadata": {"count": 30, "window_sec": 5}}
{"timestamp": 1779139378, "type": "dos_spam", "device": "node-8-spammer", "metadata": {}}
{"timestamp": 1779139379, "type": "safe_tx", "device": "node-8-spammer", "metadata": {}}
{"timestamp": 1779139379, "type": "safe_tx", "device": "node-3-clean", "metadata": {}}
{"timestamp": 1779139379, "type": "safe_tx", "device": "node-8-spammer", "metadata": {}}
{"timestamp": 1779139379, "type": "safe_tx", "device": "node-8-spammer", "metadata": {}}
{"timestamp": 1779139379, "type": "safe_tx", "device": "node-8-spammer", "metadata": {}}
{"timestamp": 1779139379, "type": "safe_tx", "device": "node-8-spammer", "metadata": {}}
{"timestamp": 1779139379, "type": "safe_tx", "device": "node-2-clean", "metadata": {}}
{"timestamp": 1779139379, "type": "safe_tx", "device": "node-8-spammer", "metadata": {}}
{"timestamp": 1779139379, "type": "safe_tx", "device": "node-8-spammer", "metadata": {}}
{"timestamp": 1779139379, "type": "safe_tx", "device": "node-8-spammer", "metadata": {}}
{"timestamp": 1779139379, "type": "safe_tx", "device": "node-13-mixed", "metadata": {}}
{"timestamp": 1779139379, "type": "time_anomaly", "device": "node-12-mixed", "metadata": {}}
{"timestamp": 1779139379, "type": "safe_tx", "device": "node-13-mixed", "metadata": {}}
{"timestamp": 1779139379, "type": "safe_tx", "device": "node-12-mixed", "metadata": {}}
{"timestamp": 1779139379, "type": "safe_tx", "device": "node-4-clean", "metadata": {}}
{"timestamp": 1779139380, "type": "fuzzing", "device": "node-10-fuzzer", "metadata": {}}
{"timestamp": 1779139380, "type": "safe_tx", "device": "node-8-spammer", "metadata": {}}
{"timestamp": 1779139380, "type": "fuzzing", "device": "node-10-fuzzer", "metadata": {}}
{"timestamp": 1779139381, "type": "safe_tx", "device": "node-13-mixed", "metadata": {}}
{"timestamp": 1779139381, "type": "safe_tx", "device": "node-4-clean", "metadata": {}}
{"timestamp": 1779139381, "type": "safe_tx", "device": "node-8-spammer", "metadata": {}}
{"timestamp": 1779139381, "type": "safe_tx", "device": "node-8-spammer", "metadata": {}}
{"timestamp": 1779139382, "type": "safe_tx", "device": "node-8-spammer", "metadata": {}}
{"timestamp": 1779139382, "type": "safe_tx", "device": "node-3-clean", "metadata": {}}
{"timestamp": 1779139382, "type": "safe_tx", "device": "node-8-spammer", "metadata": {}}
{"timestamp": 1779139382, "type": "safe_tx", "device": "node-8-spammer", "metadata": {}}
{"timestamp": 1779139382, "type": "safe_tx", "device": "node-8-spammer", "metadata": {}}
{"timestamp": 1779139382, "type": "safe_tx", "device": "node-14-mixed", "metadata": {}}
{"timestamp": 1779139382, "type": "safe_tx", "device": "node-1-clean", "metadata": {}}
{"timestamp": 1779139382, "type": "safe_tx", "device": "node-14-mixed", "metadata": {}}
{"timestamp": 1779139382, "type": "safe_tx", "device": "node-5-clean", "metadata": {}}
{"timestamp": 1779139382, "type": "safe_tx", "device": "node-3-clean", "metadata": {}}
{"timestamp": 1779139382, "type": "safe_tx", "device": "node-5-clean", "metadata": {}}
{"timestamp": 1779139382, "type": "time_anomaly", "device": "node-7-timespoof", "metadata": {}}
{"timestamp": 1779139382, "type": "safe_tx", "device": "node-4-clean", "metadata": {}}
{"timestamp": 1779139382, "type": "safe_tx", "device": "node-13-mixed", "metadata": {}}
{"timestamp": 1779139383, "type": "safe_tx", "device": "node-9-stealth", "metadata": {}}
{"timestamp": 1779139383, "type": "safe_tx", "device": "node-6-overflow", "metadata": {}}
{"timestamp": 1779139383, "type": "safe_tx", "device": "node-2-clean", "metadata": {}}
{"timestamp": 1779139383, "type": "safe_tx", "device": "node-8-spammer", "metadata": {}}
{"timestamp": 1779139383, "type": "safe_tx", "device": "node-8-spammer", "metadata": {}}
{"timestamp": 1779139383, "type": "safe_tx", "device": "node-8-spammer", "metadata": {}}
{"timestamp": 1779139383, "type": "safe_tx", "device": "node-8-spammer", "metadata": {}}
{"timestamp": 1779139383, "type": "safe_tx", "device": "node-8-spammer", "metadata": {}}
{"timestamp": 1779139383, "type": "safe_tx", "device": "node-14-mixed", "metadata": {}}
{"timestamp": 1779139383, "type": "safe_tx", "device": "node-8-spammer", "metadata": {}}
{"timestamp": 1779139383, "type": "safe_tx", "device": "node-8-spammer", "metadata": {}}
{"timestamp": 1779139384, "type": "safe_tx", "device": "node-12-mixed", "metadata": {}}
{"timestamp": 1779139384, "type": "safe_tx", "device": "node-15-mixed", "metadata": {}}
{"timestamp": 1779139384, "type": "safe_tx", "device": "node-1-clean", "metadata": {}}
{"timestamp": 1779139384, "type": "safe_tx", "device": "node-1-clean", "metadata": {}}
{"timestamp": 1779139384, "type": "safe_tx", "device": "node-5-clean", "metadata": {}}
{"timestamp": 1779139384, "type": "fuzzing", "device": "node-10-fuzzer", "metadata": {}}
{"timestamp": 1779139385, "type": "safe_tx", "device": "node-8-spammer", "metadata": {}}
{"timestamp": 1779139385, "type": "safe_tx", "device": "node-8-spammer", "metadata": {}}
{"timestamp": 1779139385, "type": "safe_tx", "device": "node-8-spammer", "metadata": {}}
{"timestamp": 1779139385, "type": "safe_tx", "device": "node-8-spammer", "metadata": {}}
{"timestamp": 1779139385, "type": "safe_tx", "device": "node-8-spammer", "metadata": {}}
{"timestamp": 1779139385, "type": "safe_tx", "device": "node-8-spammer", "metadata": {}}
{"timestamp": 1779139385, "type": "safe_tx", "device": "node-15-mixed", "metadata": {}}
{"timestamp": 1779139385, "type": "safe_tx", "device": "node-4-clean", "metadata": {}}
{"timestamp": 1779139385, "type": "safe_tx", "device": "node-9-stealth", "metadata": {}}
{"timestamp": 1779139385, "type": "safe_tx", "device": "node-3-clean", "metadata": {}}
{"timestamp": 1779139386, "type": "safe_tx", "device": "node-8-spammer", "metadata": {}}
{"timestamp": 1779139386, "type": "safe_tx", "device": "node-8-spammer", "metadata": {}}
{"timestamp": 1779139386, "type": "safe_tx", "device": "node-8-spammer", "metadata": {}}
{"timestamp": 1779139386, "type": "safe_tx", "device": "node-8-spammer", "metadata": {}}
{"timestamp": 1779139386, "type": "safe_tx", "device": "node-8-spammer", "metadata": {}}
{"timestamp": 1779139386, "type": "safe_tx", "device": "node-8-spammer", "metadata": {}}
{"timestamp": 1779139386, "type": "safe_tx", "device": "node-8-spammer", "metadata": {}}
{"timestamp": 1779139386, "type": "overflow", "device": "node-10-fuzzer", "metadata": {"count": 3, "window_sec": 30}}
{"timestamp": 1779139386, "type": "safe_tx", "device": "node-2-clean", "metadata": {}}
{"timestamp": 1779139386, "type": "time_anomaly", "device": "node-12-mixed", "metadata": {}}
{"timestamp": 1779139386, "type": "safe_tx", "device": "node-2-clean", "metadata": {}}
{"timestamp": 1779139386, "type": "time_anomaly", "device": "node-15-mixed", "metadata": {}}
{"timestamp": 1779139386, "type": "safe_tx", "device": "node-1-clean", "metadata": {}}
{"timestamp": 1779139386, "type": "safe_tx", "device": "node-8-spammer", "metadata": {}}
{"timestamp": 1779139386, "type": "safe_tx", "device": "node-13-mixed", "metadata": {}}
{"timestamp": 1779139386, "type": "safe_tx", "device": "node-8-spammer", "metadata": {}}
{"timestamp": 1779139386, "type": "dos_spam", "device": "node-8-spammer", "metadata": {}}
{"timestamp": 1779139386, "type": "safe_tx", "device": "node-8-spammer", "metadata": {}}
{"timestamp": 1779139386, "type": "safe_tx", "device": "node-8-spammer", "metadata": {}}
{"timestamp": 1779139386, "type": "dos_spam", "device": "node-8-spammer", "metadata": {"count": 30, "window_sec": 5}}
{"timestamp": 1779139386, "type": "safe_tx", "device": "node-8-spammer", "metadata": {}}
{"timestamp": 1779139386, "type": "safe_tx", "device": "node-14-mixed", "metadata": {}}
{"timestamp": 1779139387, "type": "safe_tx", "device": "node-8-spammer", "metadata": {}}
{"timestamp": 1779139387, "type": "safe_tx", "device": "node-8-spammer", "metadata": {}}
{"timestamp": 1779139387, "type": "overflow", "device": "node-6-overflow", "metadata": {"count": 3, "window_sec": 30}}
{"timestamp": 1779139387, "type": "safe_tx", "device": "node-8-spammer", "metadata": {}}
{"timestamp": 1779139387, "type": "safe_tx", "device": "node-8-spammer", "metadata": {}}
{"timestamp": 1779139387, "type": "safe_tx", "device": "node-8-spammer", "metadata": {}}
{"timestamp": 1779139387, "type": "safe_tx", "device": "node-8-spammer", "metadata": {}}
{"timestamp": 1779139387, "type": "safe_tx", "device": "node-8-spammer", "metadata": {}}
{"timestamp": 1779139387, "type": "safe_tx", "device": "node-9-stealth", "metadata": {}}
{"timestamp": 1779139387, "type": "fuzzing", "device": "node-10-fuzzer", "metadata": {}}
{"timestamp": 1779139388, "type": "time_anomaly", "device": "node-7-timespoof", "metadata": {}}
{"timestamp": 1779139388, "type": "safe_tx", "device": "node-5-clean", "metadata": {}}
{"timestamp": 1779139388, "type": "time_anomaly", "device": "node-14-mixed", "metadata": {}}
{"timestamp": 1779139388, "type": "safe_tx", "device": "node-8-spammer", "metadata": {}}
{"timestamp": 1779139388, "type": "safe_tx", "device": "node-8-spammer", "metadata": {}}
{"timestamp": 1779139388, "type": "safe_tx", "device": "node-8-spammer", "metadata": {}}
{"timestamp": 1779139388, "type": "safe_tx", "device": "node-8-spammer", "metadata": {}}
{"timestamp": 1779139388, "type": "safe_tx", "device": "node-8-spammer", "metadata": {}}
{"timestamp": 1779139388, "type": "dos_spam", "device": "node-8-spammer", "metadata": {}}
{"timestamp": 1779139388, "type": "safe_tx", "device": "node-8-spammer", "metadata": {}}
{"timestamp": 1779139388, "type": "safe_tx", "device": "node-8-spammer", "metadata": {}}
{"timestamp": 1779139388, "type": "safe_tx", "device": "node-8-spammer", "metadata": {}}
{"timestamp": 1779139388, "type": "safe_tx", "device": "node-8-spammer", "metadata": {}}
{"timestamp": 1779139388, "type": "safe_tx", "device": "node-8-spammer", "metadata": {}}
{"timestamp": 1779139388, "type": "safe_tx", "device": "node-8-spammer", "metadata": {}}
{"timestamp": 1779139388, "type": "safe_tx", "device": "node-8-spammer", "metadata": {}}
{"timestamp": 1779139388, "type": "safe_tx", "device": "node-8-spammer", "metadata": {}}
{"timestamp": 1779139388, "type": "safe_tx", "device": "node-8-spammer", "metadata": {}}
{"timestamp": 1779139388, "type": "safe_tx", "device": "node-8-spammer", "metadata": {}}
{"timestamp": 1779139388, "type": "safe_tx", "device": "node-8-spammer", "metadata": {}}
{"timestamp": 1779139388, "type": "safe_tx", "device": "node-12-mixed", "metadata": {}}
{"timestamp": 1779139388, "type": "safe_tx", "device": "node-8-spammer", "metadata": {}}
{"timestamp": 1779139388, "type": "safe_tx", "device": "node-8-spammer", "metadata": {}}
{"timestamp": 1779139388, "type": "safe_tx", "device": "node-8-spammer", "metadata": {}}
{"timestamp": 1779139388, "type": "safe_tx", "device": "node-8-spammer", "metadata": {}}
{"timestamp": 1779139388, "type": "dos_spam", "device": "node-8-spammer", "metadata": {}}
{"timestamp": 1779139388, "type": "safe_tx", "device": "node-8-spammer", "metadata": {}}
{"timestamp": 1779139388, "type": "safe_tx", "device": "node-8-spammer", "metadata": {}}
{"timestamp": 1779139388, "type": "dos_spam", "device": "node-8-spammer", "metadata": {"count": 30, "window_sec": 5}}
{"timestamp": 1779139388, "type": "safe_tx", "device": "node-8-spammer", "metadata": {}}
{"timestamp": 1779139388, "type": "safe_tx", "device": "node-8-spammer", "metadata": {}}
{"timestamp": 1779139389, "type": "safe_tx", "device": "node-8-spammer", "metadata": {}}
{"timestamp": 1779139389, "type": "safe_tx", "device": "node-8-spammer", "metadata": {}}
{"timestamp": 1779139389, "type": "safe_tx", "device": "node-8-spammer", "metadata": {}}
{"timestamp": 1779139389, "type": "safe_tx", "device": "node-8-spammer", "metadata": {}}
{"timestamp": 1779139389, "type": "safe_tx", "device": "node-8-spammer", "metadata": {}}
{"timestamp": 1779139389, "type": "safe_tx", "device": "node-8-spammer", "metadata": {}}
{"timestamp": 1779139389, "type": "safe_tx", "device": "node-4-clean", "metadata": {}}
{"timestamp": 1779139389, "type": "safe_tx", "device": "node-8-spammer", "metadata": {}}
{"timestamp": 1779139389, "type": "safe_tx", "device": "node-2-clean", "metadata": {}}
{"timestamp": 1779139389, "type": "safe_tx", "device": "node-8-spammer", "metadata": {}}
{"timestamp": 1779139389, "type": "overflow", "device": "node-15-mixed", "metadata": {"count": 3, "window_sec": 30}}
{"timestamp": 1779139389, "type": "safe_tx", "device": "node-12-mixed", "metadata": {}}
{"timestamp": 1779139389, "type": "safe_tx", "device": "node-13-mixed", "metadata": {}}
{"timestamp": 1779139389, "type": "safe_tx", "device": "node-8-spammer", "metadata": {}}
{"timestamp": 1779139389, "type": "safe_tx", "device": "node-8-spammer", "metadata": {}}
{"timestamp": 1779139389, "type": "safe_tx", "device": "node-12-mixed", "metadata": {}}
{"timestamp": 1779139389, "type": "overflow", "device": "node-10-fuzzer", "metadata": {"count": 3, "window_sec": 30}}
{"timestamp": 1779139390, "type": "safe_tx", "device": "node-9-stealth", "metadata": {}}
{"timestamp": 1779139390, "type": "fuzzing", "device": "node-10-fuzzer", "metadata": {}}
{"timestamp": 1779139390, "type": "safe_tx", "device": "node-3-clean", "metadata": {}}
{"timestamp": 1779139390, "type": "safe_tx", "device": "node-5-clean", "metadata": {}}
{"timestamp": 1779139390, "type": "safe_tx", "device": "node-3-clean", "metadata": {}}
{"timestamp": 1779139391, "type": "safe_tx", "device": "node-2-clean", "metadata": {}}
{"timestamp": 1779139391, "type": "safe_tx", "device": "node-4-clean", "metadata": {}}
{"timestamp": 1779139391, "type": "fuzzing", "device": "node-10-fuzzer", "metadata": {}}
{"timestamp": 1779139391, "type": "overflow", "device": "node-13-mixed", "metadata": {"count": 3, "window_sec": 30}}
{"timestamp": 1779139392, "type": "safe_tx", "device": "node-8-spammer", "metadata": {}}
{"timestamp": 1779139392, "type": "safe_tx", "device": "node-4-clean", "metadata": {}}
{"timestamp": 1779139392, "type": "safe_tx", "device": "node-1-clean", "metadata": {}}
{"timestamp": 1779139392, "type": "safe_tx", "device": "node-12-mixed", "metadata": {}}
{"timestamp": 1779139392, "type": "safe_tx", "device": "node-5-clean", "metadata": {}}
{"timestamp": 1779139392, "type": "safe_tx", "device": "node-9-stealth", "metadata": {}}
{"timestamp": 1779139392, "type": "time_anomaly", "device": "node-7-timespoof", "metadata": {}}
{"timestamp": 1779139392, "type": "safe_tx", "device": "node-14-mixed", "metadata": {}}
{"timestamp": 1779139392, "type": "safe_tx", "device": "node-2-clean", "metadata": {}}
{"timestamp": 1779139392, "type": "safe_tx", "device": "node-8-spammer", "metadata": {}}
{"timestamp": 1779139392, "type": "safe_tx", "device": "node-8-spammer", "metadata": {}}
{"timestamp": 1779139393, "type": "safe_tx", "device": "node-15-mixed", "metadata": {}}
{"timestamp": 1779139393, "type": "safe_tx", "device": "node-13-mixed", "metadata": {}}
{"timestamp": 1779139393, "type": "fuzzing", "device": "node-10-fuzzer", "metadata": {}}
{"timestamp": 1779139394, "type": "safe_tx", "device": "node-8-spammer", "metadata": {}}
{"timestamp": 1779139394, "type": "safe_tx", "device": "node-9-stealth", "metadata": {}}
{"timestamp": 1779139394, "type": "safe_tx", "device": "node-1-clean", "metadata": {}}
{"timestamp": 1779139394, "type": "safe_tx", "device": "node-2-clean", "metadata": {}}
{"timestamp": 1779139394, "type": "safe_tx", "device": "node-12-mixed", "metadata": {}}
{"timestamp": 1779139394, "type": "safe_tx", "device": "node-3-clean", "metadata": {}}
{"timestamp": 1779139395, "type": "safe_tx", "device": "node-10-fuzzer", "metadata": {}}
{"timestamp": 1779139395, "type": "safe_tx", "device": "node-8-spammer", "metadata": {}}
{"timestamp": 1779139395, "type": "safe_tx", "device": "node-8-spammer", "metadata": {}}
{"timestamp": 1779139395, "type": "safe_tx", "device": "node-8-spammer", "metadata": {}}
{"timestamp": 1779139395, "type": "safe_tx", "device": "node-8-spammer", "metadata": {}}
{"timestamp": 1779139395, "type": "safe_tx", "device": "node-8-spammer", "metadata": {}}
{"timestamp": 1779139395, "type": "safe_tx", "device": "node-8-spammer", "metadata": {}}
{"timestamp": 1779139395, "type": "safe_tx", "device": "node-8-spammer", "metadata": {}}
{"timestamp": 1779139395, "type": "safe_tx", "device": "node-8-spammer", "metadata": {}}
{"timestamp": 1779139395, "type": "safe_tx", "device": "node-8-spammer", "metadata": {}}
{"timestamp": 1779139395, "type": "safe_tx", "device": "node-8-spammer", "metadata": {}}
{"timestamp": 1779139395, "type": "safe_tx", "device": "node-5-clean", "metadata": {}}
{"timestamp": 1779139395, "type": "safe_tx", "device": "node-14-mixed", "metadata": {}}
{"timestamp": 1779139396, "type": "time_anomaly", "device": "node-13-mixed", "metadata": {}}
{"timestamp": 1779139396, "type": "safe_tx", "device": "node-9-stealth", "metadata": {}}
{"timestamp": 1779139396, "type": "safe_tx", "device": "node-4-clean", "metadata": {}}
{"timestamp": 1779139396, "type": "overflow", "device": "node-6-overflow", "metadata": {"count": 3, "window_sec": 30}}
{"timestamp": 1779139396, "type": "safe_tx", "device": "node-2-clean", "metadata": {}}
{"timestamp": 1779139397, "type": "safe_tx", "device": "node-8-spammer", "metadata": {}}
{"timestamp": 1779139397, "type": "safe_tx", "device": "node-8-spammer", "metadata": {}}
{"timestamp": 1779139397, "type": "safe_tx", "device": "node-8-spammer", "metadata": {}}
{"timestamp": 1779139397, "type": "safe_tx", "device": "node-10-fuzzer", "metadata": {}}
{"timestamp": 1779139397, "type": "safe_tx", "device": "node-8-spammer", "metadata": {}}
{"timestamp": 1779139397, "type": "safe_tx", "device": "node-8-spammer", "metadata": {}}
{"timestamp": 1779139397, "type": "dos_spam", "device": "node-8-spammer", "metadata": {}}
{"timestamp": 1779139397, "type": "safe_tx", "device": "node-8-spammer", "metadata": {}}
{"timestamp": 1779139397, "type": "safe_tx", "device": "node-8-spammer", "metadata": {}}
{"timestamp": 1779139397, "type": "safe_tx", "device": "node-8-spammer", "metadata": {}}
{"timestamp": 1779139397, "type": "safe_tx", "device": "node-12-mixed", "metadata": {}}
{"timestamp": 1779139397, "type": "safe_tx", "device": "node-1-clean", "metadata": {}}
{"timestamp": 1779139397, "type": "safe_tx", "device": "node-13-mixed", "metadata": {}}
{"timestamp": 1779139398, "type": "safe_tx", "device": "node-3-clean", "metadata": {}}
{"timestamp": 1779139398, "type": "safe_tx", "device": "node-11-pulsing", "metadata": {}}
{"timestamp": 1779139398, "type": "safe_tx", "device": "node-11-pulsing", "metadata": {}}
{"timestamp": 1779139398, "type": "safe_tx", "device": "node-12-mixed", "metadata": {}}
{"timestamp": 1779139398, "type": "safe_tx", "device": "node-11-pulsing", "metadata": {}}
{"timestamp": 1779139398, "type": "safe_tx", "device": "node-11-pulsing", "metadata": {}}
{"timestamp": 1779139398, "type": "safe_tx", "device": "node-5-clean", "metadata": {}}
{"timestamp": 1779139398, "type": "safe_tx", "device": "node-11-pulsing", "metadata": {}}
{"timestamp": 1779139398, "type": "safe_tx", "device": "node-11-pulsing", "metadata": {}}
{"timestamp": 1779139398, "type": "safe_tx", "device": "node-14-mixed", "metadata": {}}
{"timestamp": 1779139398, "type": "safe_tx", "device": "node-8-spammer", "metadata": {}}
{"timestamp": 1779139398, "type": "safe_tx", "device": "node-11-pulsing", "metadata": {}}
{"timestamp": 1779139398, "type": "safe_tx", "device": "node-8-spammer", "metadata": {}}
{"timestamp": 1779139398, "type": "time_anomaly", "device": "node-7-timespoof", "metadata": {}}
{"timestamp": 1779139398, "type": "safe_tx", "device": "node-11-pulsing", "metadata": {}}
{"timestamp": 1779139398, "type": "safe_tx", "device": "node-8-spammer", "metadata": {}}
{"timestamp": 1779139398, "type": "safe_tx", "device": "node-8-spammer", "metadata": {}}
{"timestamp": 1779139398, "type": "safe_tx", "device": "node-11-pulsing", "metadata": {}}
{"timestamp": 1779139398, "type": "safe_tx", "device": "node-8-spammer", "metadata": {}}
{"timestamp": 1779139398, "type": "safe_tx", "device": "node-11-pulsing", "metadata": {}}
{"timestamp": 1779139398, "type": "safe_tx", "device": "node-8-spammer", "metadata": {}}
{"timestamp": 1779139398, "type": "safe_tx", "device": "node-8-spammer", "metadata": {}}
{"timestamp": 1779139398, "type": "safe_tx", "device": "node-11-pulsing", "metadata": {}}
{"timestamp": 1779139398, "type": "overflow", "device": "node-9-stealth", "metadata": {"count": 3, "window_sec": 30}}
{"timestamp": 1779139398, "type": "safe_tx", "device": "node-11-pulsing", "metadata": {}}
{"timestamp": 1779139398, "type": "safe_tx", "device": "node-2-clean", "metadata": {}}
{"timestamp": 1779139399, "type": "safe_tx", "device": "node-11-pulsing", "metadata": {}}
{"timestamp": 1779139399, "type": "safe_tx", "device": "node-11-pulsing", "metadata": {}}
{"timestamp": 1779139399, "type": "safe_tx", "device": "node-11-pulsing", "metadata": {}}
{"timestamp": 1779139399, "type": "dos_spam", "device": "node-11-pulsing", "metadata": {}}
{"timestamp": 1779139399, "type": "safe_tx", "device": "node-11-pulsing", "metadata": {}}
{"timestamp": 1779139399, "type": "safe_tx", "device": "node-11-pulsing", "metadata": {}}
{"timestamp": 1779139399, "type": "safe_tx", "device": "node-11-pulsing", "metadata": {}}
{"timestamp": 1779139399, "type": "safe_tx", "device": "node-11-pulsing", "metadata": {}}
{"timestamp": 1779139399, "type": "safe_tx", "device": "node-11-pulsing", "metadata": {}}
{"timestamp": 1779139399, "type": "fuzzing", "device": "node-10-fuzzer", "metadata": {}}
{"timestamp": 1779139399, "type": "safe_tx", "device": "node-12-mixed", "metadata": {}}
{"timestamp": 1779139399, "type": "safe_tx", "device": "node-8-spammer", "metadata": {}}
{"timestamp": 1779139399, "type": "safe_tx", "device": "node-8-spammer", "metadata": {}}
{"timestamp": 1779139399, "type": "safe_tx", "device": "node-8-spammer", "metadata": {}}
{"timestamp": 1779139399, "type": "safe_tx", "device": "node-14-mixed", "metadata": {}}
{"timestamp": 1779139399, "type": "safe_tx", "device": "node-8-spammer", "metadata": {}}
{"timestamp": 1779139399, "type": "dos_spam", "device": "node-8-spammer", "metadata": {"count": 30, "window_sec": 5}}
{"timestamp": 1779139399, "type": "safe_tx", "device": "node-8-spammer", "metadata": {}}
{"timestamp": 1779139399, "type": "dos_spam", "device": "node-8-spammer", "metadata": {}}
{"timestamp": 1779139399, "type": "safe_tx", "device": "node-8-spammer", "metadata": {}}
{"timestamp": 1779139400, "type": "safe_tx", "device": "node-1-clean", "metadata": {}}
{"timestamp": 1779139400, "type": "safe_tx", "device": "node-4-clean", "metadata": {}}
{"timestamp": 1779139400, "type": "safe_tx", "device": "node-9-stealth", "metadata": {}}
{"timestamp": 1779139400, "type": "safe_tx", "device": "node-8-spammer", "metadata": {}}
{"timestamp": 1779139400, "type": "safe_tx", "device": "node-8-spammer", "metadata": {}}
{"timestamp": 1779139400, "type": "safe_tx", "device": "node-8-spammer", "metadata": {}}
{"timestamp": 1779139400, "type": "safe_tx", "device": "node-8-spammer", "metadata": {}}
{"timestamp": 1779139400, "type": "safe_tx", "device": "node-8-spammer", "metadata": {}}
{"timestamp": 1779139400, "type": "safe_tx", "device": "node-5-clean", "metadata": {}}
{"timestamp": 1779139400, "type": "safe_tx", "device": "node-10-fuzzer", "metadata": {}}
{"timestamp": 1779139400, "type": "safe_tx", "device": "node-8-spammer", "metadata": {}}
{"timestamp": 1779139400, "type": "safe_tx", "device": "node-8-spammer", "metadata": {}}
{"timestamp": 1779139400, "type": "safe_tx", "device": "node-15-mixed", "metadata": {}}
{"timestamp": 1779139400, "type": "safe_tx", "device": "node-5-clean", "metadata": {}}
{"timestamp": 1779139401, "type": "safe_tx", "device": "node-9-stealth", "metadata": {}}
{"timestamp": 1779139401, "type": "time_anomaly", "device": "node-7-timespoof", "metadata": {}}
{"timestamp": 1779139401, "type": "safe_tx", "device": "node-10-fuzzer", "metadata": {}}
{"timestamp": 1779139401, "type": "safe_tx", "device": "node-3-clean", "metadata": {}}
{"timestamp": 1779139402, "type": "overflow", "device": "node-14-mixed", "metadata": {"count": 3, "window_sec": 30}}
{"timestamp": 1779139402, "type": "fuzzing", "device": "node-10-fuzzer", "metadata": {}}
{"timestamp": 1779139402, "type": "overflow", "device": "node-13-mixed", "metadata": {"count": 3, "window_sec": 30}}
{"timestamp": 1779139402, "type": "safe_tx", "device": "node-8-spammer", "metadata": {}}
{"timestamp": 1779139402, "type": "safe_tx", "device": "node-8-spammer", "metadata": {}}
{"timestamp": 1779139402, "type": "safe_tx", "device": "node-8-spammer", "metadata": {}}
{"timestamp": 1779139402, "type": "safe_tx", "device": "node-8-spammer", "metadata": {}}
{"timestamp": 1779139402, "type": "safe_tx", "device": "node-8-spammer", "metadata": {}}
{"timestamp": 1779139402, "type": "safe_tx", "device": "node-8-spammer", "metadata": {}}
{"timestamp": 1779139402, "type": "safe_tx", "device": "node-2-clean", "metadata": {}}
{"timestamp": 1779139402, "type": "safe_tx", "device": "node-8-spammer", "metadata": {}}
{"timestamp": 1779139402, "type": "safe_tx", "device": "node-8-spammer", "metadata": {}}
{"timestamp": 1779139402, "type": "dos_spam", "device": "node-8-spammer", "metadata": {}}
{"timestamp": 1779139402, "type": "safe_tx", "device": "node-8-spammer", "metadata": {}}
{"timestamp": 1779139402, "type": "safe_tx", "device": "node-8-spammer", "metadata": {}}
{"timestamp": 1779139402, "type": "safe_tx", "device": "node-15-mixed", "metadata": {}}
{"timestamp": 1779139402, "type": "safe_tx", "device": "node-8-spammer", "metadata": {}}
{"timestamp": 1779139402, "type": "safe_tx", "device": "node-3-clean", "metadata": {}}
{"timestamp": 1779139402, "type": "safe_tx", "device": "node-8-spammer", "metadata": {}}
{"timestamp": 1779139402, "type": "safe_tx", "device": "node-8-spammer", "metadata": {}}
{"timestamp": 1779139402, "type": "safe_tx", "device": "node-8-spammer", "metadata": {}}
{"timestamp": 1779139402, "type": "safe_tx", "device": "node-8-spammer", "metadata": {}}
{"timestamp": 1779139402, "type": "safe_tx", "device": "node-8-spammer", "metadata": {}}
{"timestamp": 1779139402, "type": "safe_tx", "device": "node-8-spammer", "metadata": {}}
{"timestamp": 1779139402, "type": "safe_tx", "device": "node-8-spammer", "metadata": {}}
{"timestamp": 1779139402, "type": "safe_tx", "device": "node-3-clean", "metadata": {}}
{"timestamp": 1779139402, "type": "safe_tx", "device": "node-12-mixed", "metadata": {}}
{"timestamp": 1779139402, "type": "safe_tx", "device": "node-8-spammer", "metadata": {}}
{"timestamp": 1779139402, "type": "safe_tx", "device": "node-8-spammer", "metadata": {}}
{"timestamp": 1779139402, "type": "safe_tx", "device": "node-8-spammer", "metadata": {}}
{"timestamp": 1779139402, "type": "dos_spam", "device": "node-8-spammer", "metadata": {"count": 30, "window_sec": 5}}
{"timestamp": 1779139403, "type": "fuzzing", "device": "node-10-fuzzer", "metadata": {}}
{"timestamp": 1779139403, "type": "overflow", "device": "node-15-mixed", "metadata": {"count": 3, "window_sec": 30}}
{"timestamp": 1779139403, "type": "safe_tx", "device": "node-9-stealth", "metadata": {}}
{"timestamp": 1779139403, "type": "safe_tx", "device": "node-5-clean", "metadata": {}}
{"timestamp": 1779139403, "type": "safe_tx", "device": "node-1-clean", "metadata": {}}
{"timestamp": 1779139404, "type": "safe_tx", "device": "node-4-clean", "metadata": {}}
{"timestamp": 1779139404, "type": "overflow", "device": "node-12-mixed", "metadata": {"count": 3, "window_sec": 30}}
{"timestamp": 1779139404, "type": "safe_tx", "device": "node-8-spammer", "metadata": {}}
{"timestamp": 1779139404, "type": "safe_tx", "device": "node-8-spammer", "metadata": {}}
{"timestamp": 1779139404, "type": "dos_spam", "device": "node-8-spammer", "metadata": {}}
{"timestamp": 1779139404, "type": "safe_tx", "device": "node-8-spammer", "metadata": {}}
{"timestamp": 1779139404, "type": "fuzzing", "device": "node-10-fuzzer", "metadata": {}}
{"timestamp": 1779139404, "type": "safe_tx", "device": "node-8-spammer", "metadata": {}}
{"timestamp": 1779139404, "type": "safe_tx", "device": "node-8-spammer", "metadata": {}}
{"timestamp": 1779139405, "type": "safe_tx", "device": "node-2-clean", "metadata": {}}
{"timestamp": 1779139405, "type": "safe_tx", "device": "node-13-mixed", "metadata": {}}
{"timestamp": 1779139405, "type": "time_anomaly", "device": "node-15-mixed", "metadata": {}}
{"timestamp": 1779139405, "type": "safe_tx", "device": "node-1-clean", "metadata": {}}
{"timestamp": 1779139405, "type": "safe_tx", "device": "node-3-clean", "metadata": {}}
{"timestamp": 1779139405, "type": "safe_tx", "device": "node-3-clean", "metadata": {}}
{"timestamp": 1779139406, "type": "safe_tx", "device": "node-8-spammer", "metadata": {}}
{"timestamp": 1779139406, "type": "safe_tx", "device": "node-8-spammer", "metadata": {}}
{"timestamp": 1779139406, "type": "safe_tx", "device": "node-8-spammer", "metadata": {}}
{"timestamp": 1779139406, "type": "safe_tx", "device": "node-4-clean", "metadata": {}}
{"timestamp": 1779139406, "type": "safe_tx", "device": "node-8-spammer", "metadata": {}}
{"timestamp": 1779139406, "type": "safe_tx", "device": "node-8-spammer", "metadata": {}}
{"timestamp": 1779139406, "type": "safe_tx", "device": "node-8-spammer", "metadata": {}}
{"timestamp": 1779139406, "type": "safe_tx", "device": "node-8-spammer", "metadata": {}}
{"timestamp": 1779139406, "type": "safe_tx", "device": "node-8-spammer", "metadata": {}}
{"timestamp": 1779139406, "type": "safe_tx", "device": "node-8-spammer", "metadata": {}}
{"timestamp": 1779139406, "type": "time_anomaly", "device": "node-12-mixed", "metadata": {}}
{"timestamp": 1779139406, "type": "safe_tx", "device": "node-8-spammer", "metadata": {}}
{"timestamp": 1779139406, "type": "safe_tx", "device": "node-3-clean", "metadata": {}}
{"timestamp": 1779139406, "type": "safe_tx", "device": "node-8-spammer", "metadata": {}}
{"timestamp": 1779139406, "type": "safe_tx", "device": "node-8-spammer", "metadata": {}}
{"timestamp": 1779139406, "type": "dos_spam", "device": "node-8-spammer", "metadata": {}}
{"timestamp": 1779139406, "type": "safe_tx", "device": "node-8-spammer", "metadata": {}}
{"timestamp": 1779139406, "type": "safe_tx", "device": "node-9-stealth", "metadata": {}}
{"timestamp": 1779139406, "type": "safe_tx", "device": "node-8-spammer", "metadata": {}}
{"timestamp": 1779139406, "type": "safe_tx", "device": "node-8-spammer", "metadata": {}}
{"timestamp": 1779139406, "type": "time_anomaly", "device": "node-14-mixed", "metadata": {}}
{"timestamp": 1779139406, "type": "fuzzing", "device": "node-10-fuzzer", "metadata": {}}
{"timestamp": 1779139406, "type": "time_anomaly", "device": "node-7-timespoof", "metadata": {}}
{"timestamp": 1779139407, "type": "safe_tx", "device": "node-3-clean", "metadata": {}}
{"timestamp": 1779139407, "type": "safe_tx", "device": "node-2-clean", "metadata": {}}
{"timestamp": 1779139407, "type": "safe_tx", "device": "node-6-overflow", "metadata": {}}
{"timestamp": 1779139407, "type": "safe_tx", "device": "node-8-spammer", "metadata": {}}
{"timestamp": 1779139407, "type": "safe_tx", "device": "node-5-clean", "metadata": {}}
{"timestamp": 1779139407, "type": "safe_tx", "device": "node-2-clean", "metadata": {}}
{"timestamp": 1779139408, "type": "time_anomaly", "device": "node-12-mixed", "metadata": {}}
{"timestamp": 1779139408, "type": "safe_tx", "device": "node-9-stealth", "metadata": {}}
{"timestamp": 1779139408, "type": "safe_tx", "device": "node-8-spammer", "metadata": {}}
{"timestamp": 1779139408, "type": "safe_tx", "device": "node-8-spammer", "metadata": {}}
{"timestamp": 1779139408, "type": "time_anomaly", "device": "node-15-mixed", "metadata": {}}
{"timestamp": 1779139408, "type": "safe_tx", "device": "node-8-spammer", "metadata": {}}
{"timestamp": 1779139408, "type": "safe_tx", "device": "node-8-spammer", "metadata": {}}
{"timestamp": 1779139408, "type": "safe_tx", "device": "node-8-spammer", "metadata": {}}
{"timestamp": 1779139408, "type": "safe_tx", "device": "node-8-spammer", "metadata": {}}
{"timestamp": 1779139408, "type": "safe_tx", "device": "node-9-stealth", "metadata": {}}
{"timestamp": 1779139408, "type": "fuzzing", "device": "node-10-fuzzer", "metadata": {}}
{"timestamp": 1779139408, "type": "safe_tx", "device": "node-14-mixed", "metadata": {}}
{"timestamp": 1779139409, "type": "safe_tx", "device": "node-4-clean", "metadata": {}}
{"timestamp": 1779139409, "type": "safe_tx", "device": "node-8-spammer", "metadata": {}}
{"timestamp": 1779139409, "type": "safe_tx", "device": "node-8-spammer", "metadata": {}}
{"timestamp": 1779139409, "type": "safe_tx", "device": "node-8-spammer", "metadata": {}}
{"timestamp": 1779139409, "type": "dos_spam", "device": "node-8-spammer", "metadata": {"count": 30, "window_sec": 5}}
{"timestamp": 1779139409, "type": "safe_tx", "device": "node-8-spammer", "metadata": {}}
{"timestamp": 1779139409, "type": "safe_tx", "device": "node-8-spammer", "metadata": {}}
{"timestamp": 1779139409, "type": "safe_tx", "device": "node-8-spammer", "metadata": {}}
{"timestamp": 1779139409, "type": "safe_tx", "device": "node-8-spammer", "metadata": {}}
{"timestamp": 1779139409, "type": "safe_tx", "device": "node-8-spammer", "metadata": {}}
{"timestamp": 1779139409, "type": "dos_spam", "device": "node-8-spammer", "metadata": {}}
{"timestamp": 1779139409, "type": "safe_tx", "device": "node-8-spammer", "metadata": {}}
{"timestamp": 1779139409, "type": "time_anomaly", "device": "node-13-mixed", "metadata": {}}
{"timestamp": 1779139409, "type": "safe_tx", "device": "node-8-spammer", "metadata": {}}
{"timestamp": 1779139409, "type": "safe_tx", "device": "node-8-spammer", "metadata": {}}
{"timestamp": 1779139409, "type": "safe_tx", "device": "node-8-spammer", "metadata": {}}
{"timestamp": 1779139409, "type": "safe_tx", "device": "node-8-spammer", "metadata": {}}
{"timestamp": 1779139409, "type": "safe_tx", "device": "node-8-spammer", "metadata": {}}
{"timestamp": 1779139409, "type": "safe_tx", "device": "node-8-spammer", "metadata": {}}
{"timestamp": 1779139410, "type": "safe_tx", "device": "node-8-spammer", "metadata": {}}
{"timestamp": 1779139410, "type": "safe_tx", "device": "node-8-spammer", "metadata": {}}
{"timestamp": 1779139410, "type": "safe_tx", "device": "node-1-clean", "metadata": {}}
{"timestamp": 1779139410, "type": "safe_tx", "device": "node-2-clean", "metadata": {}}
{"timestamp": 1779139410, "type": "safe_tx", "device": "node-4-clean", "metadata": {}}
{"timestamp": 1779139410, "type": "safe_tx", "device": "node-5-clean", "metadata": {}}
{"timestamp": 1779139410, "type": "safe_tx", "device": "node-3-clean", "metadata": {}}
{"timestamp": 1779139410, "type": "safe_tx", "device": "node-14-mixed", "metadata": {}}
{"timestamp": 1779139410, "type": "safe_tx", "device": "node-12-mixed", "metadata": {}}
{"timestamp": 1779139411, "type": "safe_tx", "device": "node-2-clean", "metadata": {}}
{"timestamp": 1779139411, "type": "safe_tx", "device": "node-9-stealth", "metadata": {}}
{"timestamp": 1779139411, "type": "time_anomaly", "device": "node-15-mixed", "metadata": {}}
{"timestamp": 1779139411, "type": "overflow", "device": "node-10-fuzzer", "metadata": {"count": 3, "window_sec": 30}}
{"timestamp": 1779139411, "type": "safe_tx", "device": "node-2-clean", "metadata": {}}
{"timestamp": 1779139411, "type": "safe_tx", "device": "node-8-spammer", "metadata": {}}
{"timestamp": 1779139411, "type": "safe_tx", "device": "node-8-spammer", "metadata": {}}
{"timestamp": 1779139411, "type": "safe_tx", "device": "node-8-spammer", "metadata": {}}
{"timestamp": 1779139411, "type": "safe_tx", "device": "node-8-spammer", "metadata": {}}
{"timestamp": 1779139411, "type": "safe_tx", "device": "node-13-mixed", "metadata": {}}
{"timestamp": 1779139411, "type": "safe_tx", "device": "node-8-spammer", "metadata": {}}
{"timestamp": 1779139411, "type": "safe_tx", "device": "node-8-spammer", "metadata": {}}
{"timestamp": 1779139411, "type": "dos_spam", "device": "node-8-spammer", "metadata": {}}
{"timestamp": 1779139411, "type": "safe_tx", "device": "node-12-mixed", "metadata": {}}
{"timestamp": 1779139411, "type": "safe_tx", "device": "node-8-spammer", "metadata": {}}
{"timestamp": 1779139411, "type": "safe_tx", "device": "node-8-spammer", "metadata": {}}
{"timestamp": 1779139411, "type": "safe_tx", "device": "node-8-spammer", "metadata": {}}
{"timestamp": 1779139411, "type": "overflow", "device": "node-9-stealth", "metadata": {"count": 3, "window_sec": 30}}
{"timestamp": 1779139411, "type": "safe_tx", "device": "node-8-spammer", "metadata": {}}
{"timestamp": 1779139411, "type": "safe_tx", "device": "node-8-spammer", "metadata": {}}
{"timestamp": 1779139411, "type": "safe_tx", "device": "node-8-spammer", "metadata": {}}
{"timestamp": 1779139412, "type": "time_anomaly", "device": "node-7-timespoof", "metadata": {}}
{"timestamp": 1779139412, "type": "overflow", "device": "node-6-overflow", "metadata": {"count": 3, "window_sec": 30}}
{"timestamp": 1779139412, "type": "safe_tx", "device": "node-5-clean", "metadata": {}}
{"timestamp": 1779139412, "type": "safe_tx", "device": "node-12-mixed", "metadata": {}}
{"timestamp": 1779139412, "type": "safe_tx", "device": "node-1-clean", "metadata": {}}
{"timestamp": 1779139412, "type": "safe_tx", "device": "node-8-spammer", "metadata": {}}
{"timestamp": 1779139412, "type": "safe_tx", "device": "node-8-spammer", "metadata": {}}
{"timestamp": 1779139412, "type": "safe_tx", "device": "node-8-spammer", "metadata": {}}
{"timestamp": 1779139412, "type": "safe_tx", "device": "node-8-spammer", "metadata": {}}
{"timestamp": 1779139412, "type": "dos_spam", "device": "node-8-spammer", "metadata": {"count": 30, "window_sec": 5}}
{"timestamp": 1779139412, "type": "safe_tx", "device": "node-8-spammer", "metadata": {}}
{"timestamp": 1779139412, "type": "safe_tx", "device": "node-8-spammer", "metadata": {}}
{"timestamp": 1779139412, "type": "safe_tx", "device": "node-4-clean", "metadata": {}}
{"timestamp": 1779139413, "type": "safe_tx", "device": "node-2-clean", "metadata": {}}
{"timestamp": 1779139413, "type": "safe_tx", "device": "node-2-clean", "metadata": {}}
{"timestamp": 1779139413, "type": "safe_tx", "device": "node-15-mixed", "metadata": {}}
{"timestamp": 1779139413, "type": "safe_tx", "device": "node-4-clean", "metadata": {}}
{"timestamp": 1779139414, "type": "fuzzing", "device": "node-10-fuzzer", "metadata": {}}
{"timestamp": 1779139414, "type": "safe_tx", "device": "node-8-spammer", "metadata": {}}
{"timestamp": 1779139414, "type": "safe_tx", "device": "node-8-spammer", "metadata": {}}
{"timestamp": 1779139414, "type": "safe_tx", "device": "node-8-spammer", "metadata": {}}
{"timestamp": 1779139414, "type": "safe_tx", "device": "node-3-clean", "metadata": {}}
{"timestamp": 1779139414, "type": "safe_tx", "device": "node-8-spammer", "metadata": {}}
{"timestamp": 1779139414, "type": "safe_tx", "device": "node-8-spammer", "metadata": {}}
{"timestamp": 1779139414, "type": "safe_tx", "device": "node-8-spammer", "metadata": {}}
{"timestamp": 1779139414, "type": "safe_tx", "device": "node-5-clean", "metadata": {}}
{"timestamp": 1779139414, "type": "safe_tx", "device": "node-8-spammer", "metadata": {}}
{"timestamp": 1779139414, "type": "safe_tx", "device": "node-8-spammer", "metadata": {}}
{"timestamp": 1779139414, "type": "safe_tx", "device": "node-9-stealth", "metadata": {}}
{"timestamp": 1779139414, "type": "overflow", "device": "node-13-mixed", "metadata": {"count": 3, "window_sec": 30}}
{"timestamp": 1779139415, "type": "safe_tx", "device": "node-3-clean", "metadata": {}}
{"timestamp": 1779139415, "type": "safe_tx", "device": "node-14-mixed", "metadata": {}}
{"timestamp": 1779139415, "type": "safe_tx", "device": "node-10-fuzzer", "metadata": {}}
{"timestamp": 1779139416, "type": "safe_tx", "device": "node-10-fuzzer", "metadata": {}}
{"timestamp": 1779139416, "type": "safe_tx", "device": "node-3-clean", "metadata": {}}
{"timestamp": 1779139416, "type": "time_anomaly", "device": "node-7-timespoof", "metadata": {}}
{"timestamp": 1779139416, "type": "safe_tx", "device": "node-2-clean", "metadata": {}}
{"timestamp": 1779139416, "type": "time_anomaly", "device": "node-12-mixed", "metadata": {}}
{"timestamp": 1779139416, "type": "safe_tx", "device": "node-8-spammer", "metadata": {}}
{"timestamp": 1779139416, "type": "safe_tx", "device": "node-8-spammer", "metadata": {}}
{"timestamp": 1779139416, "type": "safe_tx", "device": "node-8-spammer", "metadata": {}}
{"timestamp": 1779139417, "type": "fuzzing", "device": "node-10-fuzzer", "metadata": {}}
{"timestamp": 1779139417, "type": "safe_tx", "device": "node-9-stealth", "metadata": {}}
{"timestamp": 1779139417, "type": "safe_tx", "device": "node-5-clean", "metadata": {}}
{"timestamp": 1779139417, "type": "safe_tx", "device": "node-8-spammer", "metadata": {}}
{"timestamp": 1779139417, "type": "safe_tx", "device": "node-8-spammer", "metadata": {}}
{"timestamp": 1779139417, "type": "time_anomaly", "device": "node-14-mixed", "metadata": {}}
{"timestamp": 1779139417, "type": "safe_tx", "device": "node-1-clean", "metadata": {}}
{"timestamp": 1779139417, "type": "safe_tx", "device": "node-2-clean", "metadata": {}}
{"timestamp": 1779139418, "type": "safe_tx", "device": "node-15-mixed", "metadata": {}}
{"timestamp": 1779139418, "type": "safe_tx", "device": "node-12-mixed", "metadata": {}}
{"timestamp": 1779139418, "type": "safe_tx", "device": "node-13-mixed", "metadata": {}}
{"timestamp": 1779139419, "type": "safe_tx", "device": "node-15-mixed", "metadata": {}}
{"timestamp": 1779139419, "type": "safe_tx", "device": "node-10-fuzzer", "metadata": {}}
{"timestamp": 1779139419, "type": "safe_tx", "device": "node-8-spammer", "metadata": {}}
{"timestamp": 1779139419, "type": "safe_tx", "device": "node-4-clean", "metadata": {}}
{"timestamp": 1779139419, "type": "safe_tx", "device": "node-15-mixed", "metadata": {}}
{"timestamp": 1779139419, "type": "overflow", "device": "node-6-overflow", "metadata": {"count": 3, "window_sec": 30}}
{"timestamp": 1779139420, "type": "safe_tx", "device": "node-9-stealth", "metadata": {}}
{"timestamp": 1779139420, "type": "overflow", "device": "node-14-mixed", "metadata": {"count": 3, "window_sec": 30}}
{"timestamp": 1779139420, "type": "safe_tx", "device": "node-3-clean", "metadata": {}}
{"timestamp": 1779139420, "type": "time_anomaly", "device": "node-12-mixed", "metadata": {}}
{"timestamp": 1779139420, "type": "fuzzing", "device": "node-10-fuzzer", "metadata": {}}
{"timestamp": 1779139420, "type": "safe_tx", "device": "node-15-mixed", "metadata": {}}
{"timestamp": 1779139420, "type": "safe_tx", "device": "node-9-stealth", "metadata": {}}
{"timestamp": 1779139420, "type": "safe_tx", "device": "node-1-clean", "metadata": {}}
{"timestamp": 1779139421, "type": "safe_tx", "device": "node-5-clean", "metadata": {}}
{"timestamp": 1779139421, "type": "safe_tx", "device": "node-8-spammer", "metadata": {}}
{"timestamp": 1779139421, "type": "safe_tx", "device": "node-2-clean", "metadata": {}}
{"timestamp": 1779139421, "type": "safe_tx", "device": "node-8-spammer", "metadata": {}}
{"timestamp": 1779139421, "type": "time_anomaly", "device": "node-7-timespoof", "metadata": {}}
{"timestamp": 1779139421, "type": "safe_tx", "device": "node-10-fuzzer", "metadata": {}}
{"timestamp": 1779139421, "type": "safe_tx", "device": "node-1-clean", "metadata": {}}
{"timestamp": 1779139422, "type": "safe_tx", "device": "node-1-clean", "metadata": {}}
{"timestamp": 1779139422, "type": "safe_tx", "device": "node-8-spammer", "metadata": {}}
{"timestamp": 1779139422, "type": "safe_tx", "device": "node-8-spammer", "metadata": {}}
{"timestamp": 1779139422, "type": "safe_tx", "device": "node-8-spammer", "metadata": {}}
{"timestamp": 1779139422, "type": "time_anomaly", "device": "node-12-mixed", "metadata": {}}
{"timestamp": 1779139422, "type": "safe_tx", "device": "node-11-pulsing", "metadata": {}}
{"timestamp": 1779139422, "type": "safe_tx", "device": "node-11-pulsing", "metadata": {}}
{"timestamp": 1779139422, "type": "time_anomaly", "device": "node-13-mixed", "metadata": {}}
{"timestamp": 1779139422, "type": "safe_tx", "device": "node-11-pulsing", "metadata": {}}
{"timestamp": 1779139422, "type": "safe_tx", "device": "node-11-pulsing", "metadata": {}}
{"timestamp": 1779139422, "type": "safe_tx", "device": "node-11-pulsing", "metadata": {}}
{"timestamp": 1779139422, "type": "safe_tx", "device": "node-11-pulsing", "metadata": {}}
{"timestamp": 1779139422, "type": "safe_tx", "device": "node-11-pulsing", "metadata": {}}
{"timestamp": 1779139422, "type": "fuzzing", "device": "node-10-fuzzer", "metadata": {}}
{"timestamp": 1779139422, "type": "safe_tx", "device": "node-11-pulsing", "metadata": {}}
{"timestamp": 1779139422, "type": "safe_tx", "device": "node-13-mixed", "metadata": {}}
{"timestamp": 1779139422, "type": "safe_tx", "device": "node-11-pulsing", "metadata": {}}
{"timestamp": 1779139422, "type": "safe_tx", "device": "node-4-clean", "metadata": {}}
{"timestamp": 1779139422, "type": "safe_tx", "device": "node-11-pulsing", "metadata": {}}
{"timestamp": 1779139422, "type": "safe_tx", "device": "node-11-pulsing", "metadata": {}}
{"timestamp": 1779139422, "type": "safe_tx", "device": "node-2-clean", "metadata": {}}
{"timestamp": 1779139422, "type": "safe_tx", "device": "node-11-pulsing", "metadata": {}}
{"timestamp": 1779139422, "type": "safe_tx", "device": "node-11-pulsing", "metadata": {}}
{"timestamp": 1779139423, "type": "safe_tx", "device": "node-11-pulsing", "metadata": {}}
{"timestamp": 1779139423, "type": "safe_tx", "device": "node-3-clean", "metadata": {}}
{"timestamp": 1779139423, "type": "safe_tx", "device": "node-11-pulsing", "metadata": {}}
{"timestamp": 1779139423, "type": "dos_spam", "device": "node-11-pulsing", "metadata": {}}
{"timestamp": 1779139423, "type": "safe_tx", "device": "node-11-pulsing", "metadata": {}}
{"timestamp": 1779139423, "type": "safe_tx", "device": "node-11-pulsing", "metadata": {}}
{"timestamp": 1779139423, "type": "safe_tx", "device": "node-11-pulsing", "metadata": {}}
{"timestamp": 1779139423, "type": "safe_tx", "device": "node-11-pulsing", "metadata": {}}
{"timestamp": 1779139423, "type": "safe_tx", "device": "node-11-pulsing", "metadata": {}}
{"timestamp": 1779139423, "type": "safe_tx", "device": "node-5-clean", "metadata": {}}
{"timestamp": 1779139423, "type": "safe_tx", "device": "node-4-clean", "metadata": {}}
{"timestamp": 1779139423, "type": "time_anomaly", "device": "node-15-mixed", "metadata": {}}
{"timestamp": 1779139423, "type": "safe_tx", "device": "node-8-spammer", "metadata": {}}
{"timestamp": 1779139423, "type": "safe_tx", "device": "node-8-spammer", "metadata": {}}
{"timestamp": 1779139424, "type": "safe_tx", "device": "node-9-stealth", "metadata": {}}
{"timestamp": 1779139424, "type": "safe_tx", "device": "node-14-mixed", "metadata": {}}
{"timestamp": 1779139424, "type": "safe_tx", "device": "node-13-mixed", "metadata": {}}
{"timestamp": 1779139424, "type": "safe_tx", "device": "node-1-clean", "metadata": {}}
{"timestamp": 1779139425, "type": "safe_tx", "device": "node-14-mixed", "metadata": {}}
{"timestamp": 1779139425, "type": "safe_tx", "device": "node-8-spammer", "metadata": {}}
{"timestamp": 1779139425, "type": "safe_tx", "device": "node-8-spammer", "metadata": {}}
{"timestamp": 1779139425, "type": "time_anomaly", "device": "node-12-mixed", "metadata": {}}
{"timestamp": 1779139425, "type": "safe_tx", "device": "node-8-spammer", "metadata": {}}
{"timestamp": 1779139425, "type": "safe_tx", "device": "node-3-clean", "metadata": {}}
{"timestamp": 1779139425, "type": "safe_tx", "device": "node-8-spammer", "metadata": {}}
{"timestamp": 1779139425, "type": "safe_tx", "device": "node-8-spammer", "metadata": {}}
{"timestamp": 1779139425, "type": "safe_tx", "device": "node-2-clean", "metadata": {}}
{"timestamp": 1779139426, "type": "safe_tx", "device": "node-10-fuzzer", "metadata": {}}
{"timestamp": 1779139426, "type": "safe_tx", "device": "node-4-clean", "metadata": {}}
{"timestamp": 1779139426, "type": "safe_tx", "device": "node-3-clean", "metadata": {}}
{"timestamp": 1779139426, "type": "time_anomaly", "device": "node-7-timespoof", "metadata": {}}
{"timestamp": 1779139426, "type": "safe_tx", "device": "node-14-mixed", "metadata": {}}
{"timestamp": 1779139426, "type": "safe_tx", "device": "node-4-clean", "metadata": {}}
{"timestamp": 1779139426, "type": "overflow", "device": "node-6-overflow", "metadata": {"count": 3, "window_sec": 30}}
{"timestamp": 1779139427, "type": "overflow", "device": "node-10-fuzzer", "metadata": {"count": 3, "window_sec": 30}}
{"timestamp": 1779139427, "type": "safe_tx", "device": "node-5-clean", "metadata": {}}
{"timestamp": 1779139427, "type": "safe_tx", "device": "node-1-clean", "metadata": {}}
{"timestamp": 1779139428, "type": "fuzzing", "device": "node-10-fuzzer", "metadata": {}}
{"timestamp": 1779139428, "type": "safe_tx", "device": "node-9-stealth", "metadata": {}}
{"timestamp": 1779139428, "type": "safe_tx", "device": "node-8-spammer", "metadata": {}}
{"timestamp": 1779139428, "type": "safe_tx", "device": "node-8-spammer", "metadata": {}}
{"timestamp": 1779139428, "type": "safe_tx", "device": "node-8-spammer", "metadata": {}}
{"timestamp": 1779139428, "type": "safe_tx", "device": "node-15-mixed", "metadata": {}}
{"timestamp": 1779139428, "type": "safe_tx", "device": "node-8-spammer", "metadata": {}}
{"timestamp": 1779139428, "type": "safe_tx", "device": "node-8-spammer", "metadata": {}}
{"timestamp": 1779139428, "type": "safe_tx", "device": "node-8-spammer", "metadata": {}}
{"timestamp": 1779139428, "type": "safe_tx", "device": "node-2-clean", "metadata": {}}
{"timestamp": 1779139428, "type": "safe_tx", "device": "node-14-mixed", "metadata": {}}
{"timestamp": 1779139429, "type": "time_anomaly", "device": "node-15-mixed", "metadata": {}}
{"timestamp": 1779139428, "type": "safe_tx", "device": "node-3-clean", "metadata": {}}
{"timestamp": 1779139429, "type": "safe_tx", "device": "node-4-clean", "metadata": {}}
{"timestamp": 1779139429, "type": "safe_tx", "device": "node-15-mixed", "metadata": {}}
{"timestamp": 1779139429, "type": "safe_tx", "device": "node-5-clean", "metadata": {}}
{"timestamp": 1779139430, "type": "time_anomaly", "device": "node-7-timespoof", "metadata": {}}
{"timestamp": 1779139429, "type": "safe_tx", "device": "node-10-fuzzer", "metadata": {}}
{"timestamp": 1779139430, "type": "safe_tx", "device": "node-5-clean", "metadata": {}}
{"timestamp": 1779139430, "type": "safe_tx", "device": "node-8-spammer", "metadata": {}}
{"timestamp": 1779139430, "type": "safe_tx", "device": "node-8-spammer", "metadata": {}}
{"timestamp": 1779139430, "type": "safe_tx", "device": "node-8-spammer", "metadata": {}}
{"timestamp": 1779139430, "type": "safe_tx", "device": "node-8-spammer", "metadata": {}}
{"timestamp": 1779139430, "type": "safe_tx", "device": "node-8-spammer", "metadata": {}}
{"timestamp": 1779139430, "type": "safe_tx", "device": "node-15-mixed", "metadata": {}}
{"timestamp": 1779139430, "type": "safe_tx", "device": "node-13-mixed", "metadata": {}}
{"timestamp": 1779139430, "type": "safe_tx", "device": "node-12-mixed", "metadata": {}}
{"timestamp": 1779139430, "type": "safe_tx", "device": "node-9-stealth", "metadata": {}}
{"timestamp": 1779139431, "type": "safe_tx", "device": "node-8-spammer", "metadata": {}}
{"timestamp": 1779139431, "type": "safe_tx", "device": "node-14-mixed", "metadata": {}}
{"timestamp": 1779139431, "type": "safe_tx", "device": "node-8-spammer", "metadata": {}}
{"timestamp": 1779139431, "type": "safe_tx", "device": "node-8-spammer", "metadata": {}}
{"timestamp": 1779139431, "type": "safe_tx", "device": "node-8-spammer", "metadata": {}}
{"timestamp": 1779139431, "type": "safe_tx", "device": "node-8-spammer", "metadata": {}}
{"timestamp": 1779139431, "type": "safe_tx", "device": "node-8-spammer", "metadata": {}}
{"timestamp": 1779139431, "type": "safe_tx", "device": "node-8-spammer", "metadata": {}}
{"timestamp": 1779139431, "type": "safe_tx", "device": "node-8-spammer", "metadata": {}}
{"timestamp": 1779139431, "type": "safe_tx", "device": "node-8-spammer", "metadata": {}}
{"timestamp": 1779139431, "type": "safe_tx", "device": "node-8-spammer", "metadata": {}}
{"timestamp": 1779139431, "type": "dos_spam", "device": "node-8-spammer", "metadata": {}}
{"timestamp": 1779139431, "type": "safe_tx", "device": "node-8-spammer", "metadata": {}}
{"timestamp": 1779139431, "type": "safe_tx", "device": "node-8-spammer", "metadata": {}}
{"timestamp": 1779139431, "type": "safe_tx", "device": "node-8-spammer", "metadata": {}}
{"timestamp": 1779139431, "type": "safe_tx", "device": "node-8-spammer", "metadata": {}}
{"timestamp": 1779139431, "type": "safe_tx", "device": "node-1-clean", "metadata": {}}
{"timestamp": 1779139431, "type": "safe_tx", "device": "node-13-mixed", "metadata": {}}
{"timestamp": 1779139431, "type": "fuzzing", "device": "node-10-fuzzer", "metadata": {}}
{"timestamp": 1779139432, "type": "safe_tx", "device": "node-2-clean", "metadata": {}}
{"timestamp": 1779139432, "type": "safe_tx", "device": "node-3-clean", "metadata": {}}
{"timestamp": 1779139432, "type": "safe_tx", "device": "node-15-mixed", "metadata": {}}
{"timestamp": 1779139432, "type": "safe_tx", "device": "node-4-clean", "metadata": {}}
{"timestamp": 1779139432, "type": "safe_tx", "device": "node-8-spammer", "metadata": {}}
{"timestamp": 1779139432, "type": "safe_tx", "device": "node-8-spammer", "metadata": {}}
{"timestamp": 1779139432, "type": "safe_tx", "device": "node-8-spammer", "metadata": {}}
{"timestamp": 1779139432, "type": "safe_tx", "device": "node-8-spammer", "metadata": {}}
{"timestamp": 1779139432, "type": "safe_tx", "device": "node-8-spammer", "metadata": {}}
{"timestamp": 1779139432, "type": "dos_spam", "device": "node-8-spammer", "metadata": {"count": 30, "window_sec": 5}}
{"timestamp": 1779139433, "type": "safe_tx", "device": "node-8-spammer", "metadata": {}}
{"timestamp": 1779139433, "type": "safe_tx", "device": "node-12-mixed", "metadata": {}}
{"timestamp": 1779139433, "type": "safe_tx", "device": "node-8-spammer", "metadata": {}}
{"timestamp": 1779139433, "type": "safe_tx", "device": "node-5-clean", "metadata": {}}
{"timestamp": 1779139433, "type": "safe_tx", "device": "node-9-stealth", "metadata": {}}
{"timestamp": 1779139433, "type": "fuzzing", "device": "node-10-fuzzer", "metadata": {}}
{"timestamp": 1779139433, "type": "safe_tx", "device": "node-4-clean", "metadata": {}}
{"timestamp": 1779139433, "type": "safe_tx", "device": "node-8-spammer", "metadata": {}}
{"timestamp": 1779139433, "type": "safe_tx", "device": "node-8-spammer", "metadata": {}}
{"timestamp": 1779139433, "type": "safe_tx", "device": "node-14-mixed", "metadata": {}}
{"timestamp": 1779139433, "type": "safe_tx", "device": "node-8-spammer", "metadata": {}}
{"timestamp": 1779139433, "type": "safe_tx", "device": "node-8-spammer", "metadata": {}}
{"timestamp": 1779139433, "type": "dos_spam", "device": "node-8-spammer", "metadata": {}}
{"timestamp": 1779139433, "type": "safe_tx", "device": "node-8-spammer", "metadata": {}}
{"timestamp": 1779139434, "type": "safe_tx", "device": "node-15-mixed", "metadata": {}}
{"timestamp": 1779139434, "type": "safe_tx", "device": "node-8-spammer", "metadata": {}}
{"timestamp": 1779139434, "type": "safe_tx", "device": "node-8-spammer", "metadata": {}}
{"timestamp": 1779139434, "type": "safe_tx", "device": "node-13-mixed", "metadata": {}}
{"timestamp": 1779139434, "type": "safe_tx", "device": "node-1-clean", "metadata": {}}
{"timestamp": 1779139435, "type": "safe_tx", "device": "node-10-fuzzer", "metadata": {}}
{"timestamp": 1779139435, "type": "safe_tx", "device": "node-8-spammer", "metadata": {}}
{"timestamp": 1779139435, "type": "safe_tx", "device": "node-8-spammer", "metadata": {}}
{"timestamp": 1779139435, "type": "safe_tx", "device": "node-8-spammer", "metadata": {}}
{"timestamp": 1779139435, "type": "safe_tx", "device": "node-8-spammer", "metadata": {}}
{"timestamp": 1779139435, "type": "safe_tx", "device": "node-8-spammer", "metadata": {}}
{"timestamp": 1779139435, "type": "safe_tx", "device": "node-3-clean", "metadata": {}}
{"timestamp": 1779139435, "type": "safe_tx", "device": "node-9-stealth", "metadata": {}}
{"timestamp": 1779139435, "type": "safe_tx", "device": "node-13-mixed", "metadata": {}}
{"timestamp": 1779139436, "type": "time_anomaly", "device": "node-7-timespoof", "metadata": {}}
{"timestamp": 1779139435, "type": "overflow", "device": "node-10-fuzzer", "metadata": {"count": 3, "window_sec": 30}}
{"timestamp": 1779139435, "type": "safe_tx", "device": "node-12-mixed", "metadata": {}}
{"timestamp": 1779139436, "type": "safe_tx", "device": "node-14-mixed", "metadata": {}}
{"timestamp": 1779139436, "type": "safe_tx", "device": "node-1-clean", "metadata": {}}
{"timestamp": 1779139436, "type": "safe_tx", "device": "node-4-clean", "metadata": {}}
{"timestamp": 1779139436, "type": "safe_tx", "device": "node-2-clean", "metadata": {}}
{"timestamp": 1779139436, "type": "safe_tx", "device": "node-5-clean", "metadata": {}}
{"timestamp": 1779139436, "type": "fuzzing", "device": "node-10-fuzzer", "metadata": {}}
{"timestamp": 1779139436, "type": "safe_tx", "device": "node-8-spammer", "metadata": {}}
{"timestamp": 1779139436, "type": "overflow", "device": "node-6-overflow", "metadata": {"count": 3, "window_sec": 30}}
{"timestamp": 1779139436, "type": "safe_tx", "device": "node-8-spammer", "metadata": {}}
{"timestamp": 1779139436, "type": "safe_tx", "device": "node-8-spammer", "metadata": {}}
{"timestamp": 1779139436, "type": "safe_tx", "device": "node-8-spammer", "metadata": {}}
{"timestamp": 1779139436, "type": "safe_tx", "device": "node-8-spammer", "metadata": {}}
{"timestamp": 1779139436, "type": "safe_tx", "device": "node-8-spammer", "metadata": {}}
{"timestamp": 1779139436, "type": "safe_tx", "device": "node-4-clean", "metadata": {}}
{"timestamp": 1779139436, "type": "safe_tx", "device": "node-8-spammer", "metadata": {}}
{"timestamp": 1779139436, "type": "safe_tx", "device": "node-2-clean", "metadata": {}}
{"timestamp": 1779139437, "type": "fuzzing", "device": "node-10-fuzzer", "metadata": {}}
{"timestamp": 1779139438, "type": "time_anomaly", "device": "node-12-mixed", "metadata": {}}
{"timestamp": 1779139437, "type": "safe_tx", "device": "node-1-clean", "metadata": {}}
{"timestamp": 1779139437, "type": "safe_tx", "device": "node-15-mixed", "metadata": {}}
{"timestamp": 1779139437, "type": "safe_tx", "device": "node-5-clean", "metadata": {}}
{"timestamp": 1779139437, "type": "safe_tx", "device": "node-8-spammer", "metadata": {}}
{"timestamp": 1779139437, "type": "safe_tx", "device": "node-12-mixed", "metadata": {}}
{"timestamp": 1779139438, "type": "safe_tx", "device": "node-9-stealth", "metadata": {}}
{"timestamp": 1779139438, "type": "safe_tx", "device": "node-10-fuzzer", "metadata": {}}
{"timestamp": 1779139439, "type": "time_anomaly", "device": "node-7-timespoof", "metadata": {}}
{"timestamp": 1779139438, "type": "safe_tx", "device": "node-2-clean", "metadata": {}}
{"timestamp": 1779139438, "type": "safe_tx", "device": "node-3-clean", "metadata": {}}
{"timestamp": 1779139438, "type": "safe_tx", "device": "node-8-spammer", "metadata": {}}
{"timestamp": 1779139438, "type": "safe_tx", "device": "node-8-spammer", "metadata": {}}
{"timestamp": 1779139438, "type": "safe_tx", "device": "node-8-spammer", "metadata": {}}
{"timestamp": 1779139438, "type": "safe_tx", "device": "node-4-clean", "metadata": {}}
{"timestamp": 1779139438, "type": "safe_tx", "device": "node-5-clean", "metadata": {}}
{"timestamp": 1779139438, "type": "safe_tx", "device": "node-13-mixed", "metadata": {}}
{"timestamp": 1779139438, "type": "safe_tx", "device": "node-9-stealth", "metadata": {}}
{"timestamp": 1779139439, "type": "safe_tx", "device": "node-4-clean", "metadata": {}}
{"timestamp": 1779139439, "type": "safe_tx", "device": "node-3-clean", "metadata": {}}
{"timestamp": 1779139439, "type": "safe_tx", "device": "node-14-mixed", "metadata": {}}
{"timestamp": 1779139439, "type": "safe_tx", "device": "node-3-clean", "metadata": {}}
{"timestamp": 1779139439, "type": "safe_tx", "device": "node-6-overflow", "metadata": {}}
{"timestamp": 1779139439, "type": "safe_tx", "device": "node-13-mixed", "metadata": {}}
{"timestamp": 1779139439, "type": "safe_tx", "device": "node-8-spammer", "metadata": {}}
{"timestamp": 1779139439, "type": "safe_tx", "device": "node-8-spammer", "metadata": {}}
{"timestamp": 1779139439, "type": "safe_tx", "device": "node-8-spammer", "metadata": {}}
{"timestamp": 1779139439, "type": "safe_tx", "device": "node-8-spammer", "metadata": {}}
{"timestamp": 1779139439, "type": "safe_tx", "device": "node-8-spammer", "metadata": {}}
{"timestamp": 1779139440, "type": "safe_tx", "device": "node-8-spammer", "metadata": {}}
{"timestamp": 1779139440, "type": "safe_tx", "device": "node-8-spammer", "metadata": {}}
{"timestamp": 1779139440, "type": "safe_tx", "device": "node-8-spammer", "metadata": {}}
{"timestamp": 1779139440, "type": "safe_tx", "device": "node-8-spammer", "metadata": {}}
{"timestamp": 1779139440, "type": "safe_tx", "device": "node-8-spammer", "metadata": {}}
{"timestamp": 1779139440, "type": "safe_tx", "device": "node-10-fuzzer", "metadata": {}}
{"timestamp": 1779139440, "type": "safe_tx", "device": "node-8-spammer", "metadata": {}}
{"timestamp": 1779139440, "type": "safe_tx", "device": "node-8-spammer", "metadata": {}}
{"timestamp": 1779139440, "type": "dos_spam", "device": "node-8-spammer", "metadata": {}}
{"timestamp": 1779139440, "type": "safe_tx", "device": "node-8-spammer", "metadata": {}}
{"timestamp": 1779139440, "type": "safe_tx", "device": "node-8-spammer", "metadata": {}}
{"timestamp": 1779139440, "type": "dos_spam", "device": "node-8-spammer", "metadata": {"count": 30, "window_sec": 5}}
{"timestamp": 1779139440, "type": "safe_tx", "device": "node-8-spammer", "metadata": {}}
{"timestamp": 1779139440, "type": "safe_tx", "device": "node-8-spammer", "metadata": {}}
{"timestamp": 1779139440, "type": "safe_tx", "device": "node-8-spammer", "metadata": {}}
{"timestamp": 1779139440, "type": "safe_tx", "device": "node-8-spammer", "metadata": {}}
{"timestamp": 1779139440, "type": "safe_tx", "device": "node-8-spammer", "metadata": {}}
{"timestamp": 1779139440, "type": "safe_tx", "device": "node-8-spammer", "metadata": {}}
{"timestamp": 1779139440, "type": "safe_tx", "device": "node-14-mixed", "metadata": {}}
{"timestamp": 1779139440, "type": "safe_tx", "device": "node-8-spammer", "metadata": {}}
{"timestamp": 1779139440, "type": "safe_tx", "device": "node-8-spammer", "metadata": {}}
{"timestamp": 1779139440, "type": "safe_tx", "device": "node-8-spammer", "metadata": {}}
{"timestamp": 1779139440, "type": "safe_tx", "device": "node-8-spammer", "metadata": {}}
{"timestamp": 1779139440, "type": "safe_tx", "device": "node-8-spammer", "metadata": {}}
{"timestamp": 1779139440, "type": "safe_tx", "device": "node-8-spammer", "metadata": {}}
{"timestamp": 1779139440, "type": "safe_tx", "device": "node-8-spammer", "metadata": {}}
{"timestamp": 1779139440, "type": "dos_spam", "device": "node-8-spammer", "metadata": {}}
{"timestamp": 1779139440, "type": "safe_tx", "device": "node-8-spammer", "metadata": {}}
{"timestamp": 1779139440, "type": "safe_tx", "device": "node-8-spammer", "metadata": {}}
{"timestamp": 1779139440, "type": "safe_tx", "device": "node-12-mixed", "metadata": {}}
{"timestamp": 1779139440, "type": "safe_tx", "device": "node-8-spammer", "metadata": {}}
{"timestamp": 1779139440, "type": "safe_tx", "device": "node-8-spammer", "metadata": {}}
{"timestamp": 1779139440, "type": "safe_tx", "device": "node-8-spammer", "metadata": {}}
{"timestamp": 1779139440, "type": "safe_tx", "device": "node-8-spammer", "metadata": {}}
{"timestamp": 1779139440, "type": "safe_tx", "device": "node-8-spammer", "metadata": {}}
{"timestamp": 1779139440, "type": "safe_tx", "device": "node-8-spammer", "metadata": {}}
{"timestamp": 1779139441, "type": "safe_tx", "device": "node-5-clean", "metadata": {}}
{"timestamp": 1779139441, "type": "safe_tx", "device": "node-2-clean", "metadata": {}}
{"timestamp": 1779139441, "type": "overflow", "device": "node-15-mixed", "metadata": {"count": 3, "window_sec": 30}}
{"timestamp": 1779139441, "type": "safe_tx", "device": "node-5-clean", "metadata": {}}
{"timestamp": 1779139441, "type": "safe_tx", "device": "node-1-clean", "metadata": {}}
{"timestamp": 1779139441, "type": "safe_tx", "device": "node-8-spammer", "metadata": {}}
{"timestamp": 1779139442, "type": "safe_tx", "device": "node-12-mixed", "metadata": {}}
{"timestamp": 1779139442, "type": "safe_tx", "device": "node-8-spammer", "metadata": {}}
{"timestamp": 1779139442, "type": "fuzzing", "device": "node-10-fuzzer", "metadata": {}}
{"timestamp": 1779139442, "type": "safe_tx", "device": "node-13-mixed", "metadata": {}}
{"timestamp": 1779139442, "type": "safe_tx", "device": "node-9-stealth", "metadata": {}}
{"timestamp": 1779139442, "type": "safe_tx", "device": "node-5-clean", "metadata": {}}
{"timestamp": 1779139443, "type": "time_anomaly", "device": "node-7-timespoof", "metadata": {}}
{"timestamp": 1779139442, "type": "safe_tx", "device": "node-3-clean", "metadata": {}}
{"timestamp": 1779139442, "type": "fuzzing", "device": "node-10-fuzzer", "metadata": {}}
{"timestamp": 1779139443, "type": "safe_tx", "device": "node-1-clean", "metadata": {}}
{"timestamp": 1779139443, "type": "safe_tx", "device": "node-14-mixed", "metadata": {}}
{"timestamp": 1779139443, "type": "safe_tx", "device": "node-2-clean", "metadata": {}}
{"timestamp": 1779139443, "type": "safe_tx", "device": "node-5-clean", "metadata": {}}
{"timestamp": 1779139443, "type": "safe_tx", "device": "node-11-pulsing", "metadata": {}}
{"timestamp": 1779139443, "type": "safe_tx", "device": "node-11-pulsing", "metadata": {}}
{"timestamp": 1779139443, "type": "safe_tx", "device": "node-11-pulsing", "metadata": {}}
{"timestamp": 1779139443, "type": "safe_tx", "device": "node-4-clean", "metadata": {}}
{"timestamp": 1779139443, "type": "safe_tx", "device": "node-11-pulsing", "metadata": {}}
{"timestamp": 1779139444, "type": "safe_tx", "device": "node-11-pulsing", "metadata": {}}
{"timestamp": 1779139444, "type": "safe_tx", "device": "node-11-pulsing", "metadata": {}}
{"timestamp": 1779139444, "type": "safe_tx", "device": "node-11-pulsing", "metadata": {}}
{"timestamp": 1779139444, "type": "safe_tx", "device": "node-11-pulsing", "metadata": {}}
{"timestamp": 1779139444, "type": "safe_tx", "device": "node-11-pulsing", "metadata": {}}
{"timestamp": 1779139444, "type": "safe_tx", "device": "node-11-pulsing", "metadata": {}}
{"timestamp": 1779139444, "type": "safe_tx", "device": "node-11-pulsing", "metadata": {}}
{"timestamp": 1779139444, "type": "safe_tx", "device": "node-11-pulsing", "metadata": {}}
{"timestamp": 1779139444, "type": "safe_tx", "device": "node-11-pulsing", "metadata": {}}
{"timestamp": 1779139444, "type": "safe_tx", "device": "node-11-pulsing", "metadata": {}}
{"timestamp": 1779139444, "type": "safe_tx", "device": "node-11-pulsing", "metadata": {}}
{"timestamp": 1779139444, "type": "dos_spam", "device": "node-11-pulsing", "metadata": {}}
{"timestamp": 1779139444, "type": "safe_tx", "device": "node-8-spammer", "metadata": {}}
{"timestamp": 1779139444, "type": "safe_tx", "device": "node-8-spammer", "metadata": {}}
{"timestamp": 1779139444, "type": "safe_tx", "device": "node-11-pulsing", "metadata": {}}
{"timestamp": 1779139444, "type": "safe_tx", "device": "node-8-spammer", "metadata": {}}
{"timestamp": 1779139444, "type": "safe_tx", "device": "node-13-mixed", "metadata": {}}
{"timestamp": 1779139444, "type": "safe_tx", "device": "node-8-spammer", "metadata": {}}
{"timestamp": 1779139444, "type": "safe_tx", "device": "node-11-pulsing", "metadata": {}}
{"timestamp": 1779139444, "type": "safe_tx", "device": "node-8-spammer", "metadata": {}}
{"timestamp": 1779139444, "type": "safe_tx", "device": "node-11-pulsing", "metadata": {}}
{"timestamp": 1779139444, "type": "safe_tx", "device": "node-8-spammer", "metadata": {}}
{"timestamp": 1779139444, "type": "safe_tx", "device": "node-12-mixed", "metadata": {}}
{"timestamp": 1779139444, "type": "safe_tx", "device": "node-11-pulsing", "metadata": {}}
{"timestamp": 1779139444, "type": "safe_tx", "device": "node-11-pulsing", "metadata": {}}
{"timestamp": 1779139444, "type": "safe_tx", "device": "node-15-mixed", "metadata": {}}
{"timestamp": 1779139444, "type": "safe_tx", "device": "node-9-stealth", "metadata": {}}
{"timestamp": 1779139445, "type": "safe_tx", "device": "node-9-stealth", "metadata": {}}
{"timestamp": 1779139445, "type": "safe_tx", "device": "node-8-spammer", "metadata": {}}
{"timestamp": 1779139445, "type": "dos_spam", "device": "node-8-spammer", "metadata": {"count": 30, "window_sec": 5}}
{"timestamp": 1779139445, "type": "safe_tx", "device": "node-8-spammer", "metadata": {}}
{"timestamp": 1779139445, "type": "safe_tx", "device": "node-8-spammer", "metadata": {}}
{"timestamp": 1779139445, "type": "safe_tx", "device": "node-3-clean", "metadata": {}}
{"timestamp": 1779139445, "type": "safe_tx", "device": "node-8-spammer", "metadata": {}}
{"timestamp": 1779139445, "type": "safe_tx", "device": "node-8-spammer", "metadata": {}}
{"timestamp": 1779139445, "type": "safe_tx", "device": "node-8-spammer", "metadata": {}}
{"timestamp": 1779139445, "type": "overflow", "device": "node-14-mixed", "metadata": {"count": 3, "window_sec": 30}}
{"timestamp": 1779139445, "type": "safe_tx", "device": "node-8-spammer", "metadata": {}}
{"timestamp": 1779139445, "type": "safe_tx", "device": "node-8-spammer", "metadata": {}}
{"timestamp": 1779139447, "type": "time_anomaly", "device": "node-7-timespoof", "metadata": {}}
{"timestamp": 1779139446, "type": "safe_tx", "device": "node-2-clean", "metadata": {}}
{"timestamp": 1779139446, "type": "safe_tx", "device": "node-10-fuzzer", "metadata": {}}
{"timestamp": 1779139446, "type": "safe_tx", "device": "node-8-spammer", "metadata": {}}
{"timestamp": 1779139446, "type": "dos_spam", "device": "node-8-spammer", "metadata": {}}
{"timestamp": 1779139446, "type": "safe_tx", "device": "node-8-spammer", "metadata": {}}
{"timestamp": 1779139446, "type": "safe_tx", "device": "node-8-spammer", "metadata": {}}
{"timestamp": 1779139446, "type": "safe_tx", "device": "node-8-spammer", "metadata": {}}
{"timestamp": 1779139446, "type": "safe_tx", "device": "node-8-spammer", "metadata": {}}
{"timestamp": 1779139446, "type": "safe_tx", "device": "node-8-spammer", "metadata": {}}
{"timestamp": 1779139446, "type": "safe_tx", "device": "node-8-spammer", "metadata": {}}
{"timestamp": 1779139446, "type": "safe_tx", "device": "node-1-clean", "metadata": {}}
{"timestamp": 1779139446, "type": "safe_tx", "device": "node-8-spammer", "metadata": {}}
{"timestamp": 1779139446, "type": "safe_tx", "device": "node-8-spammer", "metadata": {}}
{"timestamp": 1779139446, "type": "safe_tx", "device": "node-8-spammer", "metadata": {}}
{"timestamp": 1779139446, "type": "safe_tx", "device": "node-8-spammer", "metadata": {}}
{"timestamp": 1779139446, "type": "safe_tx", "device": "node-8-spammer", "metadata": {}}
{"timestamp": 1779139446, "type": "safe_tx", "device": "node-8-spammer", "metadata": {}}
{"timestamp": 1779139446, "type": "safe_tx", "device": "node-8-spammer", "metadata": {}}
{"timestamp": 1779139446, "type": "safe_tx", "device": "node-8-spammer", "metadata": {}}
{"timestamp": 1779139446, "type": "safe_tx", "device": "node-5-clean", "metadata": {}}
{"timestamp": 1779139446, "type": "safe_tx", "device": "node-8-spammer", "metadata": {}}
{"timestamp": 1779139446, "type": "dos_spam", "device": "node-8-spammer", "metadata": {}}
{"timestamp": 1779139447, "type": "safe_tx", "device": "node-4-clean", "metadata": {}}
{"timestamp": 1779139448, "type": "time_anomaly", "device": "node-14-mixed", "metadata": {}}
{"timestamp": 1779139447, "type": "overflow", "device": "node-6-overflow", "metadata": {"count": 3, "window_sec": 30}}
{"timestamp": 1779139447, "type": "safe_tx", "device": "node-13-mixed", "metadata": {}}
{"timestamp": 1779139447, "type": "safe_tx", "device": "node-8-spammer", "metadata": {}}
{"timestamp": 1779139447, "type": "safe_tx", "device": "node-8-spammer", "metadata": {}}
{"timestamp": 1779139447, "type": "safe_tx", "device": "node-8-spammer", "metadata": {}}
{"timestamp": 1779139447, "type": "safe_tx", "device": "node-8-spammer", "metadata": {}}
{"timestamp": 1779139447, "type": "safe_tx", "device": "node-8-spammer", "metadata": {}}
{"timestamp": 1779139447, "type": "safe_tx", "device": "node-8-spammer", "metadata": {}}
{"timestamp": 1779139447, "type": "safe_tx", "device": "node-8-spammer", "metadata": {}}
{"timestamp": 1779139447, "type": "dos_spam", "device": "node-8-spammer", "metadata": {"count": 30, "window_sec": 5}}
{"timestamp": 1779139447, "type": "safe_tx", "device": "node-8-spammer", "metadata": {}}
{"timestamp": 1779139447, "type": "safe_tx", "device": "node-8-spammer", "metadata": {}}
{"timestamp": 1779139447, "type": "safe_tx", "device": "node-8-spammer", "metadata": {}}
{"timestamp": 1779139447, "type": "safe_tx", "device": "node-8-spammer", "metadata": {}}
{"timestamp": 1779139447, "type": "safe_tx", "device": "node-8-spammer", "metadata": {}}
{"timestamp": 1779139448, "type": "safe_tx", "device": "node-9-stealth", "metadata": {}}
{"timestamp": 1779139448, "type": "safe_tx", "device": "node-15-mixed", "metadata": {}}
{"timestamp": 1779139448, "type": "safe_tx", "device": "node-4-clean", "metadata": {}}
{"timestamp": 1779139448, "type": "safe_tx", "device": "node-3-clean", "metadata": {}}
{"timestamp": 1779139449, "type": "safe_tx", "device": "node-10-fuzzer", "metadata": {}}
{"timestamp": 1779139450, "type": "time_anomaly", "device": "node-7-timespoof", "metadata": {}}
{"timestamp": 1779139449, "type": "safe_tx", "device": "node-8-spammer", "metadata": {}}
{"timestamp": 1779139449, "type": "safe_tx", "device": "node-4-clean", "metadata": {}}
{"timestamp": 1779139449, "type": "safe_tx", "device": "node-1-clean", "metadata": {}}
{"timestamp": 1779139449, "type": "safe_tx", "device": "node-2-clean", "metadata": {}}
{"timestamp": 1779139450, "type": "time_anomaly", "device": "node-14-mixed", "metadata": {}}
{"timestamp": 1779139450, "type": "safe_tx", "device": "node-9-stealth", "metadata": {}}
{"timestamp": 1779139450, "type": "safe_tx", "device": "node-15-mixed", "metadata": {}}
{"timestamp": 1779139450, "type": "safe_tx", "device": "node-8-spammer", "metadata": {}}
{"timestamp": 1779139451, "type": "time_anomaly", "device": "node-12-mixed", "metadata": {}}
{"timestamp": 1779139450, "type": "safe_tx", "device": "node-8-spammer", "metadata": {}}
{"timestamp": 1779139450, "type": "safe_tx", "device": "node-14-mixed", "metadata": {}}
{"timestamp": 1779139450, "type": "safe_tx", "device": "node-8-spammer", "metadata": {}}
{"timestamp": 1779139450, "type": "safe_tx", "device": "node-8-spammer", "metadata": {}}
{"timestamp": 1779139450, "type": "safe_tx", "device": "node-8-spammer", "metadata": {}}
{"timestamp": 1779139450, "type": "fuzzing", "device": "node-10-fuzzer", "metadata": {}}
{"timestamp": 1779139450, "type": "safe_tx", "device": "node-5-clean", "metadata": {}}
{"timestamp": 1779139450, "type": "safe_tx", "device": "node-4-clean", "metadata": {}}
{"timestamp": 1779139450, "type": "safe_tx", "device": "node-10-fuzzer", "metadata": {}}
{"timestamp": 1779139452, "type": "time_anomaly", "device": "node-15-mixed", "metadata": {}}
{"timestamp": 1779139451, "type": "safe_tx", "device": "node-1-clean", "metadata": {}}
{"timestamp": 1779139451, "type": "safe_tx", "device": "node-8-spammer", "metadata": {}}
{"timestamp": 1779139451, "type": "safe_tx", "device": "node-8-spammer", "metadata": {}}
{"timestamp": 1779139451, "type": "safe_tx", "device": "node-8-spammer", "metadata": {}}
{"timestamp": 1779139451, "type": "safe_tx", "device": "node-3-clean", "metadata": {}}
{"timestamp": 1779139451, "type": "safe_tx", "device": "node-14-mixed", "metadata": {}}
{"timestamp": 1779139452, "type": "safe_tx", "device": "node-15-mixed", "metadata": {}}
{"timestamp": 1779139452, "type": "safe_tx", "device": "node-8-spammer", "metadata": {}}
{"timestamp": 1779139452, "type": "safe_tx", "device": "node-2-clean", "metadata": {}}
{"timestamp": 1779139452, "type": "safe_tx", "device": "node-8-spammer", "metadata": {}}
{"timestamp": 1779139452, "type": "safe_tx", "device": "node-8-spammer", "metadata": {}}
{"timestamp": 1779139452, "type": "safe_tx", "device": "node-8-spammer", "metadata": {}}
{"timestamp": 1779139452, "type": "safe_tx", "device": "node-9-stealth", "metadata": {}}
{"timestamp": 1779139452, "type": "overflow", "device": "node-13-mixed", "metadata": {"count": 3, "window_sec": 30}}
{"timestamp": 1779139452, "type": "safe_tx", "device": "node-1-clean", "metadata": {}}
{"timestamp": 1779139454, "type": "time_anomaly", "device": "node-7-timespoof", "metadata": {}}
{"timestamp": 1779139453, "type": "safe_tx", "device": "node-4-clean", "metadata": {}}
{"timestamp": 1779139453, "type": "overflow", "device": "node-12-mixed", "metadata": {"count": 3, "window_sec": 30}}
{"timestamp": 1779139453, "type": "safe_tx", "device": "node-5-clean", "metadata": {}}
{"timestamp": 1779139453, "type": "safe_tx", "device": "node-10-fuzzer", "metadata": {}}
{"timestamp": 1779139453, "type": "safe_tx", "device": "node-8-spammer", "metadata": {}}
{"timestamp": 1779139453, "type": "safe_tx", "device": "node-8-spammer", "metadata": {}}
{"timestamp": 1779139453, "type": "safe_tx", "device": "node-8-spammer", "metadata": {}}
{"timestamp": 1779139453, "type": "safe_tx", "device": "node-12-mixed", "metadata": {}}
{"timestamp": 1779139454, "type": "safe_tx", "device": "node-3-clean", "metadata": {}}
{"timestamp": 1779139454, "type": "safe_tx", "device": "node-13-mixed", "metadata": {}}
{"timestamp": 1779139454, "type": "safe_tx", "device": "node-1-clean", "metadata": {}}
{"timestamp": 1779139455, "type": "safe_tx", "device": "node-9-stealth", "metadata": {}}
{"timestamp": 1779139455, "type": "safe_tx", "device": "node-8-spammer", "metadata": {}}
{"timestamp": 1779139455, "type": "safe_tx", "device": "node-8-spammer", "metadata": {}}
{"timestamp": 1779139455, "type": "safe_tx", "device": "node-8-spammer", "metadata": {}}
{"timestamp": 1779139455, "type": "safe_tx", "device": "node-8-spammer", "metadata": {}}
{"timestamp": 1779139455, "type": "safe_tx", "device": "node-8-spammer", "metadata": {}}
{"timestamp": 1779139455, "type": "safe_tx", "device": "node-8-spammer", "metadata": {}}
{"timestamp": 1779139455, "type": "safe_tx", "device": "node-3-clean", "metadata": {}}
{"timestamp": 1779139455, "type": "safe_tx", "device": "node-8-spammer", "metadata": {}}
{"timestamp": 1779139455, "type": "safe_tx", "device": "node-8-spammer", "metadata": {}}
{"timestamp": 1779139455, "type": "safe_tx", "device": "node-8-spammer", "metadata": {}}
{"timestamp": 1779139455, "type": "overflow", "device": "node-10-fuzzer", "metadata": {"count": 3, "window_sec": 30}}
{"timestamp": 1779139455, "type": "safe_tx", "device": "node-1-clean", "metadata": {}}
{"timestamp": 1779139455, "type": "safe_tx", "device": "node-8-spammer", "metadata": {}}
{"timestamp": 1779139455, "type": "safe_tx", "device": "node-8-spammer", "metadata": {}}
{"timestamp": 1779139455, "type": "safe_tx", "device": "node-8-spammer", "metadata": {}}
{"timestamp": 1779139455, "type": "dos_spam", "device": "node-8-spammer", "metadata": {}}
{"timestamp": 1779139455, "type": "safe_tx", "device": "node-8-spammer", "metadata": {}}
{"timestamp": 1779139455, "type": "safe_tx", "device": "node-8-spammer", "metadata": {}}
{"timestamp": 1779139455, "type": "safe_tx", "device": "node-2-clean", "metadata": {}}
{"timestamp": 1779139455, "type": "safe_tx", "device": "node-8-spammer", "metadata": {}}
{"timestamp": 1779139455, "type": "dos_spam", "device": "node-8-spammer", "metadata": {"count": 30, "window_sec": 5}}
{"timestamp": 1779139455, "type": "safe_tx", "device": "node-8-spammer", "metadata": {}}
{"timestamp": 1779139455, "type": "safe_tx", "device": "node-8-spammer", "metadata": {}}
{"timestamp": 1779139455, "type": "safe_tx", "device": "node-8-spammer", "metadata": {}}
{"timestamp": 1779139455, "type": "safe_tx", "device": "node-8-spammer", "metadata": {}}
{"timestamp": 1779139455, "type": "safe_tx", "device": "node-8-spammer", "metadata": {}}
{"timestamp": 1779139455, "type": "safe_tx", "device": "node-8-spammer", "metadata": {}}
{"timestamp": 1779139455, "type": "safe_tx", "device": "node-8-spammer", "metadata": {}}
{"timestamp": 1779139455, "type": "safe_tx", "device": "node-14-mixed", "metadata": {}}
{"timestamp": 1779139456, "type": "safe_tx", "device": "node-1-clean", "metadata": {}}
{"timestamp": 1779139456, "type": "safe_tx", "device": "node-12-mixed", "metadata": {}}
{"timestamp": 1779139456, "type": "safe_tx", "device": "node-3-clean", "metadata": {}}
{"timestamp": 1779139456, "type": "safe_tx", "device": "node-8-spammer", "metadata": {}}
{"timestamp": 1779139456, "type": "safe_tx", "device": "node-8-spammer", "metadata": {}}
{"timestamp": 1779139456, "type": "safe_tx", "device": "node-8-spammer", "metadata": {}}
{"timestamp": 1779139456, "type": "safe_tx", "device": "node-8-spammer", "metadata": {}}
{"timestamp": 1779139456, "type": "safe_tx", "device": "node-8-spammer", "metadata": {}}
{"timestamp": 1779139456, "type": "dos_spam", "device": "node-8-spammer", "metadata": {}}
{"timestamp": 1779139456, "type": "safe_tx", "device": "node-4-clean", "metadata": {}}
{"timestamp": 1779139456, "type": "safe_tx", "device": "node-8-spammer", "metadata": {}}
{"timestamp": 1779139456, "type": "safe_tx", "device": "node-8-spammer", "metadata": {}}
{"timestamp": 1779139456, "type": "safe_tx", "device": "node-8-spammer", "metadata": {}}
{"timestamp": 1779139456, "type": "safe_tx", "device": "node-8-spammer", "metadata": {}}
{"timestamp": 1779139456, "type": "safe_tx", "device": "node-8-spammer", "metadata": {}}
{"timestamp": 1779139456, "type": "safe_tx", "device": "node-8-spammer", "metadata": {}}
{"timestamp": 1779139456, "type": "safe_tx", "device": "node-8-spammer", "metadata": {}}
{"timestamp": 1779139456, "type": "safe_tx", "device": "node-8-spammer", "metadata": {}}
{"timestamp": 1779139456, "type": "safe_tx", "device": "node-8-spammer", "metadata": {}}
{"timestamp": 1779139457, "type": "fuzzing", "device": "node-10-fuzzer", "metadata": {}}
{"timestamp": 1779139457, "type": "safe_tx", "device": "node-9-stealth", "metadata": {}}
{"timestamp": 1779139458, "type": "overflow", "device": "node-6-overflow", "metadata": {"count": 3, "window_sec": 30}}
{"timestamp": 1779139458, "type": "safe_tx", "device": "node-8-spammer", "metadata": {}}
{"timestamp": 1779139458, "type": "safe_tx", "device": "node-8-spammer", "metadata": {}}
{"timestamp": 1779139458, "type": "safe_tx", "device": "node-15-mixed", "metadata": {}}
{"timestamp": 1779139458, "type": "safe_tx", "device": "node-8-spammer", "metadata": {}}
{"timestamp": 1779139458, "type": "safe_tx", "device": "node-8-spammer", "metadata": {}}
{"timestamp": 1779139458, "type": "safe_tx", "device": "node-8-spammer", "metadata": {}}
{"timestamp": 1779139458, "type": "safe_tx", "device": "node-8-spammer", "metadata": {}}
{"timestamp": 1779139458, "type": "dos_spam", "device": "node-8-spammer", "metadata": {}}
{"timestamp": 1779139458, "type": "safe_tx", "device": "node-5-clean", "metadata": {}}
{"timestamp": 1779139458, "type": "safe_tx", "device": "node-8-spammer", "metadata": {}}
{"timestamp": 1779139458, "type": "safe_tx", "device": "node-8-spammer", "metadata": {}}
{"timestamp": 1779139458, "type": "fuzzing", "device": "node-10-fuzzer", "metadata": {}}
{"timestamp": 1779139459, "type": "time_anomaly", "device": "node-7-timespoof", "metadata": {}}
{"timestamp": 1779139459, "type": "safe_tx", "device": "node-2-clean", "metadata": {}}
{"timestamp": 1779139459, "type": "safe_tx", "device": "node-14-mixed", "metadata": {}}
{"timestamp": 1779139460, "type": "time_anomaly", "device": "node-13-mixed", "metadata": {}}
{"timestamp": 1779139459, "type": "safe_tx", "device": "node-2-clean", "metadata": {}}
{"timestamp": 1779139459, "type": "safe_tx", "device": "node-1-clean", "metadata": {}}
{"timestamp": 1779139459, "type": "safe_tx", "device": "node-4-clean", "metadata": {}}
{"timestamp": 1779139459, "type": "safe_tx", "device": "node-3-clean", "metadata": {}}
{"timestamp": 1779139459, "type": "safe_tx", "device": "node-8-spammer", "metadata": {}}
{"timestamp": 1779139459, "type": "dos_spam", "device": "node-8-spammer", "metadata": {"count": 30, "window_sec": 5}}
{"timestamp": 1779139459, "type": "safe_tx", "device": "node-13-mixed", "metadata": {}}
{"timestamp": 1779139460, "type": "safe_tx", "device": "node-8-spammer", "metadata": {}}
{"timestamp": 1779139460, "type": "safe_tx", "device": "node-8-spammer", "metadata": {}}
{"timestamp": 1779139460, "type": "safe_tx", "device": "node-8-spammer", "metadata": {}}
{"timestamp": 1779139460, "type": "safe_tx", "device": "node-8-spammer", "metadata": {}}
{"timestamp": 1779139460, "type": "safe_tx", "device": "node-8-spammer", "metadata": {}}
{"timestamp": 1779139460, "type": "safe_tx", "device": "node-10-fuzzer", "metadata": {}}
{"timestamp": 1779139460, "type": "safe_tx", "device": "node-4-clean", "metadata": {}}
{"timestamp": 1779139460, "type": "safe_tx", "device": "node-8-spammer", "metadata": {}}
{"timestamp": 1779139460, "type": "safe_tx", "device": "node-9-stealth", "metadata": {}}
{"timestamp": 1779139460, "type": "safe_tx", "device": "node-8-spammer", "metadata": {}}
{"timestamp": 1779139460, "type": "safe_tx", "device": "node-1-clean", "metadata": {}}
{"timestamp": 1779139460, "type": "safe_tx", "device": "node-8-spammer", "metadata": {}}
{"timestamp": 1779139460, "type": "safe_tx", "device": "node-8-spammer", "metadata": {}}
{"timestamp": 1779139460, "type": "safe_tx", "device": "node-8-spammer", "metadata": {}}
{"timestamp": 1779139460, "type": "safe_tx", "device": "node-8-spammer", "metadata": {}}
{"timestamp": 1779139460, "type": "safe_tx", "device": "node-8-spammer", "metadata": {}}
{"timestamp": 1779139460, "type": "dos_spam", "device": "node-8-spammer", "metadata": {}}
{"timestamp": 1779139460, "type": "safe_tx", "device": "node-8-spammer", "metadata": {}}
{"timestamp": 1779139460, "type": "safe_tx", "device": "node-14-mixed", "metadata": {}}
{"timestamp": 1779139461, "type": "safe_tx", "device": "node-13-mixed", "metadata": {}}
{"timestamp": 1779139461, "type": "safe_tx", "device": "node-12-mixed", "metadata": {}}
{"timestamp": 1779139461, "type": "safe_tx", "device": "node-8-spammer", "metadata": {}}
{"timestamp": 1779139461, "type": "safe_tx", "device": "node-14-mixed", "metadata": {}}
{"timestamp": 1779139461, "type": "safe_tx", "device": "node-9-stealth", "metadata": {}}
{"timestamp": 1779139461, "type": "safe_tx", "device": "node-5-clean", "metadata": {}}
{"timestamp": 1779139462, "type": "safe_tx", "device": "node-4-clean", "metadata": {}}
{"timestamp": 1779139463, "type": "time_anomaly", "device": "node-7-timespoof", "metadata": {}}
{"timestamp": 1779139463, "type": "time_anomaly", "device": "node-14-mixed", "metadata": {}}
{"timestamp": 1779139462, "type": "safe_tx", "device": "node-3-clean", "metadata": {}}
{"timestamp": 1779139462, "type": "overflow", "device": "node-10-fuzzer", "metadata": {"count": 3, "window_sec": 30}}
{"timestamp": 1779139462, "type": "safe_tx", "device": "node-2-clean", "metadata": {}}
{"timestamp": 1779139463, "type": "safe_tx", "device": "node-9-stealth", "metadata": {}}
{"timestamp": 1779139463, "type": "safe_tx", "device": "node-8-spammer", "metadata": {}}
{"timestamp": 1779139463, "type": "safe_tx", "device": "node-8-spammer", "metadata": {}}
{"timestamp": 1779139463, "type": "safe_tx", "device": "node-8-spammer", "metadata": {}}
{"timestamp": 1779139463, "type": "safe_tx", "device": "node-2-clean", "metadata": {}}
{"timestamp": 1779139463, "type": "safe_tx", "device": "node-1-clean", "metadata": {}}
{"timestamp": 1779139463, "type": "safe_tx", "device": "node-13-mixed", "metadata": {}}
{"timestamp": 1779139463, "type": "safe_tx", "device": "node-10-fuzzer", "metadata": {}}
{"timestamp": 1779139463, "type": "safe_tx", "device": "node-12-mixed", "metadata": {}}
{"timestamp": 1779139464, "type": "safe_tx", "device": "node-8-spammer", "metadata": {}}
{"timestamp": 1779139464, "type": "safe_tx", "device": "node-8-spammer", "metadata": {}}
{"timestamp": 1779139464, "type": "safe_tx", "device": "node-8-spammer", "metadata": {}}
{"timestamp": 1779139464, "type": "safe_tx", "device": "node-8-spammer", "metadata": {}}
{"timestamp": 1779139464, "type": "safe_tx", "device": "node-8-spammer", "metadata": {}}
{"timestamp": 1779139464, "type": "safe_tx", "device": "node-8-spammer", "metadata": {}}
{"timestamp": 1779139464, "type": "safe_tx", "device": "node-8-spammer", "metadata": {}}
{"timestamp": 1779139464, "type": "safe_tx", "device": "node-15-mixed", "metadata": {}}
{"timestamp": 1779139464, "type": "safe_tx", "device": "node-8-spammer", "metadata": {}}
{"timestamp": 1779139464, "type": "safe_tx", "device": "node-8-spammer", "metadata": {}}
{"timestamp": 1779139464, "type": "safe_tx", "device": "node-8-spammer", "metadata": {}}
{"timestamp": 1779139464, "type": "safe_tx", "device": "node-8-spammer", "metadata": {}}
{"timestamp": 1779139464, "type": "safe_tx", "device": "node-8-spammer", "metadata": {}}
{"timestamp": 1779139464, "type": "dos_spam", "device": "node-8-spammer", "metadata": {}}
{"timestamp": 1779139464, "type": "safe_tx", "device": "node-12-mixed", "metadata": {}}
{"timestamp": 1779139464, "type": "safe_tx", "device": "node-8-spammer", "metadata": {}}
{"timestamp": 1779139464, "type": "dos_spam", "device": "node-8-spammer", "metadata": {"count": 30, "window_sec": 5}}
{"timestamp": 1779139464, "type": "safe_tx", "device": "node-8-spammer", "metadata": {}}
{"timestamp": 1779139464, "type": "safe_tx", "device": "node-4-clean", "metadata": {}}
{"timestamp": 1779139465, "type": "safe_tx", "device": "node-8-spammer", "metadata": {}}
{"timestamp": 1779139465, "type": "safe_tx", "device": "node-8-spammer", "metadata": {}}
{"timestamp": 1779139465, "type": "safe_tx", "device": "node-8-spammer", "metadata": {}}
{"timestamp": 1779139465, "type": "safe_tx", "device": "node-8-spammer", "metadata": {}}
{"timestamp": 1779139465, "type": "safe_tx", "device": "node-8-spammer", "metadata": {}}
{"timestamp": 1779139465, "type": "safe_tx", "device": "node-8-spammer", "metadata": {}}
{"timestamp": 1779139465, "type": "safe_tx", "device": "node-5-clean", "metadata": {}}
{"timestamp": 1779139465, "type": "safe_tx", "device": "node-8-spammer", "metadata": {}}
{"timestamp": 1779139465, "type": "safe_tx", "device": "node-8-spammer", "metadata": {}}
{"timestamp": 1779139465, "type": "safe_tx", "device": "node-8-spammer", "metadata": {}}
{"timestamp": 1779139465, "type": "safe_tx", "device": "node-2-clean", "metadata": {}}
{"timestamp": 1779139465, "type": "safe_tx", "device": "node-8-spammer", "metadata": {}}
{"timestamp": 1779139466, "type": "time_anomaly", "device": "node-14-mixed", "metadata": {}}
{"timestamp": 1779139465, "type": "safe_tx", "device": "node-13-mixed", "metadata": {}}
{"timestamp": 1779139465, "type": "safe_tx", "device": "node-8-spammer", "metadata": {}}
{"timestamp": 1779139465, "type": "safe_tx", "device": "node-8-spammer", "metadata": {}}
{"timestamp": 1779139465, "type": "overflow", "device": "node-13-mixed", "metadata": {"count": 3, "window_sec": 30}}
{"timestamp": 1779139466, "type": "safe_tx", "device": "node-5-clean", "metadata": {}}
{"timestamp": 1779139466, "type": "safe_tx", "device": "node-9-stealth", "metadata": {}}
{"timestamp": 1779139466, "type": "safe_tx", "device": "node-4-clean", "metadata": {}}
{"timestamp": 1779139466, "type": "safe_tx", "device": "node-3-clean", "metadata": {}}
{"timestamp": 1779139466, "type": "safe_tx", "device": "node-10-fuzzer", "metadata": {}}
{"timestamp": 1779139466, "type": "safe_tx", "device": "node-12-mixed", "metadata": {}}
{"timestamp": 1779139466, "type": "safe_tx", "device": "node-15-mixed", "metadata": {}}
{"timestamp": 1779139467, "type": "safe_tx", "device": "node-1-clean", "metadata": {}}
{"timestamp": 1779139467, "type": "safe_tx", "device": "node-8-spammer", "metadata": {}}
{"timestamp": 1779139467, "type": "safe_tx", "device": "node-8-spammer", "metadata": {}}
{"timestamp": 1779139467, "type": "safe_tx", "device": "node-1-clean", "metadata": {}}
{"timestamp": 1779139467, "type": "overflow", "device": "node-14-mixed", "metadata": {"count": 3, "window_sec": 30}}
{"timestamp": 1779139467, "type": "safe_tx", "device": "node-9-stealth", "metadata": {}}
{"timestamp": 1779139467, "type": "fuzzing", "device": "node-10-fuzzer", "metadata": {}}
{"timestamp": 1779139467, "type": "safe_tx", "device": "node-1-clean", "metadata": {}}
{"timestamp": 1779139468, "type": "time_anomaly", "device": "node-7-timespoof", "metadata": {}}
{"timestamp": 1779139468, "type": "overflow", "device": "node-15-mixed", "metadata": {"count": 3, "window_sec": 30}}
{"timestamp": 1779139468, "type": "safe_tx", "device": "node-8-spammer", "metadata": {}}
{"timestamp": 1779139468, "type": "safe_tx", "device": "node-14-mixed", "metadata": {}}
{"timestamp": 1779139468, "type": "safe_tx", "device": "node-4-clean", "metadata": {}}
{"timestamp": 1779139468, "type": "safe_tx", "device": "node-2-clean", "metadata": {}}
{"timestamp": 1779139468, "type": "safe_tx", "device": "node-5-clean", "metadata": {}}
{"timestamp": 1779139468, "type": "safe_tx", "device": "node-9-stealth", "metadata": {}}
{"timestamp": 1779139469, "type": "safe_tx", "device": "node-13-mixed", "metadata": {}}
{"timestamp": 1779139469, "type": "safe_tx", "device": "node-8-spammer", "metadata": {}}
{"timestamp": 1779139469, "type": "safe_tx", "device": "node-9-stealth", "metadata": {}}
{"timestamp": 1779139470, "type": "time_anomaly", "device": "node-12-mixed", "metadata": {}}
{"timestamp": 1779139470, "type": "safe_tx", "device": "node-8-spammer", "metadata": {}}
{"timestamp": 1779139470, "type": "safe_tx", "device": "node-4-clean", "metadata": {}}
{"timestamp": 1779139470, "type": "safe_tx", "device": "node-8-spammer", "metadata": {}}
{"timestamp": 1779139470, "type": "safe_tx", "device": "node-2-clean", "metadata": {}}
{"timestamp": 1779139470, "type": "safe_tx", "device": "node-8-spammer", "metadata": {}}
{"timestamp": 1779139470, "type": "safe_tx", "device": "node-8-spammer", "metadata": {}}
{"timestamp": 1779139470, "type": "safe_tx", "device": "node-8-spammer", "metadata": {}}
{"timestamp": 1779139470, "type": "safe_tx", "device": "node-8-spammer", "metadata": {}}
{"timestamp": 1779139470, "type": "safe_tx", "device": "node-8-spammer", "metadata": {}}
{"timestamp": 1779139470, "type": "safe_tx", "device": "node-8-spammer", "metadata": {}}
{"timestamp": 1779139470, "type": "safe_tx", "device": "node-5-clean", "metadata": {}}
{"timestamp": 1779139470, "type": "safe_tx", "device": "node-8-spammer", "metadata": {}}
{"timestamp": 1779139470, "type": "safe_tx", "device": "node-8-spammer", "metadata": {}}
{"timestamp": 1779139470, "type": "safe_tx", "device": "node-1-clean", "metadata": {}}
{"timestamp": 1779139470, "type": "safe_tx", "device": "node-14-mixed", "metadata": {}}
{"timestamp": 1779139471, "type": "time_anomaly", "device": "node-7-timespoof", "metadata": {}}
{"timestamp": 1779139471, "type": "safe_tx", "device": "node-10-fuzzer", "metadata": {}}
{"timestamp": 1779139471, "type": "safe_tx", "device": "node-9-stealth", "metadata": {}}
{"timestamp": 1779139471, "type": "safe_tx", "device": "node-3-clean", "metadata": {}}
{"timestamp": 1779139471, "type": "safe_tx", "device": "node-15-mixed", "metadata": {}}
{"timestamp": 1779139471, "type": "safe_tx", "device": "node-2-clean", "metadata": {}}
{"timestamp": 1779139471, "type": "safe_tx", "device": "node-8-spammer", "metadata": {}}
{"timestamp": 1779139471, "type": "safe_tx", "device": "node-8-spammer", "metadata": {}}
{"timestamp": 1779139471, "type": "safe_tx", "device": "node-8-spammer", "metadata": {}}
{"timestamp": 1779139471, "type": "safe_tx", "device": "node-8-spammer", "metadata": {}}
{"timestamp": 1779139471, "type": "dos_spam", "device": "node-8-spammer", "metadata": {}}
{"timestamp": 1779139471, "type": "safe_tx", "device": "node-15-mixed", "metadata": {}}
{"timestamp": 1779139472, "type": "safe_tx", "device": "node-1-clean", "metadata": {}}
{"timestamp": 1779139472, "type": "safe_tx", "device": "node-13-mixed", "metadata": {}}
{"timestamp": 1779139472, "type": "safe_tx", "device": "node-9-stealth", "metadata": {}}
{"timestamp": 1779139472, "type": "safe_tx", "device": "node-4-clean", "metadata": {}}
{"timestamp": 1779139473, "type": "safe_tx", "device": "node-8-spammer", "metadata": {}}
{"timestamp": 1779139473, "type": "safe_tx", "device": "node-8-spammer", "metadata": {}}
{"timestamp": 1779139473, "type": "safe_tx", "device": "node-8-spammer", "metadata": {}}
{"timestamp": 1779139473, "type": "safe_tx", "device": "node-8-spammer", "metadata": {}}
{"timestamp": 1779139473, "type": "safe_tx", "device": "node-8-spammer", "metadata": {}}
{"timestamp": 1779139473, "type": "safe_tx", "device": "node-8-spammer", "metadata": {}}
{"timestamp": 1779139473, "type": "safe_tx", "device": "node-8-spammer", "metadata": {}}
{"timestamp": 1779139473, "type": "overflow", "device": "node-10-fuzzer", "metadata": {"count": 3, "window_sec": 30}}
{"timestamp": 1779139473, "type": "safe_tx", "device": "node-8-spammer", "metadata": {}}
{"timestamp": 1779139473, "type": "safe_tx", "device": "node-8-spammer", "metadata": {}}
{"timestamp": 1779139473, "type": "safe_tx", "device": "node-8-spammer", "metadata": {}}
{"timestamp": 1779139474, "type": "time_anomaly", "device": "node-12-mixed", "metadata": {}}
{"timestamp": 1779139473, "type": "safe_tx", "device": "node-8-spammer", "metadata": {}}
{"timestamp": 1779139473, "type": "safe_tx", "device": "node-8-spammer", "metadata": {}}
{"timestamp": 1779139473, "type": "safe_tx", "device": "node-8-spammer", "metadata": {}}
{"timestamp": 1779139473, "type": "safe_tx", "device": "node-8-spammer", "metadata": {}}
{"timestamp": 1779139473, "type": "dos_spam", "device": "node-8-spammer", "metadata": {"count": 30, "window_sec": 5}}
{"timestamp": 1779139473, "type": "safe_tx", "device": "node-8-spammer", "metadata": {}}
{"timestamp": 1779139473, "type": "dos_spam", "device": "node-8-spammer", "metadata": {}}
{"timestamp": 1779139473, "type": "safe_tx", "device": "node-8-spammer", "metadata": {}}
{"timestamp": 1779139473, "type": "safe_tx", "device": "node-8-spammer", "metadata": {}}
{"timestamp": 1779139473, "type": "safe_tx", "device": "node-8-spammer", "metadata": {}}
{"timestamp": 1779139473, "type": "safe_tx", "device": "node-8-spammer", "metadata": {}}
{"timestamp": 1779139473, "type": "safe_tx", "device": "node-8-spammer", "metadata": {}}
{"timestamp": 1779139473, "type": "safe_tx", "device": "node-5-clean", "metadata": {}}
{"timestamp": 1779139473, "type": "safe_tx", "device": "node-15-mixed", "metadata": {}}
{"timestamp": 1779139473, "type": "safe_tx", "device": "node-3-clean", "metadata": {}}
{"timestamp": 1779139473, "type": "safe_tx", "device": "node-11-pulsing", "metadata": {}}
{"timestamp": 1779139473, "type": "safe_tx", "device": "node-11-pulsing", "metadata": {}}
{"timestamp": 1779139473, "type": "safe_tx", "device": "node-11-pulsing", "metadata": {}}
{"timestamp": 1779139473, "type": "safe_tx", "device": "node-11-pulsing", "metadata": {}}
{"timestamp": 1779139473, "type": "safe_tx", "device": "node-11-pulsing", "metadata": {}}
{"timestamp": 1779139473, "type": "safe_tx", "device": "node-11-pulsing", "metadata": {}}
{"timestamp": 1779139473, "type": "safe_tx", "device": "node-9-stealth", "metadata": {}}
{"timestamp": 1779139473, "type": "safe_tx", "device": "node-11-pulsing", "metadata": {}}
{"timestamp": 1779139474, "type": "safe_tx", "device": "node-11-pulsing", "metadata": {}}
{"timestamp": 1779139474, "type": "safe_tx", "device": "node-11-pulsing", "metadata": {}}
{"timestamp": 1779139474, "type": "safe_tx", "device": "node-11-pulsing", "metadata": {}}
{"timestamp": 1779139474, "type": "safe_tx", "device": "node-5-clean", "metadata": {}}
{"timestamp": 1779139474, "type": "safe_tx", "device": "node-2-clean", "metadata": {}}
{"timestamp": 1779139474, "type": "safe_tx", "device": "node-11-pulsing", "metadata": {}}
{"timestamp": 1779139474, "type": "safe_tx", "device": "node-11-pulsing", "metadata": {}}
{"timestamp": 1779139474, "type": "safe_tx", "device": "node-11-pulsing", "metadata": {}}
{"timestamp": 1779139474, "type": "safe_tx", "device": "node-11-pulsing", "metadata": {}}
{"timestamp": 1779139474, "type": "safe_tx", "device": "node-11-pulsing", "metadata": {}}
{"timestamp": 1779139474, "type": "dos_spam", "device": "node-11-pulsing", "metadata": {}}
{"timestamp": 1779139474, "type": "safe_tx", "device": "node-11-pulsing", "metadata": {}}
{"timestamp": 1779139474, "type": "overflow", "device": "node-6-overflow", "metadata": {"count": 3, "window_sec": 30}}
{"timestamp": 1779139474, "type": "safe_tx", "device": "node-11-pulsing", "metadata": {}}
{"timestamp": 1779139474, "type": "safe_tx", "device": "node-11-pulsing", "metadata": {}}
{"timestamp": 1779139474, "type": "safe_tx", "device": "node-11-pulsing", "metadata": {}}
{"timestamp": 1779139474, "type": "safe_tx", "device": "node-11-pulsing", "metadata": {}}
{"timestamp": 1779139474, "type": "safe_tx", "device": "node-8-spammer", "metadata": {}}
{"timestamp": 1779139474, "type": "safe_tx", "device": "node-8-spammer", "metadata": {}}
{"timestamp": 1779139474, "type": "safe_tx", "device": "node-8-spammer", "metadata": {}}
{"timestamp": 1779139475, "type": "safe_tx", "device": "node-8-spammer", "metadata": {}}
{"timestamp": 1779139475, "type": "safe_tx", "device": "node-8-spammer", "metadata": {}}
{"timestamp": 1779139475, "type": "safe_tx", "device": "node-8-spammer", "metadata": {}}
{"timestamp": 1779139475, "type": "safe_tx", "device": "node-14-mixed", "metadata": {}}
{"timestamp": 1779139475, "type": "safe_tx", "device": "node-13-mixed", "metadata": {}}
{"timestamp": 1779139475, "type": "safe_tx", "device": "node-15-mixed", "metadata": {}}
{"timestamp": 1779139475, "type": "safe_tx", "device": "node-1-clean", "metadata": {}}
{"timestamp": 1779139475, "type": "safe_tx", "device": "node-3-clean", "metadata": {}}
{"timestamp": 1779139475, "type": "fuzzing", "device": "node-10-fuzzer", "metadata": {}}
{"timestamp": 1779139475, "type": "safe_tx", "device": "node-4-clean", "metadata": {}}
{"timestamp": 1779139476, "type": "time_anomaly", "device": "node-7-timespoof", "metadata": {}}
{"timestamp": 1779139475, "type": "overflow", "device": "node-9-stealth", "metadata": {"count": 3, "window_sec": 30}}
{"timestamp": 1779139476, "type": "safe_tx", "device": "node-8-spammer", "metadata": {}}
{"timestamp": 1779139476, "type": "safe_tx", "device": "node-15-mixed", "metadata": {}}
{"timestamp": 1779139476, "type": "safe_tx", "device": "node-8-spammer", "metadata": {}}
{"timestamp": 1779139476, "type": "safe_tx", "device": "node-8-spammer", "metadata": {}}
{"timestamp": 1779139476, "type": "safe_tx", "device": "node-10-fuzzer", "metadata": {}}
{"timestamp": 1779139476, "type": "safe_tx", "device": "node-13-mixed", "metadata": {}}
{"timestamp": 1779139476, "type": "safe_tx", "device": "node-3-clean", "metadata": {}}
{"timestamp": 1779139477, "type": "safe_tx", "device": "node-2-clean", "metadata": {}}
{"timestamp": 1779139477, "type": "safe_tx", "device": "node-4-clean", "metadata": {}}
{"timestamp": 1779139477, "type": "safe_tx", "device": "node-14-mixed", "metadata": {}}
{"timestamp": 1779139477, "type": "safe_tx", "device": "node-1-clean", "metadata": {}}
{"timestamp": 1779139477, "type": "safe_tx", "device": "node-12-mixed", "metadata": {}}
{"timestamp": 1779139477, "type": "safe_tx", "device": "node-9-stealth", "metadata": {}}
{"timestamp": 1779139477, "type": "safe_tx", "device": "node-5-clean", "metadata": {}}
{"timestamp": 1779139477, "type": "fuzzing", "device": "node-10-fuzzer", "metadata": {}}
{"timestamp": 1779139478, "type": "safe_tx", "device": "node-15-mixed", "metadata": {}}
{"timestamp": 1779139478, "type": "safe_tx", "device": "node-2-clean", "metadata": {}}
{"timestamp": 1779139478, "type": "safe_tx", "device": "node-12-mixed", "metadata": {}}
{"timestamp": 1779139478, "type": "safe_tx", "device": "node-4-clean", "metadata": {}}
{"timestamp": 1779139478, "type": "safe_tx", "device": "node-10-fuzzer", "metadata": {}}
{"timestamp": 1779139479, "type": "time_anomaly", "device": "node-15-mixed", "metadata": {}}
{"timestamp": 1779139479, "type": "safe_tx", "device": "node-1-clean", "metadata": {}}
{"timestamp": 1779139479, "type": "safe_tx", "device": "node-8-spammer", "metadata": {}}
{"timestamp": 1779139479, "type": "safe_tx", "device": "node-3-clean", "metadata": {}}
{"timestamp": 1779139480, "type": "time_anomaly", "device": "node-13-mixed", "metadata": {}}
{"timestamp": 1779139480, "type": "safe_tx", "device": "node-9-stealth", "metadata": {}}
{"timestamp": 1779139480, "type": "safe_tx", "device": "node-5-clean", "metadata": {}}
{"timestamp": 1779139480, "type": "safe_tx", "device": "node-2-clean", "metadata": {}}
{"timestamp": 1779139480, "type": "safe_tx", "device": "node-13-mixed", "metadata": {}}
{"timestamp": 1779139481, "type": "time_anomaly", "device": "node-7-timespoof", "metadata": {}}
{"timestamp": 1779139481, "type": "time_anomaly", "device": "node-12-mixed", "metadata": {}}
{"timestamp": 1779139480, "type": "safe_tx", "device": "node-4-clean", "metadata": {}}
{"timestamp": 1779139480, "type": "safe_tx", "device": "node-1-clean", "metadata": {}}
{"timestamp": 1779139480, "type": "safe_tx", "device": "node-3-clean", "metadata": {}}
{"timestamp": 1779139480, "type": "safe_tx", "device": "node-8-spammer", "metadata": {}}
{"timestamp": 1779139480, "type": "safe_tx", "device": "node-8-spammer", "metadata": {}}
{"timestamp": 1779139480, "type": "safe_tx", "device": "node-8-spammer", "metadata": {}}
{"timestamp": 1779139480, "type": "safe_tx", "device": "node-8-spammer", "metadata": {}}
{"timestamp": 1779139480, "type": "safe_tx", "device": "node-13-mixed", "metadata": {}}
{"timestamp": 1779139480, "type": "safe_tx", "device": "node-8-spammer", "metadata": {}}
{"timestamp": 1779139480, "type": "safe_tx", "device": "node-8-spammer", "metadata": {}}
{"timestamp": 1779139480, "type": "safe_tx", "device": "node-14-mixed", "metadata": {}}
{"timestamp": 1779139480, "type": "safe_tx", "device": "node-9-stealth", "metadata": {}}
{"timestamp": 1779139481, "type": "safe_tx", "device": "node-4-clean", "metadata": {}}
{"timestamp": 1779139481, "type": "safe_tx", "device": "node-8-spammer", "metadata": {}}
{"timestamp": 1779139481, "type": "safe_tx", "device": "node-8-spammer", "metadata": {}}
{"timestamp": 1779139481, "type": "safe_tx", "device": "node-8-spammer", "metadata": {}}
{"timestamp": 1779139481, "type": "safe_tx", "device": "node-8-spammer", "metadata": {}}
{"timestamp": 1779139481, "type": "safe_tx", "device": "node-8-spammer", "metadata": {}}
{"timestamp": 1779139481, "type": "safe_tx", "device": "node-8-spammer", "metadata": {}}
{"timestamp": 1779139481, "type": "safe_tx", "device": "node-8-spammer", "metadata": {}}
{"timestamp": 1779139481, "type": "safe_tx", "device": "node-8-spammer", "metadata": {}}
{"timestamp": 1779139481, "type": "dos_spam", "device": "node-8-spammer", "metadata": {}}
{"timestamp": 1779139481, "type": "safe_tx", "device": "node-8-spammer", "metadata": {}}
{"timestamp": 1779139481, "type": "safe_tx", "device": "node-8-spammer", "metadata": {}}
{"timestamp": 1779139481, "type": "safe_tx", "device": "node-8-spammer", "metadata": {}}
{"timestamp": 1779139481, "type": "safe_tx", "device": "node-2-clean", "metadata": {}}
{"timestamp": 1779139481, "type": "safe_tx", "device": "node-8-spammer", "metadata": {}}
{"timestamp": 1779139481, "type": "safe_tx", "device": "node-8-spammer", "metadata": {}}
{"timestamp": 1779139481, "type": "safe_tx", "device": "node-8-spammer", "metadata": {}}
{"timestamp": 1779139481, "type": "safe_tx", "device": "node-8-spammer", "metadata": {}}
{"timestamp": 1779139481, "type": "safe_tx", "device": "node-8-spammer", "metadata": {}}
{"timestamp": 1779139481, "type": "safe_tx", "device": "node-8-spammer", "metadata": {}}
{"timestamp": 1779139481, "type": "safe_tx", "device": "node-9-stealth", "metadata": {}}
{"timestamp": 1779139481, "type": "safe_tx", "device": "node-2-clean", "metadata": {}}
{"timestamp": 1779139482, "type": "safe_tx", "device": "node-15-mixed", "metadata": {}}
{"timestamp": 1779139482, "type": "safe_tx", "device": "node-1-clean", "metadata": {}}
{"timestamp": 1779139482, "type": "safe_tx", "device": "node-10-fuzzer", "metadata": {}}
{"timestamp": 1779139482, "type": "safe_tx", "device": "node-12-mixed", "metadata": {}}
{"timestamp": 1779139482, "type": "safe_tx", "device": "node-6-overflow", "metadata": {}}
{"timestamp": 1779139482, "type": "safe_tx", "device": "node-8-spammer", "metadata": {}}
{"timestamp": 1779139482, "type": "safe_tx", "device": "node-8-spammer", "metadata": {}}
{"timestamp": 1779139482, "type": "safe_tx", "device": "node-8-spammer", "metadata": {}}
{"timestamp": 1779139483, "type": "safe_tx", "device": "node-9-stealth", "metadata": {}}
{"timestamp": 1779139483, "type": "safe_tx", "device": "node-13-mixed", "metadata": {}}
{"timestamp": 1779139483, "type": "safe_tx", "device": "node-4-clean", "metadata": {}}
{"timestamp": 1779139483, "type": "safe_tx", "device": "node-8-spammer", "metadata": {}}
{"timestamp": 1779139483, "type": "safe_tx", "device": "node-8-spammer", "metadata": {}}
{"timestamp": 1779139483, "type": "safe_tx", "device": "node-8-spammer", "metadata": {}}
{"timestamp": 1779139483, "type": "dos_spam", "device": "node-8-spammer", "metadata": {"count": 30, "window_sec": 5}}
{"timestamp": 1779139483, "type": "dos_spam", "device": "node-8-spammer", "metadata": {}}
{"timestamp": 1779139483, "type": "safe_tx", "device": "node-8-spammer", "metadata": {}}
{"timestamp": 1779139484, "type": "time_anomaly", "device": "node-15-mixed", "metadata": {}}
{"timestamp": 1779139483, "type": "safe_tx", "device": "node-5-clean", "metadata": {}}
{"timestamp": 1779139483, "type": "safe_tx", "device": "node-14-mixed", "metadata": {}}
{"timestamp": 1779139484, "type": "fuzzing", "device": "node-10-fuzzer", "metadata": {}}
{"timestamp": 1779139484, "type": "safe_tx", "device": "node-3-clean", "metadata": {}}
{"timestamp": 1779139484, "type": "overflow", "device": "node-6-overflow", "metadata": {"count": 3, "window_sec": 30}}
{"timestamp": 1779139484, "type": "safe_tx", "device": "node-15-mixed", "metadata": {}}
{"timestamp": 1779139484, "type": "safe_tx", "device": "node-8-spammer", "metadata": {}}
{"timestamp": 1779139485, "type": "safe_tx", "device": "node-1-clean", "metadata": {}}
{"timestamp": 1779139485, "type": "safe_tx", "device": "node-2-clean", "metadata": {}}
{"timestamp": 1779139486, "type": "overflow", "device": "node-10-fuzzer", "metadata": {"count": 3, "window_sec": 30}}
{"timestamp": 1779139486, "type": "safe_tx", "device": "node-8-spammer", "metadata": {}}
{"timestamp": 1779139486, "type": "safe_tx", "device": "node-12-mixed", "metadata": {}}
{"timestamp": 1779139486, "type": "safe_tx", "device": "node-2-clean", "metadata": {}}
{"timestamp": 1779139486, "type": "safe_tx", "device": "node-8-spammer", "metadata": {}}
{"timestamp": 1779139486, "type": "safe_tx", "device": "node-8-spammer", "metadata": {}}
{"timestamp": 1779139486, "type": "safe_tx", "device": "node-8-spammer", "metadata": {}}
{"timestamp": 1779139486, "type": "safe_tx", "device": "node-8-spammer", "metadata": {}}
{"timestamp": 1779139486, "type": "safe_tx", "device": "node-8-spammer", "metadata": {}}
{"timestamp": 1779139486, "type": "safe_tx", "device": "node-8-spammer", "metadata": {}}
{"timestamp": 1779139486, "type": "safe_tx", "device": "node-8-spammer", "metadata": {}}
{"timestamp": 1779139486, "type": "safe_tx", "device": "node-8-spammer", "metadata": {}}
{"timestamp": 1779139486, "type": "safe_tx", "device": "node-8-spammer", "metadata": {}}
{"timestamp": 1779139486, "type": "safe_tx", "device": "node-3-clean", "metadata": {}}
{"timestamp": 1779139487, "type": "time_anomaly", "device": "node-14-mixed", "metadata": {}}
{"timestamp": 1779139486, "type": "safe_tx", "device": "node-4-clean", "metadata": {}}
{"timestamp": 1779139486, "type": "safe_tx", "device": "node-3-clean", "metadata": {}}
{"timestamp": 1779139487, "type": "safe_tx", "device": "node-5-clean", "metadata": {}}
{"timestamp": 1779139487, "type": "safe_tx", "device": "node-4-clean", "metadata": {}}
{"timestamp": 1779139488, "type": "time_anomaly", "device": "node-7-timespoof", "metadata": {}}
{"timestamp": 1779139487, "type": "safe_tx", "device": "node-4-clean", "metadata": {}}
{"timestamp": 1779139487, "type": "safe_tx", "device": "node-9-stealth", "metadata": {}}
{"timestamp": 1779139487, "type": "safe_tx", "device": "node-10-fuzzer", "metadata": {}}
{"timestamp": 1779139487, "type": "safe_tx", "device": "node-2-clean", "metadata": {}}
{"timestamp": 1779139487, "type": "safe_tx", "device": "node-8-spammer", "metadata": {}}
{"timestamp": 1779139488, "type": "safe_tx", "device": "node-8-spammer", "metadata": {}}
{"timestamp": 1779139488, "type": "safe_tx", "device": "node-5-clean", "metadata": {}}
{"timestamp": 1779139488, "type": "safe_tx", "device": "node-4-clean", "metadata": {}}
{"timestamp": 1779139488, "type": "safe_tx", "device": "node-1-clean", "metadata": {}}
{"timestamp": 1779139488, "type": "safe_tx", "device": "node-5-clean", "metadata": {}}
{"timestamp": 1779139488, "type": "safe_tx", "device": "node-9-stealth", "metadata": {}}
{"timestamp": 1779139488, "type": "safe_tx", "device": "node-2-clean", "metadata": {}}
{"timestamp": 1779139488, "type": "safe_tx", "device": "node-5-clean", "metadata": {}}
{"timestamp": 1779139489, "type": "time_anomaly", "device": "node-14-mixed", "metadata": {}}
{"timestamp": 1779139488, "type": "safe_tx", "device": "node-4-clean", "metadata": {}}
{"timestamp": 1779139489, "type": "safe_tx", "device": "node-1-clean", "metadata": {}}
{"timestamp": 1779139489, "type": "safe_tx", "device": "node-15-mixed", "metadata": {}}
{"timestamp": 1779139489, "type": "safe_tx", "device": "node-8-spammer", "metadata": {}}
{"timestamp": 1779139489, "type": "safe_tx", "device": "node-4-clean", "metadata": {}}
{"timestamp": 1779139489, "type": "safe_tx", "device": "node-13-mixed", "metadata": {}}
{"timestamp": 1779139490, "type": "time_anomaly", "device": "node-7-timespoof", "metadata": {}}
{"timestamp": 1779139489, "type": "safe_tx", "device": "node-2-clean", "metadata": {}}
{"timestamp": 1779139489, "type": "safe_tx", "device": "node-12-mixed", "metadata": {}}
{"timestamp": 1779139489, "type": "safe_tx", "device": "node-5-clean", "metadata": {}}
{"timestamp": 1779139490, "type": "safe_tx", "device": "node-8-spammer", "metadata": {}}
{"timestamp": 1779139490, "type": "safe_tx", "device": "node-1-clean", "metadata": {}}
{"timestamp": 1779139490, "type": "safe_tx", "device": "node-8-spammer", "metadata": {}}
{"timestamp": 1779139490, "type": "safe_tx", "device": "node-3-clean", "metadata": {}}
{"timestamp": 1779139490, "type": "safe_tx", "device": "node-8-spammer", "metadata": {}}
{"timestamp": 1779139490, "type": "safe_tx", "device": "node-8-spammer", "metadata": {}}
{"timestamp": 1779139490, "type": "safe_tx", "device": "node-8-spammer", "metadata": {}}
{"timestamp": 1779139490, "type": "safe_tx", "device": "node-8-spammer", "metadata": {}}
{"timestamp": 1779139490, "type": "safe_tx", "device": "node-3-clean", "metadata": {}}
{"timestamp": 1779139490, "type": "safe_tx", "device": "node-8-spammer", "metadata": {}}
{"timestamp": 1779139490, "type": "safe_tx", "device": "node-8-spammer", "metadata": {}}
{"timestamp": 1779139490, "type": "safe_tx", "device": "node-8-spammer", "metadata": {}}
{"timestamp": 1779139490, "type": "safe_tx", "device": "node-8-spammer", "metadata": {}}
{"timestamp": 1779139490, "type": "safe_tx", "device": "node-8-spammer", "metadata": {}}
{"timestamp": 1779139490, "type": "safe_tx", "device": "node-8-spammer", "metadata": {}}
{"timestamp": 1779139490, "type": "safe_tx", "device": "node-8-spammer", "metadata": {}}
{"timestamp": 1779139490, "type": "dos_spam", "device": "node-8-spammer", "metadata": {}}
{"timestamp": 1779139490, "type": "safe_tx", "device": "node-8-spammer", "metadata": {}}
{"timestamp": 1779139490, "type": "fuzzing", "device": "node-10-fuzzer", "metadata": {}}
{"timestamp": 1779139490, "type": "safe_tx", "device": "node-8-spammer", "metadata": {}}
{"timestamp": 1779139490, "type": "safe_tx", "device": "node-8-spammer", "metadata": {}}
{"timestamp": 1779139490, "type": "safe_tx", "device": "node-8-spammer", "metadata": {}}
{"timestamp": 1779139490, "type": "dos_spam", "device": "node-8-spammer", "metadata": {"count": 30, "window_sec": 5}}
{"timestamp": 1779139490, "type": "safe_tx", "device": "node-8-spammer", "metadata": {}}
{"timestamp": 1779139490, "type": "safe_tx", "device": "node-8-spammer", "metadata": {}}
{"timestamp": 1779139490, "type": "safe_tx", "device": "node-8-spammer", "metadata": {}}
{"timestamp": 1779139490, "type": "safe_tx", "device": "node-8-spammer", "metadata": {}}
{"timestamp": 1779139490, "type": "safe_tx", "device": "node-8-spammer", "metadata": {}}
{"timestamp": 1779139490, "type": "safe_tx", "device": "node-8-spammer", "metadata": {}}
{"timestamp": 1779139490, "type": "safe_tx", "device": "node-8-spammer", "metadata": {}}
{"timestamp": 1779139490, "type": "safe_tx", "device": "node-15-mixed", "metadata": {}}
{"timestamp": 1779139490, "type": "safe_tx", "device": "node-1-clean", "metadata": {}}
{"timestamp": 1779139491, "type": "fuzzing", "device": "node-10-fuzzer", "metadata": {}}
{"timestamp": 1779139491, "type": "safe_tx", "device": "node-13-mixed", "metadata": {}}
{"timestamp": 1779139491, "type": "safe_tx", "device": "node-9-stealth", "metadata": {}}
{"timestamp": 1779139491, "type": "safe_tx", "device": "node-5-clean", "metadata": {}}
{"timestamp": 1779139491, "type": "safe_tx", "device": "node-14-mixed", "metadata": {}}
{"timestamp": 1779139492, "type": "safe_tx", "device": "node-8-spammer", "metadata": {}}
{"timestamp": 1779139492, "type": "safe_tx", "device": "node-8-spammer", "metadata": {}}
{"timestamp": 1779139492, "type": "safe_tx", "device": "node-8-spammer", "metadata": {}}
{"timestamp": 1779139492, "type": "safe_tx", "device": "node-8-spammer", "metadata": {}}
{"timestamp": 1779139492, "type": "dos_spam", "device": "node-8-spammer", "metadata": {}}
{"timestamp": 1779139492, "type": "safe_tx", "device": "node-8-spammer", "metadata": {}}
{"timestamp": 1779139492, "type": "safe_tx", "device": "node-2-clean", "metadata": {}}
{"timestamp": 1779139492, "type": "safe_tx", "device": "node-8-spammer", "metadata": {}}
{"timestamp": 1779139492, "type": "safe_tx", "device": "node-8-spammer", "metadata": {}}
{"timestamp": 1779139492, "type": "safe_tx", "device": "node-15-mixed", "metadata": {}}
{"timestamp": 1779139492, "type": "safe_tx", "device": "node-8-spammer", "metadata": {}}
{"timestamp": 1779139492, "type": "safe_tx", "device": "node-8-spammer", "metadata": {}}
{"timestamp": 1779139492, "type": "safe_tx", "device": "node-8-spammer", "metadata": {}}
{"timestamp": 1779139492, "type": "safe_tx", "device": "node-8-spammer", "metadata": {}}
{"timestamp": 1779139492, "type": "safe_tx", "device": "node-8-spammer", "metadata": {}}
{"timestamp": 1779139492, "type": "safe_tx", "device": "node-10-fuzzer", "metadata": {}}
{"timestamp": 1779139492, "type": "safe_tx", "device": "node-4-clean", "metadata": {}}
{"timestamp": 1779139493, "type": "time_anomaly", "device": "node-12-mixed", "metadata": {}}
{"timestamp": 1779139493, "type": "safe_tx", "device": "node-9-stealth", "metadata": {}}
{"timestamp": 1779139493, "type": "safe_tx", "device": "node-8-spammer", "metadata": {}}
{"timestamp": 1779139493, "type": "safe_tx", "device": "node-8-spammer", "metadata": {}}
{"timestamp": 1779139493, "type": "safe_tx", "device": "node-8-spammer", "metadata": {}}
{"timestamp": 1779139493, "type": "safe_tx", "device": "node-8-spammer", "metadata": {}}
{"timestamp": 1779139493, "type": "safe_tx", "device": "node-8-spammer", "metadata": {}}
{"timestamp": 1779139493, "type": "safe_tx", "device": "node-8-spammer", "metadata": {}}
{"timestamp": 1779139493, "type": "safe_tx", "device": "node-8-spammer", "metadata": {}}
{"timestamp": 1779139493, "type": "dos_spam", "device": "node-8-spammer", "metadata": {}}
{"timestamp": 1779139493, "type": "safe_tx", "device": "node-8-spammer", "metadata": {}}
{"timestamp": 1779139493, "type": "safe_tx", "device": "node-8-spammer", "metadata": {}}
{"timestamp": 1779139493, "type": "safe_tx", "device": "node-8-spammer", "metadata": {}}
{"timestamp": 1779139493, "type": "safe_tx", "device": "node-8-spammer", "metadata": {}}
{"timestamp": 1779139493, "type": "dos_spam", "device": "node-8-spammer", "metadata": {"count": 30, "window_sec": 5}}
{"timestamp": 1779139494, "type": "time_anomaly", "device": "node-12-mixed", "metadata": {}}
{"timestamp": 1779139493, "type": "safe_tx", "device": "node-8-spammer", "metadata": {}}
{"timestamp": 1779139493, "type": "safe_tx", "device": "node-8-spammer", "metadata": {}}
{"timestamp": 1779139493, "type": "safe_tx", "device": "node-8-spammer", "metadata": {}}
{"timestamp": 1779139493, "type": "safe_tx", "device": "node-8-spammer", "metadata": {}}
{"timestamp": 1779139494, "type": "time_anomaly", "device": "node-15-mixed", "metadata": {}}
{"timestamp": 1779139493, "type": "safe_tx", "device": "node-14-mixed", "metadata": {}}
{"timestamp": 1779139493, "type": "overflow", "device": "node-6-overflow", "metadata": {"count": 3, "window_sec": 30}}
{"timestamp": 1779139493, "type": "overflow", "device": "node-10-fuzzer", "metadata": {"count": 3, "window_sec": 30}}
{"timestamp": 1779139494, "type": "time_anomaly", "device": "node-12-mixed", "metadata": {}}
{"timestamp": 1779139494, "type": "time_anomaly", "device": "node-13-mixed", "metadata": {}}
{"timestamp": 1779139494, "type": "safe_tx", "device": "node-3-clean", "metadata": {}}
{"timestamp": 1779139494, "type": "safe_tx", "device": "node-1-clean", "metadata": {}}
{"timestamp": 1779139494, "type": "safe_tx", "device": "node-8-spammer", "metadata": {}}
{"timestamp": 1779139494, "type": "safe_tx", "device": "node-8-spammer", "metadata": {}}
{"timestamp": 1779139494, "type": "safe_tx", "device": "node-1-clean", "metadata": {}}
{"timestamp": 1779139494, "type": "safe_tx", "device": "node-13-mixed", "metadata": {}}
{"timestamp": 1779139494, "type": "safe_tx", "device": "node-5-clean", "metadata": {}}
{"timestamp": 1779139494, "type": "safe_tx", "device": "node-15-mixed", "metadata": {}}
{"timestamp": 1779139495, "type": "safe_tx", "device": "node-13-mixed", "metadata": {}}
{"timestamp": 1779139495, "type": "safe_tx", "device": "node-8-spammer", "metadata": {}}
{"timestamp": 1779139495, "type": "safe_tx", "device": "node-8-spammer", "metadata": {}}
{"timestamp": 1779139495, "type": "safe_tx", "device": "node-8-spammer", "metadata": {}}
{"timestamp": 1779139495, "type": "safe_tx", "device": "node-14-mixed", "metadata": {}}
{"timestamp": 1779139495, "type": "safe_tx", "device": "node-9-stealth", "metadata": {}}
{"timestamp": 1779139495, "type": "overflow", "device": "node-15-mixed", "metadata": {"count": 3, "window_sec": 30}}
{"timestamp": 1779139496, "type": "safe_tx", "device": "node-8-spammer", "metadata": {}}
{"timestamp": 1779139496, "type": "safe_tx", "device": "node-8-spammer", "metadata": {}}
{"timestamp": 1779139496, "type": "safe_tx", "device": "node-2-clean", "metadata": {}}
{"timestamp": 1779139496, "type": "safe_tx", "device": "node-8-spammer", "metadata": {}}
{"timestamp": 1779139496, "type": "safe_tx", "device": "node-8-spammer", "metadata": {}}
{"timestamp": 1779139496, "type": "safe_tx", "device": "node-8-spammer", "metadata": {}}
{"timestamp": 1779139496, "type": "safe_tx", "device": "node-8-spammer", "metadata": {}}
{"timestamp": 1779139496, "type": "safe_tx", "device": "node-8-spammer", "metadata": {}}
{"timestamp": 1779139496, "type": "safe_tx", "device": "node-8-spammer", "metadata": {}}
{"timestamp": 1779139496, "type": "safe_tx", "device": "node-8-spammer", "metadata": {}}
{"timestamp": 1779139496, "type": "safe_tx", "device": "node-4-clean", "metadata": {}}
{"timestamp": 1779139496, "type": "safe_tx", "device": "node-8-spammer", "metadata": {}}
{"timestamp": 1779139496, "type": "dos_spam", "device": "node-8-spammer", "metadata": {}}
{"timestamp": 1779139496, "type": "safe_tx", "device": "node-8-spammer", "metadata": {}}
{"timestamp": 1779139496, "type": "safe_tx", "device": "node-8-spammer", "metadata": {}}
{"timestamp": 1779139496, "type": "safe_tx", "device": "node-8-spammer", "metadata": {}}
{"timestamp": 1779139496, "type": "safe_tx", "device": "node-11-pulsing", "metadata": {}}
{"timestamp": 1779139496, "type": "safe_tx", "device": "node-8-spammer", "metadata": {}}
{"timestamp": 1779139496, "type": "safe_tx", "device": "node-11-pulsing", "metadata": {}}
{"timestamp": 1779139497, "type": "time_anomaly", "device": "node-7-timespoof", "metadata": {}}
{"timestamp": 1779139496, "type": "safe_tx", "device": "node-11-pulsing", "metadata": {}}
{"timestamp": 1779139496, "type": "safe_tx", "device": "node-11-pulsing", "metadata": {}}
{"timestamp": 1779139496, "type": "safe_tx", "device": "node-11-pulsing", "metadata": {}}
{"timestamp": 1779139497, "type": "time_anomaly", "device": "node-12-mixed", "metadata": {}}
{"timestamp": 1779139496, "type": "safe_tx", "device": "node-11-pulsing", "metadata": {}}
{"timestamp": 1779139496, "type": "safe_tx", "device": "node-11-pulsing", "metadata": {}}
{"timestamp": 1779139496, "type": "safe_tx", "device": "node-11-pulsing", "metadata": {}}
{"timestamp": 1779139496, "type": "safe_tx", "device": "node-11-pulsing", "metadata": {}}
{"timestamp": 1779139497, "type": "fuzzing", "device": "node-10-fuzzer", "metadata": {}}
{"timestamp": 1779139497, "type": "safe_tx", "device": "node-11-pulsing", "metadata": {}}
{"timestamp": 1779139497, "type": "safe_tx", "device": "node-11-pulsing", "metadata": {}}
{"timestamp": 1779139497, "type": "safe_tx", "device": "node-11-pulsing", "metadata": {}}
{"timestamp": 1779139497, "type": "safe_tx", "device": "node-11-pulsing", "metadata": {}}
{"timestamp": 1779139497, "type": "safe_tx", "device": "node-11-pulsing", "metadata": {}}
{"timestamp": 1779139497, "type": "safe_tx", "device": "node-11-pulsing", "metadata": {}}
{"timestamp": 1779139497, "type": "dos_spam", "device": "node-11-pulsing", "metadata": {}}
{"timestamp": 1779139497, "type": "safe_tx", "device": "node-11-pulsing", "metadata": {}}
{"timestamp": 1779139497, "type": "safe_tx", "device": "node-11-pulsing", "metadata": {}}
{"timestamp": 1779139497, "type": "safe_tx", "device": "node-8-spammer", "metadata": {}}
{"timestamp": 1779139497, "type": "safe_tx", "device": "node-11-pulsing", "metadata": {}}
{"timestamp": 1779139497, "type": "safe_tx", "device": "node-8-spammer", "metadata": {}}
{"timestamp": 1779139497, "type": "safe_tx", "device": "node-8-spammer", "metadata": {}}
{"timestamp": 1779139497, "type": "safe_tx", "device": "node-1-clean", "metadata": {}}
{"timestamp": 1779139497, "type": "safe_tx", "device": "node-8-spammer", "metadata": {}}
{"timestamp": 1779139497, "type": "safe_tx", "device": "node-11-pulsing", "metadata": {}}
{"timestamp": 1779139497, "type": "safe_tx", "device": "node-8-spammer", "metadata": {}}
{"timestamp": 1779139497, "type": "safe_tx", "device": "node-11-pulsing", "metadata": {}}
{"timestamp": 1779139497, "type": "safe_tx", "device": "node-8-spammer", "metadata": {}}
{"timestamp": 1779139497, "type": "safe_tx", "device": "node-8-spammer", "metadata": {}}
{"timestamp": 1779139497, "type": "dos_spam", "device": "node-8-spammer", "metadata": {"count": 30, "window_sec": 5}}
{"timestamp": 1779139497, "type": "safe_tx", "device": "node-8-spammer", "metadata": {}}
{"timestamp": 1779139497, "type": "safe_tx", "device": "node-14-mixed", "metadata": {}}
{"timestamp": 1779139497, "type": "safe_tx", "device": "node-10-fuzzer", "metadata": {}}
{"timestamp": 1779139498, "type": "safe_tx", "device": "node-2-clean", "metadata": {}}
{"timestamp": 1779139498, "type": "safe_tx", "device": "node-9-stealth", "metadata": {}}
{"timestamp": 1779139498, "type": "safe_tx", "device": "node-3-clean", "metadata": {}}
{"timestamp": 1779139498, "type": "safe_tx", "device": "node-13-mixed", "metadata": {}}
{"timestamp": 1779139498, "type": "safe_tx", "device": "node-8-spammer", "metadata": {}}
{"timestamp": 1779139498, "type": "safe_tx", "device": "node-8-spammer", "metadata": {}}
{"timestamp": 1779139498, "type": "safe_tx", "device": "node-8-spammer", "metadata": {}}
{"timestamp": 1779139498, "type": "dos_spam", "device": "node-8-spammer", "metadata": {}}
{"timestamp": 1779139498, "type": "safe_tx", "device": "node-8-spammer", "metadata": {}}
{"timestamp": 1779139498, "type": "safe_tx", "device": "node-8-spammer", "metadata": {}}
{"timestamp": 1779139498, "type": "safe_tx", "device": "node-8-spammer", "metadata": {}}
{"timestamp": 1779139498, "type": "safe_tx", "device": "node-8-spammer", "metadata": {}}
{"timestamp": 1779139498, "type": "safe_tx", "device": "node-15-mixed", "metadata": {}}
{"timestamp": 1779139498, "type": "safe_tx", "device": "node-13-mixed", "metadata": {}}
{"timestamp": 1779139498, "type": "safe_tx", "device": "node-1-clean", "metadata": {}}
{"timestamp": 1779139499, "type": "time_anomaly", "device": "node-12-mixed", "metadata": {}}
{"timestamp": 1779139498, "type": "safe_tx", "device": "node-5-clean", "metadata": {}}
{"timestamp": 1779139498, "type": "fuzzing", "device": "node-10-fuzzer", "metadata": {}}
{"timestamp": 1779139499, "type": "safe_tx", "device": "node-9-stealth", "metadata": {}}
{"timestamp": 1779139499, "type": "time_anomaly", "device": "node-7-timespoof", "metadata": {}}
{"timestamp": 1779139499, "type": "safe_tx", "device": "node-15-mixed", "metadata": {}}
{"timestamp": 1779139499, "type": "safe_tx", "device": "node-2-clean", "metadata": {}}
{"timestamp": 1779139499, "type": "safe_tx", "device": "node-5-clean", "metadata": {}}
{"timestamp": 1779139499, "type": "safe_tx", "device": "node-2-clean", "metadata": {}}
{"timestamp": 1779139499, "type": "safe_tx", "device": "node-14-mixed", "metadata": {}}
{"timestamp": 1779139499, "type": "safe_tx", "device": "node-8-spammer", "metadata": {}}
{"timestamp": 1779139499, "type": "safe_tx", "device": "node-4-clean", "metadata": {}}
{"timestamp": 1779139499, "type": "safe_tx", "device": "node-5-clean", "metadata": {}}
{"timestamp": 1779139500, "type": "safe_tx", "device": "node-10-fuzzer", "metadata": {}}
{"timestamp": 1779139500, "type": "safe_tx", "device": "node-8-spammer", "metadata": {}}
{"timestamp": 1779139500, "type": "safe_tx", "device": "node-8-spammer", "metadata": {}}
{"timestamp": 1779139500, "type": "safe_tx", "device": "node-9-stealth", "metadata": {}}
{"timestamp": 1779139500, "type": "safe_tx", "device": "node-4-clean", "metadata": {}}
{"timestamp": 1779139500, "type": "safe_tx", "device": "node-12-mixed", "metadata": {}}
{"timestamp": 1779139500, "type": "safe_tx", "device": "node-3-clean", "metadata": {}}
{"timestamp": 1779139501, "type": "safe_tx", "device": "node-2-clean", "metadata": {}}
{"timestamp": 1779139501, "type": "safe_tx", "device": "node-13-mixed", "metadata": {}}
{"timestamp": 1779139501, "type": "safe_tx", "device": "node-14-mixed", "metadata": {}}
{"timestamp": 1779139501, "type": "safe_tx", "device": "node-3-clean", "metadata": {}}
{"timestamp": 1779139501, "type": "safe_tx", "device": "node-1-clean", "metadata": {}}
{"timestamp": 1779139501, "type": "safe_tx", "device": "node-9-stealth", "metadata": {}}
{"timestamp": 1779139502, "type": "safe_tx", "device": "node-8-spammer", "metadata": {}}
{"timestamp": 1779139502, "type": "safe_tx", "device": "node-8-spammer", "metadata": {}}
{"timestamp": 1779139502, "type": "safe_tx", "device": "node-5-clean", "metadata": {}}
{"timestamp": 1779139502, "type": "overflow", "device": "node-6-overflow", "metadata": {"count": 3, "window_sec": 30}}
{"timestamp": 1779139502, "type": "safe_tx", "device": "node-12-mixed", "metadata": {}}
{"timestamp": 1779139502, "type": "safe_tx", "device": "node-14-mixed", "metadata": {}}
{"timestamp": 1779139503, "type": "fuzzing", "device": "node-10-fuzzer", "metadata": {}}
{"timestamp": 1779139503, "type": "safe_tx", "device": "node-9-stealth", "metadata": {}}
{"timestamp": 1779139503, "type": "safe_tx", "device": "node-5-clean", "metadata": {}}
{"timestamp": 1779139503, "type": "safe_tx", "device": "node-8-spammer", "metadata": {}}
{"timestamp": 1779139503, "type": "safe_tx", "device": "node-8-spammer", "metadata": {}}
{"timestamp": 1779139503, "type": "safe_tx", "device": "node-5-clean", "metadata": {}}
{"timestamp": 1779139503, "type": "safe_tx", "device": "node-2-clean", "metadata": {}}
{"timestamp": 1779139503, "type": "safe_tx", "device": "node-3-clean", "metadata": {}}
{"timestamp": 1779139503, "type": "safe_tx", "device": "node-5-clean", "metadata": {}}
{"timestamp": 1779139504, "type": "safe_tx", "device": "node-13-mixed", "metadata": {}}
{"timestamp": 1779139504, "type": "safe_tx", "device": "node-1-clean", "metadata": {}}
{"timestamp": 1779139504, "type": "safe_tx", "device": "node-4-clean", "metadata": {}}
{"timestamp": 1779139505, "type": "time_anomaly", "device": "node-7-timespoof", "metadata": {}}
{"timestamp": 1779139504, "type": "safe_tx", "device": "node-8-spammer", "metadata": {}}
{"timestamp": 1779139504, "type": "safe_tx", "device": "node-8-spammer", "metadata": {}}
{"timestamp": 1779139504, "type": "safe_tx", "device": "node-2-clean", "metadata": {}}
{"timestamp": 1779139504, "type": "safe_tx", "device": "node-8-spammer", "metadata": {}}
{"timestamp": 1779139504, "type": "safe_tx", "device": "node-8-spammer", "metadata": {}}
{"timestamp": 1779139504, "type": "safe_tx", "device": "node-15-mixed", "metadata": {}}
{"timestamp": 1779139504, "type": "safe_tx", "device": "node-8-spammer", "metadata": {}}
{"timestamp": 1779139504, "type": "safe_tx", "device": "node-8-spammer", "metadata": {}}
{"timestamp": 1779139504, "type": "safe_tx", "device": "node-8-spammer", "metadata": {}}
{"timestamp": 1779139504, "type": "safe_tx", "device": "node-8-spammer", "metadata": {}}
{"timestamp": 1779139504, "type": "safe_tx", "device": "node-8-spammer", "metadata": {}}
{"timestamp": 1779139504, "type": "safe_tx", "device": "node-8-spammer", "metadata": {}}
{"timestamp": 1779139504, "type": "safe_tx", "device": "node-8-spammer", "metadata": {}}
{"timestamp": 1779139504, "type": "dos_spam", "device": "node-8-spammer", "metadata": {}}
{"timestamp": 1779139504, "type": "safe_tx", "device": "node-8-spammer", "metadata": {}}
{"timestamp": 1779139504, "type": "safe_tx", "device": "node-9-stealth", "metadata": {}}
{"timestamp": 1779139504, "type": "safe_tx", "device": "node-8-spammer", "metadata": {}}
{"timestamp": 1779139504, "type": "safe_tx", "device": "node-8-spammer", "metadata": {}}
{"timestamp": 1779139505, "type": "safe_tx", "device": "node-8-spammer", "metadata": {}}
{"timestamp": 1779139505, "type": "safe_tx", "device": "node-15-mixed", "metadata": {}}
{"timestamp": 1779139505, "type": "fuzzing", "device": "node-10-fuzzer", "metadata": {}}
{"timestamp": 1779139506, "type": "safe_tx", "device": "node-1-clean", "metadata": {}}
{"timestamp": 1779139506, "type": "safe_tx", "device": "node-14-mixed", "metadata": {}}
{"timestamp": 1779139506, "type": "safe_tx", "device": "node-8-spammer", "metadata": {}}
{"timestamp": 1779139506, "type": "safe_tx", "device": "node-8-spammer", "metadata": {}}
{"timestamp": 1779139506, "type": "safe_tx", "device": "node-8-spammer", "metadata": {}}
{"timestamp": 1779139506, "type": "safe_tx", "device": "node-8-spammer", "metadata": {}}
{"timestamp": 1779139506, "type": "safe_tx", "device": "node-8-spammer", "metadata": {}}
{"timestamp": 1779139506, "type": "overflow", "device": "node-14-mixed", "metadata": {"count": 3, "window_sec": 30}}
{"timestamp": 1779139506, "type": "safe_tx", "device": "node-8-spammer", "metadata": {}}
{"timestamp": 1779139506, "type": "safe_tx", "device": "node-3-clean", "metadata": {}}
{"timestamp": 1779139506, "type": "safe_tx", "device": "node-13-mixed", "metadata": {}}
{"timestamp": 1779139506, "type": "safe_tx", "device": "node-10-fuzzer", "metadata": {}}
{"timestamp": 1779139506, "type": "safe_tx", "device": "node-4-clean", "metadata": {}}
{"timestamp": 1779139507, "type": "time_anomaly", "device": "node-7-timespoof", "metadata": {}}
{"timestamp": 1779139507, "type": "safe_tx", "device": "node-9-stealth", "metadata": {}}
{"timestamp": 1779139507, "type": "safe_tx", "device": "node-5-clean", "metadata": {}}
{"timestamp": 1779139507, "type": "safe_tx", "device": "node-14-mixed", "metadata": {}}
{"timestamp": 1779139507, "type": "safe_tx", "device": "node-2-clean", "metadata": {}}
{"timestamp": 1779139507, "type": "safe_tx", "device": "node-8-spammer", "metadata": {}}
{"timestamp": 1779139507, "type": "safe_tx", "device": "node-8-spammer", "metadata": {}}
{"timestamp": 1779139508, "type": "safe_tx", "device": "node-15-mixed", "metadata": {}}
{"timestamp": 1779139508, "type": "safe_tx", "device": "node-13-mixed", "metadata": {}}
{"timestamp": 1779139508, "type": "safe_tx", "device": "node-13-mixed", "metadata": {}}
{"timestamp": 1779139508, "type": "safe_tx", "device": "node-1-clean", "metadata": {}}
{"timestamp": 1779139508, "type": "safe_tx", "device": "node-10-fuzzer", "metadata": {}}
{"timestamp": 1779139508, "type": "safe_tx", "device": "node-8-spammer", "metadata": {}}
{"timestamp": 1779139508, "type": "safe_tx", "device": "node-4-clean", "metadata": {}}
{"timestamp": 1779139508, "type": "safe_tx", "device": "node-8-spammer", "metadata": {}}
{"timestamp": 1779139509, "type": "fuzzing", "device": "node-10-fuzzer", "metadata": {}}
{"timestamp": 1779139509, "type": "safe_tx", "device": "node-12-mixed", "metadata": {}}
{"timestamp": 1779139509, "type": "safe_tx", "device": "node-8-spammer", "metadata": {}}
{"timestamp": 1779139510, "type": "safe_tx", "device": "node-14-mixed", "metadata": {}}
{"timestamp": 1779139510, "type": "safe_tx", "device": "node-3-clean", "metadata": {}}
{"timestamp": 1779139510, "type": "safe_tx", "device": "node-5-clean", "metadata": {}}
{"timestamp": 1779139511, "type": "time_anomaly", "device": "node-15-mixed", "metadata": {}}
{"timestamp": 1779139510, "type": "safe_tx", "device": "node-13-mixed", "metadata": {}}
{"timestamp": 1779139511, "type": "safe_tx", "device": "node-1-clean", "metadata": {}}
{"timestamp": 1779139511, "type": "safe_tx", "device": "node-10-fuzzer", "metadata": {}}
{"timestamp": 1779139511, "type": "safe_tx", "device": "node-9-stealth", "metadata": {}}
{"timestamp": 1779139511, "type": "safe_tx", "device": "node-2-clean", "metadata": {}}
{"timestamp": 1779139511, "type": "overflow", "device": "node-6-overflow", "metadata": {"count": 3, "window_sec": 30}}
{"timestamp": 1779139511, "type": "safe_tx", "device": "node-2-clean", "metadata": {}}
{"timestamp": 1779139512, "type": "time_anomaly", "device": "node-14-mixed", "metadata": {}}
{"timestamp": 1779139512, "type": "safe_tx", "device": "node-15-mixed", "metadata": {}}
{"timestamp": 1779139512, "type": "safe_tx", "device": "node-8-spammer", "metadata": {}}
{"timestamp": 1779139512, "type": "safe_tx", "device": "node-8-spammer", "metadata": {}}
{"timestamp": 1779139512, "type": "safe_tx", "device": "node-8-spammer", "metadata": {}}
{"timestamp": 1779139512, "type": "safe_tx", "device": "node-8-spammer", "metadata": {}}
{"timestamp": 1779139512, "type": "safe_tx", "device": "node-8-spammer", "metadata": {}}
{"timestamp": 1779139512, "type": "safe_tx", "device": "node-8-spammer", "metadata": {}}
{"timestamp": 1779139512, "type": "safe_tx", "device": "node-8-spammer", "metadata": {}}
{"timestamp": 1779139512, "type": "safe_tx", "device": "node-8-spammer", "metadata": {}}
{"timestamp": 1779139512, "type": "safe_tx", "device": "node-8-spammer", "metadata": {}}
{"timestamp": 1779139512, "type": "safe_tx", "device": "node-4-clean", "metadata": {}}
{"timestamp": 1779139513, "type": "time_anomaly", "device": "node-7-timespoof", "metadata": {}}
{"timestamp": 1779139512, "type": "safe_tx", "device": "node-3-clean", "metadata": {}}
{"timestamp": 1779139513, "type": "safe_tx", "device": "node-3-clean", "metadata": {}}
{"timestamp": 1779139514, "type": "time_anomaly", "device": "node-15-mixed", "metadata": {}}
{"timestamp": 1779139513, "type": "safe_tx", "device": "node-4-clean", "metadata": {}}
{"timestamp": 1779139513, "type": "safe_tx", "device": "node-9-stealth", "metadata": {}}
{"timestamp": 1779139513, "type": "safe_tx", "device": "node-15-mixed", "metadata": {}}
{"timestamp": 1779139513, "type": "safe_tx", "device": "node-10-fuzzer", "metadata": {}}
{"timestamp": 1779139513, "type": "safe_tx", "device": "node-1-clean", "metadata": {}}
{"timestamp": 1779139513, "type": "overflow", "device": "node-12-mixed", "metadata": {"count": 3, "window_sec": 30}}
{"timestamp": 1779139514, "type": "safe_tx", "device": "node-8-spammer", "metadata": {}}
{"timestamp": 1779139514, "type": "safe_tx", "device": "node-5-clean", "metadata": {}}
{"timestamp": 1779139514, "type": "safe_tx", "device": "node-3-clean", "metadata": {}}
{"timestamp": 1779139514, "type": "safe_tx", "device": "node-1-clean", "metadata": {}}
{"timestamp": 1779139514, "type": "safe_tx", "device": "node-5-clean", "metadata": {}}
{"timestamp": 1779139514, "type": "safe_tx", "device": "node-8-spammer", "metadata": {}}
{"timestamp": 1779139514, "type": "safe_tx", "device": "node-8-spammer", "metadata": {}}
{"timestamp": 1779139514, "type": "safe_tx", "device": "node-13-mixed", "metadata": {}}
{"timestamp": 1779139514, "type": "safe_tx", "device": "node-2-clean", "metadata": {}}
{"timestamp": 1779139514, "type": "safe_tx", "device": "node-8-spammer", "metadata": {}}
{"timestamp": 1779139514, "type": "safe_tx", "device": "node-8-spammer", "metadata": {}}
{"timestamp": 1779139514, "type": "safe_tx", "device": "node-8-spammer", "metadata": {}}
{"timestamp": 1779139514, "type": "dos_spam", "device": "node-8-spammer", "metadata": {}}
{"timestamp": 1779139515, "type": "safe_tx", "device": "node-8-spammer", "metadata": {}}
{"timestamp": 1779139515, "type": "safe_tx", "device": "node-8-spammer", "metadata": {}}
{"timestamp": 1779139515, "type": "safe_tx", "device": "node-10-fuzzer", "metadata": {}}
{"timestamp": 1779139516, "type": "time_anomaly", "device": "node-14-mixed", "metadata": {}}
{"timestamp": 1779139515, "type": "safe_tx", "device": "node-4-clean", "metadata": {}}
{"timestamp": 1779139515, "type": "safe_tx", "device": "node-12-mixed", "metadata": {}}
{"timestamp": 1779139515, "type": "safe_tx", "device": "node-1-clean", "metadata": {}}
{"timestamp": 1779139515, "type": "safe_tx", "device": "node-8-spammer", "metadata": {}}
{"timestamp": 1779139515, "type": "safe_tx", "device": "node-8-spammer", "metadata": {}}
{"timestamp": 1779139515, "type": "safe_tx", "device": "node-8-spammer", "metadata": {}}
{"timestamp": 1779139515, "type": "safe_tx", "device": "node-8-spammer", "metadata": {}}
{"timestamp": 1779139515, "type": "safe_tx", "device": "node-8-spammer", "metadata": {}}
{"timestamp": 1779139515, "type": "safe_tx", "device": "node-10-fuzzer", "metadata": {}}
{"timestamp": 1779139515, "type": "safe_tx", "device": "node-8-spammer", "metadata": {}}
{"timestamp": 1779139515, "type": "safe_tx", "device": "node-5-clean", "metadata": {}}
{"timestamp": 1779139515, "type": "safe_tx", "device": "node-8-spammer", "metadata": {}}
{"timestamp": 1779139515, "type": "safe_tx", "device": "node-8-spammer", "metadata": {}}
{"timestamp": 1779139515, "type": "safe_tx", "device": "node-9-stealth", "metadata": {}}
{"timestamp": 1779139516, "type": "safe_tx", "device": "node-8-spammer", "metadata": {}}
{"timestamp": 1779139516, "type": "safe_tx", "device": "node-8-spammer", "metadata": {}}
{"timestamp": 1779139516, "type": "safe_tx", "device": "node-8-spammer", "metadata": {}}
{"timestamp": 1779139516, "type": "safe_tx", "device": "node-8-spammer", "metadata": {}}
{"timestamp": 1779139516, "type": "safe_tx", "device": "node-8-spammer", "metadata": {}}
{"timestamp": 1779139516, "type": "dos_spam", "device": "node-8-spammer", "metadata": {"count": 30, "window_sec": 5}}
{"timestamp": 1779139516, "type": "dos_spam", "device": "node-8-spammer", "metadata": {}}
{"timestamp": 1779139516, "type": "safe_tx", "device": "node-8-spammer", "metadata": {}}
{"timestamp": 1779139516, "type": "safe_tx", "device": "node-8-spammer", "metadata": {}}
{"timestamp": 1779139516, "type": "safe_tx", "device": "node-13-mixed", "metadata": {}}
{"timestamp": 1779139516, "type": "safe_tx", "device": "node-4-clean", "metadata": {}}
{"timestamp": 1779139516, "type": "safe_tx", "device": "node-14-mixed", "metadata": {}}
{"timestamp": 1779139516, "type": "safe_tx", "device": "node-1-clean", "metadata": {}}
{"timestamp": 1779139517, "type": "safe_tx", "device": "node-8-spammer", "metadata": {}}
{"timestamp": 1779139517, "type": "safe_tx", "device": "node-8-spammer", "metadata": {}}
{"timestamp": 1779139517, "type": "fuzzing", "device": "node-10-fuzzer", "metadata": {}}
{"timestamp": 1779139517, "type": "safe_tx", "device": "node-8-spammer", "metadata": {}}
{"timestamp": 1779139517, "type": "safe_tx", "device": "node-8-spammer", "metadata": {}}
{"timestamp": 1779139517, "type": "safe_tx", "device": "node-5-clean", "metadata": {}}
{"timestamp": 1779139517, "type": "safe_tx", "device": "node-14-mixed", "metadata": {}}
{"timestamp": 1779139517, "type": "safe_tx", "device": "node-3-clean", "metadata": {}}
{"timestamp": 1779139517, "type": "safe_tx", "device": "node-15-mixed", "metadata": {}}
{"timestamp": 1779139517, "type": "safe_tx", "device": "node-1-clean", "metadata": {}}
{"timestamp": 1779139518, "type": "safe_tx", "device": "node-8-spammer", "metadata": {}}
{"timestamp": 1779139518, "type": "safe_tx", "device": "node-14-mixed", "metadata": {}}
{"timestamp": 1779139518, "type": "safe_tx", "device": "node-8-spammer", "metadata": {}}
{"timestamp": 1779139518, "type": "time_anomaly", "device": "node-7-timespoof", "metadata": {}}
{"timestamp": 1779139518, "type": "safe_tx", "device": "node-8-spammer", "metadata": {}}
{"timestamp": 1779139518, "type": "safe_tx", "device": "node-2-clean", "metadata": {}}
{"timestamp": 1779139518, "type": "safe_tx", "device": "node-1-clean", "metadata": {}}
{"timestamp": 1779139518, "type": "safe_tx", "device": "node-8-spammer", "metadata": {}}
{"timestamp": 1779139518, "type": "overflow", "device": "node-9-stealth", "metadata": {"count": 3, "window_sec": 30}}
{"timestamp": 1779139518, "type": "safe_tx", "device": "node-8-spammer", "metadata": {}}
{"timestamp": 1779139518, "type": "safe_tx", "device": "node-8-spammer", "metadata": {}}
{"timestamp": 1779139518, "type": "safe_tx", "device": "node-8-spammer", "metadata": {}}
{"timestamp": 1779139518, "type": "safe_tx", "device": "node-8-spammer", "metadata": {}}
{"timestamp": 1779139518, "type": "safe_tx", "device": "node-8-spammer", "metadata": {}}
{"timestamp": 1779139518, "type": "dos_spam", "device": "node-8-spammer", "metadata": {}}
{"timestamp": 1779139518, "type": "safe_tx", "device": "node-8-spammer", "metadata": {}}
{"timestamp": 1779139518, "type": "safe_tx", "device": "node-8-spammer", "metadata": {}}
{"timestamp": 1779139518, "type": "safe_tx", "device": "node-8-spammer", "metadata": {}}
{"timestamp": 1779139518, "type": "safe_tx", "device": "node-13-mixed", "metadata": {}}
{"timestamp": 1779139518, "type": "safe_tx", "device": "node-12-mixed", "metadata": {}}
{"timestamp": 1779139519, "type": "safe_tx", "device": "node-3-clean", "metadata": {}}
{"timestamp": 1779139519, "type": "safe_tx", "device": "node-4-clean", "metadata": {}}
{"timestamp": 1779139519, "type": "safe_tx", "device": "node-8-spammer", "metadata": {}}
{"timestamp": 1779139520, "type": "safe_tx", "device": "node-1-clean", "metadata": {}}
{"timestamp": 1779139520, "type": "safe_tx", "device": "node-4-clean", "metadata": {}}
{"timestamp": 1779139520, "type": "overflow", "device": "node-15-mixed", "metadata": {"count": 3, "window_sec": 30}}
{"timestamp": 1779139520, "type": "safe_tx", "device": "node-8-spammer", "metadata": {}}
{"timestamp": 1779139521, "type": "safe_tx", "device": "node-9-stealth", "metadata": {}}
{"timestamp": 1779139521, "type": "safe_tx", "device": "node-8-spammer", "metadata": {}}
{"timestamp": 1779139521, "type": "safe_tx", "device": "node-10-fuzzer", "metadata": {}}
{"timestamp": 1779139521, "type": "safe_tx", "device": "node-14-mixed", "metadata": {}}
{"timestamp": 1779139521, "type": "safe_tx", "device": "node-8-spammer", "metadata": {}}
{"timestamp": 1779139521, "type": "safe_tx", "device": "node-5-clean", "metadata": {}}
{"timestamp": 1779139521, "type": "safe_tx", "device": "node-4-clean", "metadata": {}}
{"timestamp": 1779139521, "type": "overflow", "device": "node-6-overflow", "metadata": {"count": 3, "window_sec": 30}}
{"timestamp": 1779139521, "type": "safe_tx", "device": "node-2-clean", "metadata": {}}
{"timestamp": 1779139522, "type": "time_anomaly", "device": "node-7-timespoof", "metadata": {}}
{"timestamp": 1779139522, "type": "safe_tx", "device": "node-12-mixed", "metadata": {}}
{"timestamp": 1779139522, "type": "safe_tx", "device": "node-3-clean", "metadata": {}}
{"timestamp": 1779139523, "type": "time_anomaly", "device": "node-15-mixed", "metadata": {}}
{"timestamp": 1779139522, "type": "safe_tx", "device": "node-8-spammer", "metadata": {}}
{"timestamp": 1779139522, "type": "safe_tx", "device": "node-1-clean", "metadata": {}}
{"timestamp": 1779139522, "type": "safe_tx", "device": "node-8-spammer", "metadata": {}}
{"timestamp": 1779139522, "type": "safe_tx", "device": "node-8-spammer", "metadata": {}}
{"timestamp": 1779139522, "type": "safe_tx", "device": "node-8-spammer", "metadata": {}}
{"timestamp": 1779139522, "type": "safe_tx", "device": "node-8-spammer", "metadata": {}}
{"timestamp": 1779139522, "type": "fuzzing", "device": "node-10-fuzzer", "metadata": {}}
{"timestamp": 1779139522, "type": "safe_tx", "device": "node-13-mixed", "metadata": {}}
{"timestamp": 1779139523, "type": "safe_tx", "device": "node-4-clean", "metadata": {}}
{"timestamp": 1779139523, "type": "safe_tx", "device": "node-5-clean", "metadata": {}}
{"timestamp": 1779139523, "type": "safe_tx", "device": "node-13-mixed", "metadata": {}}
{"timestamp": 1779139523, "type": "safe_tx", "device": "node-4-clean", "metadata": {}}
{"timestamp": 1779139523, "type": "fuzzing", "device": "node-10-fuzzer", "metadata": {}}
{"timestamp": 1779139523, "type": "safe_tx", "device": "node-8-spammer", "metadata": {}}
{"timestamp": 1779139523, "type": "safe_tx", "device": "node-8-spammer", "metadata": {}}
{"timestamp": 1779139523, "type": "safe_tx", "device": "node-11-pulsing", "metadata": {}}
{"timestamp": 1779139523, "type": "safe_tx", "device": "node-8-spammer", "metadata": {}}
{"timestamp": 1779139523, "type": "safe_tx", "device": "node-11-pulsing", "metadata": {}}
{"timestamp": 1779139523, "type": "safe_tx", "device": "node-8-spammer", "metadata": {}}
{"timestamp": 1779139523, "type": "safe_tx", "device": "node-11-pulsing", "metadata": {}}
{"timestamp": 1779139523, "type": "safe_tx", "device": "node-8-spammer", "metadata": {}}
{"timestamp": 1779139523, "type": "safe_tx", "device": "node-11-pulsing", "metadata": {}}
{"timestamp": 1779139523, "type": "safe_tx", "device": "node-5-clean", "metadata": {}}
{"timestamp": 1779139523, "type": "safe_tx", "device": "node-11-pulsing", "metadata": {}}
{"timestamp": 1779139523, "type": "safe_tx", "device": "node-11-pulsing", "metadata": {}}
{"timestamp": 1779139523, "type": "safe_tx", "device": "node-14-mixed", "metadata": {}}
{"timestamp": 1779139523, "type": "safe_tx", "device": "node-11-pulsing", "metadata": {}}
{"timestamp": 1779139523, "type": "safe_tx", "device": "node-11-pulsing", "metadata": {}}
{"timestamp": 1779139524, "type": "safe_tx", "device": "node-1-clean", "metadata": {}}
{"timestamp": 1779139524, "type": "safe_tx", "device": "node-11-pulsing", "metadata": {}}
{"timestamp": 1779139524, "type": "overflow", "device": "node-10-fuzzer", "metadata": {"count": 3, "window_sec": 30}}
{"timestamp": 1779139524, "type": "time_anomaly", "device": "node-12-mixed", "metadata": {}}
{"timestamp": 1779139524, "type": "safe_tx", "device": "node-11-pulsing", "metadata": {}}
{"timestamp": 1779139524, "type": "safe_tx", "device": "node-11-pulsing", "metadata": {}}
{"timestamp": 1779139524, "type": "safe_tx", "device": "node-11-pulsing", "metadata": {}}
{"timestamp": 1779139524, "type": "safe_tx", "device": "node-11-pulsing", "metadata": {}}
{"timestamp": 1779139524, "type": "safe_tx", "device": "node-11-pulsing", "metadata": {}}
{"timestamp": 1779139524, "type": "safe_tx", "device": "node-11-pulsing", "metadata": {}}
{"timestamp": 1779139524, "type": "dos_spam", "device": "node-11-pulsing", "metadata": {}}
{"timestamp": 1779139524, "type": "safe_tx", "device": "node-11-pulsing", "metadata": {}}
{"timestamp": 1779139524, "type": "safe_tx", "device": "node-11-pulsing", "metadata": {}}
{"timestamp": 1779139524, "type": "safe_tx", "device": "node-11-pulsing", "metadata": {}}
{"timestamp": 1779139524, "type": "safe_tx", "device": "node-11-pulsing", "metadata": {}}
{"timestamp": 1779139524, "type": "safe_tx", "device": "node-11-pulsing", "metadata": {}}
{"timestamp": 1779139524, "type": "safe_tx", "device": "node-8-spammer", "metadata": {}}
{"timestamp": 1779139524, "type": "safe_tx", "device": "node-2-clean", "metadata": {}}
{"timestamp": 1779139524, "type": "safe_tx", "device": "node-8-spammer", "metadata": {}}
{"timestamp": 1779139524, "type": "safe_tx", "device": "node-8-spammer", "metadata": {}}
{"timestamp": 1779139524, "type": "safe_tx", "device": "node-8-spammer", "metadata": {}}
{"timestamp": 1779139524, "type": "safe_tx", "device": "node-8-spammer", "metadata": {}}
{"timestamp": 1779139524, "type": "dos_spam", "device": "node-8-spammer", "metadata": {}}
{"timestamp": 1779139524, "type": "safe_tx", "device": "node-8-spammer", "metadata": {}}
{"timestamp": 1779139524, "type": "safe_tx", "device": "node-13-mixed", "metadata": {}}
{"timestamp": 1779139524, "type": "safe_tx", "device": "node-8-spammer", "metadata": {}}
{"timestamp": 1779139524, "type": "safe_tx", "device": "node-8-spammer", "metadata": {}}
{"timestamp": 1779139524, "type": "safe_tx", "device": "node-8-spammer", "metadata": {}}
{"timestamp": 1779139524, "type": "safe_tx", "device": "node-8-spammer", "metadata": {}}
{"timestamp": 1779139524, "type": "safe_tx", "device": "node-8-spammer", "metadata": {}}
{"timestamp": 1779139524, "type": "safe_tx", "device": "node-8-spammer", "metadata": {}}
{"timestamp": 1779139525, "type": "safe_tx", "device": "node-8-spammer", "metadata": {}}
{"timestamp": 1779139525, "type": "safe_tx", "device": "node-8-spammer", "metadata": {}}
{"timestamp": 1779139525, "type": "safe_tx", "device": "node-15-mixed", "metadata": {}}
{"timestamp": 1779139525, "type": "safe_tx", "device": "node-4-clean", "metadata": {}}
{"timestamp": 1779139525, "type": "safe_tx", "device": "node-1-clean", "metadata": {}}
{"timestamp": 1779139525, "type": "fuzzing", "device": "node-10-fuzzer", "metadata": {}}
{"timestamp": 1779139526, "type": "time_anomaly", "device": "node-7-timespoof", "metadata": {}}
{"timestamp": 1779139525, "type": "safe_tx", "device": "node-8-spammer", "metadata": {}}
{"timestamp": 1779139525, "type": "safe_tx", "device": "node-5-clean", "metadata": {}}
{"timestamp": 1779139525, "type": "safe_tx", "device": "node-8-spammer", "metadata": {}}
{"timestamp": 1779139525, "type": "safe_tx", "device": "node-1-clean", "metadata": {}}
{"timestamp": 1779139525, "type": "safe_tx", "device": "node-9-stealth", "metadata": {}}
{"timestamp": 1779139525, "type": "safe_tx", "device": "node-14-mixed", "metadata": {}}
{"timestamp": 1779139525, "type": "safe_tx", "device": "node-3-clean", "metadata": {}}
{"timestamp": 1779139526, "type": "safe_tx", "device": "node-3-clean", "metadata": {}}
{"timestamp": 1779139526, "type": "safe_tx", "device": "node-12-mixed", "metadata": {}}
{"timestamp": 1779139527, "type": "safe_tx", "device": "node-5-clean", "metadata": {}}
{"timestamp": 1779139527, "type": "safe_tx", "device": "node-13-mixed", "metadata": {}}
{"timestamp": 1779139527, "type": "safe_tx", "device": "node-12-mixed", "metadata": {}}
{"timestamp": 1779139527, "type": "fuzzing", "device": "node-10-fuzzer", "metadata": {}}
{"timestamp": 1779139527, "type": "safe_tx", "device": "node-13-mixed", "metadata": {}}
{"timestamp": 1779139528, "type": "time_anomaly", "device": "node-14-mixed", "metadata": {}}
{"timestamp": 1779139527, "type": "safe_tx", "device": "node-15-mixed", "metadata": {}}
{"timestamp": 1779139527, "type": "safe_tx", "device": "node-4-clean", "metadata": {}}
{"timestamp": 1779139528, "type": "safe_tx", "device": "node-2-clean", "metadata": {}}
{"timestamp": 1779139528, "type": "safe_tx", "device": "node-8-spammer", "metadata": {}}
{"timestamp": 1779139528, "type": "safe_tx", "device": "node-8-spammer", "metadata": {}}
{"timestamp": 1779139528, "type": "safe_tx", "device": "node-8-spammer", "metadata": {}}
{"timestamp": 1779139528, "type": "safe_tx", "device": "node-8-spammer", "metadata": {}}
{"timestamp": 1779139528, "type": "safe_tx", "device": "node-8-spammer", "metadata": {}}
{"timestamp": 1779139528, "type": "safe_tx", "device": "node-8-spammer", "metadata": {}}
{"timestamp": 1779139528, "type": "safe_tx", "device": "node-8-spammer", "metadata": {}}
{"timestamp": 1779139528, "type": "safe_tx", "device": "node-8-spammer", "metadata": {}}
{"timestamp": 1779139528, "type": "safe_tx", "device": "node-8-spammer", "metadata": {}}
{"timestamp": 1779139528, "type": "dos_spam", "device": "node-8-spammer", "metadata": {"count": 30, "window_sec": 5}}
{"timestamp": 1779139528, "type": "safe_tx", "device": "node-8-spammer", "metadata": {}}
{"timestamp": 1779139528, "type": "safe_tx", "device": "node-8-spammer", "metadata": {}}
{"timestamp": 1779139528, "type": "safe_tx", "device": "node-1-clean", "metadata": {}}
{"timestamp": 1779139528, "type": "safe_tx", "device": "node-8-spammer", "metadata": {}}
{"timestamp": 1779139528, "type": "safe_tx", "device": "node-8-spammer", "metadata": {}}
{"timestamp": 1779139528, "type": "fuzzing", "device": "node-10-fuzzer", "metadata": {}}
{"timestamp": 1779139529, "type": "safe_tx", "device": "node-8-spammer", "metadata": {}}
{"timestamp": 1779139529, "type": "safe_tx", "device": "node-8-spammer", "metadata": {}}
{"timestamp": 1779139529, "type": "dos_spam", "device": "node-8-spammer", "metadata": {}}
{"timestamp": 1779139529, "type": "safe_tx", "device": "node-8-spammer", "metadata": {}}
{"timestamp": 1779139529, "type": "safe_tx", "device": "node-8-spammer", "metadata": {}}
{"timestamp": 1779139529, "type": "safe_tx", "device": "node-8-spammer", "metadata": {}}
{"timestamp": 1779139529, "type": "safe_tx", "device": "node-8-spammer", "metadata": {}}
{"timestamp": 1779139529, "type": "safe_tx", "device": "node-8-spammer", "metadata": {}}
{"timestamp": 1779139530, "type": "time_anomaly", "device": "node-13-mixed", "metadata": {}}
{"timestamp": 1779139529, "type": "safe_tx", "device": "node-10-fuzzer", "metadata": {}}
{"timestamp": 1779139529, "type": "safe_tx", "device": "node-3-clean", "metadata": {}}
{"timestamp": 1779139529, "type": "safe_tx", "device": "node-12-mixed", "metadata": {}}
{"timestamp": 1779139530, "type": "safe_tx", "device": "node-8-spammer", "metadata": {}}
{"timestamp": 1779139531, "type": "time_anomaly", "device": "node-7-timespoof", "metadata": {}}
{"timestamp": 1779139530, "type": "safe_tx", "device": "node-8-spammer", "metadata": {}}
{"timestamp": 1779139530, "type": "safe_tx", "device": "node-8-spammer", "metadata": {}}
{"timestamp": 1779139530, "type": "safe_tx", "device": "node-8-spammer", "metadata": {}}
{"timestamp": 1779139530, "type": "safe_tx", "device": "node-8-spammer", "metadata": {}}
{"timestamp": 1779139530, "type": "safe_tx", "device": "node-15-mixed", "metadata": {}}
{"timestamp": 1779139530, "type": "safe_tx", "device": "node-8-spammer", "metadata": {}}
{"timestamp": 1779139530, "type": "safe_tx", "device": "node-9-stealth", "metadata": {}}
{"timestamp": 1779139530, "type": "overflow", "device": "node-6-overflow", "metadata": {"count": 3, "window_sec": 30}}
{"timestamp": 1779139530, "type": "safe_tx", "device": "node-2-clean", "metadata": {}}
{"timestamp": 1779139530, "type": "fuzzing", "device": "node-10-fuzzer", "metadata": {}}
{"timestamp": 1779139531, "type": "overflow", "device": "node-14-mixed", "metadata": {"count": 3, "window_sec": 30}}
{"timestamp": 1779139531, "type": "safe_tx", "device": "node-8-spammer", "metadata": {}}
{"timestamp": 1779139531, "type": "safe_tx", "device": "node-8-spammer", "metadata": {}}
{"timestamp": 1779139531, "type": "safe_tx", "device": "node-8-spammer", "metadata": {}}
{"timestamp": 1779139531, "type": "safe_tx", "device": "node-4-clean", "metadata": {}}
{"timestamp": 1779139531, "type": "safe_tx", "device": "node-1-clean", "metadata": {}}
{"timestamp": 1779139532, "type": "safe_tx", "device": "node-12-mixed", "metadata": {}}
{"timestamp": 1779139532, "type": "fuzzing", "device": "node-10-fuzzer", "metadata": {}}
{"timestamp": 1779139532, "type": "overflow", "device": "node-13-mixed", "metadata": {"count": 3, "window_sec": 30}}
{"timestamp": 1779139532, "type": "safe_tx", "device": "node-9-stealth", "metadata": {}}
{"timestamp": 1779139532, "type": "safe_tx", "device": "node-5-clean", "metadata": {}}
{"timestamp": 1779139533, "type": "safe_tx", "device": "node-9-stealth", "metadata": {}}
{"timestamp": 1779139533, "type": "safe_tx", "device": "node-3-clean", "metadata": {}}
{"timestamp": 1779139534, "type": "time_anomaly", "device": "node-15-mixed", "metadata": {}}
{"timestamp": 1779139533, "type": "safe_tx", "device": "node-8-spammer", "metadata": {}}
{"timestamp": 1779139533, "type": "safe_tx", "device": "node-8-spammer", "metadata": {}}
{"timestamp": 1779139533, "type": "safe_tx", "device": "node-8-spammer", "metadata": {}}
{"timestamp": 1779139533, "type": "safe_tx", "device": "node-8-spammer", "metadata": {}}
{"timestamp": 1779139533, "type": "safe_tx", "device": "node-8-spammer", "metadata": {}}
{"timestamp": 1779139533, "type": "safe_tx", "device": "node-8-spammer", "metadata": {}}
{"timestamp": 1779139533, "type": "safe_tx", "device": "node-2-clean", "metadata": {}}
{"timestamp": 1779139533, "type": "safe_tx", "device": "node-8-spammer", "metadata": {}}
{"timestamp": 1779139533, "type": "safe_tx", "device": "node-8-spammer", "metadata": {}}
{"timestamp": 1779139533, "type": "safe_tx", "device": "node-8-spammer", "metadata": {}}
{"timestamp": 1779139533, "type": "safe_tx", "device": "node-8-spammer", "metadata": {}}
{"timestamp": 1779139533, "type": "dos_spam", "device": "node-8-spammer", "metadata": {"count": 30, "window_sec": 5}}
{"timestamp": 1779139533, "type": "safe_tx", "device": "node-8-spammer", "metadata": {}}
{"timestamp": 1779139533, "type": "safe_tx", "device": "node-8-spammer", "metadata": {}}
{"timestamp": 1779139533, "type": "dos_spam", "device": "node-8-spammer", "metadata": {}}
{"timestamp": 1779139533, "type": "safe_tx", "device": "node-8-spammer", "metadata": {}}
{"timestamp": 1779139533, "type": "safe_tx", "device": "node-4-clean", "metadata": {}}
{"timestamp": 1779139533, "type": "safe_tx", "device": "node-8-spammer", "metadata": {}}
{"timestamp": 1779139533, "type": "safe_tx", "device": "node-8-spammer", "metadata": {}}
{"timestamp": 1779139533, "type": "safe_tx", "device": "node-8-spammer", "metadata": {}}
{"timestamp": 1779139533, "type": "safe_tx", "device": "node-8-spammer", "metadata": {}}
{"timestamp": 1779139533, "type": "safe_tx", "device": "node-8-spammer", "metadata": {}}
{"timestamp": 1779139533, "type": "safe_tx", "device": "node-14-mixed", "metadata": {}}
{"timestamp": 1779139533, "type": "safe_tx", "device": "node-8-spammer", "metadata": {}}
{"timestamp": 1779139533, "type": "safe_tx", "device": "node-8-spammer", "metadata": {}}
{"timestamp": 1779139533, "type": "safe_tx", "device": "node-12-mixed", "metadata": {}}
{"timestamp": 1779139533, "type": "safe_tx", "device": "node-8-spammer", "metadata": {}}
{"timestamp": 1779139534, "type": "safe_tx", "device": "node-8-spammer", "metadata": {}}
{"timestamp": 1779139534, "type": "safe_tx", "device": "node-2-clean", "metadata": {}}
{"timestamp": 1779139534, "type": "safe_tx", "device": "node-10-fuzzer", "metadata": {}}
{"timestamp": 1779139534, "type": "safe_tx", "device": "node-5-clean", "metadata": {}}
{"timestamp": 1779139535, "type": "time_anomaly", "device": "node-7-timespoof", "metadata": {}}
{"timestamp": 1779139534, "type": "safe_tx", "device": "node-8-spammer", "metadata": {}}
{"timestamp": 1779139534, "type": "safe_tx", "device": "node-8-spammer", "metadata": {}}
{"timestamp": 1779139534, "type": "safe_tx", "device": "node-8-spammer", "metadata": {}}
{"timestamp": 1779139534, "type": "safe_tx", "device": "node-13-mixed", "metadata": {}}
{"timestamp": 1779139534, "type": "safe_tx", "device": "node-8-spammer", "metadata": {}}
{"timestamp": 1779139534, "type": "safe_tx", "device": "node-5-clean", "metadata": {}}
{"timestamp": 1779139535, "type": "safe_tx", "device": "node-4-clean", "metadata": {}}
{"timestamp": 1779139535, "type": "safe_tx", "device": "node-9-stealth", "metadata": {}}
{"timestamp": 1779139535, "type": "safe_tx", "device": "node-3-clean", "metadata": {}}
{"timestamp": 1779139535, "type": "safe_tx", "device": "node-8-spammer", "metadata": {}}
{"timestamp": 1779139535, "type": "dos_spam", "device": "node-8-spammer", "metadata": {}}
{"timestamp": 1779139535, "type": "safe_tx", "device": "node-8-spammer", "metadata": {}}
{"timestamp": 1779139535, "type": "safe_tx", "device": "node-15-mixed", "metadata": {}}
{"timestamp": 1779139535, "type": "safe_tx", "device": "node-13-mixed", "metadata": {}}
{"timestamp": 1779139536, "type": "safe_tx", "device": "node-10-fuzzer", "metadata": {}}
{"timestamp": 1779139536, "type": "safe_tx", "device": "node-8-spammer", "metadata": {}}
{"timestamp": 1779139536, "type": "safe_tx", "device": "node-8-spammer", "metadata": {}}
{"timestamp": 1779139537, "type": "safe_tx", "device": "node-1-clean", "metadata": {}}
{"timestamp": 1779139537, "type": "safe_tx", "device": "node-12-mixed", "metadata": {}}
{"timestamp": 1779139537, "type": "safe_tx", "device": "node-14-mixed", "metadata": {}}
{"timestamp": 1779139537, "type": "safe_tx", "device": "node-3-clean", "metadata": {}}
{"timestamp": 1779139537, "type": "safe_tx", "device": "node-9-stealth", "metadata": {}}
{"timestamp": 1779139538, "type": "safe_tx", "device": "node-8-spammer", "metadata": {}}
{"timestamp": 1779139538, "type": "safe_tx", "device": "node-13-mixed", "metadata": {}}
{"timestamp": 1779139538, "type": "safe_tx", "device": "node-12-mixed", "metadata": {}}
{"timestamp": 1779139538, "type": "safe_tx", "device": "node-2-clean", "metadata": {}}
{"timestamp": 1779139538, "type": "safe_tx", "device": "node-5-clean", "metadata": {}}
{"timestamp": 1779139538, "type": "safe_tx", "device": "node-10-fuzzer", "metadata": {}}
{"timestamp": 1779139538, "type": "safe_tx", "device": "node-15-mixed", "metadata": {}}
{"timestamp": 1779139539, "type": "safe_tx", "device": "node-5-clean", "metadata": {}}
{"timestamp": 1779139539, "type": "safe_tx", "device": "node-8-spammer", "metadata": {}}
{"timestamp": 1779139539, "type": "safe_tx", "device": "node-8-spammer", "metadata": {}}
{"timestamp": 1779139539, "type": "safe_tx", "device": "node-8-spammer", "metadata": {}}
{"timestamp": 1779139539, "type": "safe_tx", "device": "node-9-stealth", "metadata": {}}
{"timestamp": 1779139539, "type": "safe_tx", "device": "node-8-spammer", "metadata": {}}
{"timestamp": 1779139539, "type": "safe_tx", "device": "node-8-spammer", "metadata": {}}
{"timestamp": 1779139539, "type": "safe_tx", "device": "node-8-spammer", "metadata": {}}
{"timestamp": 1779139539, "type": "safe_tx", "device": "node-8-spammer", "metadata": {}}
{"timestamp": 1779139539, "type": "safe_tx", "device": "node-8-spammer", "metadata": {}}
{"timestamp": 1779139539, "type": "safe_tx", "device": "node-1-clean", "metadata": {}}
{"timestamp": 1779139540, "type": "time_anomaly", "device": "node-7-timespoof", "metadata": {}}
{"timestamp": 1779139539, "type": "overflow", "device": "node-10-fuzzer", "metadata": {"count": 3, "window_sec": 30}}
{"timestamp": 1779139539, "type": "overflow", "device": "node-9-stealth", "metadata": {"count": 3, "window_sec": 30}}
{"timestamp": 1779139540, "type": "safe_tx", "device": "node-14-mixed", "metadata": {}}
{"timestamp": 1779139540, "type": "safe_tx", "device": "node-13-mixed", "metadata": {}}
{"timestamp": 1779139540, "type": "safe_tx", "device": "node-4-clean", "metadata": {}}
{"timestamp": 1779139540, "type": "safe_tx", "device": "node-8-spammer", "metadata": {}}
{"timestamp": 1779139540, "type": "safe_tx", "device": "node-8-spammer", "metadata": {}}
{"timestamp": 1779139540, "type": "safe_tx", "device": "node-8-spammer", "metadata": {}}
{"timestamp": 1779139540, "type": "safe_tx", "device": "node-8-spammer", "metadata": {}}
{"timestamp": 1779139540, "type": "safe_tx", "device": "node-8-spammer", "metadata": {}}
{"timestamp": 1779139540, "type": "safe_tx", "device": "node-8-spammer", "metadata": {}}
{"timestamp": 1779139540, "type": "dos_spam", "device": "node-8-spammer", "metadata": {}}
{"timestamp": 1779139540, "type": "safe_tx", "device": "node-8-spammer", "metadata": {}}
{"timestamp": 1779139540, "type": "safe_tx", "device": "node-12-mixed", "metadata": {}}
{"timestamp": 1779139540, "type": "safe_tx", "device": "node-3-clean", "metadata": {}}
{"timestamp": 1779139541, "type": "safe_tx", "device": "node-15-mixed", "metadata": {}}
{"timestamp": 1779139541, "type": "fuzzing", "device": "node-10-fuzzer", "metadata": {}}
{"timestamp": 1779139541, "type": "safe_tx", "device": "node-13-mixed", "metadata": {}}
{"timestamp": 1779139541, "type": "overflow", "device": "node-15-mixed", "metadata": {"count": 3, "window_sec": 30}}
{"timestamp": 1779139541, "type": "safe_tx", "device": "node-5-clean", "metadata": {}}
{"timestamp": 1779139541, "type": "safe_tx", "device": "node-10-fuzzer", "metadata": {}}
{"timestamp": 1779139541, "type": "overflow", "device": "node-6-overflow", "metadata": {"count": 3, "window_sec": 30}}
{"timestamp": 1779139542, "type": "safe_tx", "device": "node-13-mixed", "metadata": {}}
{"timestamp": 1779139542, "type": "safe_tx", "device": "node-2-clean", "metadata": {}}
{"timestamp": 1779139542, "type": "safe_tx", "device": "node-9-stealth", "metadata": {}}
{"timestamp": 1779139542, "type": "safe_tx", "device": "node-1-clean", "metadata": {}}
{"timestamp": 1779139543, "type": "time_anomaly", "device": "node-12-mixed", "metadata": {}}
{"timestamp": 1779139543, "type": "safe_tx", "device": "node-8-spammer", "metadata": {}}
{"timestamp": 1779139543, "type": "safe_tx", "device": "node-8-spammer", "metadata": {}}
{"timestamp": 1779139543, "type": "safe_tx", "device": "node-8-spammer", "metadata": {}}
{"timestamp": 1779139543, "type": "safe_tx", "device": "node-8-spammer", "metadata": {}}
{"timestamp": 1779139543, "type": "safe_tx", "device": "node-8-spammer", "metadata": {}}
{"timestamp": 1779139543, "type": "safe_tx", "device": "node-8-spammer", "metadata": {}}
{"timestamp": 1779139543, "type": "safe_tx", "device": "node-8-spammer", "metadata": {}}
{"timestamp": 1779139543, "type": "fuzzing", "device": "node-10-fuzzer", "metadata": {}}
{"timestamp": 1779139543, "type": "safe_tx", "device": "node-8-spammer", "metadata": {}}
{"timestamp": 1779139543, "type": "safe_tx", "device": "node-8-spammer", "metadata": {}}
{"timestamp": 1779139543, "type": "safe_tx", "device": "node-13-mixed", "metadata": {}}
{"timestamp": 1779139543, "type": "safe_tx", "device": "node-8-spammer", "metadata": {}}
{"timestamp": 1779139543, "type": "safe_tx", "device": "node-8-spammer", "metadata": {}}
{"timestamp": 1779139543, "type": "safe_tx", "device": "node-8-spammer", "metadata": {}}
{"timestamp": 1779139543, "type": "safe_tx", "device": "node-8-spammer", "metadata": {}}
{"timestamp": 1779139544, "type": "time_anomaly", "device": "node-12-mixed", "metadata": {}}
{"timestamp": 1779139543, "type": "safe_tx", "device": "node-10-fuzzer", "metadata": {}}
{"timestamp": 1779139544, "type": "safe_tx", "device": "node-4-clean", "metadata": {}}
{"timestamp": 1779139544, "type": "safe_tx", "device": "node-14-mixed", "metadata": {}}
{"timestamp": 1779139544, "type": "safe_tx", "device": "node-9-stealth", "metadata": {}}
{"timestamp": 1779139544, "type": "safe_tx", "device": "node-8-spammer", "metadata": {}}
{"timestamp": 1779139544, "type": "safe_tx", "device": "node-1-clean", "metadata": {}}
{"timestamp": 1779139544, "type": "safe_tx", "device": "node-11-pulsing", "metadata": {}}
{"timestamp": 1779139545, "type": "time_anomaly", "device": "node-7-timespoof", "metadata": {}}
{"timestamp": 1779139544, "type": "safe_tx", "device": "node-11-pulsing", "metadata": {}}
{"timestamp": 1779139545, "type": "time_anomaly", "device": "node-15-mixed", "metadata": {}}
{"timestamp": 1779139544, "type": "safe_tx", "device": "node-11-pulsing", "metadata": {}}
{"timestamp": 1779139545, "type": "safe_tx", "device": "node-11-pulsing", "metadata": {}}
{"timestamp": 1779139545, "type": "safe_tx", "device": "node-11-pulsing", "metadata": {}}
{"timestamp": 1779139545, "type": "safe_tx", "device": "node-11-pulsing", "metadata": {}}
{"timestamp": 1779139545, "type": "safe_tx", "device": "node-11-pulsing", "metadata": {}}
{"timestamp": 1779139545, "type": "safe_tx", "device": "node-5-clean", "metadata": {}}
{"timestamp": 1779139545, "type": "safe_tx", "device": "node-4-clean", "metadata": {}}
{"timestamp": 1779139545, "type": "safe_tx", "device": "node-11-pulsing", "metadata": {}}
{"timestamp": 1779139545, "type": "safe_tx", "device": "node-14-mixed", "metadata": {}}
{"timestamp": 1779139545, "type": "safe_tx", "device": "node-11-pulsing", "metadata": {}}
{"timestamp": 1779139545, "type": "safe_tx", "device": "node-11-pulsing", "metadata": {}}
{"timestamp": 1779139545, "type": "safe_tx", "device": "node-11-pulsing", "metadata": {}}
{"timestamp": 1779139545, "type": "safe_tx", "device": "node-8-spammer", "metadata": {}}
{"timestamp": 1779139545, "type": "dos_spam", "device": "node-8-spammer", "metadata": {}}
{"timestamp": 1779139545, "type": "safe_tx", "device": "node-11-pulsing", "metadata": {}}
{"timestamp": 1779139545, "type": "safe_tx", "device": "node-8-spammer", "metadata": {}}
{"timestamp": 1779139545, "type": "safe_tx", "device": "node-3-clean", "metadata": {}}
{"timestamp": 1779139545, "type": "safe_tx", "device": "node-8-spammer", "metadata": {}}
{"timestamp": 1779139545, "type": "safe_tx", "device": "node-8-spammer", "metadata": {}}
{"timestamp": 1779139545, "type": "safe_tx", "device": "node-11-pulsing", "metadata": {}}
{"timestamp": 1779139545, "type": "safe_tx", "device": "node-8-spammer", "metadata": {}}
{"timestamp": 1779139545, "type": "safe_tx", "device": "node-11-pulsing", "metadata": {}}
{"timestamp": 1779139545, "type": "safe_tx", "device": "node-8-spammer", "metadata": {}}
{"timestamp": 1779139545, "type": "safe_tx", "device": "node-11-pulsing", "metadata": {}}
{"timestamp": 1779139545, "type": "dos_spam", "device": "node-11-pulsing", "metadata": {}}
{"timestamp": 1779139545, "type": "safe_tx", "device": "node-8-spammer", "metadata": {}}
{"timestamp": 1779139545, "type": "safe_tx", "device": "node-11-pulsing", "metadata": {}}
{"timestamp": 1779139545, "type": "safe_tx", "device": "node-9-stealth", "metadata": {}}
{"timestamp": 1779139545, "type": "safe_tx", "device": "node-11-pulsing", "metadata": {}}
{"timestamp": 1779139545, "type": "safe_tx", "device": "node-11-pulsing", "metadata": {}}
{"timestamp": 1779139545, "type": "fuzzing", "device": "node-10-fuzzer", "metadata": {}}
{"timestamp": 1779139545, "type": "safe_tx", "device": "node-11-pulsing", "metadata": {}}
{"timestamp": 1779139545, "type": "safe_tx", "device": "node-11-pulsing", "metadata": {}}
{"timestamp": 1779139546, "type": "safe_tx", "device": "node-2-clean", "metadata": {}}
{"timestamp": 1779139546, "type": "safe_tx", "device": "node-13-mixed", "metadata": {}}
{"timestamp": 1779139546, "type": "safe_tx", "device": "node-15-mixed", "metadata": {}}
{"timestamp": 1779139546, "type": "safe_tx", "device": "node-1-clean", "metadata": {}}
{"timestamp": 1779139546, "type": "safe_tx", "device": "node-15-mixed", "metadata": {}}
{"timestamp": 1779139546, "type": "safe_tx", "device": "node-3-clean", "metadata": {}}
{"timestamp": 1779139547, "type": "safe_tx", "device": "node-12-mixed", "metadata": {}}
{"timestamp": 1779139547, "type": "safe_tx", "device": "node-8-spammer", "metadata": {}}
{"timestamp": 1779139547, "type": "safe_tx", "device": "node-8-spammer", "metadata": {}}
{"timestamp": 1779139547, "type": "safe_tx", "device": "node-8-spammer", "metadata": {}}
{"timestamp": 1779139547, "type": "safe_tx", "device": "node-8-spammer", "metadata": {}}
{"timestamp": 1779139547, "type": "safe_tx", "device": "node-8-spammer", "metadata": {}}
{"timestamp": 1779139547, "type": "safe_tx", "device": "node-8-spammer", "metadata": {}}
{"timestamp": 1779139547, "type": "safe_tx", "device": "node-8-spammer", "metadata": {}}
{"timestamp": 1779139547, "type": "safe_tx", "device": "node-8-spammer", "metadata": {}}
{"timestamp": 1779139547, "type": "safe_tx", "device": "node-8-spammer", "metadata": {}}
{"timestamp": 1779139547, "type": "dos_spam", "device": "node-8-spammer", "metadata": {"count": 30, "window_sec": 5}}
{"timestamp": 1779139547, "type": "dos_spam", "device": "node-8-spammer", "metadata": {}}
{"timestamp": 1779139547, "type": "safe_tx", "device": "node-8-spammer", "metadata": {}}
{"timestamp": 1779139547, "type": "safe_tx", "device": "node-8-spammer", "metadata": {}}
{"timestamp": 1779139547, "type": "safe_tx", "device": "node-10-fuzzer", "metadata": {}}
{"timestamp": 1779139547, "type": "safe_tx", "device": "node-3-clean", "metadata": {}}
{"timestamp": 1779139547, "type": "safe_tx", "device": "node-15-mixed", "metadata": {}}
{"timestamp": 1779139547, "type": "safe_tx", "device": "node-4-clean", "metadata": {}}
{"timestamp": 1779139548, "type": "safe_tx", "device": "node-1-clean", "metadata": {}}
{"timestamp": 1779139548, "type": "safe_tx", "device": "node-15-mixed", "metadata": {}}
{"timestamp": 1779139548, "type": "safe_tx", "device": "node-2-clean", "metadata": {}}
{"timestamp": 1779139548, "type": "safe_tx", "device": "node-4-clean", "metadata": {}}
{"timestamp": 1779139548, "type": "fuzzing", "device": "node-10-fuzzer", "metadata": {}}
{"timestamp": 1779139548, "type": "safe_tx", "device": "node-8-spammer", "metadata": {}}
{"timestamp": 1779139548, "type": "safe_tx", "device": "node-8-spammer", "metadata": {}}
{"timestamp": 1779139548, "type": "safe_tx", "device": "node-5-clean", "metadata": {}}
{"timestamp": 1779139549, "type": "safe_tx", "device": "node-9-stealth", "metadata": {}}
{"timestamp": 1779139549, "type": "safe_tx", "device": "node-2-clean", "metadata": {}}
{"timestamp": 1779139549, "type": "safe_tx", "device": "node-3-clean", "metadata": {}}
{"timestamp": 1779139549, "type": "safe_tx", "device": "node-12-mixed", "metadata": {}}
{"timestamp": 1779139550, "type": "time_anomaly", "device": "node-7-timespoof", "metadata": {}}
{"timestamp": 1779139550, "type": "time_anomaly", "device": "node-13-mixed", "metadata": {}}
{"timestamp": 1779139550, "type": "time_anomaly", "device": "node-14-mixed", "metadata": {}}
{"timestamp": 1779139549, "type": "safe_tx", "device": "node-4-clean", "metadata": {}}
{"timestamp": 1779139549, "type": "safe_tx", "device": "node-10-fuzzer", "metadata": {}}
{"timestamp": 1779139550, "type": "safe_tx", "device": "node-2-clean", "metadata": {}}
{"timestamp": 1779139550, "type": "safe_tx", "device": "node-8-spammer", "metadata": {}}
{"timestamp": 1779139550, "type": "safe_tx", "device": "node-8-spammer", "metadata": {}}
{"timestamp": 1779139550, "type": "safe_tx", "device": "node-8-spammer", "metadata": {}}
{"timestamp": 1779139550, "type": "safe_tx", "device": "node-8-spammer", "metadata": {}}
{"timestamp": 1779139550, "type": "safe_tx", "device": "node-8-spammer", "metadata": {}}
{"timestamp": 1779139550, "type": "safe_tx", "device": "node-8-spammer", "metadata": {}}
{"timestamp": 1779139550, "type": "safe_tx", "device": "node-8-spammer", "metadata": {}}
{"timestamp": 1779139550, "type": "safe_tx", "device": "node-8-spammer", "metadata": {}}
{"timestamp": 1779139550, "type": "safe_tx", "device": "node-8-spammer", "metadata": {}}
{"timestamp": 1779139550, "type": "safe_tx", "device": "node-4-clean", "metadata": {}}
{"timestamp": 1779139551, "type": "safe_tx", "device": "node-8-spammer", "metadata": {}}
{"timestamp": 1779139551, "type": "safe_tx", "device": "node-9-stealth", "metadata": {}}
{"timestamp": 1779139551, "type": "safe_tx", "device": "node-8-spammer", "metadata": {}}
{"timestamp": 1779139551, "type": "safe_tx", "device": "node-8-spammer", "metadata": {}}
{"timestamp": 1779139551, "type": "safe_tx", "device": "node-1-clean", "metadata": {}}
{"timestamp": 1779139551, "type": "safe_tx", "device": "node-3-clean", "metadata": {}}
{"timestamp": 1779139551, "type": "safe_tx", "device": "node-8-spammer", "metadata": {}}
{"timestamp": 1779139551, "type": "safe_tx", "device": "node-4-clean", "metadata": {}}
{"timestamp": 1779139552, "type": "time_anomaly", "device": "node-7-timespoof", "metadata": {}}
{"timestamp": 1779139552, "type": "safe_tx", "device": "node-1-clean", "metadata": {}}
{"timestamp": 1779139552, "type": "safe_tx", "device": "node-5-clean", "metadata": {}}
{"timestamp": 1779139553, "type": "time_anomaly", "device": "node-13-mixed", "metadata": {}}
{"timestamp": 1779139552, "type": "safe_tx", "device": "node-12-mixed", "metadata": {}}
{"timestamp": 1779139552, "type": "safe_tx", "device": "node-8-spammer", "metadata": {}}
{"timestamp": 1779139552, "type": "safe_tx", "device": "node-8-spammer", "metadata": {}}
{"timestamp": 1779139552, "type": "dos_spam", "device": "node-8-spammer", "metadata": {}}
{"timestamp": 1779139552, "type": "safe_tx", "device": "node-8-spammer", "metadata": {}}
{"timestamp": 1779139552, "type": "safe_tx", "device": "node-8-spammer", "metadata": {}}
{"timestamp": 1779139552, "type": "safe_tx", "device": "node-8-spammer", "metadata": {}}
{"timestamp": 1779139552, "type": "safe_tx", "device": "node-3-clean", "metadata": {}}
{"timestamp": 1779139553, "type": "overflow", "device": "node-6-overflow", "metadata": {"count": 3, "window_sec": 30}}
{"timestamp": 1779139553, "type": "safe_tx", "device": "node-9-stealth", "metadata": {}}
{"timestamp": 1779139553, "type": "safe_tx", "device": "node-8-spammer", "metadata": {}}
{"timestamp": 1779139553, "type": "safe_tx", "device": "node-9-stealth", "metadata": {}}
{"timestamp": 1779139553, "type": "safe_tx", "device": "node-8-spammer", "metadata": {}}
{"timestamp": 1779139553, "type": "safe_tx", "device": "node-8-spammer", "metadata": {}}
{"timestamp": 1779139553, "type": "safe_tx", "device": "node-8-spammer", "metadata": {}}
{"timestamp": 1779139554, "type": "safe_tx", "device": "node-8-spammer", "metadata": {}}
{"timestamp": 1779139554, "type": "safe_tx", "device": "node-14-mixed", "metadata": {}}
{"timestamp": 1779139554, "type": "safe_tx", "device": "node-2-clean", "metadata": {}}
{"timestamp": 1779139554, "type": "safe_tx", "device": "node-8-spammer", "metadata": {}}
{"timestamp": 1779139554, "type": "safe_tx", "device": "node-8-spammer", "metadata": {}}
{"timestamp": 1779139554, "type": "safe_tx", "device": "node-8-spammer", "metadata": {}}
{"timestamp": 1779139554, "type": "safe_tx", "device": "node-8-spammer", "metadata": {}}
{"timestamp": 1779139554, "type": "safe_tx", "device": "node-8-spammer", "metadata": {}}
{"timestamp": 1779139554, "type": "safe_tx", "device": "node-8-spammer", "metadata": {}}
{"timestamp": 1779139554, "type": "safe_tx", "device": "node-8-spammer", "metadata": {}}
{"timestamp": 1779139554, "type": "dos_spam", "device": "node-8-spammer", "metadata": {"count": 30, "window_sec": 5}}
{"timestamp": 1779139554, "type": "dos_spam", "device": "node-8-spammer", "metadata": {}}
{"timestamp": 1779139554, "type": "safe_tx", "device": "node-8-spammer", "metadata": {}}
{"timestamp": 1779139554, "type": "overflow", "device": "node-10-fuzzer", "metadata": {"count": 3, "window_sec": 30}}
{"timestamp": 1779139554, "type": "safe_tx", "device": "node-5-clean", "metadata": {}}
{"timestamp": 1779139555, "type": "time_anomaly", "device": "node-15-mixed", "metadata": {}}
{"timestamp": 1779139554, "type": "safe_tx", "device": "node-4-clean", "metadata": {}}
{"timestamp": 1779139554, "type": "safe_tx", "device": "node-12-mixed", "metadata": {}}
{"timestamp": 1779139556, "type": "time_anomaly", "device": "node-7-timespoof", "metadata": {}}
{"timestamp": 1779139555, "type": "safe_tx", "device": "node-13-mixed", "metadata": {}}
{"timestamp": 1779139555, "type": "safe_tx", "device": "node-8-spammer", "metadata": {}}
{"timestamp": 1779139555, "type": "safe_tx", "device": "node-8-spammer", "metadata": {}}
{"timestamp": 1779139555, "type": "safe_tx", "device": "node-8-spammer", "metadata": {}}
{"timestamp": 1779139555, "type": "safe_tx", "device": "node-8-spammer", "metadata": {}}
{"timestamp": 1779139555, "type": "safe_tx", "device": "node-8-spammer", "metadata": {}}
{"timestamp": 1779139555, "type": "safe_tx", "device": "node-8-spammer", "metadata": {}}
{"timestamp": 1779139555, "type": "safe_tx", "device": "node-8-spammer", "metadata": {}}
{"timestamp": 1779139556, "type": "time_anomaly", "device": "node-14-mixed", "metadata": {}}
{"timestamp": 1779139555, "type": "fuzzing", "device": "node-10-fuzzer", "metadata": {}}
{"timestamp": 1779139555, "type": "safe_tx", "device": "node-1-clean", "metadata": {}}
{"timestamp": 1779139556, "type": "safe_tx", "device": "node-5-clean", "metadata": {}}
{"timestamp": 1779139556, "type": "safe_tx", "device": "node-3-clean", "metadata": {}}
{"timestamp": 1779139556, "type": "time_anomaly", "device": "node-13-mixed", "metadata": {}}
{"timestamp": 1779139556, "type": "safe_tx", "device": "node-5-clean", "metadata": {}}
{"timestamp": 1779139556, "type": "safe_tx", "device": "node-8-spammer", "metadata": {}}
{"timestamp": 1779139556, "type": "safe_tx", "device": "node-8-spammer", "metadata": {}}
{"timestamp": 1779139556, "type": "safe_tx", "device": "node-8-spammer", "metadata": {}}
{"timestamp": 1779139556, "type": "safe_tx", "device": "node-8-spammer", "metadata": {}}
{"timestamp": 1779139556, "type": "safe_tx", "device": "node-8-spammer", "metadata": {}}
{"timestamp": 1779139556, "type": "safe_tx", "device": "node-8-spammer", "metadata": {}}
{"timestamp": 1779139556, "type": "safe_tx", "device": "node-8-spammer", "metadata": {}}
{"timestamp": 1779139556, "type": "dos_spam", "device": "node-8-spammer", "metadata": {}}
{"timestamp": 1779139557, "type": "safe_tx", "device": "node-8-spammer", "metadata": {}}
{"timestamp": 1779139557, "type": "safe_tx", "device": "node-8-spammer", "metadata": {}}
{"timestamp": 1779139557, "type": "safe_tx", "device": "node-8-spammer", "metadata": {}}
{"timestamp": 1779139557, "type": "safe_tx", "device": "node-8-spammer", "metadata": {}}
{"timestamp": 1779139557, "type": "safe_tx", "device": "node-8-spammer", "metadata": {}}
{"timestamp": 1779139557, "type": "safe_tx", "device": "node-8-spammer", "metadata": {}}
{"timestamp": 1779139557, "type": "safe_tx", "device": "node-9-stealth", "metadata": {}}
{"timestamp": 1779139557, "type": "safe_tx", "device": "node-4-clean", "metadata": {}}
{"timestamp": 1779139557, "type": "safe_tx", "device": "node-1-clean", "metadata": {}}
{"timestamp": 1779139557, "type": "safe_tx", "device": "node-9-stealth", "metadata": {}}
{"timestamp": 1779139557, "type": "safe_tx", "device": "node-2-clean", "metadata": {}}
{"timestamp": 1779139558, "type": "safe_tx", "device": "node-8-spammer", "metadata": {}}
{"timestamp": 1779139558, "type": "safe_tx", "device": "node-8-spammer", "metadata": {}}
{"timestamp": 1779139558, "type": "safe_tx", "device": "node-8-spammer", "metadata": {}}
{"timestamp": 1779139558, "type": "safe_tx", "device": "node-8-spammer", "metadata": {}}
{"timestamp": 1779139558, "type": "safe_tx", "device": "node-1-clean", "metadata": {}}
{"timestamp": 1779139558, "type": "safe_tx", "device": "node-8-spammer", "metadata": {}}
{"timestamp": 1779139558, "type": "safe_tx", "device": "node-8-spammer", "metadata": {}}
{"timestamp": 1779139558, "type": "safe_tx", "device": "node-8-spammer", "metadata": {}}
{"timestamp": 1779139558, "type": "safe_tx", "device": "node-8-spammer", "metadata": {}}
{"timestamp": 1779139558, "type": "safe_tx", "device": "node-3-clean", "metadata": {}}
{"timestamp": 1779139558, "type": "safe_tx", "device": "node-8-spammer", "metadata": {}}
{"timestamp": 1779139558, "type": "dos_spam", "device": "node-8-spammer", "metadata": {"count": 30, "window_sec": 5}}
{"timestamp": 1779139558, "type": "dos_spam", "device": "node-8-spammer", "metadata": {}}
{"timestamp": 1779139558, "type": "safe_tx", "device": "node-8-spammer", "metadata": {}}
{"timestamp": 1779139558, "type": "safe_tx", "device": "node-8-spammer", "metadata": {}}
{"timestamp": 1779139558, "type": "safe_tx", "device": "node-8-spammer", "metadata": {}}
{"timestamp": 1779139558, "type": "safe_tx", "device": "node-8-spammer", "metadata": {}}
{"timestamp": 1779139558, "type": "safe_tx", "device": "node-8-spammer", "metadata": {}}
{"timestamp": 1779139558, "type": "safe_tx", "device": "node-8-spammer", "metadata": {}}
{"timestamp": 1779139558, "type": "safe_tx", "device": "node-8-spammer", "metadata": {}}
{"timestamp": 1779139558, "type": "safe_tx", "device": "node-8-spammer", "metadata": {}}
{"timestamp": 1779139558, "type": "safe_tx", "device": "node-8-spammer", "metadata": {}}
{"timestamp": 1779139558, "type": "safe_tx", "device": "node-12-mixed", "metadata": {}}
{"timestamp": 1779139558, "type": "fuzzing", "device": "node-10-fuzzer", "metadata": {}}
{"timestamp": 1779139558, "type": "safe_tx", "device": "node-14-mixed", "metadata": {}}
{"timestamp": 1779139558, "type": "safe_tx", "device": "node-12-mixed", "metadata": {}}
{"timestamp": 1779139559, "type": "safe_tx", "device": "node-9-stealth", "metadata": {}}
{"timestamp": 1779139559, "type": "safe_tx", "device": "node-13-mixed", "metadata": {}}
{"timestamp": 1779139559, "type": "safe_tx", "device": "node-8-spammer", "metadata": {}}
{"timestamp": 1779139559, "type": "safe_tx", "device": "node-8-spammer", "metadata": {}}
{"timestamp": 1779139559, "type": "safe_tx", "device": "node-8-spammer", "metadata": {}}
{"timestamp": 1779139559, "type": "safe_tx", "device": "node-4-clean", "metadata": {}}
{"timestamp": 1779139559, "type": "safe_tx", "device": "node-8-spammer", "metadata": {}}
{"timestamp": 1779139559, "type": "safe_tx", "device": "node-3-clean", "metadata": {}}
{"timestamp": 1779139559, "type": "safe_tx", "device": "node-8-spammer", "metadata": {}}
{"timestamp": 1779139560, "type": "time_anomaly", "device": "node-12-mixed", "metadata": {}}
{"timestamp": 1779139559, "type": "safe_tx", "device": "node-8-spammer", "metadata": {}}
{"timestamp": 1779139559, "type": "dos_spam", "device": "node-8-spammer", "metadata": {}}
{"timestamp": 1779139559, "type": "safe_tx", "device": "node-8-spammer", "metadata": {}}
{"timestamp": 1779139559, "type": "safe_tx", "device": "node-8-spammer", "metadata": {}}
{"timestamp": 1779139559, "type": "safe_tx", "device": "node-8-spammer", "metadata": {}}
{"timestamp": 1779139559, "type": "safe_tx", "device": "node-8-spammer", "metadata": {}}
{"timestamp": 1779139559, "type": "safe_tx", "device": "node-8-spammer", "metadata": {}}
{"timestamp": 1779139559, "type": "safe_tx", "device": "node-8-spammer", "metadata": {}}
{"timestamp": 1779139559, "type": "safe_tx", "device": "node-8-spammer", "metadata": {}}
{"timestamp": 1779139559, "type": "safe_tx", "device": "node-8-spammer", "metadata": {}}
{"timestamp": 1779139560, "type": "safe_tx", "device": "node-8-spammer", "metadata": {}}
{"timestamp": 1779139561, "type": "time_anomaly", "device": "node-7-timespoof", "metadata": {}}
{"timestamp": 1779139560, "type": "safe_tx", "device": "node-15-mixed", "metadata": {}}
{"timestamp": 1779139560, "type": "safe_tx", "device": "node-5-clean", "metadata": {}}
{"timestamp": 1779139560, "type": "overflow", "device": "node-10-fuzzer", "metadata": {"count": 3, "window_sec": 30}}
{"timestamp": 1779139560, "type": "safe_tx", "device": "node-15-mixed", "metadata": {}}
{"timestamp": 1779139561, "type": "safe_tx", "device": "node-14-mixed", "metadata": {}}
{"timestamp": 1779139561, "type": "safe_tx", "device": "node-8-spammer", "metadata": {}}
{"timestamp": 1779139561, "type": "safe_tx", "device": "node-8-spammer", "metadata": {}}
{"timestamp": 1779139561, "type": "safe_tx", "device": "node-8-spammer", "metadata": {}}
{"timestamp": 1779139561, "type": "safe_tx", "device": "node-10-fuzzer", "metadata": {}}
{"timestamp": 1779139561, "type": "safe_tx", "device": "node-2-clean", "metadata": {}}
{"timestamp": 1779139561, "type": "safe_tx", "device": "node-3-clean", "metadata": {}}
{"timestamp": 1779139561, "type": "safe_tx", "device": "node-6-overflow", "metadata": {}}
{"timestamp": 1779139562, "type": "safe_tx", "device": "node-8-spammer", "metadata": {}}
{"timestamp": 1779139562, "type": "safe_tx", "device": "node-8-spammer", "metadata": {}}
{"timestamp": 1779139562, "type": "safe_tx", "device": "node-12-mixed", "metadata": {}}
{"timestamp": 1779139562, "type": "safe_tx", "device": "node-8-spammer", "metadata": {}}
{"timestamp": 1779139562, "type": "dos_spam", "device": "node-8-spammer", "metadata": {"count": 30, "window_sec": 5}}
{"timestamp": 1779139562, "type": "safe_tx", "device": "node-8-spammer", "metadata": {}}
{"timestamp": 1779139562, "type": "safe_tx", "device": "node-8-spammer", "metadata": {}}
{"timestamp": 1779139562, "type": "safe_tx", "device": "node-15-mixed", "metadata": {}}
{"timestamp": 1779139562, "type": "safe_tx", "device": "node-1-clean", "metadata": {}}
{"timestamp": 1779139562, "type": "safe_tx", "device": "node-9-stealth", "metadata": {}}
{"timestamp": 1779139563, "type": "overflow", "device": "node-6-overflow", "metadata": {"count": 3, "window_sec": 30}}
{"timestamp": 1779139563, "type": "safe_tx", "device": "node-4-clean", "metadata": {}}
{"timestamp": 1779139563, "type": "safe_tx", "device": "node-12-mixed", "metadata": {}}
{"timestamp": 1779139563, "type": "safe_tx", "device": "node-2-clean", "metadata": {}}
{"timestamp": 1779139563, "type": "safe_tx", "device": "node-13-mixed", "metadata": {}}
{"timestamp": 1779139563, "type": "safe_tx", "device": "node-9-stealth", "metadata": {}}
{"timestamp": 1779139563, "type": "safe_tx", "device": "node-8-spammer", "metadata": {}}
{"timestamp": 1779139563, "type": "safe_tx", "device": "node-8-spammer", "metadata": {}}
{"timestamp": 1779139563, "type": "safe_tx", "device": "node-3-clean", "metadata": {}}
{"timestamp": 1779139563, "type": "safe_tx", "device": "node-1-clean", "metadata": {}}
{"timestamp": 1779139564, "type": "time_anomaly", "device": "node-7-timespoof", "metadata": {}}
{"timestamp": 1779139564, "type": "safe_tx", "device": "node-10-fuzzer", "metadata": {}}
{"timestamp": 1779139564, "type": "safe_tx", "device": "node-8-spammer", "metadata": {}}
{"timestamp": 1779139564, "type": "safe_tx", "device": "node-8-spammer", "metadata": {}}
{"timestamp": 1779139564, "type": "safe_tx", "device": "node-8-spammer", "metadata": {}}
{"timestamp": 1779139564, "type": "safe_tx", "device": "node-8-spammer", "metadata": {}}
{"timestamp": 1779139564, "type": "safe_tx", "device": "node-8-spammer", "metadata": {}}
{"timestamp": 1779139564, "type": "safe_tx", "device": "node-1-clean", "metadata": {}}
{"timestamp": 1779139564, "type": "safe_tx", "device": "node-8-spammer", "metadata": {}}
{"timestamp": 1779139564, "type": "safe_tx", "device": "node-5-clean", "metadata": {}}
{"timestamp": 1779139564, "type": "safe_tx", "device": "node-4-clean", "metadata": {}}
{"timestamp": 1779139565, "type": "safe_tx", "device": "node-1-clean", "metadata": {}}
{"timestamp": 1779139565, "type": "safe_tx", "device": "node-5-clean", "metadata": {}}
{"timestamp": 1779139565, "type": "safe_tx", "device": "node-14-mixed", "metadata": {}}
{"timestamp": 1779139565, "type": "safe_tx", "device": "node-5-clean", "metadata": {}}
{"timestamp": 1779139565, "type": "safe_tx", "device": "node-13-mixed", "metadata": {}}
{"timestamp": 1779139565, "type": "overflow", "device": "node-9-stealth", "metadata": {"count": 3, "window_sec": 30}}
{"timestamp": 1779139566, "type": "safe_tx", "device": "node-8-spammer", "metadata": {}}
{"timestamp": 1779139566, "type": "safe_tx", "device": "node-5-clean", "metadata": {}}
{"timestamp": 1779139566, "type": "safe_tx", "device": "node-15-mixed", "metadata": {}}
{"timestamp": 1779139567, "type": "time_anomaly", "device": "node-7-timespoof", "metadata": {}}
{"timestamp": 1779139566, "type": "safe_tx", "device": "node-2-clean", "metadata": {}}
{"timestamp": 1779139567, "type": "safe_tx", "device": "node-10-fuzzer", "metadata": {}}
{"timestamp": 1779139567, "type": "safe_tx", "device": "node-8-spammer", "metadata": {}}
{"timestamp": 1779139567, "type": "safe_tx", "device": "node-8-spammer", "metadata": {}}
{"timestamp": 1779139567, "type": "safe_tx", "device": "node-8-spammer", "metadata": {}}
{"timestamp": 1779139567, "type": "safe_tx", "device": "node-8-spammer", "metadata": {}}
{"timestamp": 1779139567, "type": "safe_tx", "device": "node-12-mixed", "metadata": {}}
{"timestamp": 1779139568, "type": "time_anomaly", "device": "node-14-mixed", "metadata": {}}
{"timestamp": 1779139567, "type": "safe_tx", "device": "node-11-pulsing", "metadata": {}}
{"timestamp": 1779139567, "type": "safe_tx", "device": "node-11-pulsing", "metadata": {}}
{"timestamp": 1779139567, "type": "safe_tx", "device": "node-3-clean", "metadata": {}}
{"timestamp": 1779139567, "type": "safe_tx", "device": "node-11-pulsing", "metadata": {}}
{"timestamp": 1779139567, "type": "safe_tx", "device": "node-1-clean", "metadata": {}}
{"timestamp": 1779139567, "type": "safe_tx", "device": "node-11-pulsing", "metadata": {}}
{"timestamp": 1779139567, "type": "safe_tx", "device": "node-11-pulsing", "metadata": {}}
{"timestamp": 1779139567, "type": "safe_tx", "device": "node-11-pulsing", "metadata": {}}
{"timestamp": 1779139567, "type": "safe_tx", "device": "node-11-pulsing", "metadata": {}}
{"timestamp": 1779139568, "type": "safe_tx", "device": "node-11-pulsing", "metadata": {}}
{"timestamp": 1779139568, "type": "safe_tx", "device": "node-11-pulsing", "metadata": {}}
{"timestamp": 1779139568, "type": "safe_tx", "device": "node-11-pulsing", "metadata": {}}
{"timestamp": 1779139568, "type": "safe_tx", "device": "node-11-pulsing", "metadata": {}}
{"timestamp": 1779139568, "type": "safe_tx", "device": "node-11-pulsing", "metadata": {}}
{"timestamp": 1779139568, "type": "safe_tx", "device": "node-11-pulsing", "metadata": {}}
{"timestamp": 1779139568, "type": "safe_tx", "device": "node-11-pulsing", "metadata": {}}
{"timestamp": 1779139568, "type": "safe_tx", "device": "node-8-spammer", "metadata": {}}
{"timestamp": 1779139568, "type": "safe_tx", "device": "node-11-pulsing", "metadata": {}}
{"timestamp": 1779139568, "type": "dos_spam", "device": "node-11-pulsing", "metadata": {}}
{"timestamp": 1779139568, "type": "safe_tx", "device": "node-4-clean", "metadata": {}}
{"timestamp": 1779139568, "type": "safe_tx", "device": "node-8-spammer", "metadata": {}}
{"timestamp": 1779139568, "type": "safe_tx", "device": "node-11-pulsing", "metadata": {}}
{"timestamp": 1779139568, "type": "safe_tx", "device": "node-8-spammer", "metadata": {}}
{"timestamp": 1779139568, "type": "safe_tx", "device": "node-8-spammer", "metadata": {}}
{"timestamp": 1779139568, "type": "safe_tx", "device": "node-11-pulsing", "metadata": {}}
{"timestamp": 1779139568, "type": "safe_tx", "device": "node-8-spammer", "metadata": {}}
{"timestamp": 1779139568, "type": "safe_tx", "device": "node-8-spammer", "metadata": {}}
{"timestamp": 1779139568, "type": "safe_tx", "device": "node-11-pulsing", "metadata": {}}
{"timestamp": 1779139568, "type": "safe_tx", "device": "node-8-spammer", "metadata": {}}
{"timestamp": 1779139568, "type": "safe_tx", "device": "node-8-spammer", "metadata": {}}
{"timestamp": 1779139568, "type": "safe_tx", "device": "node-11-pulsing", "metadata": {}}
{"timestamp": 1779139568, "type": "fuzzing", "device": "node-10-fuzzer", "metadata": {}}
{"timestamp": 1779139568, "type": "safe_tx", "device": "node-11-pulsing", "metadata": {}}
{"timestamp": 1779139568, "type": "safe_tx", "device": "node-1-clean", "metadata": {}}
{"timestamp": 1779139569, "type": "safe_tx", "device": "node-1-clean", "metadata": {}}
{"timestamp": 1779139569, "type": "safe_tx", "device": "node-8-spammer", "metadata": {}}
{"timestamp": 1779139569, "type": "safe_tx", "device": "node-8-spammer", "metadata": {}}
{"timestamp": 1779139569, "type": "safe_tx", "device": "node-8-spammer", "metadata": {}}
{"timestamp": 1779139569, "type": "dos_spam", "device": "node-8-spammer", "metadata": {}}
{"timestamp": 1779139569, "type": "safe_tx", "device": "node-8-spammer", "metadata": {}}
{"timestamp": 1779139569, "type": "safe_tx", "device": "node-8-spammer", "metadata": {}}
{"timestamp": 1779139569, "type": "safe_tx", "device": "node-8-spammer", "metadata": {}}
{"timestamp": 1779139569, "type": "safe_tx", "device": "node-5-clean", "metadata": {}}
{"timestamp": 1779139569, "type": "safe_tx", "device": "node-8-spammer", "metadata": {}}
{"timestamp": 1779139569, "type": "safe_tx", "device": "node-8-spammer", "metadata": {}}
{"timestamp": 1779139570, "type": "time_anomaly", "device": "node-7-timespoof", "metadata": {}}
{"timestamp": 1779139569, "type": "safe_tx", "device": "node-8-spammer", "metadata": {}}
{"timestamp": 1779139569, "type": "safe_tx", "device": "node-8-spammer", "metadata": {}}
{"timestamp": 1779139569, "type": "safe_tx", "device": "node-8-spammer", "metadata": {}}
{"timestamp": 1779139569, "type": "dos_spam", "device": "node-8-spammer", "metadata": {"count": 30, "window_sec": 5}}
{"timestamp": 1779139569, "type": "safe_tx", "device": "node-2-clean", "metadata": {}}
{"timestamp": 1779139569, "type": "safe_tx", "device": "node-4-clean", "metadata": {}}
{"timestamp": 1779139570, "type": "time_anomaly", "device": "node-14-mixed", "metadata": {}}
{"timestamp": 1779139569, "type": "safe_tx", "device": "node-9-stealth", "metadata": {}}
{"timestamp": 1779139569, "type": "safe_tx", "device": "node-10-fuzzer", "metadata": {}}
{"timestamp": 1779139570, "type": "safe_tx", "device": "node-13-mixed", "metadata": {}}
{"timestamp": 1779139570, "type": "safe_tx", "device": "node-12-mixed", "metadata": {}}
{"timestamp": 1779139570, "type": "safe_tx", "device": "node-5-clean", "metadata": {}}
{"timestamp": 1779139570, "type": "safe_tx", "device": "node-8-spammer", "metadata": {}}
{"timestamp": 1779139570, "type": "safe_tx", "device": "node-8-spammer", "metadata": {}}
{"timestamp": 1779139570, "type": "safe_tx", "device": "node-8-spammer", "metadata": {}}
{"timestamp": 1779139570, "type": "safe_tx", "device": "node-13-mixed", "metadata": {}}
{"timestamp": 1779139570, "type": "safe_tx", "device": "node-9-stealth", "metadata": {}}
{"timestamp": 1779139571, "type": "safe_tx", "device": "node-5-clean", "metadata": {}}
{"timestamp": 1779139571, "type": "safe_tx", "device": "node-8-spammer", "metadata": {}}
{"timestamp": 1779139571, "type": "safe_tx", "device": "node-8-spammer", "metadata": {}}
{"timestamp": 1779139571, "type": "safe_tx", "device": "node-8-spammer", "metadata": {}}
{"timestamp": 1779139571, "type": "fuzzing", "device": "node-10-fuzzer", "metadata": {}}
{"timestamp": 1779139571, "type": "safe_tx", "device": "node-8-spammer", "metadata": {}}
{"timestamp": 1779139571, "type": "dos_spam", "device": "node-8-spammer", "metadata": {}}
{"timestamp": 1779139571, "type": "safe_tx", "device": "node-3-clean", "metadata": {}}
{"timestamp": 1779139571, "type": "safe_tx", "device": "node-8-spammer", "metadata": {}}
{"timestamp": 1779139571, "type": "safe_tx", "device": "node-8-spammer", "metadata": {}}
{"timestamp": 1779139571, "type": "safe_tx", "device": "node-8-spammer", "metadata": {}}
{"timestamp": 1779139572, "type": "safe_tx", "device": "node-12-mixed", "metadata": {}}
{"timestamp": 1779139572, "type": "safe_tx", "device": "node-1-clean", "metadata": {}}
{"timestamp": 1779139572, "type": "safe_tx", "device": "node-4-clean", "metadata": {}}
{"timestamp": 1779139572, "type": "safe_tx", "device": "node-4-clean", "metadata": {}}
{"timestamp": 1779139572, "type": "safe_tx", "device": "node-8-spammer", "metadata": {}}
{"timestamp": 1779139572, "type": "safe_tx", "device": "node-8-spammer", "metadata": {}}
{"timestamp": 1779139572, "type": "safe_tx", "device": "node-8-spammer", "metadata": {}}
{"timestamp": 1779139572, "type": "safe_tx", "device": "node-8-spammer", "metadata": {}}
{"timestamp": 1779139572, "type": "safe_tx", "device": "node-8-spammer", "metadata": {}}
{"timestamp": 1779139572, "type": "safe_tx", "device": "node-8-spammer", "metadata": {}}
{"timestamp": 1779139572, "type": "safe_tx", "device": "node-8-spammer", "metadata": {}}
{"timestamp": 1779139573, "type": "time_anomaly", "device": "node-14-mixed", "metadata": {}}
{"timestamp": 1779139573, "type": "safe_tx", "device": "node-8-spammer", "metadata": {}}
{"timestamp": 1779139573, "type": "safe_tx", "device": "node-12-mixed", "metadata": {}}
{"timestamp": 1779139573, "type": "overflow", "device": "node-6-overflow", "metadata": {"count": 3, "window_sec": 30}}
{"timestamp": 1779139574, "type": "time_anomaly", "device": "node-13-mixed", "metadata": {}}
{"timestamp": 1779139574, "type": "time_anomaly", "device": "node-7-timespoof", "metadata": {}}
{"timestamp": 1779139573, "type": "safe_tx", "device": "node-10-fuzzer", "metadata": {}}
{"timestamp": 1779139573, "type": "safe_tx", "device": "node-2-clean", "metadata": {}}
{"timestamp": 1779139573, "type": "safe_tx", "device": "node-15-mixed", "metadata": {}}
{"timestamp": 1779139574, "type": "fuzzing", "device": "node-10-fuzzer", "metadata": {}}
{"timestamp": 1779139574, "type": "safe_tx", "device": "node-8-spammer", "metadata": {}}
{"timestamp": 1779139574, "type": "safe_tx", "device": "node-8-spammer", "metadata": {}}
{"timestamp": 1779139574, "type": "safe_tx", "device": "node-3-clean", "metadata": {}}
{"timestamp": 1779139574, "type": "safe_tx", "device": "node-9-stealth", "metadata": {}}
{"timestamp": 1779139574, "type": "safe_tx", "device": "node-5-clean", "metadata": {}}
{"timestamp": 1779139574, "type": "safe_tx", "device": "node-8-spammer", "metadata": {}}
{"timestamp": 1779139574, "type": "safe_tx", "device": "node-1-clean", "metadata": {}}
{"timestamp": 1779139575, "type": "safe_tx", "device": "node-3-clean", "metadata": {}}
{"timestamp": 1779139575, "type": "safe_tx", "device": "node-13-mixed", "metadata": {}}
{"timestamp": 1779139575, "type": "safe_tx", "device": "node-14-mixed", "metadata": {}}
{"timestamp": 1779139575, "type": "safe_tx", "device": "node-8-spammer", "metadata": {}}
{"timestamp": 1779139575, "type": "safe_tx", "device": "node-8-spammer", "metadata": {}}
{"timestamp": 1779139575, "type": "safe_tx", "device": "node-8-spammer", "metadata": {}}
{"timestamp": 1779139575, "type": "safe_tx", "device": "node-8-spammer", "metadata": {}}
{"timestamp": 1779139575, "type": "safe_tx", "device": "node-8-spammer", "metadata": {}}
{"timestamp": 1779139575, "type": "safe_tx", "device": "node-8-spammer", "metadata": {}}
{"timestamp": 1779139575, "type": "safe_tx", "device": "node-8-spammer", "metadata": {}}
{"timestamp": 1779139575, "type": "safe_tx", "device": "node-9-stealth", "metadata": {}}
{"timestamp": 1779139576, "type": "time_anomaly", "device": "node-12-mixed", "metadata": {}}
{"timestamp": 1779139576, "type": "safe_tx", "device": "node-4-clean", "metadata": {}}
{"timestamp": 1779139576, "type": "safe_tx", "device": "node-9-stealth", "metadata": {}}
{"timestamp": 1779139576, "type": "safe_tx", "device": "node-10-fuzzer", "metadata": {}}
{"timestamp": 1779139576, "type": "safe_tx", "device": "node-8-spammer", "metadata": {}}
{"timestamp": 1779139576, "type": "safe_tx", "device": "node-8-spammer", "metadata": {}}
{"timestamp": 1779139576, "type": "safe_tx", "device": "node-8-spammer", "metadata": {}}
{"timestamp": 1779139576, "type": "safe_tx", "device": "node-13-mixed", "metadata": {}}
{"timestamp": 1779139576, "type": "safe_tx", "device": "node-8-spammer", "metadata": {}}
{"timestamp": 1779139577, "type": "safe_tx", "device": "node-8-spammer", "metadata": {}}
{"timestamp": 1779139577, "type": "safe_tx", "device": "node-8-spammer", "metadata": {}}
{"timestamp": 1779139577, "type": "safe_tx", "device": "node-8-spammer", "metadata": {}}
{"timestamp": 1779139577, "type": "safe_tx", "device": "node-8-spammer", "metadata": {}}
{"timestamp": 1779139577, "type": "dos_spam", "device": "node-8-spammer", "metadata": {}}
{"timestamp": 1779139577, "type": "safe_tx", "device": "node-3-clean", "metadata": {}}
{"timestamp": 1779139577, "type": "time_anomaly", "device": "node-7-timespoof", "metadata": {}}
{"timestamp": 1779139577, "type": "safe_tx", "device": "node-2-clean", "metadata": {}}
{"timestamp": 1779139577, "type": "safe_tx", "device": "node-8-spammer", "metadata": {}}
{"timestamp": 1779139577, "type": "safe_tx", "device": "node-8-spammer", "metadata": {}}
{"timestamp": 1779139577, "type": "safe_tx", "device": "node-8-spammer", "metadata": {}}
{"timestamp": 1779139577, "type": "safe_tx", "device": "node-8-spammer", "metadata": {}}
{"timestamp": 1779139577, "type": "dos_spam", "device": "node-8-spammer", "metadata": {"count": 30, "window_sec": 5}}
{"timestamp": 1779139577, "type": "safe_tx", "device": "node-1-clean", "metadata": {}}
{"timestamp": 1779139577, "type": "safe_tx", "device": "node-8-spammer", "metadata": {}}
{"timestamp": 1779139577, "type": "safe_tx", "device": "node-8-spammer", "metadata": {}}
{"timestamp": 1779139577, "type": "safe_tx", "device": "node-8-spammer", "metadata": {}}
{"timestamp": 1779139577, "type": "safe_tx", "device": "node-6-overflow", "metadata": {}}
{"timestamp": 1779139578, "type": "safe_tx", "device": "node-8-spammer", "metadata": {}}
{"timestamp": 1779139578, "type": "safe_tx", "device": "node-8-spammer", "metadata": {}}
{"timestamp": 1779139578, "type": "safe_tx", "device": "node-4-clean", "metadata": {}}
{"timestamp": 1779139578, "type": "safe_tx", "device": "node-10-fuzzer", "metadata": {}}
{"timestamp": 1779139578, "type": "safe_tx", "device": "node-12-mixed", "metadata": {}}
{"timestamp": 1779139578, "type": "safe_tx", "device": "node-1-clean", "metadata": {}}
{"timestamp": 1779139578, "type": "safe_tx", "device": "node-5-clean", "metadata": {}}
{"timestamp": 1779139578, "type": "safe_tx", "device": "node-14-mixed", "metadata": {}}
{"timestamp": 1779139578, "type": "safe_tx", "device": "node-8-spammer", "metadata": {}}
{"timestamp": 1779139578, "type": "safe_tx", "device": "node-5-clean", "metadata": {}}
{"timestamp": 1779139579, "type": "safe_tx", "device": "node-9-stealth", "metadata": {}}
{"timestamp": 1779139579, "type": "time_anomaly", "device": "node-15-mixed", "metadata": {}}
{"timestamp": 1779139579, "type": "safe_tx", "device": "node-15-mixed", "metadata": {}}
{"timestamp": 1779139579, "type": "fuzzing", "device": "node-10-fuzzer", "metadata": {}}
{"timestamp": 1779139579, "type": "safe_tx", "device": "node-1-clean", "metadata": {}}
{"timestamp": 1779139580, "type": "safe_tx", "device": "node-13-mixed", "metadata": {}}
{"timestamp": 1779139580, "type": "safe_tx", "device": "node-8-spammer", "metadata": {}}
{"timestamp": 1779139580, "type": "safe_tx", "device": "node-8-spammer", "metadata": {}}
{"timestamp": 1779139580, "type": "safe_tx", "device": "node-8-spammer", "metadata": {}}
{"timestamp": 1779139580, "type": "safe_tx", "device": "node-6-overflow", "metadata": {}}
{"timestamp": 1779139580, "type": "safe_tx", "device": "node-5-clean", "metadata": {}}
{"timestamp": 1779139580, "type": "safe_tx", "device": "node-3-clean", "metadata": {}}
{"timestamp": 1779139580, "type": "safe_tx", "device": "node-4-clean", "metadata": {}}
{"timestamp": 1779139581, "type": "safe_tx", "device": "node-2-clean", "metadata": {}}
{"timestamp": 1779139581, "type": "safe_tx", "device": "node-8-spammer", "metadata": {}}
{"timestamp": 1779139581, "type": "safe_tx", "device": "node-8-spammer", "metadata": {}}
{"timestamp": 1779139581, "type": "safe_tx", "device": "node-8-spammer", "metadata": {}}
{"timestamp": 1779139582, "type": "time_anomaly", "device": "node-7-timespoof", "metadata": {}}
{"timestamp": 1779139581, "type": "safe_tx", "device": "node-8-spammer", "metadata": {}}
{"timestamp": 1779139581, "type": "safe_tx", "device": "node-8-spammer", "metadata": {}}
{"timestamp": 1779139581, "type": "safe_tx", "device": "node-8-spammer", "metadata": {}}
{"timestamp": 1779139582, "type": "safe_tx", "device": "node-3-clean", "metadata": {}}
{"timestamp": 1779139582, "type": "safe_tx", "device": "node-14-mixed", "metadata": {}}
{"timestamp": 1779139582, "type": "overflow", "device": "node-15-mixed", "metadata": {"count": 3, "window_sec": 30}}
{"timestamp": 1779139582, "type": "fuzzing", "device": "node-10-fuzzer", "metadata": {}}
{"timestamp": 1779139582, "type": "safe_tx", "device": "node-8-spammer", "metadata": {}}
{"timestamp": 1779139582, "type": "safe_tx", "device": "node-13-mixed", "metadata": {}}
{"timestamp": 1779139582, "type": "safe_tx", "device": "node-8-spammer", "metadata": {}}
{"timestamp": 1779139582, "type": "safe_tx", "device": "node-8-spammer", "metadata": {}}
{"timestamp": 1779139582, "type": "safe_tx", "device": "node-4-clean", "metadata": {}}
{"timestamp": 1779139582, "type": "safe_tx", "device": "node-8-spammer", "metadata": {}}
{"timestamp": 1779139582, "type": "safe_tx", "device": "node-8-spammer", "metadata": {}}
{"timestamp": 1779139582, "type": "safe_tx", "device": "node-9-stealth", "metadata": {}}
{"timestamp": 1779139582, "type": "safe_tx", "device": "node-8-spammer", "metadata": {}}
{"timestamp": 1779139582, "type": "dos_spam", "device": "node-8-spammer", "metadata": {}}
{"timestamp": 1779139583, "type": "safe_tx", "device": "node-8-spammer", "metadata": {}}
{"timestamp": 1779139583, "type": "safe_tx", "device": "node-15-mixed", "metadata": {}}
{"timestamp": 1779139583, "type": "safe_tx", "device": "node-2-clean", "metadata": {}}
{"timestamp": 1779139583, "type": "safe_tx", "device": "node-4-clean", "metadata": {}}
{"timestamp": 1779139583, "type": "safe_tx", "device": "node-5-clean", "metadata": {}}
{"timestamp": 1779139583, "type": "safe_tx", "device": "node-1-clean", "metadata": {}}
{"timestamp": 1779139583, "type": "safe_tx", "device": "node-12-mixed", "metadata": {}}
{"timestamp": 1779139583, "type": "safe_tx", "device": "node-2-clean", "metadata": {}}
{"timestamp": 1779139583, "type": "safe_tx", "device": "node-8-spammer", "metadata": {}}
{"timestamp": 1779139583, "type": "safe_tx", "device": "node-8-spammer", "metadata": {}}
{"timestamp": 1779139583, "type": "safe_tx", "device": "node-8-spammer", "metadata": {}}
{"timestamp": 1779139583, "type": "safe_tx", "device": "node-8-spammer", "metadata": {}}
{"timestamp": 1779139583, "type": "safe_tx", "device": "node-8-spammer", "metadata": {}}
{"timestamp": 1779139584, "type": "safe_tx", "device": "node-8-spammer", "metadata": {}}
{"timestamp": 1779139584, "type": "safe_tx", "device": "node-8-spammer", "metadata": {}}
{"timestamp": 1779139584, "type": "safe_tx", "device": "node-9-stealth", "metadata": {}}
{"timestamp": 1779139584, "type": "safe_tx", "device": "node-4-clean", "metadata": {}}
{"timestamp": 1779139584, "type": "safe_tx", "device": "node-4-clean", "metadata": {}}
{"timestamp": 1779139584, "type": "safe_tx", "device": "node-15-mixed", "metadata": {}}
{"timestamp": 1779139584, "type": "safe_tx", "device": "node-8-spammer", "metadata": {}}
{"timestamp": 1779139584, "type": "safe_tx", "device": "node-8-spammer", "metadata": {}}
{"timestamp": 1779139584, "type": "safe_tx", "device": "node-8-spammer", "metadata": {}}
{"timestamp": 1779139585, "type": "time_anomaly", "device": "node-14-mixed", "metadata": {}}
{"timestamp": 1779139585, "type": "safe_tx", "device": "node-3-clean", "metadata": {}}
{"timestamp": 1779139585, "type": "safe_tx", "device": "node-2-clean", "metadata": {}}
{"timestamp": 1779139586, "type": "safe_tx", "device": "node-2-clean", "metadata": {}}
{"timestamp": 1779139586, "type": "safe_tx", "device": "node-8-spammer", "metadata": {}}
{"timestamp": 1779139586, "type": "safe_tx", "device": "node-8-spammer", "metadata": {}}
{"timestamp": 1779139586, "type": "safe_tx", "device": "node-8-spammer", "metadata": {}}
{"timestamp": 1779139586, "type": "fuzzing", "device": "node-10-fuzzer", "metadata": {}}
{"timestamp": 1779139586, "type": "safe_tx", "device": "node-5-clean", "metadata": {}}
{"timestamp": 1779139586, "type": "safe_tx", "device": "node-15-mixed", "metadata": {}}
{"timestamp": 1779139586, "type": "safe_tx", "device": "node-13-mixed", "metadata": {}}
{"timestamp": 1779139587, "type": "time_anomaly", "device": "node-12-mixed", "metadata": {}}
{"timestamp": 1779139587, "type": "safe_tx", "device": "node-8-spammer", "metadata": {}}
{"timestamp": 1779139587, "type": "safe_tx", "device": "node-8-spammer", "metadata": {}}
{"timestamp": 1779139587, "type": "safe_tx", "device": "node-8-spammer", "metadata": {}}
{"timestamp": 1779139587, "type": "safe_tx", "device": "node-10-fuzzer", "metadata": {}}
{"timestamp": 1779139587, "type": "safe_tx", "device": "node-2-clean", "metadata": {}}
{"timestamp": 1779139587, "type": "safe_tx", "device": "node-1-clean", "metadata": {}}
{"timestamp": 1779139588, "type": "time_anomaly", "device": "node-7-timespoof", "metadata": {}}
{"timestamp": 1779139587, "type": "safe_tx", "device": "node-9-stealth", "metadata": {}}
{"timestamp": 1779139587, "type": "safe_tx", "device": "node-4-clean", "metadata": {}}
{"timestamp": 1779139588, "type": "safe_tx", "device": "node-3-clean", "metadata": {}}
{"timestamp": 1779139588, "type": "safe_tx", "device": "node-5-clean", "metadata": {}}
{"timestamp": 1779139588, "type": "fuzzing", "device": "node-10-fuzzer", "metadata": {}}
{"timestamp": 1779139589, "type": "safe_tx", "device": "node-8-spammer", "metadata": {}}
{"timestamp": 1779139589, "type": "safe_tx", "device": "node-8-spammer", "metadata": {}}
{"timestamp": 1779139589, "type": "safe_tx", "device": "node-12-mixed", "metadata": {}}
{"timestamp": 1779139589, "type": "safe_tx", "device": "node-8-spammer", "metadata": {}}
{"timestamp": 1779139589, "type": "safe_tx", "device": "node-8-spammer", "metadata": {}}
{"timestamp": 1779139589, "type": "safe_tx", "device": "node-8-spammer", "metadata": {}}
{"timestamp": 1779139589, "type": "safe_tx", "device": "node-8-spammer", "metadata": {}}
{"timestamp": 1779139589, "type": "safe_tx", "device": "node-8-spammer", "metadata": {}}
{"timestamp": 1779139589, "type": "safe_tx", "device": "node-4-clean", "metadata": {}}
{"timestamp": 1779139589, "type": "safe_tx", "device": "node-8-spammer", "metadata": {}}
{"timestamp": 1779139589, "type": "safe_tx", "device": "node-8-spammer", "metadata": {}}
{"timestamp": 1779139589, "type": "safe_tx", "device": "node-5-clean", "metadata": {}}
{"timestamp": 1779139589, "type": "safe_tx", "device": "node-8-spammer", "metadata": {}}
{"timestamp": 1779139589, "type": "safe_tx", "device": "node-8-spammer", "metadata": {}}
{"timestamp": 1779139589, "type": "overflow", "device": "node-6-overflow", "metadata": {"count": 3, "window_sec": 30}}
{"timestamp": 1779139589, "type": "safe_tx", "device": "node-13-mixed", "metadata": {}}
{"timestamp": 1779139589, "type": "safe_tx", "device": "node-15-mixed", "metadata": {}}
{"timestamp": 1779139590, "type": "safe_tx", "device": "node-1-clean", "metadata": {}}
{"timestamp": 1779139590, "type": "safe_tx", "device": "node-9-stealth", "metadata": {}}
{"timestamp": 1779139590, "type": "safe_tx", "device": "node-8-spammer", "metadata": {}}
{"timestamp": 1779139590, "type": "safe_tx", "device": "node-8-spammer", "metadata": {}}
{"timestamp": 1779139590, "type": "safe_tx", "device": "node-5-clean", "metadata": {}}
{"timestamp": 1779139590, "type": "safe_tx", "device": "node-10-fuzzer", "metadata": {}}
{"timestamp": 1779139590, "type": "safe_tx", "device": "node-2-clean", "metadata": {}}
{"timestamp": 1779139591, "type": "time_anomaly", "device": "node-7-timespoof", "metadata": {}}
{"timestamp": 1779139590, "type": "safe_tx", "device": "node-8-spammer", "metadata": {}}
{"timestamp": 1779139590, "type": "safe_tx", "device": "node-8-spammer", "metadata": {}}
{"timestamp": 1779139590, "type": "dos_spam", "device": "node-8-spammer", "metadata": {}}
{"timestamp": 1779139590, "type": "safe_tx", "device": "node-8-spammer", "metadata": {}}
{"timestamp": 1779139590, "type": "safe_tx", "device": "node-8-spammer", "metadata": {}}
{"timestamp": 1779139590, "type": "safe_tx", "device": "node-8-spammer", "metadata": {}}
{"timestamp": 1779139590, "type": "safe_tx", "device": "node-9-stealth", "metadata": {}}
{"timestamp": 1779139590, "type": "safe_tx", "device": "node-8-spammer", "metadata": {}}
{"timestamp": 1779139590, "type": "overflow", "device": "node-14-mixed", "metadata": {"count": 3, "window_sec": 30}}
{"timestamp": 1779139590, "type": "safe_tx", "device": "node-3-clean", "metadata": {}}
{"timestamp": 1779139590, "type": "safe_tx", "device": "node-8-spammer", "metadata": {}}
{"timestamp": 1779139590, "type": "safe_tx", "device": "node-8-spammer", "metadata": {}}
{"timestamp": 1779139590, "type": "safe_tx", "device": "node-8-spammer", "metadata": {}}
{"timestamp": 1779139591, "type": "safe_tx", "device": "node-10-fuzzer", "metadata": {}}
{"timestamp": 1779139592, "type": "time_anomaly", "device": "node-13-mixed", "metadata": {}}
{"timestamp": 1779139591, "type": "safe_tx", "device": "node-9-stealth", "metadata": {}}
{"timestamp": 1779139591, "type": "safe_tx", "device": "node-8-spammer", "metadata": {}}
{"timestamp": 1779139591, "type": "safe_tx", "device": "node-8-spammer", "metadata": {}}
{"timestamp": 1779139591, "type": "dos_spam", "device": "node-8-spammer", "metadata": {"count": 30, "window_sec": 5}}
{"timestamp": 1779139591, "type": "safe_tx", "device": "node-8-spammer", "metadata": {}}
{"timestamp": 1779139591, "type": "safe_tx", "device": "node-8-spammer", "metadata": {}}
{"timestamp": 1779139591, "type": "safe_tx", "device": "node-8-spammer", "metadata": {}}
{"timestamp": 1779139591, "type": "safe_tx", "device": "node-8-spammer", "metadata": {}}
{"timestamp": 1779139591, "type": "safe_tx", "device": "node-8-spammer", "metadata": {}}
{"timestamp": 1779139591, "type": "safe_tx", "device": "node-8-spammer", "metadata": {}}
{"timestamp": 1779139591, "type": "dos_spam", "device": "node-8-spammer", "metadata": {}}
{"timestamp": 1779139592, "type": "safe_tx", "device": "node-8-spammer", "metadata": {}}
{"timestamp": 1779139592, "type": "safe_tx", "device": "node-15-mixed", "metadata": {}}
{"timestamp": 1779139592, "type": "safe_tx", "device": "node-8-spammer", "metadata": {}}
{"timestamp": 1779139592, "type": "safe_tx", "device": "node-8-spammer", "metadata": {}}
{"timestamp": 1779139592, "type": "safe_tx", "device": "node-8-spammer", "metadata": {}}
{"timestamp": 1779139592, "type": "safe_tx", "device": "node-3-clean", "metadata": {}}
{"timestamp": 1779139592, "type": "safe_tx", "device": "node-8-spammer", "metadata": {}}
{"timestamp": 1779139592, "type": "safe_tx", "device": "node-8-spammer", "metadata": {}}
{"timestamp": 1779139592, "type": "safe_tx", "device": "node-8-spammer", "metadata": {}}
{"timestamp": 1779139592, "type": "safe_tx", "device": "node-8-spammer", "metadata": {}}
{"timestamp": 1779139592, "type": "safe_tx", "device": "node-8-spammer", "metadata": {}}
{"timestamp": 1779139592, "type": "safe_tx", "device": "node-8-spammer", "metadata": {}}
{"timestamp": 1779139593, "type": "time_anomaly", "device": "node-7-timespoof", "metadata": {}}
{"timestamp": 1779139593, "type": "safe_tx", "device": "node-1-clean", "metadata": {}}
{"timestamp": 1779139593, "type": "fuzzing", "device": "node-10-fuzzer", "metadata": {}}
{"timestamp": 1779139593, "type": "safe_tx", "device": "node-12-mixed", "metadata": {}}
{"timestamp": 1779139593, "type": "safe_tx", "device": "node-2-clean", "metadata": {}}
{"timestamp": 1779139593, "type": "safe_tx", "device": "node-5-clean", "metadata": {}}
{"timestamp": 1779139593, "type": "safe_tx", "device": "node-4-clean", "metadata": {}}
{"timestamp": 1779139593, "type": "safe_tx", "device": "node-13-mixed", "metadata": {}}
{"timestamp": 1779139593, "type": "safe_tx", "device": "node-8-spammer", "metadata": {}}
{"timestamp": 1779139594, "type": "safe_tx", "device": "node-8-spammer", "metadata": {}}
{"timestamp": 1779139594, "type": "safe_tx", "device": "node-8-spammer", "metadata": {}}
{"timestamp": 1779139594, "type": "safe_tx", "device": "node-5-clean", "metadata": {}}
{"timestamp": 1779139594, "type": "safe_tx", "device": "node-15-mixed", "metadata": {}}
{"timestamp": 1779139594, "type": "safe_tx", "device": "node-14-mixed", "metadata": {}}
{"timestamp": 1779139594, "type": "time_anomaly", "device": "node-13-mixed", "metadata": {}}
{"timestamp": 1779139594, "type": "safe_tx", "device": "node-1-clean", "metadata": {}}
{"timestamp": 1779139594, "type": "fuzzing", "device": "node-10-fuzzer", "metadata": {}}
{"timestamp": 1779139594, "type": "safe_tx", "device": "node-3-clean", "metadata": {}}
{"timestamp": 1779139594, "type": "safe_tx", "device": "node-12-mixed", "metadata": {}}
{"timestamp": 1779139594, "type": "safe_tx", "device": "node-14-mixed", "metadata": {}}
{"timestamp": 1779139594, "type": "safe_tx", "device": "node-9-stealth", "metadata": {}}
{"timestamp": 1779139594, "type": "safe_tx", "device": "node-2-clean", "metadata": {}}
{"timestamp": 1779139594, "type": "safe_tx", "device": "node-8-spammer", "metadata": {}}
{"timestamp": 1779139595, "type": "safe_tx", "device": "node-8-spammer", "metadata": {}}
{"timestamp": 1779139595, "type": "safe_tx", "device": "node-8-spammer", "metadata": {}}
{"timestamp": 1779139595, "type": "safe_tx", "device": "node-8-spammer", "metadata": {}}
{"timestamp": 1779139595, "type": "safe_tx", "device": "node-8-spammer", "metadata": {}}
{"timestamp": 1779139595, "type": "safe_tx", "device": "node-8-spammer", "metadata": {}}
{"timestamp": 1779139595, "type": "safe_tx", "device": "node-6-overflow", "metadata": {}}
{"timestamp": 1779139595, "type": "safe_tx", "device": "node-15-mixed", "metadata": {}}
{"timestamp": 1779139595, "type": "safe_tx", "device": "node-14-mixed", "metadata": {}}
{"timestamp": 1779139595, "type": "safe_tx", "device": "node-3-clean", "metadata": {}}
{"timestamp": 1779139595, "type": "overflow", "device": "node-10-fuzzer", "metadata": {"count": 3, "window_sec": 30}}
{"timestamp": 1779139595, "type": "safe_tx", "device": "node-9-stealth", "metadata": {}}
{"timestamp": 1779139596, "type": "safe_tx", "device": "node-15-mixed", "metadata": {}}
{"timestamp": 1779139596, "type": "safe_tx", "device": "node-8-spammer", "metadata": {}}
{"timestamp": 1779139596, "type": "safe_tx", "device": "node-2-clean", "metadata": {}}
{"timestamp": 1779139596, "type": "safe_tx", "device": "node-11-pulsing", "metadata": {}}
{"timestamp": 1779139596, "type": "safe_tx", "device": "node-11-pulsing", "metadata": {}}
{"timestamp": 1779139596, "type": "safe_tx", "device": "node-1-clean", "metadata": {}}
{"timestamp": 1779139596, "type": "safe_tx", "device": "node-11-pulsing", "metadata": {}}
{"timestamp": 1779139596, "type": "safe_tx", "device": "node-11-pulsing", "metadata": {}}
{"timestamp": 1779139597, "type": "time_anomaly", "device": "node-12-mixed", "metadata": {}}
{"timestamp": 1779139596, "type": "safe_tx", "device": "node-11-pulsing", "metadata": {}}
{"timestamp": 1779139596, "type": "safe_tx", "device": "node-11-pulsing", "metadata": {}}
{"timestamp": 1779139596, "type": "safe_tx", "device": "node-11-pulsing", "metadata": {}}
{"timestamp": 1779139597, "type": "safe_tx", "device": "node-11-pulsing", "metadata": {}}
{"timestamp": 1779139597, "type": "safe_tx", "device": "node-5-clean", "metadata": {}}
{"timestamp": 1779139597, "type": "safe_tx", "device": "node-11-pulsing", "metadata": {}}
{"timestamp": 1779139597, "type": "safe_tx", "device": "node-11-pulsing", "metadata": {}}
{"timestamp": 1779139597, "type": "safe_tx", "device": "node-11-pulsing", "metadata": {}}
{"timestamp": 1779139597, "type": "safe_tx", "device": "node-15-mixed", "metadata": {}}
{"timestamp": 1779139597, "type": "safe_tx", "device": "node-11-pulsing", "metadata": {}}
{"timestamp": 1779139597, "type": "safe_tx", "device": "node-13-mixed", "metadata": {}}
{"timestamp": 1779139597, "type": "safe_tx", "device": "node-11-pulsing", "metadata": {}}
{"timestamp": 1779139597, "type": "safe_tx", "device": "node-11-pulsing", "metadata": {}}
{"timestamp": 1779139597, "type": "safe_tx", "device": "node-8-spammer", "metadata": {}}
{"timestamp": 1779139597, "type": "safe_tx", "device": "node-11-pulsing", "metadata": {}}
{"timestamp": 1779139597, "type": "dos_spam", "device": "node-11-pulsing", "metadata": {}}
{"timestamp": 1779139597, "type": "safe_tx", "device": "node-8-spammer", "metadata": {}}
{"timestamp": 1779139597, "type": "safe_tx", "device": "node-11-pulsing", "metadata": {}}
{"timestamp": 1779139598, "type": "time_anomaly", "device": "node-7-timespoof", "metadata": {}}
{"timestamp": 1779139597, "type": "safe_tx", "device": "node-11-pulsing", "metadata": {}}
{"timestamp": 1779139597, "type": "safe_tx", "device": "node-11-pulsing", "metadata": {}}
{"timestamp": 1779139597, "type": "safe_tx", "device": "node-11-pulsing", "metadata": {}}
{"timestamp": 1779139597, "type": "safe_tx", "device": "node-11-pulsing", "metadata": {}}
{"timestamp": 1779139597, "type": "safe_tx", "device": "node-15-mixed", "metadata": {}}
{"timestamp": 1779139597, "type": "safe_tx", "device": "node-10-fuzzer", "metadata": {}}
{"timestamp": 1779139598, "type": "safe_tx", "device": "node-13-mixed", "metadata": {}}
{"timestamp": 1779139598, "type": "safe_tx", "device": "node-4-clean", "metadata": {}}
{"timestamp": 1779139598, "type": "safe_tx", "device": "node-4-clean", "metadata": {}}
{"timestamp": 1779139598, "type": "safe_tx", "device": "node-8-spammer", "metadata": {}}
{"timestamp": 1779139598, "type": "safe_tx", "device": "node-9-stealth", "metadata": {}}
{"timestamp": 1779139598, "type": "safe_tx", "device": "node-8-spammer", "metadata": {}}
{"timestamp": 1779139598, "type": "safe_tx", "device": "node-8-spammer", "metadata": {}}
{"timestamp": 1779139599, "type": "time_anomaly", "device": "node-12-mixed", "metadata": {}}
{"timestamp": 1779139599, "type": "time_anomaly", "device": "node-14-mixed", "metadata": {}}
{"timestamp": 1779139599, "type": "safe_tx", "device": "node-1-clean", "metadata": {}}
{"timestamp": 1779139599, "type": "safe_tx", "device": "node-2-clean", "metadata": {}}
{"timestamp": 1779139599, "type": "safe_tx", "device": "node-8-spammer", "metadata": {}}
{"timestamp": 1779139599, "type": "safe_tx", "device": "node-8-spammer", "metadata": {}}
{"timestamp": 1779139599, "type": "safe_tx", "device": "node-2-clean", "metadata": {}}
{"timestamp": 1779139599, "type": "safe_tx", "device": "node-8-spammer", "metadata": {}}
{"timestamp": 1779139599, "type": "safe_tx", "device": "node-8-spammer", "metadata": {}}
{"timestamp": 1779139599, "type": "safe_tx", "device": "node-8-spammer", "metadata": {}}
{"timestamp": 1779139599, "type": "safe_tx", "device": "node-8-spammer", "metadata": {}}
{"timestamp": 1779139599, "type": "safe_tx", "device": "node-8-spammer", "metadata": {}}
{"timestamp": 1779139599, "type": "safe_tx", "device": "node-10-fuzzer", "metadata": {}}
{"timestamp": 1779139599, "type": "safe_tx", "device": "node-8-spammer", "metadata": {}}
{"timestamp": 1779139599, "type": "safe_tx", "device": "node-8-spammer", "metadata": {}}
{"timestamp": 1779139599, "type": "safe_tx", "device": "node-8-spammer", "metadata": {}}
{"timestamp": 1779139599, "type": "dos_spam", "device": "node-8-spammer", "metadata": {}}
{"timestamp": 1779139599, "type": "safe_tx", "device": "node-8-spammer", "metadata": {}}
{"timestamp": 1779139599, "type": "safe_tx", "device": "node-8-spammer", "metadata": {}}
{"timestamp": 1779139600, "type": "safe_tx", "device": "node-9-stealth", "metadata": {}}
{"timestamp": 1779139600, "type": "safe_tx", "device": "node-5-clean", "metadata": {}}
{"timestamp": 1779139600, "type": "safe_tx", "device": "node-1-clean", "metadata": {}}
{"timestamp": 1779139600, "type": "time_anomaly", "device": "node-13-mixed", "metadata": {}}
{"timestamp": 1779139601, "type": "time_anomaly", "device": "node-14-mixed", "metadata": {}}
{"timestamp": 1779139600, "type": "safe_tx", "device": "node-3-clean", "metadata": {}}
{"timestamp": 1779139600, "type": "safe_tx", "device": "node-15-mixed", "metadata": {}}
{"timestamp": 1779139600, "type": "safe_tx", "device": "node-9-stealth", "metadata": {}}
{"timestamp": 1779139601, "type": "safe_tx", "device": "node-1-clean", "metadata": {}}
{"timestamp": 1779139601, "type": "safe_tx", "device": "node-3-clean", "metadata": {}}
{"timestamp": 1779139601, "type": "safe_tx", "device": "node-8-spammer", "metadata": {}}
{"timestamp": 1779139601, "type": "safe_tx", "device": "node-8-spammer", "metadata": {}}
{"timestamp": 1779139601, "type": "safe_tx", "device": "node-8-spammer", "metadata": {}}
{"timestamp": 1779139601, "type": "safe_tx", "device": "node-8-spammer", "metadata": {}}
{"timestamp": 1779139601, "type": "safe_tx", "device": "node-8-spammer", "metadata": {}}
{"timestamp": 1779139601, "type": "safe_tx", "device": "node-8-spammer", "metadata": {}}
{"timestamp": 1779139601, "type": "safe_tx", "device": "node-8-spammer", "metadata": {}}
{"timestamp": 1779139601, "type": "safe_tx", "device": "node-8-spammer", "metadata": {}}
{"timestamp": 1779139601, "type": "fuzzing", "device": "node-10-fuzzer", "metadata": {}}
{"timestamp": 1779139601, "type": "safe_tx", "device": "node-4-clean", "metadata": {}}
{"timestamp": 1779139601, "type": "safe_tx", "device": "node-12-mixed", "metadata": {}}
{"timestamp": 1779139602, "type": "safe_tx", "device": "node-8-spammer", "metadata": {}}
{"timestamp": 1779139602, "type": "safe_tx", "device": "node-8-spammer", "metadata": {}}
{"timestamp": 1779139602, "type": "safe_tx", "device": "node-8-spammer", "metadata": {}}
{"timestamp": 1779139602, "type": "fuzzing", "device": "node-10-fuzzer", "metadata": {}}
{"timestamp": 1779139603, "type": "time_anomaly", "device": "node-7-timespoof", "metadata": {}}
{"timestamp": 1779139603, "type": "time_anomaly", "device": "node-14-mixed", "metadata": {}}
{"timestamp": 1779139603, "type": "safe_tx", "device": "node-4-clean", "metadata": {}}
{"timestamp": 1779139603, "type": "overflow", "device": "node-6-overflow", "metadata": {"count": 3, "window_sec": 30}}
{"timestamp": 1779139603, "type": "safe_tx", "device": "node-2-clean", "metadata": {}}
{"timestamp": 1779139603, "type": "safe_tx", "device": "node-5-clean", "metadata": {}}
{"timestamp": 1779139603, "type": "safe_tx", "device": "node-9-stealth", "metadata": {}}
{"timestamp": 1779139603, "type": "safe_tx", "device": "node-8-spammer", "metadata": {}}
{"timestamp": 1779139603, "type": "safe_tx", "device": "node-8-spammer", "metadata": {}}
{"timestamp": 1779139603, "type": "safe_tx", "device": "node-8-spammer", "metadata": {}}
{"timestamp": 1779139603, "type": "safe_tx", "device": "node-8-spammer", "metadata": {}}
{"timestamp": 1779139603, "type": "dos_spam", "device": "node-8-spammer", "metadata": {"count": 30, "window_sec": 5}}
{"timestamp": 1779139603, "type": "dos_spam", "device": "node-8-spammer", "metadata": {}}
{"timestamp": 1779139603, "type": "safe_tx", "device": "node-8-spammer", "metadata": {}}
{"timestamp": 1779139603, "type": "safe_tx", "device": "node-8-spammer", "metadata": {}}
{"timestamp": 1779139603, "type": "safe_tx", "device": "node-8-spammer", "metadata": {}}
{"timestamp": 1779139603, "type": "safe_tx", "device": "node-8-spammer", "metadata": {}}
{"timestamp": 1779139604, "type": "safe_tx", "device": "node-8-spammer", "metadata": {}}
{"timestamp": 1779139604, "type": "safe_tx", "device": "node-10-fuzzer", "metadata": {}}
{"timestamp": 1779139604, "type": "safe_tx", "device": "node-8-spammer", "metadata": {}}
{"timestamp": 1779139604, "type": "safe_tx", "device": "node-8-spammer", "metadata": {}}
{"timestamp": 1779139604, "type": "safe_tx", "device": "node-1-clean", "metadata": {}}
{"timestamp": 1779139604, "type": "safe_tx", "device": "node-4-clean", "metadata": {}}
{"timestamp": 1779139604, "type": "safe_tx", "device": "node-14-mixed", "metadata": {}}
{"timestamp": 1779139604, "type": "safe_tx", "device": "node-12-mixed", "metadata": {}}
{"timestamp": 1779139604, "type": "safe_tx", "device": "node-3-clean", "metadata": {}}
{"timestamp": 1779139604, "type": "safe_tx", "device": "node-8-spammer", "metadata": {}}
{"timestamp": 1779139604, "type": "safe_tx", "device": "node-8-spammer", "metadata": {}}
{"timestamp": 1779139604, "type": "safe_tx", "device": "node-8-spammer", "metadata": {}}
{"timestamp": 1779139604, "type": "safe_tx", "device": "node-8-spammer", "metadata": {}}
{"timestamp": 1779139604, "type": "safe_tx", "device": "node-8-spammer", "metadata": {}}
{"timestamp": 1779139605, "type": "safe_tx", "device": "node-1-clean", "metadata": {}}
{"timestamp": 1779139605, "type": "safe_tx", "device": "node-8-spammer", "metadata": {}}
{"timestamp": 1779139605, "type": "safe_tx", "device": "node-8-spammer", "metadata": {}}
{"timestamp": 1779139605, "type": "safe_tx", "device": "node-8-spammer", "metadata": {}}
{"timestamp": 1779139605, "type": "dos_spam", "device": "node-8-spammer", "metadata": {}}
{"timestamp": 1779139605, "type": "safe_tx", "device": "node-8-spammer", "metadata": {}}
{"timestamp": 1779139605, "type": "safe_tx", "device": "node-5-clean", "metadata": {}}
{"timestamp": 1779139605, "type": "safe_tx", "device": "node-8-spammer", "metadata": {}}
{"timestamp": 1779139605, "type": "safe_tx", "device": "node-8-spammer", "metadata": {}}
{"timestamp": 1779139605, "type": "fuzzing", "device": "node-10-fuzzer", "metadata": {}}
{"timestamp": 1779139605, "type": "safe_tx", "device": "node-4-clean", "metadata": {}}
{"timestamp": 1779139605, "type": "safe_tx", "device": "node-13-mixed", "metadata": {}}
{"timestamp": 1779139605, "type": "safe_tx", "device": "node-9-stealth", "metadata": {}}
{"timestamp": 1779139606, "type": "time_anomaly", "device": "node-14-mixed", "metadata": {}}
{"timestamp": 1779139606, "type": "safe_tx", "device": "node-12-mixed", "metadata": {}}
{"timestamp": 1779139606, "type": "safe_tx", "device": "node-4-clean", "metadata": {}}
{"timestamp": 1779139606, "type": "safe_tx", "device": "node-8-spammer", "metadata": {}}
{"timestamp": 1779139606, "type": "safe_tx", "device": "node-1-clean", "metadata": {}}
{"timestamp": 1779139606, "type": "safe_tx", "device": "node-8-spammer", "metadata": {}}
{"timestamp": 1779139606, "type": "safe_tx", "device": "node-8-spammer", "metadata": {}}
{"timestamp": 1779139606, "type": "safe_tx", "device": "node-8-spammer", "metadata": {}}
{"timestamp": 1779139606, "type": "safe_tx", "device": "node-8-spammer", "metadata": {}}
{"timestamp": 1779139606, "type": "safe_tx", "device": "node-3-clean", "metadata": {}}
{"timestamp": 1779139606, "type": "safe_tx", "device": "node-14-mixed", "metadata": {}}
{"timestamp": 1779139606, "type": "safe_tx", "device": "node-8-spammer", "metadata": {}}
{"timestamp": 1779139606, "type": "safe_tx", "device": "node-10-fuzzer", "metadata": {}}
{"timestamp": 1779139606, "type": "safe_tx", "device": "node-15-mixed", "metadata": {}}
{"timestamp": 1779139607, "type": "safe_tx", "device": "node-15-mixed", "metadata": {}}
{"timestamp": 1779139607, "type": "safe_tx", "device": "node-14-mixed", "metadata": {}}
{"timestamp": 1779139607, "type": "safe_tx", "device": "node-10-fuzzer", "metadata": {}}
{"timestamp": 1779139607, "type": "time_anomaly", "device": "node-7-timespoof", "metadata": {}}
{"timestamp": 1779139607, "type": "safe_tx", "device": "node-5-clean", "metadata": {}}
{"timestamp": 1779139607, "type": "safe_tx", "device": "node-2-clean", "metadata": {}}
{"timestamp": 1779139607, "type": "safe_tx", "device": "node-9-stealth", "metadata": {}}
{"timestamp": 1779139608, "type": "safe_tx", "device": "node-12-mixed", "metadata": {}}
{"timestamp": 1779139608, "type": "safe_tx", "device": "node-10-fuzzer", "metadata": {}}
{"timestamp": 1779139608, "type": "safe_tx", "device": "node-1-clean", "metadata": {}}
{"timestamp": 1779139609, "type": "safe_tx", "device": "node-2-clean", "metadata": {}}
{"timestamp": 1779139609, "type": "safe_tx", "device": "node-5-clean", "metadata": {}}
{"timestamp": 1779139609, "type": "safe_tx", "device": "node-15-mixed", "metadata": {}}
{"timestamp": 1779139609, "type": "safe_tx", "device": "node-12-mixed", "metadata": {}}
{"timestamp": 1779139609, "type": "safe_tx", "device": "node-13-mixed", "metadata": {}}
{"timestamp": 1779139609, "type": "safe_tx", "device": "node-1-clean", "metadata": {}}
{"timestamp": 1779139609, "type": "safe_tx", "device": "node-2-clean", "metadata": {}}
{"timestamp": 1779139609, "type": "fuzzing", "device": "node-10-fuzzer", "metadata": {}}
{"timestamp": 1779139609, "type": "safe_tx", "device": "node-4-clean", "metadata": {}}
{"timestamp": 1779139610, "type": "safe_tx", "device": "node-8-spammer", "metadata": {}}
{"timestamp": 1779139610, "type": "safe_tx", "device": "node-9-stealth", "metadata": {}}
{"timestamp": 1779139610, "type": "overflow", "device": "node-13-mixed", "metadata": {"count": 3, "window_sec": 30}}
{"timestamp": 1779139611, "type": "safe_tx", "device": "node-4-clean", "metadata": {}}
{"timestamp": 1779139611, "type": "safe_tx", "device": "node-8-spammer", "metadata": {}}
{"timestamp": 1779139611, "type": "safe_tx", "device": "node-3-clean", "metadata": {}}
{"timestamp": 1779139611, "type": "safe_tx", "device": "node-8-spammer", "metadata": {}}
{"timestamp": 1779139611, "type": "safe_tx", "device": "node-8-spammer", "metadata": {}}
{"timestamp": 1779139611, "type": "safe_tx", "device": "node-8-spammer", "metadata": {}}
{"timestamp": 1779139611, "type": "safe_tx", "device": "node-1-clean", "metadata": {}}
{"timestamp": 1779139611, "type": "safe_tx", "device": "node-8-spammer", "metadata": {}}
{"timestamp": 1779139611, "type": "safe_tx", "device": "node-2-clean", "metadata": {}}
{"timestamp": 1779139611, "type": "safe_tx", "device": "node-10-fuzzer", "metadata": {}}
{"timestamp": 1779139611, "type": "safe_tx", "device": "node-2-clean", "metadata": {}}
{"timestamp": 1779139611, "type": "safe_tx", "device": "node-4-clean", "metadata": {}}
{"timestamp": 1779139611, "type": "overflow", "device": "node-14-mixed", "metadata": {"count": 3, "window_sec": 30}}
{"timestamp": 1779139611, "type": "overflow", "device": "node-15-mixed", "metadata": {"count": 3, "window_sec": 30}}
{"timestamp": 1779139611, "type": "safe_tx", "device": "node-5-clean", "metadata": {}}
{"timestamp": 1779139612, "type": "safe_tx", "device": "node-8-spammer", "metadata": {}}
{"timestamp": 1779139612, "type": "safe_tx", "device": "node-8-spammer", "metadata": {}}
{"timestamp": 1779139612, "type": "safe_tx", "device": "node-8-spammer", "metadata": {}}
{"timestamp": 1779139612, "type": "safe_tx", "device": "node-8-spammer", "metadata": {}}
{"timestamp": 1779139612, "type": "safe_tx", "device": "node-8-spammer", "metadata": {}}
{"timestamp": 1779139612, "type": "safe_tx", "device": "node-8-spammer", "metadata": {}}
{"timestamp": 1779139612, "type": "safe_tx", "device": "node-8-spammer", "metadata": {}}
{"timestamp": 1779139612, "type": "safe_tx", "device": "node-8-spammer", "metadata": {}}
{"timestamp": 1779139612, "type": "time_anomaly", "device": "node-7-timespoof", "metadata": {}}
{"timestamp": 1779139612, "type": "safe_tx", "device": "node-15-mixed", "metadata": {}}
{"timestamp": 1779139612, "type": "safe_tx", "device": "node-8-spammer", "metadata": {}}
{"timestamp": 1779139612, "type": "dos_spam", "device": "node-8-spammer", "metadata": {}}
{"timestamp": 1779139612, "type": "safe_tx", "device": "node-8-spammer", "metadata": {}}
{"timestamp": 1779139612, "type": "safe_tx", "device": "node-8-spammer", "metadata": {}}
{"timestamp": 1779139612, "type": "safe_tx", "device": "node-8-spammer", "metadata": {}}
{"timestamp": 1779139612, "type": "safe_tx", "device": "node-13-mixed", "metadata": {}}
{"timestamp": 1779139612, "type": "safe_tx", "device": "node-14-mixed", "metadata": {}}
{"timestamp": 1779139613, "type": "safe_tx", "device": "node-9-stealth", "metadata": {}}
{"timestamp": 1779139613, "type": "safe_tx", "device": "node-8-spammer", "metadata": {}}
{"timestamp": 1779139613, "type": "safe_tx", "device": "node-8-spammer", "metadata": {}}
{"timestamp": 1779139613, "type": "safe_tx", "device": "node-8-spammer", "metadata": {}}
{"timestamp": 1779139613, "type": "safe_tx", "device": "node-8-spammer", "metadata": {}}
{"timestamp": 1779139613, "type": "safe_tx", "device": "node-3-clean", "metadata": {}}
{"timestamp": 1779139614, "type": "safe_tx", "device": "node-15-mixed", "metadata": {}}
{"timestamp": 1779139614, "type": "safe_tx", "device": "node-2-clean", "metadata": {}}
{"timestamp": 1779139614, "type": "overflow", "device": "node-6-overflow", "metadata": {"count": 3, "window_sec": 30}}
{"timestamp": 1779139614, "type": "safe_tx", "device": "node-4-clean", "metadata": {}}
{"timestamp": 1779139614, "type": "safe_tx", "device": "node-1-clean", "metadata": {}}
{"timestamp": 1779139614, "type": "fuzzing", "device": "node-10-fuzzer", "metadata": {}}
{"timestamp": 1779139614, "type": "safe_tx", "device": "node-9-stealth", "metadata": {}}
{"timestamp": 1779139615, "type": "safe_tx", "device": "node-12-mixed", "metadata": {}}
{"timestamp": 1779139615, "type": "time_anomaly", "device": "node-7-timespoof", "metadata": {}}
{"timestamp": 1779139615, "type": "safe_tx", "device": "node-2-clean", "metadata": {}}
{"timestamp": 1779139615, "type": "safe_tx", "device": "node-3-clean", "metadata": {}}
{"timestamp": 1779139616, "type": "time_anomaly", "device": "node-15-mixed", "metadata": {}}
{"timestamp": 1779139615, "type": "safe_tx", "device": "node-8-spammer", "metadata": {}}
{"timestamp": 1779139615, "type": "safe_tx", "device": "node-8-spammer", "metadata": {}}
{"timestamp": 1779139615, "type": "safe_tx", "device": "node-5-clean", "metadata": {}}
{"timestamp": 1779139615, "type": "safe_tx", "device": "node-8-spammer", "metadata": {}}
{"timestamp": 1779139615, "type": "safe_tx", "device": "node-8-spammer", "metadata": {}}
{"timestamp": 1779139615, "type": "safe_tx", "device": "node-8-spammer", "metadata": {}}
{"timestamp": 1779139616, "type": "fuzzing", "device": "node-10-fuzzer", "metadata": {}}
{"timestamp": 1779139616, "type": "safe_tx", "device": "node-14-mixed", "metadata": {}}
{"timestamp": 1779139616, "type": "safe_tx", "device": "node-8-spammer", "metadata": {}}
{"timestamp": 1779139616, "type": "safe_tx", "device": "node-8-spammer", "metadata": {}}
{"timestamp": 1779139616, "type": "safe_tx", "device": "node-8-spammer", "metadata": {}}
{"timestamp": 1779139617, "type": "safe_tx", "device": "node-9-stealth", "metadata": {}}
{"timestamp": 1779139617, "type": "safe_tx", "device": "node-2-clean", "metadata": {}}
{"timestamp": 1779139618, "type": "time_anomaly", "device": "node-7-timespoof", "metadata": {}}
{"timestamp": 1779139617, "type": "safe_tx", "device": "node-3-clean", "metadata": {}}
{"timestamp": 1779139617, "type": "safe_tx", "device": "node-4-clean", "metadata": {}}
{"timestamp": 1779139618, "type": "safe_tx", "device": "node-10-fuzzer", "metadata": {}}
{"timestamp": 1779139618, "type": "safe_tx", "device": "node-15-mixed", "metadata": {}}
{"timestamp": 1779139618, "type": "safe_tx", "device": "node-1-clean", "metadata": {}}
{"timestamp": 1779139618, "type": "safe_tx", "device": "node-8-spammer", "metadata": {}}
{"timestamp": 1779139618, "type": "safe_tx", "device": "node-8-spammer", "metadata": {}}
{"timestamp": 1779139618, "type": "safe_tx", "device": "node-8-spammer", "metadata": {}}
{"timestamp": 1779139618, "type": "safe_tx", "device": "node-8-spammer", "metadata": {}}
{"timestamp": 1779139618, "type": "safe_tx", "device": "node-8-spammer", "metadata": {}}
{"timestamp": 1779139618, "type": "safe_tx", "device": "node-8-spammer", "metadata": {}}
{"timestamp": 1779139618, "type": "safe_tx", "device": "node-2-clean", "metadata": {}}
{"timestamp": 1779139618, "type": "safe_tx", "device": "node-8-spammer", "metadata": {}}
{"timestamp": 1779139618, "type": "safe_tx", "device": "node-8-spammer", "metadata": {}}
{"timestamp": 1779139618, "type": "fuzzing", "device": "node-10-fuzzer", "metadata": {}}
{"timestamp": 1779139618, "type": "safe_tx", "device": "node-9-stealth", "metadata": {}}
{"timestamp": 1779139619, "type": "safe_tx", "device": "node-2-clean", "metadata": {}}
{"timestamp": 1779139619, "type": "safe_tx", "device": "node-8-spammer", "metadata": {}}
{"timestamp": 1779139619, "type": "safe_tx", "device": "node-8-spammer", "metadata": {}}
{"timestamp": 1779139619, "type": "safe_tx", "device": "node-8-spammer", "metadata": {}}
{"timestamp": 1779139619, "type": "safe_tx", "device": "node-8-spammer", "metadata": {}}
{"timestamp": 1779139619, "type": "safe_tx", "device": "node-8-spammer", "metadata": {}}
{"timestamp": 1779139619, "type": "time_anomaly", "device": "node-12-mixed", "metadata": {}}
{"timestamp": 1779139619, "type": "safe_tx", "device": "node-8-spammer", "metadata": {}}
{"timestamp": 1779139619, "type": "safe_tx", "device": "node-8-spammer", "metadata": {}}
{"timestamp": 1779139619, "type": "dos_spam", "device": "node-8-spammer", "metadata": {}}
{"timestamp": 1779139619, "type": "safe_tx", "device": "node-8-spammer", "metadata": {}}
{"timestamp": 1779139619, "type": "safe_tx", "device": "node-8-spammer", "metadata": {}}
{"timestamp": 1779139619, "type": "fuzzing", "device": "node-10-fuzzer", "metadata": {}}
{"timestamp": 1779139619, "type": "safe_tx", "device": "node-8-spammer", "metadata": {}}
{"timestamp": 1779139619, "type": "safe_tx", "device": "node-8-spammer", "metadata": {}}
{"timestamp": 1779139619, "type": "safe_tx", "device": "node-13-mixed", "metadata": {}}
{"timestamp": 1779139619, "type": "safe_tx", "device": "node-14-mixed", "metadata": {}}
{"timestamp": 1779139619, "type": "safe_tx", "device": "node-15-mixed", "metadata": {}}
{"timestamp": 1779139620, "type": "safe_tx", "device": "node-5-clean", "metadata": {}}
{"timestamp": 1779139620, "type": "safe_tx", "device": "node-8-spammer", "metadata": {}}
{"timestamp": 1779139620, "type": "safe_tx", "device": "node-8-spammer", "metadata": {}}
{"timestamp": 1779139620, "type": "safe_tx", "device": "node-8-spammer", "metadata": {}}
{"timestamp": 1779139620, "type": "dos_spam", "device": "node-8-spammer", "metadata": {"count": 30, "window_sec": 5}}
{"timestamp": 1779139620, "type": "safe_tx", "device": "node-8-spammer", "metadata": {}}
{"timestamp": 1779139620, "type": "safe_tx", "device": "node-8-spammer", "metadata": {}}
{"timestamp": 1779139620, "type": "safe_tx", "device": "node-12-mixed", "metadata": {}}
{"timestamp": 1779139620, "type": "safe_tx", "device": "node-8-spammer", "metadata": {}}
{"timestamp": 1779139620, "type": "safe_tx", "device": "node-3-clean", "metadata": {}}
{"timestamp": 1779139620, "type": "safe_tx", "device": "node-8-spammer", "metadata": {}}
{"timestamp": 1779139620, "type": "safe_tx", "device": "node-8-spammer", "metadata": {}}
{"timestamp": 1779139620, "type": "safe_tx", "device": "node-8-spammer", "metadata": {}}
{"timestamp": 1779139620, "type": "safe_tx", "device": "node-8-spammer", "metadata": {}}
{"timestamp": 1779139620, "type": "safe_tx", "device": "node-8-spammer", "metadata": {}}
{"timestamp": 1779139620, "type": "dos_spam", "device": "node-8-spammer", "metadata": {}}
{"timestamp": 1779139620, "type": "safe_tx", "device": "node-8-spammer", "metadata": {}}
{"timestamp": 1779139620, "type": "safe_tx", "device": "node-8-spammer", "metadata": {}}
{"timestamp": 1779139620, "type": "safe_tx", "device": "node-8-spammer", "metadata": {}}
{"timestamp": 1779139620, "type": "safe_tx", "device": "node-8-spammer", "metadata": {}}
{"timestamp": 1779139620, "type": "safe_tx", "device": "node-8-spammer", "metadata": {}}
{"timestamp": 1779139620, "type": "safe_tx", "device": "node-8-spammer", "metadata": {}}
{"timestamp": 1779139620, "type": "safe_tx", "device": "node-8-spammer", "metadata": {}}
{"timestamp": 1779139620, "type": "safe_tx", "device": "node-8-spammer", "metadata": {}}
{"timestamp": 1779139620, "type": "safe_tx", "device": "node-8-spammer", "metadata": {}}
{"timestamp": 1779139620, "type": "safe_tx", "device": "node-8-spammer", "metadata": {}}
{"timestamp": 1779139620, "type": "safe_tx", "device": "node-8-spammer", "metadata": {}}
{"timestamp": 1779139620, "type": "safe_tx", "device": "node-8-spammer", "metadata": {}}
{"timestamp": 1779139620, "type": "safe_tx", "device": "node-13-mixed", "metadata": {}}
{"timestamp": 1779139620, "type": "safe_tx", "device": "node-8-spammer", "metadata": {}}
{"timestamp": 1779139620, "type": "safe_tx", "device": "node-8-spammer", "metadata": {}}
{"timestamp": 1779139621, "type": "safe_tx", "device": "node-8-spammer", "metadata": {}}
{"timestamp": 1779139621, "type": "dos_spam", "device": "node-8-spammer", "metadata": {}}
{"timestamp": 1779139621, "type": "safe_tx", "device": "node-10-fuzzer", "metadata": {}}
{"timestamp": 1779139621, "type": "safe_tx", "device": "node-11-pulsing", "metadata": {}}
{"timestamp": 1779139621, "type": "safe_tx", "device": "node-1-clean", "metadata": {}}
{"timestamp": 1779139621, "type": "safe_tx", "device": "node-11-pulsing", "metadata": {}}
{"timestamp": 1779139621, "type": "safe_tx", "device": "node-11-pulsing", "metadata": {}}
{"timestamp": 1779139621, "type": "safe_tx", "device": "node-11-pulsing", "metadata": {}}
{"timestamp": 1779139621, "type": "safe_tx", "device": "node-11-pulsing", "metadata": {}}
{"timestamp": 1779139621, "type": "safe_tx", "device": "node-11-pulsing", "metadata": {}}
{"timestamp": 1779139621, "type": "safe_tx", "device": "node-11-pulsing", "metadata": {}}
{"timestamp": 1779139621, "type": "safe_tx", "device": "node-11-pulsing", "metadata": {}}
{"timestamp": 1779139621, "type": "safe_tx", "device": "node-5-clean", "metadata": {}}
{"timestamp": 1779139621, "type": "safe_tx", "device": "node-11-pulsing", "metadata": {}}
{"timestamp": 1779139621, "type": "safe_tx", "device": "node-11-pulsing", "metadata": {}}
{"timestamp": 1779139621, "type": "safe_tx", "device": "node-2-clean", "metadata": {}}
{"timestamp": 1779139621, "type": "safe_tx", "device": "node-11-pulsing", "metadata": {}}
{"timestamp": 1779139621, "type": "safe_tx", "device": "node-9-stealth", "metadata": {}}
{"timestamp": 1779139621, "type": "safe_tx", "device": "node-11-pulsing", "metadata": {}}
{"timestamp": 1779139621, "type": "safe_tx", "device": "node-4-clean", "metadata": {}}
{"timestamp": 1779139621, "type": "safe_tx", "device": "node-11-pulsing", "metadata": {}}
{"timestamp": 1779139621, "type": "safe_tx", "device": "node-12-mixed", "metadata": {}}
{"timestamp": 1779139621, "type": "safe_tx", "device": "node-11-pulsing", "metadata": {}}
{"timestamp": 1779139621, "type": "safe_tx", "device": "node-11-pulsing", "metadata": {}}
{"timestamp": 1779139621, "type": "dos_spam", "device": "node-11-pulsing", "metadata": {}}
{"timestamp": 1779139622, "type": "safe_tx", "device": "node-11-pulsing", "metadata": {}}
{"timestamp": 1779139622, "type": "safe_tx", "device": "node-11-pulsing", "metadata": {}}
{"timestamp": 1779139622, "type": "safe_tx", "device": "node-14-mixed", "metadata": {}}
{"timestamp": 1779139622, "type": "safe_tx", "device": "node-11-pulsing", "metadata": {}}
{"timestamp": 1779139622, "type": "safe_tx", "device": "node-11-pulsing", "metadata": {}}
{"timestamp": 1779139622, "type": "safe_tx", "device": "node-11-pulsing", "metadata": {}}
{"timestamp": 1779139622, "type": "safe_tx", "device": "node-10-fuzzer", "metadata": {}}
{"timestamp": 1779139622, "type": "safe_tx", "device": "node-13-mixed", "metadata": {}}
{"timestamp": 1779139622, "type": "safe_tx", "device": "node-1-clean", "metadata": {}}
{"timestamp": 1779139622, "type": "overflow", "device": "node-6-overflow", "metadata": {"count": 3, "window_sec": 30}}
{"timestamp": 1779139622, "type": "safe_tx", "device": "node-2-clean", "metadata": {}}
{"timestamp": 1779139622, "type": "safe_tx", "device": "node-8-spammer", "metadata": {}}
{"timestamp": 1779139622, "type": "safe_tx", "device": "node-8-spammer", "metadata": {}}
{"timestamp": 1779139622, "type": "overflow", "device": "node-13-mixed", "metadata": {"count": 3, "window_sec": 30}}
{"timestamp": 1779139623, "type": "safe_tx", "device": "node-3-clean", "metadata": {}}
{"timestamp": 1779139623, "type": "safe_tx", "device": "node-15-mixed", "metadata": {}}
{"timestamp": 1779139623, "type": "safe_tx", "device": "node-13-mixed", "metadata": {}}
{"timestamp": 1779139623, "type": "safe_tx", "device": "node-10-fuzzer", "metadata": {}}
{"timestamp": 1779139624, "type": "time_anomaly", "device": "node-7-timespoof", "metadata": {}}
{"timestamp": 1779139624, "type": "safe_tx", "device": "node-5-clean", "metadata": {}}
{"timestamp": 1779139624, "type": "time_anomaly", "device": "node-13-mixed", "metadata": {}}
{"timestamp": 1779139624, "type": "safe_tx", "device": "node-8-spammer", "metadata": {}}
{"timestamp": 1779139624, "type": "safe_tx", "device": "node-8-spammer", "metadata": {}}
{"timestamp": 1779139624, "type": "safe_tx", "device": "node-8-spammer", "metadata": {}}
{"timestamp": 1779139624, "type": "safe_tx", "device": "node-9-stealth", "metadata": {}}
{"timestamp": 1779139625, "type": "time_anomaly", "device": "node-15-mixed", "metadata": {}}
{"timestamp": 1779139624, "type": "safe_tx", "device": "node-10-fuzzer", "metadata": {}}
{"timestamp": 1779139625, "type": "time_anomaly", "device": "node-13-mixed", "metadata": {}}
{"timestamp": 1779139625, "type": "safe_tx", "device": "node-3-clean", "metadata": {}}
{"timestamp": 1779139625, "type": "safe_tx", "device": "node-5-clean", "metadata": {}}
{"timestamp": 1779139625, "type": "safe_tx", "device": "node-14-mixed", "metadata": {}}
{"timestamp": 1779139625, "type": "safe_tx", "device": "node-12-mixed", "metadata": {}}
{"timestamp": 1779139625, "type": "fuzzing", "device": "node-10-fuzzer", "metadata": {}}
{"timestamp": 1779139625, "type": "safe_tx", "device": "node-3-clean", "metadata": {}}
{"timestamp": 1779139625, "type": "safe_tx", "device": "node-9-stealth", "metadata": {}}
{"timestamp": 1779139625, "type": "safe_tx", "device": "node-4-clean", "metadata": {}}
{"timestamp": 1779139626, "type": "safe_tx", "device": "node-8-spammer", "metadata": {}}
{"timestamp": 1779139626, "type": "safe_tx", "device": "node-8-spammer", "metadata": {}}
{"timestamp": 1779139626, "type": "safe_tx", "device": "node-9-stealth", "metadata": {}}
{"timestamp": 1779139626, "type": "safe_tx", "device": "node-8-spammer", "metadata": {}}
{"timestamp": 1779139626, "type": "safe_tx", "device": "node-8-spammer", "metadata": {}}
{"timestamp": 1779139626, "type": "safe_tx", "device": "node-8-spammer", "metadata": {}}
{"timestamp": 1779139626, "type": "safe_tx", "device": "node-8-spammer", "metadata": {}}
{"timestamp": 1779139626, "type": "safe_tx", "device": "node-8-spammer", "metadata": {}}
{"timestamp": 1779139626, "type": "safe_tx", "device": "node-8-spammer", "metadata": {}}
{"timestamp": 1779139626, "type": "safe_tx", "device": "node-8-spammer", "metadata": {}}
{"timestamp": 1779139626, "type": "safe_tx", "device": "node-1-clean", "metadata": {}}
{"timestamp": 1779139626, "type": "safe_tx", "device": "node-8-spammer", "metadata": {}}
{"timestamp": 1779139626, "type": "safe_tx", "device": "node-8-spammer", "metadata": {}}
{"timestamp": 1779139626, "type": "safe_tx", "device": "node-8-spammer", "metadata": {}}
{"timestamp": 1779139626, "type": "dos_spam", "device": "node-8-spammer", "metadata": {}}
{"timestamp": 1779139626, "type": "safe_tx", "device": "node-8-spammer", "metadata": {}}
{"timestamp": 1779139626, "type": "safe_tx", "device": "node-8-spammer", "metadata": {}}
{"timestamp": 1779139626, "type": "safe_tx", "device": "node-15-mixed", "metadata": {}}
{"timestamp": 1779139626, "type": "safe_tx", "device": "node-8-spammer", "metadata": {}}
{"timestamp": 1779139626, "type": "safe_tx", "device": "node-8-spammer", "metadata": {}}
{"timestamp": 1779139626, "type": "safe_tx", "device": "node-8-spammer", "metadata": {}}
{"timestamp": 1779139626, "type": "safe_tx", "device": "node-8-spammer", "metadata": {}}
{"timestamp": 1779139626, "type": "safe_tx", "device": "node-8-spammer", "metadata": {}}
{"timestamp": 1779139626, "type": "safe_tx", "device": "node-8-spammer", "metadata": {}}
{"timestamp": 1779139626, "type": "safe_tx", "device": "node-8-spammer", "metadata": {}}
{"timestamp": 1779139626, "type": "safe_tx", "device": "node-8-spammer", "metadata": {}}
{"timestamp": 1779139627, "type": "fuzzing", "device": "node-10-fuzzer", "metadata": {}}
{"timestamp": 1779139627, "type": "safe_tx", "device": "node-8-spammer", "metadata": {}}
{"timestamp": 1779139627, "type": "safe_tx", "device": "node-8-spammer", "metadata": {}}
{"timestamp": 1779139627, "type": "safe_tx", "device": "node-8-spammer", "metadata": {}}
{"timestamp": 1779139627, "type": "dos_spam", "device": "node-8-spammer", "metadata": {"count": 30, "window_sec": 5}}
{"timestamp": 1779139627, "type": "safe_tx", "device": "node-9-stealth", "metadata": {}}
{"timestamp": 1779139627, "type": "safe_tx", "device": "node-1-clean", "metadata": {}}
{"timestamp": 1779139627, "type": "safe_tx", "device": "node-1-clean", "metadata": {}}
{"timestamp": 1779139627, "type": "safe_tx", "device": "node-3-clean", "metadata": {}}
{"timestamp": 1779139627, "type": "fuzzing", "device": "node-10-fuzzer", "metadata": {}}
{"timestamp": 1779139627, "type": "safe_tx", "device": "node-13-mixed", "metadata": {}}
{"timestamp": 1779139628, "type": "safe_tx", "device": "node-14-mixed", "metadata": {}}
{"timestamp": 1779139628, "type": "safe_tx", "device": "node-5-clean", "metadata": {}}
{"timestamp": 1779139628, "type": "safe_tx", "device": "node-12-mixed", "metadata": {}}
{"timestamp": 1779139628, "type": "safe_tx", "device": "node-2-clean", "metadata": {}}
{"timestamp": 1779139628, "type": "safe_tx", "device": "node-9-stealth", "metadata": {}}
{"timestamp": 1779139628, "type": "safe_tx", "device": "node-5-clean", "metadata": {}}
{"timestamp": 1779139628, "type": "safe_tx", "device": "node-1-clean", "metadata": {}}
{"timestamp": 1779139629, "type": "safe_tx", "device": "node-8-spammer", "metadata": {}}
{"timestamp": 1779139629, "type": "safe_tx", "device": "node-8-spammer", "metadata": {}}
{"timestamp": 1779139629, "type": "safe_tx", "device": "node-12-mixed", "metadata": {}}
{"timestamp": 1779139629, "type": "time_anomaly", "device": "node-7-timespoof", "metadata": {}}
{"timestamp": 1779139629, "type": "fuzzing", "device": "node-10-fuzzer", "metadata": {}}
{"timestamp": 1779139629, "type": "safe_tx", "device": "node-4-clean", "metadata": {}}
{"timestamp": 1779139629, "type": "safe_tx", "device": "node-8-spammer", "metadata": {}}
{"timestamp": 1779139630, "type": "safe_tx", "device": "node-8-spammer", "metadata": {}}
{"timestamp": 1779139630, "type": "safe_tx", "device": "node-8-spammer", "metadata": {}}
{"timestamp": 1779139630, "type": "safe_tx", "device": "node-8-spammer", "metadata": {}}
{"timestamp": 1779139630, "type": "safe_tx", "device": "node-8-spammer", "metadata": {}}
{"timestamp": 1779139630, "type": "safe_tx", "device": "node-8-spammer", "metadata": {}}
{"timestamp": 1779139630, "type": "safe_tx", "device": "node-13-mixed", "metadata": {}}
{"timestamp": 1779139630, "type": "fuzzing", "device": "node-10-fuzzer", "metadata": {}}
{"timestamp": 1779139630, "type": "safe_tx", "device": "node-5-clean", "metadata": {}}
{"timestamp": 1779139630, "type": "safe_tx", "device": "node-14-mixed", "metadata": {}}
{"timestamp": 1779139630, "type": "safe_tx", "device": "node-5-clean", "metadata": {}}
{"timestamp": 1779139631, "type": "overflow", "device": "node-6-overflow", "metadata": {"count": 3, "window_sec": 30}}
{"timestamp": 1779139631, "type": "safe_tx", "device": "node-4-clean", "metadata": {}}
{"timestamp": 1779139631, "type": "safe_tx", "device": "node-8-spammer", "metadata": {}}
{"timestamp": 1779139631, "type": "safe_tx", "device": "node-8-spammer", "metadata": {}}
{"timestamp": 1779139631, "type": "time_anomaly", "device": "node-15-mixed", "metadata": {}}
{"timestamp": 1779139631, "type": "safe_tx", "device": "node-8-spammer", "metadata": {}}
{"timestamp": 1779139631, "type": "safe_tx", "device": "node-12-mixed", "metadata": {}}
{"timestamp": 1779139631, "type": "safe_tx", "device": "node-8-spammer", "metadata": {}}
{"timestamp": 1779139631, "type": "safe_tx", "device": "node-8-spammer", "metadata": {}}
{"timestamp": 1779139631, "type": "safe_tx", "device": "node-8-spammer", "metadata": {}}
{"timestamp": 1779139631, "type": "safe_tx", "device": "node-8-spammer", "metadata": {}}
{"timestamp": 1779139631, "type": "dos_spam", "device": "node-8-spammer", "metadata": {}}
{"timestamp": 1779139631, "type": "safe_tx", "device": "node-4-clean", "metadata": {}}
{"timestamp": 1779139631, "type": "safe_tx", "device": "node-9-stealth", "metadata": {}}
{"timestamp": 1779139631, "type": "safe_tx", "device": "node-10-fuzzer", "metadata": {}}
{"timestamp": 1779139632, "type": "time_anomaly", "device": "node-7-timespoof", "metadata": {}}
{"timestamp": 1779139632, "type": "safe_tx", "device": "node-2-clean", "metadata": {}}
{"timestamp": 1779139632, "type": "safe_tx", "device": "node-3-clean", "metadata": {}}
{"timestamp": 1779139632, "type": "safe_tx", "device": "node-1-clean", "metadata": {}}
{"timestamp": 1779139632, "type": "safe_tx", "device": "node-8-spammer", "metadata": {}}
{"timestamp": 1779139632, "type": "safe_tx", "device": "node-8-spammer", "metadata": {}}
{"timestamp": 1779139632, "type": "safe_tx", "device": "node-8-spammer", "metadata": {}}
{"timestamp": 1779139632, "type": "safe_tx", "device": "node-8-spammer", "metadata": {}}
{"timestamp": 1779139632, "type": "safe_tx", "device": "node-9-stealth", "metadata": {}}
{"timestamp": 1779139632, "type": "safe_tx", "device": "node-4-clean", "metadata": {}}
{"timestamp": 1779139633, "type": "safe_tx", "device": "node-10-fuzzer", "metadata": {}}
{"timestamp": 1779139633, "type": "safe_tx", "device": "node-9-stealth", "metadata": {}}
{"timestamp": 1779139633, "type": "overflow", "device": "node-12-mixed", "metadata": {"count": 3, "window_sec": 30}}
{"timestamp": 1779139633, "type": "safe_tx", "device": "node-1-clean", "metadata": {}}
{"timestamp": 1779139633, "type": "safe_tx", "device": "node-5-clean", "metadata": {}}
{"timestamp": 1779139633, "type": "safe_tx", "device": "node-8-spammer", "metadata": {}}
{"timestamp": 1779139633, "type": "safe_tx", "device": "node-8-spammer", "metadata": {}}
{"timestamp": 1779139633, "type": "safe_tx", "device": "node-13-mixed", "metadata": {}}
{"timestamp": 1779139634, "type": "safe_tx", "device": "node-4-clean", "metadata": {}}
{"timestamp": 1779139634, "type": "safe_tx", "device": "node-5-clean", "metadata": {}}
{"timestamp": 1779139634, "type": "safe_tx", "device": "node-2-clean", "metadata": {}}
{"timestamp": 1779139634, "type": "time_anomaly", "device": "node-7-timespoof", "metadata": {}}
{"timestamp": 1779139634, "type": "safe_tx", "device": "node-3-clean", "metadata": {}}
{"timestamp": 1779139634, "type": "safe_tx", "device": "node-10-fuzzer", "metadata": {}}
{"timestamp": 1779139635, "type": "safe_tx", "device": "node-15-mixed", "metadata": {}}
{"timestamp": 1779139635, "type": "safe_tx", "device": "node-3-clean", "metadata": {}}
{"timestamp": 1779139635, "type": "safe_tx", "device": "node-10-fuzzer", "metadata": {}}
{"timestamp": 1779139635, "type": "overflow", "device": "node-13-mixed", "metadata": {"count": 3, "window_sec": 30}}
{"timestamp": 1779139635, "type": "safe_tx", "device": "node-14-mixed", "metadata": {}}
{"timestamp": 1779139636, "type": "safe_tx", "device": "node-8-spammer", "metadata": {}}
{"timestamp": 1779139636, "type": "safe_tx", "device": "node-8-spammer", "metadata": {}}
{"timestamp": 1779139636, "type": "safe_tx", "device": "node-8-spammer", "metadata": {}}
{"timestamp": 1779139636, "type": "safe_tx", "device": "node-8-spammer", "metadata": {}}
{"timestamp": 1779139636, "type": "safe_tx", "device": "node-8-spammer", "metadata": {}}
{"timestamp": 1779139636, "type": "safe_tx", "device": "node-8-spammer", "metadata": {}}
{"timestamp": 1779139636, "type": "safe_tx", "device": "node-8-spammer", "metadata": {}}
{"timestamp": 1779139636, "type": "safe_tx", "device": "node-8-spammer", "metadata": {}}
{"timestamp": 1779139636, "type": "safe_tx", "device": "node-8-spammer", "metadata": {}}
{"timestamp": 1779139636, "type": "safe_tx", "device": "node-8-spammer", "metadata": {}}
{"timestamp": 1779139636, "type": "safe_tx", "device": "node-8-spammer", "metadata": {}}
{"timestamp": 1779139636, "type": "safe_tx", "device": "node-10-fuzzer", "metadata": {}}
{"timestamp": 1779139636, "type": "safe_tx", "device": "node-8-spammer", "metadata": {}}
{"timestamp": 1779139636, "type": "safe_tx", "device": "node-8-spammer", "metadata": {}}
{"timestamp": 1779139636, "type": "safe_tx", "device": "node-8-spammer", "metadata": {}}
{"timestamp": 1779139636, "type": "safe_tx", "device": "node-8-spammer", "metadata": {}}
{"timestamp": 1779139636, "type": "dos_spam", "device": "node-8-spammer", "metadata": {}}
{"timestamp": 1779139636, "type": "safe_tx", "device": "node-8-spammer", "metadata": {}}
{"timestamp": 1779139636, "type": "safe_tx", "device": "node-13-mixed", "metadata": {}}
{"timestamp": 1779139636, "type": "safe_tx", "device": "node-8-spammer", "metadata": {}}
{"timestamp": 1779139636, "type": "dos_spam", "device": "node-8-spammer", "metadata": {"count": 30, "window_sec": 5}}
{"timestamp": 1779139636, "type": "safe_tx", "device": "node-12-mixed", "metadata": {}}
{"timestamp": 1779139636, "type": "safe_tx", "device": "node-8-spammer", "metadata": {}}
{"timestamp": 1779139636, "type": "safe_tx", "device": "node-8-spammer", "metadata": {}}
{"timestamp": 1779139636, "type": "safe_tx", "device": "node-8-spammer", "metadata": {}}
{"timestamp": 1779139636, "type": "safe_tx", "device": "node-8-spammer", "metadata": {}}
{"timestamp": 1779139636, "type": "safe_tx", "device": "node-8-spammer", "metadata": {}}
{"timestamp": 1779139637, "type": "time_anomaly", "device": "node-14-mixed", "metadata": {}}
{"timestamp": 1779139637, "type": "safe_tx", "device": "node-12-mixed", "metadata": {}}
{"timestamp": 1779139637, "type": "safe_tx", "device": "node-5-clean", "metadata": {}}
{"timestamp": 1779139637, "type": "overflow", "device": "node-6-overflow", "metadata": {"count": 3, "window_sec": 30}}
{"timestamp": 1779139637, "type": "safe_tx", "device": "node-3-clean", "metadata": {}}
{"timestamp": 1779139637, "type": "safe_tx", "device": "node-12-mixed", "metadata": {}}
{"timestamp": 1779139637, "type": "safe_tx", "device": "node-1-clean", "metadata": {}}
{"timestamp": 1779139637, "type": "safe_tx", "device": "node-2-clean", "metadata": {}}
{"timestamp": 1779139637, "type": "overflow", "device": "node-10-fuzzer", "metadata": {"count": 3, "window_sec": 30}}
{"timestamp": 1779139638, "type": "safe_tx", "device": "node-8-spammer", "metadata": {}}
{"timestamp": 1779139638, "type": "safe_tx", "device": "node-8-spammer", "metadata": {}}
{"timestamp": 1779139638, "type": "safe_tx", "device": "node-8-spammer", "metadata": {}}
{"timestamp": 1779139638, "type": "safe_tx", "device": "node-8-spammer", "metadata": {}}
{"timestamp": 1779139638, "type": "safe_tx", "device": "node-8-spammer", "metadata": {}}
{"timestamp": 1779139638, "type": "safe_tx", "device": "node-8-spammer", "metadata": {}}
{"timestamp": 1779139638, "type": "safe_tx", "device": "node-4-clean", "metadata": {}}
{"timestamp": 1779139638, "type": "safe_tx", "device": "node-15-mixed", "metadata": {}}
{"timestamp": 1779139639, "type": "time_anomaly", "device": "node-7-timespoof", "metadata": {}}
{"timestamp": 1779139638, "type": "safe_tx", "device": "node-5-clean", "metadata": {}}
{"timestamp": 1779139639, "type": "safe_tx", "device": "node-1-clean", "metadata": {}}
{"timestamp": 1779139639, "type": "safe_tx", "device": "node-14-mixed", "metadata": {}}
{"timestamp": 1779139639, "type": "safe_tx", "device": "node-13-mixed", "metadata": {}}
{"timestamp": 1779139639, "type": "safe_tx", "device": "node-10-fuzzer", "metadata": {}}
{"timestamp": 1779139639, "type": "safe_tx", "device": "node-4-clean", "metadata": {}}
{"timestamp": 1779139639, "type": "safe_tx", "device": "node-5-clean", "metadata": {}}
{"timestamp": 1779139640, "type": "time_anomaly", "device": "node-13-mixed", "metadata": {}}
{"timestamp": 1779139639, "type": "safe_tx", "device": "node-12-mixed", "metadata": {}}
{"timestamp": 1779139639, "type": "safe_tx", "device": "node-9-stealth", "metadata": {}}
{"timestamp": 1779139640, "type": "safe_tx", "device": "node-8-spammer", "metadata": {}}
{"timestamp": 1779139640, "type": "safe_tx", "device": "node-10-fuzzer", "metadata": {}}
{"timestamp": 1779139640, "type": "safe_tx", "device": "node-4-clean", "metadata": {}}
{"timestamp": 1779139640, "type": "overflow", "device": "node-15-mixed", "metadata": {"count": 3, "window_sec": 30}}
{"timestamp": 1779139640, "type": "safe_tx", "device": "node-15-mixed", "metadata": {}}
{"timestamp": 1779139640, "type": "safe_tx", "device": "node-1-clean", "metadata": {}}
{"timestamp": 1779139641, "type": "safe_tx", "device": "node-12-mixed", "metadata": {}}
{"timestamp": 1779139641, "type": "safe_tx", "device": "node-1-clean", "metadata": {}}
{"timestamp": 1779139641, "type": "safe_tx", "device": "node-5-clean", "metadata": {}}
{"timestamp": 1779139641, "type": "safe_tx", "device": "node-8-spammer", "metadata": {}}
{"timestamp": 1779139641, "type": "safe_tx", "device": "node-8-spammer", "metadata": {}}
{"timestamp": 1779139641, "type": "safe_tx", "device": "node-2-clean", "metadata": {}}
{"timestamp": 1779139641, "type": "safe_tx", "device": "node-8-spammer", "metadata": {}}
{"timestamp": 1779139641, "type": "safe_tx", "device": "node-8-spammer", "metadata": {}}
{"timestamp": 1779139641, "type": "safe_tx", "device": "node-8-spammer", "metadata": {}}
{"timestamp": 1779139641, "type": "safe_tx", "device": "node-8-spammer", "metadata": {}}
{"timestamp": 1779139641, "type": "safe_tx", "device": "node-8-spammer", "metadata": {}}
{"timestamp": 1779139641, "type": "safe_tx", "device": "node-8-spammer", "metadata": {}}
{"timestamp": 1779139641, "type": "safe_tx", "device": "node-5-clean", "metadata": {}}
{"timestamp": 1779139642, "type": "safe_tx", "device": "node-9-stealth", "metadata": {}}
{"timestamp": 1779139642, "type": "safe_tx", "device": "node-3-clean", "metadata": {}}
{"timestamp": 1779139642, "type": "safe_tx", "device": "node-4-clean", "metadata": {}}
{"timestamp": 1779139642, "type": "safe_tx", "device": "node-12-mixed", "metadata": {}}
{"timestamp": 1779139642, "type": "safe_tx", "device": "node-14-mixed", "metadata": {}}
{"timestamp": 1779139642, "type": "safe_tx", "device": "node-8-spammer", "metadata": {}}
{"timestamp": 1779139642, "type": "safe_tx", "device": "node-8-spammer", "metadata": {}}
{"timestamp": 1779139642, "type": "safe_tx", "device": "node-8-spammer", "metadata": {}}
{"timestamp": 1779139642, "type": "safe_tx", "device": "node-8-spammer", "metadata": {}}
{"timestamp": 1779139642, "type": "safe_tx", "device": "node-14-mixed", "metadata": {}}
{"timestamp": 1779139643, "type": "safe_tx", "device": "node-10-fuzzer", "metadata": {}}
{"timestamp": 1779139643, "type": "time_anomaly", "device": "node-13-mixed", "metadata": {}}
{"timestamp": 1779139643, "type": "safe_tx", "device": "node-1-clean", "metadata": {}}
{"timestamp": 1779139644, "type": "time_anomaly", "device": "node-7-timespoof", "metadata": {}}
{"timestamp": 1779139643, "type": "safe_tx", "device": "node-2-clean", "metadata": {}}
{"timestamp": 1779139643, "type": "safe_tx", "device": "node-1-clean", "metadata": {}}
{"timestamp": 1779139643, "type": "safe_tx", "device": "node-4-clean", "metadata": {}}
{"timestamp": 1779139643, "type": "safe_tx", "device": "node-8-spammer", "metadata": {}}
{"timestamp": 1779139643, "type": "safe_tx", "device": "node-8-spammer", "metadata": {}}
{"timestamp": 1779139643, "type": "safe_tx", "device": "node-9-stealth", "metadata": {}}
{"timestamp": 1779139643, "type": "safe_tx", "device": "node-8-spammer", "metadata": {}}
{"timestamp": 1779139643, "type": "dos_spam", "device": "node-8-spammer", "metadata": {}}
{"timestamp": 1779139643, "type": "safe_tx", "device": "node-8-spammer", "metadata": {}}
{"timestamp": 1779139644, "type": "safe_tx", "device": "node-1-clean", "metadata": {}}
{"timestamp": 1779139644, "type": "safe_tx", "device": "node-15-mixed", "metadata": {}}
{"timestamp": 1779139644, "type": "safe_tx", "device": "node-1-clean", "metadata": {}}
{"timestamp": 1779139644, "type": "safe_tx", "device": "node-10-fuzzer", "metadata": {}}
{"timestamp": 1779139644, "type": "safe_tx", "device": "node-8-spammer", "metadata": {}}
{"timestamp": 1779139644, "type": "safe_tx", "device": "node-8-spammer", "metadata": {}}
{"timestamp": 1779139645, "type": "safe_tx", "device": "node-8-spammer", "metadata": {}}
{"timestamp": 1779139645, "type": "time_anomaly", "device": "node-12-mixed", "metadata": {}}
{"timestamp": 1779139645, "type": "time_anomaly", "device": "node-15-mixed", "metadata": {}}
{"timestamp": 1779139645, "type": "safe_tx", "device": "node-10-fuzzer", "metadata": {}}
{"timestamp": 1779139645, "type": "safe_tx", "device": "node-3-clean", "metadata": {}}
{"timestamp": 1779139645, "type": "safe_tx", "device": "node-8-spammer", "metadata": {}}
{"timestamp": 1779139645, "type": "safe_tx", "device": "node-8-spammer", "metadata": {}}
{"timestamp": 1779139645, "type": "safe_tx", "device": "node-8-spammer", "metadata": {}}
{"timestamp": 1779139645, "type": "overflow", "device": "node-6-overflow", "metadata": {"count": 3, "window_sec": 30}}
{"timestamp": 1779139645, "type": "safe_tx", "device": "node-8-spammer", "metadata": {}}
{"timestamp": 1779139645, "type": "safe_tx", "device": "node-8-spammer", "metadata": {}}
{"timestamp": 1779139645, "type": "safe_tx", "device": "node-8-spammer", "metadata": {}}
{"timestamp": 1779139645, "type": "safe_tx", "device": "node-8-spammer", "metadata": {}}
{"timestamp": 1779139645, "type": "safe_tx", "device": "node-8-spammer", "metadata": {}}
{"timestamp": 1779139645, "type": "safe_tx", "device": "node-8-spammer", "metadata": {}}
{"timestamp": 1779139645, "type": "safe_tx", "device": "node-8-spammer", "metadata": {}}
{"timestamp": 1779139645, "type": "dos_spam", "device": "node-8-spammer", "metadata": {"count": 30, "window_sec": 5}}
{"timestamp": 1779139645, "type": "safe_tx", "device": "node-8-spammer", "metadata": {}}
{"timestamp": 1779139645, "type": "dos_spam", "device": "node-8-spammer", "metadata": {}}
{"timestamp": 1779139645, "type": "safe_tx", "device": "node-3-clean", "metadata": {}}
{"timestamp": 1779139645, "type": "safe_tx", "device": "node-14-mixed", "metadata": {}}
{"timestamp": 1779139645, "type": "safe_tx", "device": "node-8-spammer", "metadata": {}}
{"timestamp": 1779139645, "type": "safe_tx", "device": "node-8-spammer", "metadata": {}}
{"timestamp": 1779139645, "type": "safe_tx", "device": "node-8-spammer", "metadata": {}}
{"timestamp": 1779139645, "type": "safe_tx", "device": "node-8-spammer", "metadata": {}}
{"timestamp": 1779139645, "type": "safe_tx", "device": "node-4-clean", "metadata": {}}
{"timestamp": 1779139646, "type": "safe_tx", "device": "node-1-clean", "metadata": {}}
{"timestamp": 1779139646, "type": "time_anomaly", "device": "node-14-mixed", "metadata": {}}
{"timestamp": 1779139646, "type": "safe_tx", "device": "node-12-mixed", "metadata": {}}
{"timestamp": 1779139646, "type": "safe_tx", "device": "node-5-clean", "metadata": {}}
{"timestamp": 1779139646, "type": "safe_tx", "device": "node-3-clean", "metadata": {}}
{"timestamp": 1779139647, "type": "safe_tx", "device": "node-8-spammer", "metadata": {}}
{"timestamp": 1779139647, "type": "safe_tx", "device": "node-8-spammer", "metadata": {}}
{"timestamp": 1779139647, "type": "safe_tx", "device": "node-8-spammer", "metadata": {}}
{"timestamp": 1779139647, "type": "safe_tx", "device": "node-13-mixed", "metadata": {}}
{"timestamp": 1779139647, "type": "overflow", "device": "node-12-mixed", "metadata": {"count": 3, "window_sec": 30}}
{"timestamp": 1779139647, "type": "safe_tx", "device": "node-2-clean", "metadata": {}}
{"timestamp": 1779139647, "type": "safe_tx", "device": "node-8-spammer", "metadata": {}}
{"timestamp": 1779139647, "type": "safe_tx", "device": "node-10-fuzzer", "metadata": {}}
{"timestamp": 1779139647, "type": "safe_tx", "device": "node-4-clean", "metadata": {}}
{"timestamp": 1779139648, "type": "time_anomaly", "device": "node-14-mixed", "metadata": {}}
{"timestamp": 1779139648, "type": "safe_tx", "device": "node-15-mixed", "metadata": {}}
{"timestamp": 1779139648, "type": "time_anomaly", "device": "node-7-timespoof", "metadata": {}}
{"timestamp": 1779139648, "type": "safe_tx", "device": "node-15-mixed", "metadata": {}}
{"timestamp": 1779139648, "type": "safe_tx", "device": "node-8-spammer", "metadata": {}}
{"timestamp": 1779139648, "type": "safe_tx", "device": "node-5-clean", "metadata": {}}
{"timestamp": 1779139648, "type": "safe_tx", "device": "node-9-stealth", "metadata": {}}
{"timestamp": 1779139649, "type": "safe_tx", "device": "node-14-mixed", "metadata": {}}
{"timestamp": 1779139649, "type": "safe_tx", "device": "node-4-clean", "metadata": {}}
{"timestamp": 1779139649, "type": "safe_tx", "device": "node-2-clean", "metadata": {}}
{"timestamp": 1779139649, "type": "safe_tx", "device": "node-8-spammer", "metadata": {}}
{"timestamp": 1779139649, "type": "safe_tx", "device": "node-8-spammer", "metadata": {}}
{"timestamp": 1779139649, "type": "safe_tx", "device": "node-8-spammer", "metadata": {}}
{"timestamp": 1779139649, "type": "safe_tx", "device": "node-1-clean", "metadata": {}}
{"timestamp": 1779139649, "type": "safe_tx", "device": "node-10-fuzzer", "metadata": {}}
{"timestamp": 1779139649, "type": "safe_tx", "device": "node-9-stealth", "metadata": {}}
{"timestamp": 1779139650, "type": "safe_tx", "device": "node-3-clean", "metadata": {}}
{"timestamp": 1779139650, "type": "time_anomaly", "device": "node-13-mixed", "metadata": {}}
{"timestamp": 1779139650, "type": "safe_tx", "device": "node-8-spammer", "metadata": {}}
{"timestamp": 1779139650, "type": "safe_tx", "device": "node-8-spammer", "metadata": {}}
{"timestamp": 1779139650, "type": "safe_tx", "device": "node-8-spammer", "metadata": {}}
{"timestamp": 1779139650, "type": "safe_tx", "device": "node-8-spammer", "metadata": {}}
{"timestamp": 1779139650, "type": "safe_tx", "device": "node-8-spammer", "metadata": {}}
{"timestamp": 1779139650, "type": "safe_tx", "device": "node-12-mixed", "metadata": {}}
{"timestamp": 1779139650, "type": "safe_tx", "device": "node-8-spammer", "metadata": {}}
{"timestamp": 1779139650, "type": "safe_tx", "device": "node-11-pulsing", "metadata": {}}
{"timestamp": 1779139650, "type": "safe_tx", "device": "node-11-pulsing", "metadata": {}}
{"timestamp": 1779139650, "type": "safe_tx", "device": "node-11-pulsing", "metadata": {}}
{"timestamp": 1779139650, "type": "safe_tx", "device": "node-11-pulsing", "metadata": {}}
{"timestamp": 1779139650, "type": "safe_tx", "device": "node-11-pulsing", "metadata": {}}
{"timestamp": 1779139650, "type": "safe_tx", "device": "node-11-pulsing", "metadata": {}}
{"timestamp": 1779139650, "type": "safe_tx", "device": "node-11-pulsing", "metadata": {}}
{"timestamp": 1779139650, "type": "safe_tx", "device": "node-11-pulsing", "metadata": {}}
{"timestamp": 1779139651, "type": "safe_tx", "device": "node-11-pulsing", "metadata": {}}
{"timestamp": 1779139651, "type": "safe_tx", "device": "node-11-pulsing", "metadata": {}}
{"timestamp": 1779139651, "type": "safe_tx", "device": "node-10-fuzzer", "metadata": {}}
{"timestamp": 1779139651, "type": "safe_tx", "device": "node-11-pulsing", "metadata": {}}
{"timestamp": 1779139651, "type": "safe_tx", "device": "node-11-pulsing", "metadata": {}}
{"timestamp": 1779139651, "type": "safe_tx", "device": "node-11-pulsing", "metadata": {}}
{"timestamp": 1779139651, "type": "safe_tx", "device": "node-11-pulsing", "metadata": {}}
{"timestamp": 1779139651, "type": "safe_tx", "device": "node-11-pulsing", "metadata": {}}
{"timestamp": 1779139651, "type": "dos_spam", "device": "node-11-pulsing", "metadata": {}}
{"timestamp": 1779139651, "type": "safe_tx", "device": "node-11-pulsing", "metadata": {}}
{"timestamp": 1779139651, "type": "time_anomaly", "device": "node-7-timespoof", "metadata": {}}
{"timestamp": 1779139651, "type": "safe_tx", "device": "node-11-pulsing", "metadata": {}}
{"timestamp": 1779139651, "type": "safe_tx", "device": "node-12-mixed", "metadata": {}}
{"timestamp": 1779139651, "type": "safe_tx", "device": "node-9-stealth", "metadata": {}}
{"timestamp": 1779139651, "type": "safe_tx", "device": "node-11-pulsing", "metadata": {}}
{"timestamp": 1779139651, "type": "safe_tx", "device": "node-3-clean", "metadata": {}}
{"timestamp": 1779139651, "type": "safe_tx", "device": "node-11-pulsing", "metadata": {}}
{"timestamp": 1779139651, "type": "safe_tx", "device": "node-11-pulsing", "metadata": {}}
{"timestamp": 1779139651, "type": "safe_tx", "device": "node-8-spammer", "metadata": {}}
{"timestamp": 1779139651, "type": "safe_tx", "device": "node-8-spammer", "metadata": {}}
{"timestamp": 1779139651, "type": "safe_tx", "device": "node-8-spammer", "metadata": {}}
{"timestamp": 1779139651, "type": "safe_tx", "device": "node-8-spammer", "metadata": {}}
{"timestamp": 1779139651, "type": "safe_tx", "device": "node-8-spammer", "metadata": {}}
{"timestamp": 1779139651, "type": "safe_tx", "device": "node-1-clean", "metadata": {}}
{"timestamp": 1779139651, "type": "safe_tx", "device": "node-8-spammer", "metadata": {}}
{"timestamp": 1779139651, "type": "dos_spam", "device": "node-8-spammer", "metadata": {}}
{"timestamp": 1779139651, "type": "safe_tx", "device": "node-8-spammer", "metadata": {}}
{"timestamp": 1779139651, "type": "safe_tx", "device": "node-3-clean", "metadata": {}}
{"timestamp": 1779139651, "type": "safe_tx", "device": "node-8-spammer", "metadata": {}}
{"timestamp": 1779139651, "type": "safe_tx", "device": "node-8-spammer", "metadata": {}}
{"timestamp": 1779139651, "type": "safe_tx", "device": "node-8-spammer", "metadata": {}}
{"timestamp": 1779139652, "type": "safe_tx", "device": "node-8-spammer", "metadata": {}}
{"timestamp": 1779139652, "type": "safe_tx", "device": "node-8-spammer", "metadata": {}}
{"timestamp": 1779139652, "type": "safe_tx", "device": "node-8-spammer", "metadata": {}}
{"timestamp": 1779139652, "type": "safe_tx", "device": "node-8-spammer", "metadata": {}}
{"timestamp": 1779139652, "type": "safe_tx", "device": "node-8-spammer", "metadata": {}}
{"timestamp": 1779139652, "type": "fuzzing", "device": "node-10-fuzzer", "metadata": {}}
{"timestamp": 1779139652, "type": "safe_tx", "device": "node-4-clean", "metadata": {}}
{"timestamp": 1779139652, "type": "safe_tx", "device": "node-5-clean", "metadata": {}}
{"timestamp": 1779139652, "type": "safe_tx", "device": "node-2-clean", "metadata": {}}
{"timestamp": 1779139653, "type": "time_anomaly", "device": "node-13-mixed", "metadata": {}}
{"timestamp": 1779139653, "type": "safe_tx", "device": "node-9-stealth", "metadata": {}}
{"timestamp": 1779139653, "type": "safe_tx", "device": "node-8-spammer", "metadata": {}}
{"timestamp": 1779139653, "type": "safe_tx", "device": "node-8-spammer", "metadata": {}}
{"timestamp": 1779139653, "type": "safe_tx", "device": "node-8-spammer", "metadata": {}}
{"timestamp": 1779139653, "type": "safe_tx", "device": "node-8-spammer", "metadata": {}}
{"timestamp": 1779139653, "type": "safe_tx", "device": "node-8-spammer", "metadata": {}}
{"timestamp": 1779139653, "type": "dos_spam", "device": "node-8-spammer", "metadata": {"count": 30, "window_sec": 5}}
{"timestamp": 1779139653, "type": "safe_tx", "device": "node-8-spammer", "metadata": {}}
{"timestamp": 1779139653, "type": "dos_spam", "device": "node-8-spammer", "metadata": {}}
{"timestamp": 1779139653, "type": "safe_tx", "device": "node-8-spammer", "metadata": {}}
{"timestamp": 1779139653, "type": "safe_tx", "device": "node-8-spammer", "metadata": {}}
{"timestamp": 1779139653, "type": "safe_tx", "device": "node-12-mixed", "metadata": {}}
{"timestamp": 1779139654, "type": "safe_tx", "device": "node-13-mixed", "metadata": {}}
{"timestamp": 1779139654, "type": "safe_tx", "device": "node-10-fuzzer", "metadata": {}}
{"timestamp": 1779139654, "type": "overflow", "device": "node-15-mixed", "metadata": {"count": 3, "window_sec": 30}}
{"timestamp": 1779139655, "type": "time_anomaly", "device": "node-7-timespoof", "metadata": {}}
{"timestamp": 1779139654, "type": "safe_tx", "device": "node-3-clean", "metadata": {}}
{"timestamp": 1779139654, "type": "safe_tx", "device": "node-8-spammer", "metadata": {}}
{"timestamp": 1779139654, "type": "overflow", "device": "node-14-mixed", "metadata": {"count": 3, "window_sec": 30}}
{"timestamp": 1779139654, "type": "safe_tx", "device": "node-12-mixed", "metadata": {}}
{"timestamp": 1779139654, "type": "safe_tx", "device": "node-8-spammer", "metadata": {}}
{"timestamp": 1779139654, "type": "safe_tx", "device": "node-15-mixed", "metadata": {}}
{"timestamp": 1779139655, "type": "overflow", "device": "node-6-overflow", "metadata": {"count": 3, "window_sec": 30}}
{"timestamp": 1779139655, "type": "safe_tx", "device": "node-9-stealth", "metadata": {}}
{"timestamp": 1779139655, "type": "safe_tx", "device": "node-8-spammer", "metadata": {}}
{"timestamp": 1779139655, "type": "safe_tx", "device": "node-2-clean", "metadata": {}}
{"timestamp": 1779139655, "type": "safe_tx", "device": "node-1-clean", "metadata": {}}
{"timestamp": 1779139655, "type": "safe_tx", "device": "node-9-stealth", "metadata": {}}
{"timestamp": 1779139656, "type": "safe_tx", "device": "node-4-clean", "metadata": {}}
{"timestamp": 1779139656, "type": "safe_tx", "device": "node-10-fuzzer", "metadata": {}}
{"timestamp": 1779139656, "type": "safe_tx", "device": "node-5-clean", "metadata": {}}
{"timestamp": 1779139656, "type": "safe_tx", "device": "node-13-mixed", "metadata": {}}
{"timestamp": 1779139656, "type": "safe_tx", "device": "node-15-mixed", "metadata": {}}
{"timestamp": 1779139656, "type": "safe_tx", "device": "node-4-clean", "metadata": {}}
{"timestamp": 1779139656, "type": "safe_tx", "device": "node-12-mixed", "metadata": {}}
{"timestamp": 1779139657, "type": "time_anomaly", "device": "node-13-mixed", "metadata": {}}
{"timestamp": 1779139657, "type": "time_anomaly", "device": "node-7-timespoof", "metadata": {}}
{"timestamp": 1779139657, "type": "safe_tx", "device": "node-14-mixed", "metadata": {}}
{"timestamp": 1779139657, "type": "safe_tx", "device": "node-8-spammer", "metadata": {}}
{"timestamp": 1779139657, "type": "safe_tx", "device": "node-8-spammer", "metadata": {}}
{"timestamp": 1779139657, "type": "safe_tx", "device": "node-8-spammer", "metadata": {}}
{"timestamp": 1779139657, "type": "safe_tx", "device": "node-8-spammer", "metadata": {}}
{"timestamp": 1779139657, "type": "safe_tx", "device": "node-8-spammer", "metadata": {}}
{"timestamp": 1779139657, "type": "safe_tx", "device": "node-8-spammer", "metadata": {}}
{"timestamp": 1779139657, "type": "safe_tx", "device": "node-8-spammer", "metadata": {}}
{"timestamp": 1779139657, "type": "safe_tx", "device": "node-8-spammer", "metadata": {}}
{"timestamp": 1779139657, "type": "safe_tx", "device": "node-8-spammer", "metadata": {}}
{"timestamp": 1779139657, "type": "safe_tx", "device": "node-8-spammer", "metadata": {}}
{"timestamp": 1779139657, "type": "safe_tx", "device": "node-8-spammer", "metadata": {}}
{"timestamp": 1779139657, "type": "safe_tx", "device": "node-8-spammer", "metadata": {}}
{"timestamp": 1779139657, "type": "safe_tx", "device": "node-8-spammer", "metadata": {}}
{"timestamp": 1779139657, "type": "safe_tx", "device": "node-8-spammer", "metadata": {}}
{"timestamp": 1779139657, "type": "dos_spam", "device": "node-8-spammer", "metadata": {}}
{"timestamp": 1779139657, "type": "safe_tx", "device": "node-15-mixed", "metadata": {}}
{"timestamp": 1779139657, "type": "safe_tx", "device": "node-8-spammer", "metadata": {}}
{"timestamp": 1779139657, "type": "safe_tx", "device": "node-8-spammer", "metadata": {}}
{"timestamp": 1779139657, "type": "safe_tx", "device": "node-8-spammer", "metadata": {}}
{"timestamp": 1779139658, "type": "safe_tx", "device": "node-8-spammer", "metadata": {}}
{"timestamp": 1779139658, "type": "safe_tx", "device": "node-8-spammer", "metadata": {}}
{"timestamp": 1779139658, "type": "safe_tx", "device": "node-8-spammer", "metadata": {}}
{"timestamp": 1779139658, "type": "safe_tx", "device": "node-8-spammer", "metadata": {}}
{"timestamp": 1779139658, "type": "safe_tx", "device": "node-8-spammer", "metadata": {}}
{"timestamp": 1779139658, "type": "safe_tx", "device": "node-8-spammer", "metadata": {}}
{"timestamp": 1779139658, "type": "safe_tx", "device": "node-8-spammer", "metadata": {}}
{"timestamp": 1779139658, "type": "dos_spam", "device": "node-8-spammer", "metadata": {"count": 30, "window_sec": 5}}
{"timestamp": 1779139658, "type": "safe_tx", "device": "node-14-mixed", "metadata": {}}
{"timestamp": 1779139658, "type": "safe_tx", "device": "node-8-spammer", "metadata": {}}
{"timestamp": 1779139658, "type": "safe_tx", "device": "node-8-spammer", "metadata": {}}
{"timestamp": 1779139658, "type": "safe_tx", "device": "node-8-spammer", "metadata": {}}
{"timestamp": 1779139658, "type": "safe_tx", "device": "node-8-spammer", "metadata": {}}
{"timestamp": 1779139658, "type": "safe_tx", "device": "node-3-clean", "metadata": {}}
{"timestamp": 1779139658, "type": "safe_tx", "device": "node-1-clean", "metadata": {}}
{"timestamp": 1779139658, "type": "safe_tx", "device": "node-2-clean", "metadata": {}}
{"timestamp": 1779139658, "type": "safe_tx", "device": "node-9-stealth", "metadata": {}}
{"timestamp": 1779139658, "type": "safe_tx", "device": "node-15-mixed", "metadata": {}}
{"timestamp": 1779139659, "type": "safe_tx", "device": "node-8-spammer", "metadata": {}}
{"timestamp": 1779139659, "type": "dos_spam", "device": "node-8-spammer", "metadata": {}}
{"timestamp": 1779139659, "type": "fuzzing", "device": "node-10-fuzzer", "metadata": {}}
{"timestamp": 1779139659, "type": "safe_tx", "device": "node-8-spammer", "metadata": {}}
{"timestamp": 1779139659, "type": "safe_tx", "device": "node-8-spammer", "metadata": {}}
{"timestamp": 1779139659, "type": "time_anomaly", "device": "node-13-mixed", "metadata": {}}
{"timestamp": 1779139659, "type": "safe_tx", "device": "node-3-clean", "metadata": {}}
{"timestamp": 1779139659, "type": "safe_tx", "device": "node-14-mixed", "metadata": {}}
{"timestamp": 1779139659, "type": "safe_tx", "device": "node-2-clean", "metadata": {}}
{"timestamp": 1779139659, "type": "safe_tx", "device": "node-5-clean", "metadata": {}}
{"timestamp": 1779139659, "type": "safe_tx", "device": "node-4-clean", "metadata": {}}
{"timestamp": 1779139660, "type": "safe_tx", "device": "node-4-clean", "metadata": {}}
{"timestamp": 1779139660, "type": "safe_tx", "device": "node-2-clean", "metadata": {}}
{"timestamp": 1779139660, "type": "fuzzing", "device": "node-10-fuzzer", "metadata": {}}
{"timestamp": 1779139660, "type": "overflow", "device": "node-9-stealth", "metadata": {"count": 3, "window_sec": 30}}
{"timestamp": 1779139660, "type": "safe_tx", "device": "node-8-spammer", "metadata": {}}
{"timestamp": 1779139660, "type": "safe_tx", "device": "node-8-spammer", "metadata": {}}
{"timestamp": 1779139660, "type": "safe_tx", "device": "node-8-spammer", "metadata": {}}
{"timestamp": 1779139660, "type": "safe_tx", "device": "node-8-spammer", "metadata": {}}
{"timestamp": 1779139660, "type": "safe_tx", "device": "node-8-spammer", "metadata": {}}
{"timestamp": 1779139660, "type": "safe_tx", "device": "node-8-spammer", "metadata": {}}
{"timestamp": 1779139660, "type": "safe_tx", "device": "node-8-spammer", "metadata": {}}
{"timestamp": 1779139660, "type": "safe_tx", "device": "node-8-spammer", "metadata": {}}
{"timestamp": 1779139661, "type": "safe_tx", "device": "node-15-mixed", "metadata": {}}
{"timestamp": 1779139661, "type": "time_anomaly", "device": "node-13-mixed", "metadata": {}}
{"timestamp": 1779139661, "type": "time_anomaly", "device": "node-14-mixed", "metadata": {}}
{"timestamp": 1779139661, "type": "safe_tx", "device": "node-3-clean", "metadata": {}}
{"timestamp": 1779139661, "type": "safe_tx", "device": "node-8-spammer", "metadata": {}}
{"timestamp": 1779139661, "type": "safe_tx", "device": "node-1-clean", "metadata": {}}
{"timestamp": 1779139662, "type": "time_anomaly", "device": "node-14-mixed", "metadata": {}}
{"timestamp": 1779139661, "type": "safe_tx", "device": "node-5-clean", "metadata": {}}
{"timestamp": 1779139662, "type": "safe_tx", "device": "node-9-stealth", "metadata": {}}
{"timestamp": 1779139662, "type": "overflow", "device": "node-6-overflow", "metadata": {"count": 3, "window_sec": 30}}
{"timestamp": 1779139662, "type": "time_anomaly", "device": "node-15-mixed", "metadata": {}}
{"timestamp": 1779139662, "type": "fuzzing", "device": "node-10-fuzzer", "metadata": {}}
{"timestamp": 1779139663, "type": "time_anomaly", "device": "node-7-timespoof", "metadata": {}}
{"timestamp": 1779139662, "type": "safe_tx", "device": "node-5-clean", "metadata": {}}
{"timestamp": 1779139663, "type": "safe_tx", "device": "node-8-spammer", "metadata": {}}
{"timestamp": 1779139663, "type": "safe_tx", "device": "node-8-spammer", "metadata": {}}
{"timestamp": 1779139663, "type": "safe_tx", "device": "node-8-spammer", "metadata": {}}
{"timestamp": 1779139663, "type": "safe_tx", "device": "node-8-spammer", "metadata": {}}
{"timestamp": 1779139663, "type": "safe_tx", "device": "node-8-spammer", "metadata": {}}
{"timestamp": 1779139663, "type": "safe_tx", "device": "node-12-mixed", "metadata": {}}
{"timestamp": 1779139663, "type": "safe_tx", "device": "node-2-clean", "metadata": {}}
{"timestamp": 1779139663, "type": "safe_tx", "device": "node-9-stealth", "metadata": {}}
{"timestamp": 1779139663, "type": "fuzzing", "device": "node-10-fuzzer", "metadata": {}}
{"timestamp": 1779139664, "type": "safe_tx", "device": "node-8-spammer", "metadata": {}}
{"timestamp": 1779139664, "type": "overflow", "device": "node-10-fuzzer", "metadata": {"count": 3, "window_sec": 30}}
{"timestamp": 1779139664, "type": "safe_tx", "device": "node-13-mixed", "metadata": {}}
{"timestamp": 1779139664, "type": "safe_tx", "device": "node-14-mixed", "metadata": {}}
{"timestamp": 1779139664, "type": "safe_tx", "device": "node-12-mixed", "metadata": {}}
{"timestamp": 1779139665, "type": "safe_tx", "device": "node-8-spammer", "metadata": {}}
{"timestamp": 1779139665, "type": "safe_tx", "device": "node-8-spammer", "metadata": {}}
{"timestamp": 1779139665, "type": "safe_tx", "device": "node-8-spammer", "metadata": {}}
{"timestamp": 1779139665, "type": "safe_tx", "device": "node-15-mixed", "metadata": {}}
{"timestamp": 1779139665, "type": "safe_tx", "device": "node-8-spammer", "metadata": {}}
{"timestamp": 1779139665, "type": "safe_tx", "device": "node-8-spammer", "metadata": {}}
{"timestamp": 1779139665, "type": "safe_tx", "device": "node-4-clean", "metadata": {}}
{"timestamp": 1779139665, "type": "safe_tx", "device": "node-8-spammer", "metadata": {}}
{"timestamp": 1779139665, "type": "safe_tx", "device": "node-8-spammer", "metadata": {}}
{"timestamp": 1779139665, "type": "safe_tx", "device": "node-8-spammer", "metadata": {}}
{"timestamp": 1779139665, "type": "safe_tx", "device": "node-8-spammer", "metadata": {}}
{"timestamp": 1779139665, "type": "dos_spam", "device": "node-8-spammer", "metadata": {}}
{"timestamp": 1779139665, "type": "safe_tx", "device": "node-3-clean", "metadata": {}}
{"timestamp": 1779139665, "type": "safe_tx", "device": "node-8-spammer", "metadata": {}}
{"timestamp": 1779139665, "type": "time_anomaly", "device": "node-7-timespoof", "metadata": {}}
{"timestamp": 1779139665, "type": "safe_tx", "device": "node-8-spammer", "metadata": {}}
{"timestamp": 1779139665, "type": "safe_tx", "device": "node-10-fuzzer", "metadata": {}}
{"timestamp": 1779139665, "type": "safe_tx", "device": "node-1-clean", "metadata": {}}
{"timestamp": 1779139665, "type": "safe_tx", "device": "node-4-clean", "metadata": {}}
{"timestamp": 1779139665, "type": "safe_tx", "device": "node-2-clean", "metadata": {}}
{"timestamp": 1779139666, "type": "safe_tx", "device": "node-1-clean", "metadata": {}}
{"timestamp": 1779139666, "type": "safe_tx", "device": "node-8-spammer", "metadata": {}}
{"timestamp": 1779139666, "type": "safe_tx", "device": "node-8-spammer", "metadata": {}}
{"timestamp": 1779139666, "type": "safe_tx", "device": "node-8-spammer", "metadata": {}}
{"timestamp": 1779139666, "type": "safe_tx", "device": "node-8-spammer", "metadata": {}}
{"timestamp": 1779139666, "type": "safe_tx", "device": "node-8-spammer", "metadata": {}}
{"timestamp": 1779139666, "type": "safe_tx", "device": "node-8-spammer", "metadata": {}}
{"timestamp": 1779139666, "type": "safe_tx", "device": "node-8-spammer", "metadata": {}}
{"timestamp": 1779139666, "type": "safe_tx", "device": "node-8-spammer", "metadata": {}}
{"timestamp": 1779139666, "type": "safe_tx", "device": "node-8-spammer", "metadata": {}}
{"timestamp": 1779139666, "type": "safe_tx", "device": "node-8-spammer", "metadata": {}}
{"timestamp": 1779139666, "type": "safe_tx", "device": "node-8-spammer", "metadata": {}}
{"timestamp": 1779139666, "type": "safe_tx", "device": "node-8-spammer", "metadata": {}}
{"timestamp": 1779139666, "type": "dos_spam", "device": "node-8-spammer", "metadata": {"count": 30, "window_sec": 5}}
{"timestamp": 1779139666, "type": "safe_tx", "device": "node-8-spammer", "metadata": {}}
{"timestamp": 1779139666, "type": "dos_spam", "device": "node-8-spammer", "metadata": {}}
{"timestamp": 1779139666, "type": "safe_tx", "device": "node-8-spammer", "metadata": {}}
{"timestamp": 1779139666, "type": "safe_tx", "device": "node-9-stealth", "metadata": {}}
{"timestamp": 1779139667, "type": "time_anomaly", "device": "node-14-mixed", "metadata": {}}
{"timestamp": 1779139666, "type": "safe_tx", "device": "node-5-clean", "metadata": {}}
{"timestamp": 1779139667, "type": "safe_tx", "device": "node-2-clean", "metadata": {}}
{"timestamp": 1779139667, "type": "safe_tx", "device": "node-15-mixed", "metadata": {}}
{"timestamp": 1779139667, "type": "safe_tx", "device": "node-13-mixed", "metadata": {}}
{"timestamp": 1779139667, "type": "safe_tx", "device": "node-8-spammer", "metadata": {}}
{"timestamp": 1779139667, "type": "safe_tx", "device": "node-8-spammer", "metadata": {}}
{"timestamp": 1779139668, "type": "safe_tx", "device": "node-8-spammer", "metadata": {}}
{"timestamp": 1779139668, "type": "safe_tx", "device": "node-8-spammer", "metadata": {}}
{"timestamp": 1779139668, "type": "safe_tx", "device": "node-8-spammer", "metadata": {}}
{"timestamp": 1779139668, "type": "safe_tx", "device": "node-8-spammer", "metadata": {}}
{"timestamp": 1779139668, "type": "time_anomaly", "device": "node-12-mixed", "metadata": {}}
{"timestamp": 1779139668, "type": "safe_tx", "device": "node-8-spammer", "metadata": {}}
{"timestamp": 1779139668, "type": "safe_tx", "device": "node-8-spammer", "metadata": {}}
{"timestamp": 1779139668, "type": "safe_tx", "device": "node-8-spammer", "metadata": {}}
{"timestamp": 1779139668, "type": "safe_tx", "device": "node-8-spammer", "metadata": {}}
{"timestamp": 1779139668, "type": "safe_tx", "device": "node-8-spammer", "metadata": {}}
{"timestamp": 1779139668, "type": "safe_tx", "device": "node-8-spammer", "metadata": {}}
{"timestamp": 1779139668, "type": "safe_tx", "device": "node-8-spammer", "metadata": {}}
{"timestamp": 1779139668, "type": "safe_tx", "device": "node-10-fuzzer", "metadata": {}}
{"timestamp": 1779139668, "type": "safe_tx", "device": "node-8-spammer", "metadata": {}}
{"timestamp": 1779139668, "type": "dos_spam", "device": "node-8-spammer", "metadata": {}}
{"timestamp": 1779139668, "type": "safe_tx", "device": "node-8-spammer", "metadata": {}}
{"timestamp": 1779139668, "type": "safe_tx", "device": "node-8-spammer", "metadata": {}}
{"timestamp": 1779139668, "type": "safe_tx", "device": "node-3-clean", "metadata": {}}
{"timestamp": 1779139668, "type": "safe_tx", "device": "node-5-clean", "metadata": {}}
{"timestamp": 1779139669, "type": "safe_tx", "device": "node-4-clean", "metadata": {}}
{"timestamp": 1779139669, "type": "safe_tx", "device": "node-14-mixed", "metadata": {}}
{"timestamp": 1779139669, "type": "safe_tx", "device": "node-1-clean", "metadata": {}}
{"timestamp": 1779139669, "type": "fuzzing", "device": "node-10-fuzzer", "metadata": {}}
{"timestamp": 1779139669, "type": "safe_tx", "device": "node-8-spammer", "metadata": {}}
{"timestamp": 1779139669, "type": "safe_tx", "device": "node-8-spammer", "metadata": {}}
{"timestamp": 1779139669, "type": "safe_tx", "device": "node-8-spammer", "metadata": {}}
{"timestamp": 1779139669, "type": "safe_tx", "device": "node-8-spammer", "metadata": {}}
{"timestamp": 1779139669, "type": "safe_tx", "device": "node-8-spammer", "metadata": {}}
{"timestamp": 1779139669, "type": "safe_tx", "device": "node-8-spammer", "metadata": {}}
{"timestamp": 1779139669, "type": "safe_tx", "device": "node-13-mixed", "metadata": {}}
{"timestamp": 1779139669, "type": "safe_tx", "device": "node-8-spammer", "metadata": {}}
{"timestamp": 1779139669, "type": "safe_tx", "device": "node-8-spammer", "metadata": {}}
{"timestamp": 1779139669, "type": "safe_tx", "device": "node-8-spammer", "metadata": {}}
{"timestamp": 1779139669, "type": "safe_tx", "device": "node-8-spammer", "metadata": {}}
{"timestamp": 1779139669, "type": "safe_tx", "device": "node-8-spammer", "metadata": {}}
{"timestamp": 1779139670, "type": "safe_tx", "device": "node-9-stealth", "metadata": {}}
{"timestamp": 1779139670, "type": "time_anomaly", "device": "node-13-mixed", "metadata": {}}
{"timestamp": 1779139670, "type": "safe_tx", "device": "node-4-clean", "metadata": {}}
{"timestamp": 1779139671, "type": "time_anomaly", "device": "node-7-timespoof", "metadata": {}}
{"timestamp": 1779139671, "type": "time_anomaly", "device": "node-12-mixed", "metadata": {}}
{"timestamp": 1779139671, "type": "safe_tx", "device": "node-8-spammer", "metadata": {}}
{"timestamp": 1779139671, "type": "dos_spam", "device": "node-8-spammer", "metadata": {"count": 30, "window_sec": 5}}
{"timestamp": 1779139671, "type": "overflow", "device": "node-6-overflow", "metadata": {"count": 3, "window_sec": 30}}
{"timestamp": 1779139671, "type": "safe_tx", "device": "node-8-spammer", "metadata": {}}
{"timestamp": 1779139671, "type": "safe_tx", "device": "node-5-clean", "metadata": {}}
{"timestamp": 1779139671, "type": "safe_tx", "device": "node-1-clean", "metadata": {}}
{"timestamp": 1779139672, "type": "time_anomaly", "device": "node-15-mixed", "metadata": {}}
{"timestamp": 1779139671, "type": "safe_tx", "device": "node-13-mixed", "metadata": {}}
{"timestamp": 1779139671, "type": "fuzzing", "device": "node-10-fuzzer", "metadata": {}}
{"timestamp": 1779139672, "type": "safe_tx", "device": "node-12-mixed", "metadata": {}}
{"timestamp": 1779139672, "type": "safe_tx", "device": "node-9-stealth", "metadata": {}}
{"timestamp": 1779139672, "type": "safe_tx", "device": "node-14-mixed", "metadata": {}}
{"timestamp": 1779139672, "type": "safe_tx", "device": "node-3-clean", "metadata": {}}
{"timestamp": 1779139672, "type": "safe_tx", "device": "node-2-clean", "metadata": {}}
{"timestamp": 1779139673, "type": "time_anomaly", "device": "node-7-timespoof", "metadata": {}}
{"timestamp": 1779139673, "type": "safe_tx", "device": "node-8-spammer", "metadata": {}}
{"timestamp": 1779139673, "type": "safe_tx", "device": "node-8-spammer", "metadata": {}}
{"timestamp": 1779139673, "type": "safe_tx", "device": "node-8-spammer", "metadata": {}}
{"timestamp": 1779139673, "type": "safe_tx", "device": "node-8-spammer", "metadata": {}}
{"timestamp": 1779139673, "type": "safe_tx", "device": "node-8-spammer", "metadata": {}}
{"timestamp": 1779139673, "type": "safe_tx", "device": "node-8-spammer", "metadata": {}}
{"timestamp": 1779139673, "type": "safe_tx", "device": "node-8-spammer", "metadata": {}}
{"timestamp": 1779139673, "type": "safe_tx", "device": "node-13-mixed", "metadata": {}}
{"timestamp": 1779139673, "type": "safe_tx", "device": "node-8-spammer", "metadata": {}}
{"timestamp": 1779139673, "type": "safe_tx", "device": "node-3-clean", "metadata": {}}
{"timestamp": 1779139673, "type": "fuzzing", "device": "node-10-fuzzer", "metadata": {}}
{"timestamp": 1779139673, "type": "safe_tx", "device": "node-5-clean", "metadata": {}}
{"timestamp": 1779139674, "type": "safe_tx", "device": "node-1-clean", "metadata": {}}
{"timestamp": 1779139674, "type": "safe_tx", "device": "node-10-fuzzer", "metadata": {}}
{"timestamp": 1779139674, "type": "safe_tx", "device": "node-12-mixed", "metadata": {}}
{"timestamp": 1779139674, "type": "safe_tx", "device": "node-9-stealth", "metadata": {}}
{"timestamp": 1779139674, "type": "safe_tx", "device": "node-4-clean", "metadata": {}}
{"timestamp": 1779139674, "type": "safe_tx", "device": "node-15-mixed", "metadata": {}}
{"timestamp": 1779139674, "type": "safe_tx", "device": "node-8-spammer", "metadata": {}}
{"timestamp": 1779139674, "type": "safe_tx", "device": "node-14-mixed", "metadata": {}}
{"timestamp": 1779139674, "type": "safe_tx", "device": "node-8-spammer", "metadata": {}}
{"timestamp": 1779139674, "type": "safe_tx", "device": "node-8-spammer", "metadata": {}}
{"timestamp": 1779139674, "type": "safe_tx", "device": "node-8-spammer", "metadata": {}}
{"timestamp": 1779139674, "type": "safe_tx", "device": "node-8-spammer", "metadata": {}}
{"timestamp": 1779139674, "type": "safe_tx", "device": "node-8-spammer", "metadata": {}}
{"timestamp": 1779139674, "type": "safe_tx", "device": "node-8-spammer", "metadata": {}}
{"timestamp": 1779139674, "type": "dos_spam", "device": "node-8-spammer", "metadata": {}}
{"timestamp": 1779139675, "type": "time_anomaly", "device": "node-15-mixed", "metadata": {}}
{"timestamp": 1779139675, "type": "safe_tx", "device": "node-8-spammer", "metadata": {}}
{"timestamp": 1779139675, "type": "safe_tx", "device": "node-8-spammer", "metadata": {}}
{"timestamp": 1779139675, "type": "safe_tx", "device": "node-8-spammer", "metadata": {}}
{"timestamp": 1779139675, "type": "safe_tx", "device": "node-13-mixed", "metadata": {}}
{"timestamp": 1779139675, "type": "safe_tx", "device": "node-8-spammer", "metadata": {}}
{"timestamp": 1779139675, "type": "safe_tx", "device": "node-1-clean", "metadata": {}}
{"timestamp": 1779139675, "type": "safe_tx", "device": "node-10-fuzzer", "metadata": {}}
{"timestamp": 1779139675, "type": "safe_tx", "device": "node-8-spammer", "metadata": {}}
{"timestamp": 1779139675, "type": "safe_tx", "device": "node-8-spammer", "metadata": {}}
{"timestamp": 1779139675, "type": "safe_tx", "device": "node-8-spammer", "metadata": {}}
{"timestamp": 1779139675, "type": "safe_tx", "device": "node-8-spammer", "metadata": {}}
{"timestamp": 1779139675, "type": "safe_tx", "device": "node-8-spammer", "metadata": {}}
{"timestamp": 1779139675, "type": "time_anomaly", "device": "node-7-timespoof", "metadata": {}}
{"timestamp": 1779139675, "type": "safe_tx", "device": "node-8-spammer", "metadata": {}}
{"timestamp": 1779139675, "type": "safe_tx", "device": "node-8-spammer", "metadata": {}}
{"timestamp": 1779139675, "type": "safe_tx", "device": "node-8-spammer", "metadata": {}}
{"timestamp": 1779139675, "type": "safe_tx", "device": "node-8-spammer", "metadata": {}}
{"timestamp": 1779139675, "type": "safe_tx", "device": "node-8-spammer", "metadata": {}}
{"timestamp": 1779139675, "type": "dos_spam", "device": "node-8-spammer", "metadata": {"count": 30, "window_sec": 5}}
{"timestamp": 1779139675, "type": "safe_tx", "device": "node-8-spammer", "metadata": {}}
{"timestamp": 1779139675, "type": "dos_spam", "device": "node-8-spammer", "metadata": {}}
{"timestamp": 1779139675, "type": "safe_tx", "device": "node-8-spammer", "metadata": {}}
{"timestamp": 1779139675, "type": "safe_tx", "device": "node-8-spammer", "metadata": {}}
{"timestamp": 1779139675, "type": "safe_tx", "device": "node-3-clean", "metadata": {}}
{"timestamp": 1779139675, "type": "safe_tx", "device": "node-8-spammer", "metadata": {}}
{"timestamp": 1779139675, "type": "safe_tx", "device": "node-8-spammer", "metadata": {}}
{"timestamp": 1779139675, "type": "safe_tx", "device": "node-8-spammer", "metadata": {}}
{"timestamp": 1779139675, "type": "safe_tx", "device": "node-4-clean", "metadata": {}}
{"timestamp": 1779139675, "type": "fuzzing", "device": "node-10-fuzzer", "metadata": {}}
{"timestamp": 1779139676, "type": "safe_tx", "device": "node-8-spammer", "metadata": {}}
{"timestamp": 1779139676, "type": "safe_tx", "device": "node-8-spammer", "metadata": {}}
{"timestamp": 1779139676, "type": "safe_tx", "device": "node-8-spammer", "metadata": {}}
{"timestamp": 1779139676, "type": "safe_tx", "device": "node-8-spammer", "metadata": {}}
{"timestamp": 1779139676, "type": "safe_tx", "device": "node-5-clean", "metadata": {}}
{"timestamp": 1779139676, "type": "safe_tx", "device": "node-2-clean", "metadata": {}}
{"timestamp": 1779139677, "type": "time_anomaly", "device": "node-14-mixed", "metadata": {}}
{"timestamp": 1779139677, "type": "safe_tx", "device": "node-8-spammer", "metadata": {}}
{"timestamp": 1779139677, "type": "fuzzing", "device": "node-10-fuzzer", "metadata": {}}
{"timestamp": 1779139677, "type": "safe_tx", "device": "node-8-spammer", "metadata": {}}
{"timestamp": 1779139677, "type": "safe_tx", "device": "node-8-spammer", "metadata": {}}
{"timestamp": 1779139677, "type": "safe_tx", "device": "node-3-clean", "metadata": {}}
{"timestamp": 1779139677, "type": "safe_tx", "device": "node-12-mixed", "metadata": {}}
{"timestamp": 1779139677, "type": "safe_tx", "device": "node-2-clean", "metadata": {}}
{"timestamp": 1779139678, "type": "safe_tx", "device": "node-1-clean", "metadata": {}}
{"timestamp": 1779139678, "type": "safe_tx", "device": "node-4-clean", "metadata": {}}
{"timestamp": 1779139678, "type": "safe_tx", "device": "node-8-spammer", "metadata": {}}
{"timestamp": 1779139678, "type": "safe_tx", "device": "node-8-spammer", "metadata": {}}
{"timestamp": 1779139678, "type": "safe_tx", "device": "node-8-spammer", "metadata": {}}
{"timestamp": 1779139678, "type": "safe_tx", "device": "node-10-fuzzer", "metadata": {}}
{"timestamp": 1779139678, "type": "safe_tx", "device": "node-8-spammer", "metadata": {}}
{"timestamp": 1779139678, "type": "safe_tx", "device": "node-11-pulsing", "metadata": {}}
{"timestamp": 1779139678, "type": "safe_tx", "device": "node-8-spammer", "metadata": {}}
{"timestamp": 1779139678, "type": "safe_tx", "device": "node-8-spammer", "metadata": {}}
{"timestamp": 1779139678, "type": "time_anomaly", "device": "node-15-mixed", "metadata": {}}
{"timestamp": 1779139678, "type": "safe_tx", "device": "node-11-pulsing", "metadata": {}}
{"timestamp": 1779139678, "type": "safe_tx", "device": "node-1-clean", "metadata": {}}
{"timestamp": 1779139678, "type": "safe_tx", "device": "node-8-spammer", "metadata": {}}
{"timestamp": 1779139678, "type": "safe_tx", "device": "node-8-spammer", "metadata": {}}
{"timestamp": 1779139678, "type": "dos_spam", "device": "node-8-spammer", "metadata": {}}
{"timestamp": 1779139678, "type": "safe_tx", "device": "node-11-pulsing", "metadata": {}}
{"timestamp": 1779139678, "type": "safe_tx", "device": "node-8-spammer", "metadata": {}}
{"timestamp": 1779139678, "type": "safe_tx", "device": "node-8-spammer", "metadata": {}}
{"timestamp": 1779139678, "type": "safe_tx", "device": "node-8-spammer", "metadata": {}}
{"timestamp": 1779139678, "type": "safe_tx", "device": "node-11-pulsing", "metadata": {}}
{"timestamp": 1779139678, "type": "safe_tx", "device": "node-8-spammer", "metadata": {}}
{"timestamp": 1779139678, "type": "safe_tx", "device": "node-11-pulsing", "metadata": {}}
{"timestamp": 1779139678, "type": "safe_tx", "device": "node-8-spammer", "metadata": {}}
{"timestamp": 1779139678, "type": "safe_tx", "device": "node-11-pulsing", "metadata": {}}
{"timestamp": 1779139678, "type": "safe_tx", "device": "node-11-pulsing", "metadata": {}}
{"timestamp": 1779139678, "type": "safe_tx", "device": "node-11-pulsing", "metadata": {}}
{"timestamp": 1779139678, "type": "safe_tx", "device": "node-11-pulsing", "metadata": {}}
{"timestamp": 1779139678, "type": "safe_tx", "device": "node-11-pulsing", "metadata": {}}
{"timestamp": 1779139678, "type": "safe_tx", "device": "node-11-pulsing", "metadata": {}}
{"timestamp": 1779139678, "type": "safe_tx", "device": "node-11-pulsing", "metadata": {}}
{"timestamp": 1779139678, "type": "safe_tx", "device": "node-2-clean", "metadata": {}}
{"timestamp": 1779139679, "type": "safe_tx", "device": "node-13-mixed", "metadata": {}}
{"timestamp": 1779139679, "type": "safe_tx", "device": "node-11-pulsing", "metadata": {}}
{"timestamp": 1779139679, "type": "safe_tx", "device": "node-11-pulsing", "metadata": {}}
{"timestamp": 1779139679, "type": "safe_tx", "device": "node-11-pulsing", "metadata": {}}
{"timestamp": 1779139679, "type": "dos_spam", "device": "node-11-pulsing", "metadata": {}}
{"timestamp": 1779139679, "type": "safe_tx", "device": "node-11-pulsing", "metadata": {}}
{"timestamp": 1779139679, "type": "safe_tx", "device": "node-8-spammer", "metadata": {}}
{"timestamp": 1779139679, "type": "safe_tx", "device": "node-8-spammer", "metadata": {}}
{"timestamp": 1779139679, "type": "safe_tx", "device": "node-11-pulsing", "metadata": {}}
{"timestamp": 1779139679, "type": "safe_tx", "device": "node-11-pulsing", "metadata": {}}
{"timestamp": 1779139679, "type": "safe_tx", "device": "node-11-pulsing", "metadata": {}}
{"timestamp": 1779139679, "type": "safe_tx", "device": "node-3-clean", "metadata": {}}
{"timestamp": 1779139679, "type": "safe_tx", "device": "node-11-pulsing", "metadata": {}}
{"timestamp": 1779139679, "type": "safe_tx", "device": "node-12-mixed", "metadata": {}}
{"timestamp": 1779139679, "type": "safe_tx", "device": "node-6-overflow", "metadata": {}}
{"timestamp": 1779139679, "type": "safe_tx", "device": "node-8-spammer", "metadata": {}}
{"timestamp": 1779139679, "type": "safe_tx", "device": "node-8-spammer", "metadata": {}}
{"timestamp": 1779139679, "type": "dos_spam", "device": "node-8-spammer", "metadata": {"count": 30, "window_sec": 5}}
{"timestamp": 1779139679, "type": "safe_tx", "device": "node-8-spammer", "metadata": {}}
{"timestamp": 1779139679, "type": "safe_tx", "device": "node-8-spammer", "metadata": {}}
{"timestamp": 1779139679, "type": "safe_tx", "device": "node-8-spammer", "metadata": {}}
{"timestamp": 1779139679, "type": "safe_tx", "device": "node-8-spammer", "metadata": {}}
{"timestamp": 1779139679, "type": "safe_tx", "device": "node-8-spammer", "metadata": {}}
{"timestamp": 1779139679, "type": "safe_tx", "device": "node-8-spammer", "metadata": {}}
{"timestamp": 1779139679, "type": "dos_spam", "device": "node-8-spammer", "metadata": {}}
{"timestamp": 1779139680, "type": "safe_tx", "device": "node-8-spammer", "metadata": {}}
{"timestamp": 1779139680, "type": "safe_tx", "device": "node-8-spammer", "metadata": {}}
{"timestamp": 1779139680, "type": "fuzzing", "device": "node-10-fuzzer", "metadata": {}}
{"timestamp": 1779139680, "type": "safe_tx", "device": "node-8-spammer", "metadata": {}}
{"timestamp": 1779139680, "type": "safe_tx", "device": "node-8-spammer", "metadata": {}}
{"timestamp": 1779139680, "type": "safe_tx", "device": "node-8-spammer", "metadata": {}}
{"timestamp": 1779139680, "type": "safe_tx", "device": "node-8-spammer", "metadata": {}}
{"timestamp": 1779139680, "type": "safe_tx", "device": "node-8-spammer", "metadata": {}}
{"timestamp": 1779139680, "type": "safe_tx", "device": "node-8-spammer", "metadata": {}}
{"timestamp": 1779139680, "type": "safe_tx", "device": "node-8-spammer", "metadata": {}}
{"timestamp": 1779139680, "type": "safe_tx", "device": "node-3-clean", "metadata": {}}
{"timestamp": 1779139680, "type": "safe_tx", "device": "node-8-spammer", "metadata": {}}
{"timestamp": 1779139680, "type": "safe_tx", "device": "node-5-clean", "metadata": {}}
{"timestamp": 1779139680, "type": "safe_tx", "device": "node-8-spammer", "metadata": {}}
{"timestamp": 1779139680, "type": "safe_tx", "device": "node-8-spammer", "metadata": {}}
{"timestamp": 1779139680, "type": "safe_tx", "device": "node-8-spammer", "metadata": {}}
{"timestamp": 1779139680, "type": "safe_tx", "device": "node-8-spammer", "metadata": {}}
{"timestamp": 1779139680, "type": "time_anomaly", "device": "node-7-timespoof", "metadata": {}}
{"timestamp": 1779139680, "type": "safe_tx", "device": "node-2-clean", "metadata": {}}
{"timestamp": 1779139680, "type": "safe_tx", "device": "node-9-stealth", "metadata": {}}
{"timestamp": 1779139681, "type": "safe_tx", "device": "node-14-mixed", "metadata": {}}
{"timestamp": 1779139681, "type": "fuzzing", "device": "node-10-fuzzer", "metadata": {}}
{"timestamp": 1779139681, "type": "safe_tx", "device": "node-4-clean", "metadata": {}}
{"timestamp": 1779139681, "type": "safe_tx", "device": "node-8-spammer", "metadata": {}}
{"timestamp": 1779139681, "type": "dos_spam", "device": "node-8-spammer", "metadata": {}}
{"timestamp": 1779139681, "type": "time_anomaly", "device": "node-13-mixed", "metadata": {}}
{"timestamp": 1779139681, "type": "safe_tx", "device": "node-8-spammer", "metadata": {}}
{"timestamp": 1779139681, "type": "safe_tx", "device": "node-8-spammer", "metadata": {}}
{"timestamp": 1779139681, "type": "safe_tx", "device": "node-8-spammer", "metadata": {}}
{"timestamp": 1779139681, "type": "safe_tx", "device": "node-8-spammer", "metadata": {}}
{"timestamp": 1779139681, "type": "safe_tx", "device": "node-8-spammer", "metadata": {}}
{"timestamp": 1779139681, "type": "safe_tx", "device": "node-8-spammer", "metadata": {}}
{"timestamp": 1779139681, "type": "safe_tx", "device": "node-1-clean", "metadata": {}}
{"timestamp": 1779139681, "type": "safe_tx", "device": "node-8-spammer", "metadata": {}}
{"timestamp": 1779139681, "type": "safe_tx", "device": "node-4-clean", "metadata": {}}
{"timestamp": 1779139681, "type": "safe_tx", "device": "node-3-clean", "metadata": {}}
{"timestamp": 1779139681, "type": "overflow", "device": "node-6-overflow", "metadata": {"count": 3, "window_sec": 30}}
{"timestamp": 1779139682, "type": "safe_tx", "device": "node-15-mixed", "metadata": {}}
{"timestamp": 1779139682, "type": "safe_tx", "device": "node-14-mixed", "metadata": {}}
{"timestamp": 1779139683, "type": "overflow", "device": "node-10-fuzzer", "metadata": {"count": 3, "window_sec": 30}}
{"timestamp": 1779139683, "type": "time_anomaly", "device": "node-7-timespoof", "metadata": {}}
{"timestamp": 1779139683, "type": "time_anomaly", "device": "node-14-mixed", "metadata": {}}
{"timestamp": 1779139683, "type": "safe_tx", "device": "node-8-spammer", "metadata": {}}
{"timestamp": 1779139683, "type": "safe_tx", "device": "node-8-spammer", "metadata": {}}
{"timestamp": 1779139683, "type": "dos_spam", "device": "node-8-spammer", "metadata": {"count": 30, "window_sec": 5}}
{"timestamp": 1779139683, "type": "safe_tx", "device": "node-12-mixed", "metadata": {}}
{"timestamp": 1779139683, "type": "safe_tx", "device": "node-9-stealth", "metadata": {}}
{"timestamp": 1779139683, "type": "safe_tx", "device": "node-5-clean", "metadata": {}}
{"timestamp": 1779139684, "type": "safe_tx", "device": "node-4-clean", "metadata": {}}
{"timestamp": 1779139684, "type": "safe_tx", "device": "node-13-mixed", "metadata": {}}
{"timestamp": 1779139684, "type": "safe_tx", "device": "node-10-fuzzer", "metadata": {}}
{"timestamp": 1779139684, "type": "safe_tx", "device": "node-1-clean", "metadata": {}}
{"timestamp": 1779139684, "type": "safe_tx", "device": "node-2-clean", "metadata": {}}
{"timestamp": 1779139684, "type": "safe_tx", "device": "node-14-mixed", "metadata": {}}
{"timestamp": 1779139685, "type": "safe_tx", "device": "node-8-spammer", "metadata": {}}
{"timestamp": 1779139685, "type": "time_anomaly", "device": "node-15-mixed", "metadata": {}}
{"timestamp": 1779139685, "type": "safe_tx", "device": "node-3-clean", "metadata": {}}
{"timestamp": 1779139685, "type": "safe_tx", "device": "node-13-mixed", "metadata": {}}
{"timestamp": 1779139686, "type": "time_anomaly", "device": "node-7-timespoof", "metadata": {}}
{"timestamp": 1779139686, "type": "safe_tx", "device": "node-3-clean", "metadata": {}}
{"timestamp": 1779139686, "type": "safe_tx", "device": "node-2-clean", "metadata": {}}
{"timestamp": 1779139686, "type": "safe_tx", "device": "node-5-clean", "metadata": {}}
{"timestamp": 1779139686, "type": "safe_tx", "device": "node-15-mixed", "metadata": {}}
{"timestamp": 1779139686, "type": "safe_tx", "device": "node-8-spammer", "metadata": {}}
{"timestamp": 1779139686, "type": "safe_tx", "device": "node-8-spammer", "metadata": {}}
{"timestamp": 1779139686, "type": "safe_tx", "device": "node-8-spammer", "metadata": {}}
{"timestamp": 1779139686, "type": "safe_tx", "device": "node-8-spammer", "metadata": {}}
{"timestamp": 1779139686, "type": "safe_tx", "device": "node-8-spammer", "metadata": {}}
{"timestamp": 1779139686, "type": "safe_tx", "device": "node-8-spammer", "metadata": {}}
{"timestamp": 1779139686, "type": "safe_tx", "device": "node-8-spammer", "metadata": {}}
{"timestamp": 1779139686, "type": "safe_tx", "device": "node-9-stealth", "metadata": {}}
{"timestamp": 1779139686, "type": "overflow", "device": "node-14-mixed", "metadata": {"count": 3, "window_sec": 30}}
{"timestamp": 1779139686, "type": "safe_tx", "device": "node-3-clean", "metadata": {}}
{"timestamp": 1779139686, "type": "safe_tx", "device": "node-1-clean", "metadata": {}}
{"timestamp": 1779139687, "type": "safe_tx", "device": "node-5-clean", "metadata": {}}
{"timestamp": 1779139687, "type": "time_anomaly", "device": "node-12-mixed", "metadata": {}}
{"timestamp": 1779139687, "type": "safe_tx", "device": "node-1-clean", "metadata": {}}
{"timestamp": 1779139687, "type": "safe_tx", "device": "node-8-spammer", "metadata": {}}
{"timestamp": 1779139687, "type": "safe_tx", "device": "node-8-spammer", "metadata": {}}
{"timestamp": 1779139687, "type": "safe_tx", "device": "node-2-clean", "metadata": {}}
{"timestamp": 1779139687, "type": "safe_tx", "device": "node-4-clean", "metadata": {}}
{"timestamp": 1779139688, "type": "time_anomaly", "device": "node-7-timespoof", "metadata": {}}
{"timestamp": 1779139688, "type": "safe_tx", "device": "node-10-fuzzer", "metadata": {}}
{"timestamp": 1779139688, "type": "safe_tx", "device": "node-13-mixed", "metadata": {}}
{"timestamp": 1779139688, "type": "time_anomaly", "device": "node-14-mixed", "metadata": {}}
{"timestamp": 1779139688, "type": "safe_tx", "device": "node-9-stealth", "metadata": {}}
{"timestamp": 1779139688, "type": "safe_tx", "device": "node-5-clean", "metadata": {}}
{"timestamp": 1779139689, "type": "fuzzing", "device": "node-10-fuzzer", "metadata": {}}
{"timestamp": 1779139689, "type": "safe_tx", "device": "node-3-clean", "metadata": {}}
{"timestamp": 1779139689, "type": "safe_tx", "device": "node-15-mixed", "metadata": {}}
{"timestamp": 1779139689, "type": "safe_tx", "device": "node-4-clean", "metadata": {}}
{"timestamp": 1779139690, "type": "safe_tx", "device": "node-14-mixed", "metadata": {}}
{"timestamp": 1779139690, "type": "safe_tx", "device": "node-15-mixed", "metadata": {}}
{"timestamp": 1779139690, "type": "safe_tx", "device": "node-8-spammer", "metadata": {}}
{"timestamp": 1779139690, "type": "safe_tx", "device": "node-5-clean", "metadata": {}}
{"timestamp": 1779139690, "type": "safe_tx", "device": "node-8-spammer", "metadata": {}}
{"timestamp": 1779139690, "type": "safe_tx", "device": "node-8-spammer", "metadata": {}}
{"timestamp": 1779139690, "type": "safe_tx", "device": "node-9-stealth", "metadata": {}}
{"timestamp": 1779139691, "type": "safe_tx", "device": "node-13-mixed", "metadata": {}}
{"timestamp": 1779139691, "type": "safe_tx", "device": "node-12-mixed", "metadata": {}}
{"timestamp": 1779139691, "type": "safe_tx", "device": "node-8-spammer", "metadata": {}}
{"timestamp": 1779139691, "type": "safe_tx", "device": "node-8-spammer", "metadata": {}}
{"timestamp": 1779139692, "type": "overflow", "device": "node-6-overflow", "metadata": {"count": 3, "window_sec": 30}}
{"timestamp": 1779139692, "type": "safe_tx", "device": "node-10-fuzzer", "metadata": {}}
{"timestamp": 1779139692, "type": "safe_tx", "device": "node-3-clean", "metadata": {}}
{"timestamp": 1779139692, "type": "time_anomaly", "device": "node-7-timespoof", "metadata": {}}
{"timestamp": 1779139692, "type": "safe_tx", "device": "node-1-clean", "metadata": {}}
{"timestamp": 1779139692, "type": "safe_tx", "device": "node-2-clean", "metadata": {}}
{"timestamp": 1779139693, "type": "safe_tx", "device": "node-9-stealth", "metadata": {}}
{"timestamp": 1779139693, "type": "safe_tx", "device": "node-4-clean", "metadata": {}}
{"timestamp": 1779139693, "type": "safe_tx", "device": "node-8-spammer", "metadata": {}}
{"timestamp": 1779139693, "type": "safe_tx", "device": "node-5-clean", "metadata": {}}
{"timestamp": 1779139693, "type": "safe_tx", "device": "node-8-spammer", "metadata": {}}
{"timestamp": 1779139693, "type": "safe_tx", "device": "node-8-spammer", "metadata": {}}
{"timestamp": 1779139693, "type": "safe_tx", "device": "node-8-spammer", "metadata": {}}
{"timestamp": 1779139693, "type": "safe_tx", "device": "node-10-fuzzer", "metadata": {}}
{"timestamp": 1779139693, "type": "safe_tx", "device": "node-8-spammer", "metadata": {}}
{"timestamp": 1779139693, "type": "safe_tx", "device": "node-8-spammer", "metadata": {}}
{"timestamp": 1779139693, "type": "safe_tx", "device": "node-12-mixed", "metadata": {}}
{"timestamp": 1779139693, "type": "safe_tx", "device": "node-1-clean", "metadata": {}}
{"timestamp": 1779139694, "type": "time_anomaly", "device": "node-13-mixed", "metadata": {}}
{"timestamp": 1779139694, "type": "safe_tx", "device": "node-9-stealth", "metadata": {}}
{"timestamp": 1779139694, "type": "safe_tx", "device": "node-14-mixed", "metadata": {}}
{"timestamp": 1779139694, "type": "safe_tx", "device": "node-15-mixed", "metadata": {}}
{"timestamp": 1779139694, "type": "safe_tx", "device": "node-8-spammer", "metadata": {}}
{"timestamp": 1779139694, "type": "safe_tx", "device": "node-3-clean", "metadata": {}}
{"timestamp": 1779139694, "type": "safe_tx", "device": "node-8-spammer", "metadata": {}}
{"timestamp": 1779139695, "type": "safe_tx", "device": "node-10-fuzzer", "metadata": {}}
{"timestamp": 1779139695, "type": "safe_tx", "device": "node-9-stealth", "metadata": {}}
{"timestamp": 1779139695, "type": "safe_tx", "device": "node-13-mixed", "metadata": {}}
{"timestamp": 1779139695, "type": "safe_tx", "device": "node-12-mixed", "metadata": {}}
{"timestamp": 1779139695, "type": "fuzzing", "device": "node-10-fuzzer", "metadata": {}}
{"timestamp": 1779139696, "type": "safe_tx", "device": "node-2-clean", "metadata": {}}
{"timestamp": 1779139696, "type": "safe_tx", "device": "node-8-spammer", "metadata": {}}
{"timestamp": 1779139696, "type": "safe_tx", "device": "node-8-spammer", "metadata": {}}
{"timestamp": 1779139696, "type": "safe_tx", "device": "node-8-spammer", "metadata": {}}
{"timestamp": 1779139696, "type": "safe_tx", "device": "node-8-spammer", "metadata": {}}
{"timestamp": 1779139696, "type": "safe_tx", "device": "node-8-spammer", "metadata": {}}
{"timestamp": 1779139696, "type": "safe_tx", "device": "node-1-clean", "metadata": {}}
{"timestamp": 1779139696, "type": "safe_tx", "device": "node-8-spammer", "metadata": {}}
{"timestamp": 1779139696, "type": "safe_tx", "device": "node-8-spammer", "metadata": {}}
{"timestamp": 1779139696, "type": "safe_tx", "device": "node-8-spammer", "metadata": {}}
{"timestamp": 1779139696, "type": "safe_tx", "device": "node-5-clean", "metadata": {}}
{"timestamp": 1779139696, "type": "safe_tx", "device": "node-8-spammer", "metadata": {}}
{"timestamp": 1779139696, "type": "safe_tx", "device": "node-8-spammer", "metadata": {}}
{"timestamp": 1779139696, "type": "safe_tx", "device": "node-8-spammer", "metadata": {}}
{"timestamp": 1779139696, "type": "safe_tx", "device": "node-8-spammer", "metadata": {}}
{"timestamp": 1779139696, "type": "safe_tx", "device": "node-8-spammer", "metadata": {}}
{"timestamp": 1779139696, "type": "dos_spam", "device": "node-8-spammer", "metadata": {}}
{"timestamp": 1779139696, "type": "safe_tx", "device": "node-8-spammer", "metadata": {}}
{"timestamp": 1779139696, "type": "safe_tx", "device": "node-4-clean", "metadata": {}}
{"timestamp": 1779139696, "type": "safe_tx", "device": "node-10-fuzzer", "metadata": {}}
{"timestamp": 1779139697, "type": "safe_tx", "device": "node-4-clean", "metadata": {}}
{"timestamp": 1779139697, "type": "safe_tx", "device": "node-13-mixed", "metadata": {}}
{"timestamp": 1779139697, "type": "safe_tx", "device": "node-9-stealth", "metadata": {}}
{"timestamp": 1779139697, "type": "safe_tx", "device": "node-4-clean", "metadata": {}}
{"timestamp": 1779139698, "type": "time_anomaly", "device": "node-7-timespoof", "metadata": {}}
{"timestamp": 1779139697, "type": "safe_tx", "device": "node-15-mixed", "metadata": {}}
{"timestamp": 1779139698, "type": "safe_tx", "device": "node-8-spammer", "metadata": {}}
{"timestamp": 1779139698, "type": "safe_tx", "device": "node-12-mixed", "metadata": {}}
{"timestamp": 1779139698, "type": "safe_tx", "device": "node-8-spammer", "metadata": {}}
{"timestamp": 1779139698, "type": "safe_tx", "device": "node-8-spammer", "metadata": {}}
{"timestamp": 1779139698, "type": "safe_tx", "device": "node-8-spammer", "metadata": {}}
{"timestamp": 1779139698, "type": "safe_tx", "device": "node-8-spammer", "metadata": {}}
{"timestamp": 1779139698, "type": "safe_tx", "device": "node-5-clean", "metadata": {}}
{"timestamp": 1779139698, "type": "time_anomaly", "device": "node-13-mixed", "metadata": {}}
{"timestamp": 1779139698, "type": "overflow", "device": "node-10-fuzzer", "metadata": {"count": 3, "window_sec": 30}}
{"timestamp": 1779139698, "type": "safe_tx", "device": "node-3-clean", "metadata": {}}
{"timestamp": 1779139698, "type": "safe_tx", "device": "node-2-clean", "metadata": {}}
{"timestamp": 1779139698, "type": "safe_tx", "device": "node-9-stealth", "metadata": {}}
{"timestamp": 1779139698, "type": "safe_tx", "device": "node-8-spammer", "metadata": {}}
{"timestamp": 1779139698, "type": "safe_tx", "device": "node-8-spammer", "metadata": {}}
{"timestamp": 1779139698, "type": "safe_tx", "device": "node-8-spammer", "metadata": {}}
{"timestamp": 1779139698, "type": "dos_spam", "device": "node-8-spammer", "metadata": {"count": 30, "window_sec": 5}}
{"timestamp": 1779139699, "type": "safe_tx", "device": "node-8-spammer", "metadata": {}}
{"timestamp": 1779139699, "type": "safe_tx", "device": "node-8-spammer", "metadata": {}}
{"timestamp": 1779139699, "type": "safe_tx", "device": "node-8-spammer", "metadata": {}}
{"timestamp": 1779139699, "type": "time_anomaly", "device": "node-14-mixed", "metadata": {}}
{"timestamp": 1779139699, "type": "safe_tx", "device": "node-3-clean", "metadata": {}}
{"timestamp": 1779139699, "type": "safe_tx", "device": "node-5-clean", "metadata": {}}
{"timestamp": 1779139699, "type": "safe_tx", "device": "node-1-clean", "metadata": {}}
{"timestamp": 1779139699, "type": "safe_tx", "device": "node-2-clean", "metadata": {}}
{"timestamp": 1779139700, "type": "safe_tx", "device": "node-6-overflow", "metadata": {}}
{"timestamp": 1779139700, "type": "safe_tx", "device": "node-14-mixed", "metadata": {}}
{"timestamp": 1779139700, "type": "safe_tx", "device": "node-8-spammer", "metadata": {}}
{"timestamp": 1779139700, "type": "safe_tx", "device": "node-8-spammer", "metadata": {}}
{"timestamp": 1779139700, "type": "safe_tx", "device": "node-8-spammer", "metadata": {}}
{"timestamp": 1779139700, "type": "safe_tx", "device": "node-8-spammer", "metadata": {}}
{"timestamp": 1779139700, "type": "dos_spam", "device": "node-8-spammer", "metadata": {}}
{"timestamp": 1779139700, "type": "safe_tx", "device": "node-4-clean", "metadata": {}}
{"timestamp": 1779139700, "type": "safe_tx", "device": "node-8-spammer", "metadata": {}}
{"timestamp": 1779139700, "type": "time_anomaly", "device": "node-12-mixed", "metadata": {}}
{"timestamp": 1779139700, "type": "safe_tx", "device": "node-10-fuzzer", "metadata": {}}
{"timestamp": 1779139700, "type": "safe_tx", "device": "node-9-stealth", "metadata": {}}
{"timestamp": 1779139701, "type": "safe_tx", "device": "node-15-mixed", "metadata": {}}
{"timestamp": 1779139701, "type": "safe_tx", "device": "node-8-spammer", "metadata": {}}
{"timestamp": 1779139701, "type": "safe_tx", "device": "node-8-spammer", "metadata": {}}
{"timestamp": 1779139701, "type": "safe_tx", "device": "node-8-spammer", "metadata": {}}
{"timestamp": 1779139701, "type": "safe_tx", "device": "node-8-spammer", "metadata": {}}
{"timestamp": 1779139701, "type": "safe_tx", "device": "node-8-spammer", "metadata": {}}
{"timestamp": 1779139701, "type": "safe_tx", "device": "node-8-spammer", "metadata": {}}
{"timestamp": 1779139701, "type": "safe_tx", "device": "node-8-spammer", "metadata": {}}
{"timestamp": 1779139701, "type": "safe_tx", "device": "node-8-spammer", "metadata": {}}
{"timestamp": 1779139701, "type": "safe_tx", "device": "node-8-spammer", "metadata": {}}
{"timestamp": 1779139701, "type": "safe_tx", "device": "node-4-clean", "metadata": {}}
{"timestamp": 1779139701, "type": "safe_tx", "device": "node-8-spammer", "metadata": {}}
{"timestamp": 1779139701, "type": "safe_tx", "device": "node-8-spammer", "metadata": {}}
{"timestamp": 1779139701, "type": "safe_tx", "device": "node-8-spammer", "metadata": {}}
{"timestamp": 1779139701, "type": "safe_tx", "device": "node-8-spammer", "metadata": {}}
{"timestamp": 1779139701, "type": "safe_tx", "device": "node-8-spammer", "metadata": {}}
{"timestamp": 1779139701, "type": "dos_spam", "device": "node-8-spammer", "metadata": {}}
{"timestamp": 1779139701, "type": "safe_tx", "device": "node-8-spammer", "metadata": {}}
{"timestamp": 1779139701, "type": "safe_tx", "device": "node-8-spammer", "metadata": {}}
{"timestamp": 1779139701, "type": "safe_tx", "device": "node-8-spammer", "metadata": {}}
{"timestamp": 1779139702, "type": "time_anomaly", "device": "node-13-mixed", "metadata": {}}
{"timestamp": 1779139702, "type": "safe_tx", "device": "node-14-mixed", "metadata": {}}
{"timestamp": 1779139702, "type": "safe_tx", "device": "node-5-clean", "metadata": {}}
{"timestamp": 1779139702, "type": "safe_tx", "device": "node-2-clean", "metadata": {}}
{"timestamp": 1779139702, "type": "safe_tx", "device": "node-12-mixed", "metadata": {}}
{"timestamp": 1779139702, "type": "overflow", "device": "node-6-overflow", "metadata": {"count": 3, "window_sec": 30}}
{"timestamp": 1779139702, "type": "safe_tx", "device": "node-8-spammer", "metadata": {}}
{"timestamp": 1779139702, "type": "safe_tx", "device": "node-3-clean", "metadata": {}}
{"timestamp": 1779139703, "type": "safe_tx", "device": "node-8-spammer", "metadata": {}}
{"timestamp": 1779139703, "type": "safe_tx", "device": "node-14-mixed", "metadata": {}}
{"timestamp": 1779139703, "type": "safe_tx", "device": "node-8-spammer", "metadata": {}}
{"timestamp": 1779139703, "type": "safe_tx", "device": "node-8-spammer", "metadata": {}}
{"timestamp": 1779139703, "type": "safe_tx", "device": "node-8-spammer", "metadata": {}}
{"timestamp": 1779139703, "type": "dos_spam", "device": "node-8-spammer", "metadata": {"count": 30, "window_sec": 5}}
{"timestamp": 1779139703, "type": "safe_tx", "device": "node-8-spammer", "metadata": {}}
{"timestamp": 1779139703, "type": "safe_tx", "device": "node-4-clean", "metadata": {}}
{"timestamp": 1779139703, "type": "safe_tx", "device": "node-1-clean", "metadata": {}}
{"timestamp": 1779139703, "type": "safe_tx", "device": "node-13-mixed", "metadata": {}}
{"timestamp": 1779139703, "type": "safe_tx", "device": "node-10-fuzzer", "metadata": {}}
{"timestamp": 1779139704, "type": "time_anomaly", "device": "node-7-timespoof", "metadata": {}}
{"timestamp": 1779139703, "type": "safe_tx", "device": "node-9-stealth", "metadata": {}}
{"timestamp": 1779139704, "type": "time_anomaly", "device": "node-15-mixed", "metadata": {}}
{"timestamp": 1779139704, "type": "time_anomaly", "device": "node-15-mixed", "metadata": {}}
{"timestamp": 1779139704, "type": "safe_tx", "device": "node-8-spammer", "metadata": {}}
{"timestamp": 1779139704, "type": "safe_tx", "device": "node-8-spammer", "metadata": {}}
{"timestamp": 1779139704, "type": "safe_tx", "device": "node-8-spammer", "metadata": {}}
{"timestamp": 1779139704, "type": "safe_tx", "device": "node-8-spammer", "metadata": {}}
{"timestamp": 1779139704, "type": "safe_tx", "device": "node-8-spammer", "metadata": {}}
{"timestamp": 1779139704, "type": "safe_tx", "device": "node-8-spammer", "metadata": {}}
{"timestamp": 1779139704, "type": "safe_tx", "device": "node-8-spammer", "metadata": {}}
{"timestamp": 1779139704, "type": "safe_tx", "device": "node-15-mixed", "metadata": {}}
{"timestamp": 1779139704, "type": "safe_tx", "device": "node-5-clean", "metadata": {}}
{"timestamp": 1779139705, "type": "safe_tx", "device": "node-1-clean", "metadata": {}}
{"timestamp": 1779139705, "type": "safe_tx", "device": "node-8-spammer", "metadata": {}}
{"timestamp": 1779139705, "type": "safe_tx", "device": "node-8-spammer", "metadata": {}}
{"timestamp": 1779139705, "type": "safe_tx", "device": "node-8-spammer", "metadata": {}}
{"timestamp": 1779139705, "type": "dos_spam", "device": "node-8-spammer", "metadata": {}}
{"timestamp": 1779139705, "type": "safe_tx", "device": "node-8-spammer", "metadata": {}}
{"timestamp": 1779139705, "type": "safe_tx", "device": "node-8-spammer", "metadata": {}}
{"timestamp": 1779139705, "type": "safe_tx", "device": "node-8-spammer", "metadata": {}}
{"timestamp": 1779139705, "type": "time_anomaly", "device": "node-12-mixed", "metadata": {}}
{"timestamp": 1779139705, "type": "safe_tx", "device": "node-14-mixed", "metadata": {}}
{"timestamp": 1779139705, "type": "safe_tx", "device": "node-5-clean", "metadata": {}}
{"timestamp": 1779139706, "type": "safe_tx", "device": "node-8-spammer", "metadata": {}}
{"timestamp": 1779139706, "type": "safe_tx", "device": "node-8-spammer", "metadata": {}}
{"timestamp": 1779139706, "type": "safe_tx", "device": "node-8-spammer", "metadata": {}}
{"timestamp": 1779139706, "type": "safe_tx", "device": "node-3-clean", "metadata": {}}
{"timestamp": 1779139706, "type": "safe_tx", "device": "node-8-spammer", "metadata": {}}
{"timestamp": 1779139706, "type": "safe_tx", "device": "node-8-spammer", "metadata": {}}
{"timestamp": 1779139706, "type": "safe_tx", "device": "node-9-stealth", "metadata": {}}
{"timestamp": 1779139706, "type": "safe_tx", "device": "node-8-spammer", "metadata": {}}
{"timestamp": 1779139706, "type": "safe_tx", "device": "node-2-clean", "metadata": {}}
{"timestamp": 1779139706, "type": "safe_tx", "device": "node-4-clean", "metadata": {}}
{"timestamp": 1779139706, "type": "safe_tx", "device": "node-5-clean", "metadata": {}}
{"timestamp": 1779139706, "type": "safe_tx", "device": "node-1-clean", "metadata": {}}
{"timestamp": 1779139706, "type": "safe_tx", "device": "node-14-mixed", "metadata": {}}
{"timestamp": 1779139706, "type": "safe_tx", "device": "node-9-stealth", "metadata": {}}
{"timestamp": 1779139706, "type": "safe_tx", "device": "node-15-mixed", "metadata": {}}
{"timestamp": 1779139706, "type": "safe_tx", "device": "node-2-clean", "metadata": {}}
{"timestamp": 1779139707, "type": "safe_tx", "device": "node-6-overflow", "metadata": {}}
{"timestamp": 1779139707, "type": "safe_tx", "device": "node-8-spammer", "metadata": {}}
{"timestamp": 1779139707, "type": "safe_tx", "device": "node-8-spammer", "metadata": {}}
{"timestamp": 1779139707, "type": "safe_tx", "device": "node-8-spammer", "metadata": {}}
{"timestamp": 1779139707, "type": "safe_tx", "device": "node-5-clean", "metadata": {}}
{"timestamp": 1779139707, "type": "safe_tx", "device": "node-14-mixed", "metadata": {}}
{"timestamp": 1779139707, "type": "safe_tx", "device": "node-12-mixed", "metadata": {}}
{"timestamp": 1779139708, "type": "safe_tx", "device": "node-13-mixed", "metadata": {}}
{"timestamp": 1779139708, "type": "safe_tx", "device": "node-4-clean", "metadata": {}}
{"timestamp": 1779139708, "type": "safe_tx", "device": "node-1-clean", "metadata": {}}
{"timestamp": 1779139708, "type": "fuzzing", "device": "node-10-fuzzer", "metadata": {}}
{"timestamp": 1779139708, "type": "safe_tx", "device": "node-15-mixed", "metadata": {}}
{"timestamp": 1779139708, "type": "safe_tx", "device": "node-11-pulsing", "metadata": {}}
{"timestamp": 1779139708, "type": "safe_tx", "device": "node-11-pulsing", "metadata": {}}
{"timestamp": 1779139708, "type": "safe_tx", "device": "node-8-spammer", "metadata": {}}
{"timestamp": 1779139709, "type": "safe_tx", "device": "node-11-pulsing", "metadata": {}}
{"timestamp": 1779139709, "type": "safe_tx", "device": "node-8-spammer", "metadata": {}}
{"timestamp": 1779139709, "type": "safe_tx", "device": "node-8-spammer", "metadata": {}}
{"timestamp": 1779139709, "type": "safe_tx", "device": "node-11-pulsing", "metadata": {}}
{"timestamp": 1779139709, "type": "safe_tx", "device": "node-8-spammer", "metadata": {}}
{"timestamp": 1779139709, "type": "safe_tx", "device": "node-2-clean", "metadata": {}}
{"timestamp": 1779139709, "type": "safe_tx", "device": "node-11-pulsing", "metadata": {}}
{"timestamp": 1779139709, "type": "safe_tx", "device": "node-8-spammer", "metadata": {}}
{"timestamp": 1779139709, "type": "safe_tx", "device": "node-8-spammer", "metadata": {}}
{"timestamp": 1779139709, "type": "safe_tx", "device": "node-11-pulsing", "metadata": {}}
{"timestamp": 1779139709, "type": "safe_tx", "device": "node-10-fuzzer", "metadata": {}}
{"timestamp": 1779139709, "type": "safe_tx", "device": "node-11-pulsing", "metadata": {}}
{"timestamp": 1779139709, "type": "safe_tx", "device": "node-11-pulsing", "metadata": {}}
{"timestamp": 1779139709, "type": "safe_tx", "device": "node-11-pulsing", "metadata": {}}
{"timestamp": 1779139709, "type": "safe_tx", "device": "node-11-pulsing", "metadata": {}}
{"timestamp": 1779139709, "type": "safe_tx", "device": "node-3-clean", "metadata": {}}
{"timestamp": 1779139709, "type": "safe_tx", "device": "node-11-pulsing", "metadata": {}}
{"timestamp": 1779139709, "type": "safe_tx", "device": "node-11-pulsing", "metadata": {}}
{"timestamp": 1779139709, "type": "time_anomaly", "device": "node-7-timespoof", "metadata": {}}
{"timestamp": 1779139709, "type": "safe_tx", "device": "node-11-pulsing", "metadata": {}}
{"timestamp": 1779139709, "type": "safe_tx", "device": "node-11-pulsing", "metadata": {}}
{"timestamp": 1779139709, "type": "safe_tx", "device": "node-9-stealth", "metadata": {}}
{"timestamp": 1779139709, "type": "safe_tx", "device": "node-11-pulsing", "metadata": {}}
{"timestamp": 1779139709, "type": "dos_spam", "device": "node-11-pulsing", "metadata": {}}
{"timestamp": 1779139709, "type": "safe_tx", "device": "node-11-pulsing", "metadata": {}}
{"timestamp": 1779139709, "type": "safe_tx", "device": "node-11-pulsing", "metadata": {}}
{"timestamp": 1779139709, "type": "safe_tx", "device": "node-11-pulsing", "metadata": {}}
{"timestamp": 1779139709, "type": "safe_tx", "device": "node-11-pulsing", "metadata": {}}
{"timestamp": 1779139709, "type": "safe_tx", "device": "node-11-pulsing", "metadata": {}}
{"timestamp": 1779139710, "type": "safe_tx", "device": "node-14-mixed", "metadata": {}}
{"timestamp": 1779139710, "type": "safe_tx", "device": "node-1-clean", "metadata": {}}
{"timestamp": 1779139710, "type": "safe_tx", "device": "node-8-spammer", "metadata": {}}
{"timestamp": 1779139710, "type": "safe_tx", "device": "node-8-spammer", "metadata": {}}
{"timestamp": 1779139710, "type": "safe_tx", "device": "node-8-spammer", "metadata": {}}
{"timestamp": 1779139710, "type": "safe_tx", "device": "node-14-mixed", "metadata": {}}
{"timestamp": 1779139710, "type": "fuzzing", "device": "node-10-fuzzer", "metadata": {}}
{"timestamp": 1779139710, "type": "safe_tx", "device": "node-12-mixed", "metadata": {}}
{"timestamp": 1779139710, "type": "safe_tx", "device": "node-1-clean", "metadata": {}}
{"timestamp": 1779139711, "type": "safe_tx", "device": "node-15-mixed", "metadata": {}}
{"timestamp": 1779139711, "type": "safe_tx", "device": "node-5-clean", "metadata": {}}
{"timestamp": 1779139711, "type": "safe_tx", "device": "node-3-clean", "metadata": {}}
{"timestamp": 1779139711, "type": "safe_tx", "device": "node-9-stealth", "metadata": {}}
{"timestamp": 1779139711, "type": "safe_tx", "device": "node-8-spammer", "metadata": {}}
{"timestamp": 1779139711, "type": "safe_tx", "device": "node-8-spammer", "metadata": {}}
{"timestamp": 1779139711, "type": "safe_tx", "device": "node-4-clean", "metadata": {}}
{"timestamp": 1779139711, "type": "safe_tx", "device": "node-8-spammer", "metadata": {}}
{"timestamp": 1779139711, "type": "safe_tx", "device": "node-8-spammer", "metadata": {}}
{"timestamp": 1779139711, "type": "safe_tx", "device": "node-8-spammer", "metadata": {}}
{"timestamp": 1779139711, "type": "safe_tx", "device": "node-8-spammer", "metadata": {}}
{"timestamp": 1779139711, "type": "safe_tx", "device": "node-8-spammer", "metadata": {}}
{"timestamp": 1779139711, "type": "dos_spam", "device": "node-8-spammer", "metadata": {}}
{"timestamp": 1779139711, "type": "safe_tx", "device": "node-8-spammer", "metadata": {}}
{"timestamp": 1779139711, "type": "safe_tx", "device": "node-8-spammer", "metadata": {}}
{"timestamp": 1779139711, "type": "safe_tx", "device": "node-8-spammer", "metadata": {}}
{"timestamp": 1779139711, "type": "safe_tx", "device": "node-8-spammer", "metadata": {}}
{"timestamp": 1779139711, "type": "safe_tx", "device": "node-8-spammer", "metadata": {}}
{"timestamp": 1779139711, "type": "dos_spam", "device": "node-8-spammer", "metadata": {"count": 30, "window_sec": 5}}
{"timestamp": 1779139711, "type": "safe_tx", "device": "node-8-spammer", "metadata": {}}
{"timestamp": 1779139711, "type": "safe_tx", "device": "node-8-spammer", "metadata": {}}
{"timestamp": 1779139712, "type": "safe_tx", "device": "node-3-clean", "metadata": {}}
{"timestamp": 1779139712, "type": "overflow", "device": "node-10-fuzzer", "metadata": {"count": 3, "window_sec": 30}}
{"timestamp": 1779139712, "type": "safe_tx", "device": "node-4-clean", "metadata": {}}
{"timestamp": 1779139712, "type": "safe_tx", "device": "node-12-mixed", "metadata": {}}
{"timestamp": 1779139712, "type": "safe_tx", "device": "node-2-clean", "metadata": {}}
{"timestamp": 1779139712, "type": "safe_tx", "device": "node-4-clean", "metadata": {}}
{"timestamp": 1779139713, "type": "safe_tx", "device": "node-6-overflow", "metadata": {}}
{"timestamp": 1779139713, "type": "safe_tx", "device": "node-13-mixed", "metadata": {}}
{"timestamp": 1779139713, "type": "safe_tx", "device": "node-8-spammer", "metadata": {}}
{"timestamp": 1779139713, "type": "safe_tx", "device": "node-8-spammer", "metadata": {}}
{"timestamp": 1779139713, "type": "safe_tx", "device": "node-8-spammer", "metadata": {}}
{"timestamp": 1779139713, "type": "safe_tx", "device": "node-8-spammer", "metadata": {}}
{"timestamp": 1779139713, "type": "safe_tx", "device": "node-8-spammer", "metadata": {}}
{"timestamp": 1779139713, "type": "safe_tx", "device": "node-8-spammer", "metadata": {}}
{"timestamp": 1779139713, "type": "safe_tx", "device": "node-1-clean", "metadata": {}}
{"timestamp": 1779139714, "type": "time_anomaly", "device": "node-15-mixed", "metadata": {}}
{"timestamp": 1779139713, "type": "safe_tx", "device": "node-9-stealth", "metadata": {}}
{"timestamp": 1779139713, "type": "safe_tx", "device": "node-3-clean", "metadata": {}}
{"timestamp": 1779139714, "type": "time_anomaly", "device": "node-7-timespoof", "metadata": {}}
{"timestamp": 1779139714, "type": "safe_tx", "device": "node-8-spammer", "metadata": {}}
{"timestamp": 1779139714, "type": "safe_tx", "device": "node-8-spammer", "metadata": {}}
{"timestamp": 1779139714, "type": "safe_tx", "device": "node-8-spammer", "metadata": {}}
{"timestamp": 1779139714, "type": "safe_tx", "device": "node-8-spammer", "metadata": {}}
{"timestamp": 1779139714, "type": "safe_tx", "device": "node-8-spammer", "metadata": {}}
{"timestamp": 1779139714, "type": "fuzzing", "device": "node-10-fuzzer", "metadata": {}}
{"timestamp": 1779139714, "type": "safe_tx", "device": "node-5-clean", "metadata": {}}
{"timestamp": 1779139714, "type": "safe_tx", "device": "node-14-mixed", "metadata": {}}
{"timestamp": 1779139715, "type": "safe_tx", "device": "node-4-clean", "metadata": {}}
{"timestamp": 1779139715, "type": "safe_tx", "device": "node-3-clean", "metadata": {}}
{"timestamp": 1779139715, "type": "safe_tx", "device": "node-8-spammer", "metadata": {}}
{"timestamp": 1779139715, "type": "safe_tx", "device": "node-9-stealth", "metadata": {}}
{"timestamp": 1779139715, "type": "safe_tx", "device": "node-8-spammer", "metadata": {}}
{"timestamp": 1779139715, "type": "safe_tx", "device": "node-8-spammer", "metadata": {}}
{"timestamp": 1779139715, "type": "safe_tx", "device": "node-8-spammer", "metadata": {}}
{"timestamp": 1779139715, "type": "dos_spam", "device": "node-8-spammer", "metadata": {}}
{"timestamp": 1779139715, "type": "safe_tx", "device": "node-8-spammer", "metadata": {}}
{"timestamp": 1779139715, "type": "safe_tx", "device": "node-3-clean", "metadata": {}}
{"timestamp": 1779139715, "type": "safe_tx", "device": "node-2-clean", "metadata": {}}
{"timestamp": 1779139715, "type": "safe_tx", "device": "node-5-clean", "metadata": {}}
{"timestamp": 1779139715, "type": "safe_tx", "device": "node-14-mixed", "metadata": {}}
{"timestamp": 1779139716, "type": "safe_tx", "device": "node-12-mixed", "metadata": {}}
{"timestamp": 1779139716, "type": "safe_tx", "device": "node-13-mixed", "metadata": {}}
{"timestamp": 1779139716, "type": "safe_tx", "device": "node-8-spammer", "metadata": {}}
{"timestamp": 1779139716, "type": "safe_tx", "device": "node-8-spammer", "metadata": {}}
{"timestamp": 1779139716, "type": "safe_tx", "device": "node-8-spammer", "metadata": {}}
{"timestamp": 1779139716, "type": "safe_tx", "device": "node-8-spammer", "metadata": {}}
{"timestamp": 1779139717, "type": "safe_tx", "device": "node-1-clean", "metadata": {}}
{"timestamp": 1779139717, "type": "safe_tx", "device": "node-8-spammer", "metadata": {}}
{"timestamp": 1779139717, "type": "safe_tx", "device": "node-8-spammer", "metadata": {}}
{"timestamp": 1779139717, "type": "time_anomaly", "device": "node-14-mixed", "metadata": {}}
{"timestamp": 1779139717, "type": "safe_tx", "device": "node-15-mixed", "metadata": {}}
{"timestamp": 1779139717, "type": "overflow", "device": "node-6-overflow", "metadata": {"count": 3, "window_sec": 30}}
{"timestamp": 1779139718, "type": "time_anomaly", "device": "node-15-mixed", "metadata": {}}
{"timestamp": 1779139717, "type": "safe_tx", "device": "node-9-stealth", "metadata": {}}
{"timestamp": 1779139717, "type": "safe_tx", "device": "node-12-mixed", "metadata": {}}
{"timestamp": 1779139718, "type": "time_anomaly", "device": "node-7-timespoof", "metadata": {}}
{"timestamp": 1779139718, "type": "safe_tx", "device": "node-14-mixed", "metadata": {}}
{"timestamp": 1779139718, "type": "safe_tx", "device": "node-10-fuzzer", "metadata": {}}
{"timestamp": 1779139718, "type": "safe_tx", "device": "node-15-mixed", "metadata": {}}
{"timestamp": 1779139718, "type": "safe_tx", "device": "node-4-clean", "metadata": {}}
{"timestamp": 1779139718, "type": "safe_tx", "device": "node-13-mixed", "metadata": {}}
{"timestamp": 1779139718, "type": "safe_tx", "device": "node-2-clean", "metadata": {}}
{"timestamp": 1779139719, "type": "safe_tx", "device": "node-3-clean", "metadata": {}}
{"timestamp": 1779139719, "type": "safe_tx", "device": "node-8-spammer", "metadata": {}}
{"timestamp": 1779139719, "type": "safe_tx", "device": "node-8-spammer", "metadata": {}}
{"timestamp": 1779139719, "type": "safe_tx", "device": "node-8-spammer", "metadata": {}}
{"timestamp": 1779139719, "type": "safe_tx", "device": "node-4-clean", "metadata": {}}
{"timestamp": 1779139719, "type": "safe_tx", "device": "node-8-spammer", "metadata": {}}
{"timestamp": 1779139719, "type": "safe_tx", "device": "node-8-spammer", "metadata": {}}
{"timestamp": 1779139719, "type": "safe_tx", "device": "node-8-spammer", "metadata": {}}
{"timestamp": 1779139719, "type": "safe_tx", "device": "node-4-clean", "metadata": {}}
{"timestamp": 1779139719, "type": "safe_tx", "device": "node-8-spammer", "metadata": {}}
{"timestamp": 1779139719, "type": "safe_tx", "device": "node-8-spammer", "metadata": {}}
{"timestamp": 1779139719, "type": "safe_tx", "device": "node-8-spammer", "metadata": {}}
{"timestamp": 1779139719, "type": "safe_tx", "device": "node-1-clean", "metadata": {}}
{"timestamp": 1779139719, "type": "safe_tx", "device": "node-8-spammer", "metadata": {}}
{"timestamp": 1779139719, "type": "safe_tx", "device": "node-8-spammer", "metadata": {}}
{"timestamp": 1779139719, "type": "safe_tx", "device": "node-8-spammer", "metadata": {}}
{"timestamp": 1779139719, "type": "safe_tx", "device": "node-5-clean", "metadata": {}}
{"timestamp": 1779139719, "type": "safe_tx", "device": "node-8-spammer", "metadata": {}}
{"timestamp": 1779139719, "type": "dos_spam", "device": "node-8-spammer", "metadata": {}}
{"timestamp": 1779139719, "type": "safe_tx", "device": "node-8-spammer", "metadata": {}}
{"timestamp": 1779139719, "type": "dos_spam", "device": "node-8-spammer", "metadata": {"count": 30, "window_sec": 5}}
{"timestamp": 1779139719, "type": "overflow", "device": "node-15-mixed", "metadata": {"count": 3, "window_sec": 30}}
{"timestamp": 1779139719, "type": "safe_tx", "device": "node-8-spammer", "metadata": {}}
{"timestamp": 1779139719, "type": "safe_tx", "device": "node-8-spammer", "metadata": {}}
{"timestamp": 1779139719, "type": "safe_tx", "device": "node-8-spammer", "metadata": {}}
{"timestamp": 1779139719, "type": "safe_tx", "device": "node-8-spammer", "metadata": {}}
{"timestamp": 1779139719, "type": "safe_tx", "device": "node-8-spammer", "metadata": {}}
{"timestamp": 1779139719, "type": "fuzzing", "device": "node-10-fuzzer", "metadata": {}}
{"timestamp": 1779139719, "type": "safe_tx", "device": "node-8-spammer", "metadata": {}}
{"timestamp": 1779139719, "type": "safe_tx", "device": "node-8-spammer", "metadata": {}}
{"timestamp": 1779139719, "type": "safe_tx", "device": "node-8-spammer", "metadata": {}}
{"timestamp": 1779139719, "type": "safe_tx", "device": "node-8-spammer", "metadata": {}}
{"timestamp": 1779139719, "type": "safe_tx", "device": "node-8-spammer", "metadata": {}}
{"timestamp": 1779139719, "type": "safe_tx", "device": "node-8-spammer", "metadata": {}}
{"timestamp": 1779139720, "type": "safe_tx", "device": "node-13-mixed", "metadata": {}}
{"timestamp": 1779139720, "type": "safe_tx", "device": "node-9-stealth", "metadata": {}}
{"timestamp": 1779139720, "type": "safe_tx", "device": "node-3-clean", "metadata": {}}
{"timestamp": 1779139720, "type": "safe_tx", "device": "node-2-clean", "metadata": {}}
{"timestamp": 1779139721, "type": "safe_tx", "device": "node-5-clean", "metadata": {}}
{"timestamp": 1779139721, "type": "safe_tx", "device": "node-8-spammer", "metadata": {}}
{"timestamp": 1779139721, "type": "safe_tx", "device": "node-8-spammer", "metadata": {}}
{"timestamp": 1779139721, "type": "safe_tx", "device": "node-8-spammer", "metadata": {}}
{"timestamp": 1779139721, "type": "dos_spam", "device": "node-8-spammer", "metadata": {}}
{"timestamp": 1779139721, "type": "time_anomaly", "device": "node-13-mixed", "metadata": {}}
{"timestamp": 1779139721, "type": "time_anomaly", "device": "node-12-mixed", "metadata": {}}
{"timestamp": 1779139721, "type": "safe_tx", "device": "node-1-clean", "metadata": {}}
{"timestamp": 1779139721, "type": "safe_tx", "device": "node-10-fuzzer", "metadata": {}}
{"timestamp": 1779139721, "type": "safe_tx", "device": "node-8-spammer", "metadata": {}}
{"timestamp": 1779139722, "type": "safe_tx", "device": "node-2-clean", "metadata": {}}
{"timestamp": 1779139722, "type": "safe_tx", "device": "node-4-clean", "metadata": {}}
{"timestamp": 1779139722, "type": "safe_tx", "device": "node-9-stealth", "metadata": {}}
{"timestamp": 1779139722, "type": "safe_tx", "device": "node-14-mixed", "metadata": {}}
{"timestamp": 1779139722, "type": "safe_tx", "device": "node-10-fuzzer", "metadata": {}}
{"timestamp": 1779139722, "type": "time_anomaly", "device": "node-7-timespoof", "metadata": {}}
{"timestamp": 1779139722, "type": "safe_tx", "device": "node-3-clean", "metadata": {}}
{"timestamp": 1779139722, "type": "safe_tx", "device": "node-8-spammer", "metadata": {}}
{"timestamp": 1779139722, "type": "safe_tx", "device": "node-8-spammer", "metadata": {}}
{"timestamp": 1779139722, "type": "safe_tx", "device": "node-8-spammer", "metadata": {}}
{"timestamp": 1779139722, "type": "safe_tx", "device": "node-8-spammer", "metadata": {}}
{"timestamp": 1779139723, "type": "time_anomaly", "device": "node-12-mixed", "metadata": {}}
{"timestamp": 1779139723, "type": "safe_tx", "device": "node-5-clean", "metadata": {}}
{"timestamp": 1779139723, "type": "safe_tx", "device": "node-4-clean", "metadata": {}}
{"timestamp": 1779139723, "type": "safe_tx", "device": "node-9-stealth", "metadata": {}}
{"timestamp": 1779139723, "type": "safe_tx", "device": "node-8-spammer", "metadata": {}}
{"timestamp": 1779139723, "type": "safe_tx", "device": "node-8-spammer", "metadata": {}}
{"timestamp": 1779139723, "type": "safe_tx", "device": "node-15-mixed", "metadata": {}}
{"timestamp": 1779139723, "type": "safe_tx", "device": "node-12-mixed", "metadata": {}}
{"timestamp": 1779139723, "type": "safe_tx", "device": "node-10-fuzzer", "metadata": {}}
{"timestamp": 1779139724, "type": "safe_tx", "device": "node-9-stealth", "metadata": {}}
{"timestamp": 1779139724, "type": "time_anomaly", "device": "node-15-mixed", "metadata": {}}
{"timestamp": 1779139724, "type": "safe_tx", "device": "node-2-clean", "metadata": {}}
{"timestamp": 1779139724, "type": "safe_tx", "device": "node-6-overflow", "metadata": {}}
{"timestamp": 1779139724, "type": "safe_tx", "device": "node-5-clean", "metadata": {}}
{"timestamp": 1779139724, "type": "safe_tx", "device": "node-5-clean", "metadata": {}}
{"timestamp": 1779139724, "type": "safe_tx", "device": "node-8-spammer", "metadata": {}}
{"timestamp": 1779139724, "type": "safe_tx", "device": "node-8-spammer", "metadata": {}}
{"timestamp": 1779139724, "type": "safe_tx", "device": "node-8-spammer", "metadata": {}}
{"timestamp": 1779139724, "type": "safe_tx", "device": "node-1-clean", "metadata": {}}
{"timestamp": 1779139724, "type": "safe_tx", "device": "node-4-clean", "metadata": {}}
{"timestamp": 1779139724, "type": "safe_tx", "device": "node-8-spammer", "metadata": {}}
{"timestamp": 1779139725, "type": "safe_tx", "device": "node-8-spammer", "metadata": {}}
{"timestamp": 1779139725, "type": "safe_tx", "device": "node-8-spammer", "metadata": {}}
{"timestamp": 1779139725, "type": "safe_tx", "device": "node-1-clean", "metadata": {}}
{"timestamp": 1779139725, "type": "fuzzing", "device": "node-10-fuzzer", "metadata": {}}
{"timestamp": 1779139725, "type": "safe_tx", "device": "node-4-clean", "metadata": {}}
{"timestamp": 1779139725, "type": "safe_tx", "device": "node-1-clean", "metadata": {}}
{"timestamp": 1779139725, "type": "safe_tx", "device": "node-14-mixed", "metadata": {}}
