{"timestamp": 1779140363, "type": "safe_tx", "device": "node-1-clean", "metadata": {}}
{"timestamp": 1779140363, "type": "safe_tx", "device": "node-1-clean", "metadata": {}}
{"timestamp": 1779140363, "type": "safe_tx", "device": "node-2-clean", "metadata": {}}
{"timestamp": 1779140363, "type": "safe_tx", "device": "node-5-clean", "metadata": {}}
{"timestamp": 1779140363, "type": "safe_tx", "device": "node-3-clean", "metadata": {}}
{"timestamp": 1779140363, "type": "safe_tx", "device": "node-6-overflow", "metadata": {}}
{"timestamp": 1779140364, "type": "time_anomaly", "device": "node-7-timespoof", "metadata": {}}
{"timestamp": 1779140363, "type": "safe_tx", "device": "node-8-spammer", "metadata": {}}
{"timestamp": 1779140364, "type": "time_anomaly", "device": "node-12-mixed", "metadata": {}}
{"timestamp": 1779140364, "type": "safe_tx", "device": "node-4-clean", "metadata": {}}
{"timestamp": 1779140364, "type": "safe_tx", "device": "node-9-stealth", "metadata": {}}
{"timestamp": 1779140364, "type": "safe_tx", "device": "node-13-mixed", "metadata": {}}
{"timestamp": 1779140364, "type": "safe_tx", "device": "node-8-spammer", "metadata": {}}
{"timestamp": 1779140364, "type": "safe_tx", "device": "node-8-spammer", "metadata": {}}
{"timestamp": 1779140364, "type": "safe_tx", "device": "node-8-spammer", "metadata": {}}
{"timestamp": 1779140364, "type": "safe_tx", "device": "node-2-clean", "metadata": {}}
{"timestamp": 1779140364, "type": "safe_tx", "device": "node-14-mixed", "metadata": {}}
{"timestamp": 1779140364, "type": "safe_tx", "device": "node-9-stealth", "metadata": {}}
{"timestamp": 1779140365, "type": "safe_tx", "device": "node-4-clean", "metadata": {}}
{"timestamp": 1779140365, "type": "safe_tx", "device": "node-10-fuzzer", "metadata": {}}
{"timestamp": 1779140365, "type": "safe_tx", "device": "node-12-mixed", "metadata": {}}
{"timestamp": 1779140365, "type": "safe_tx", "device": "node-15-mixed", "metadata": {}}
{"timestamp": 1779140365, "type": "safe_tx", "device": "node-1-clean", "metadata": {}}
{"timestamp": 1779140366, "type": "safe_tx", "device": "node-8-spammer", "metadata": {}}
{"timestamp": 1779140366, "type": "safe_tx", "device": "node-8-spammer", "metadata": {}}
{"timestamp": 1779140366, "type": "safe_tx", "device": "node-10-fuzzer", "metadata": {}}
{"timestamp": 1779140366, "type": "safe_tx", "device": "node-14-mixed", "metadata": {}}
{"timestamp": 1779140366, "type": "safe_tx", "device": "node-8-spammer", "metadata": {}}
{"timestamp": 1779140366, "type": "safe_tx", "device": "node-8-spammer", "metadata": {}}
{"timestamp": 1779140367, "type": "safe_tx", "device": "node-3-clean", "metadata": {}}
{"timestamp": 1779140367, "type": "safe_tx", "device": "node-9-stealth", "metadata": {}}
{"timestamp": 1779140367, "type": "safe_tx", "device": "node-5-clean", "metadata": {}}
{"timestamp": 1779140367, "type": "safe_tx", "device": "node-8-spammer", "metadata": {}}
{"timestamp": 1779140367, "type": "safe_tx", "device": "node-8-spammer", "metadata": {}}
{"timestamp": 1779140367, "type": "safe_tx", "device": "node-8-spammer", "metadata": {}}
{"timestamp": 1779140367, "type": "safe_tx", "device": "node-1-clean", "metadata": {}}
{"timestamp": 1779140367, "type": "safe_tx", "device": "node-8-spammer", "metadata": {}}
{"timestamp": 1779140367, "type": "safe_tx", "device": "node-8-spammer", "metadata": {}}
{"timestamp": 1779140367, "type": "safe_tx", "device": "node-8-spammer", "metadata": {}}
{"timestamp": 1779140367, "type": "safe_tx", "device": "node-8-spammer", "metadata": {}}
{"timestamp": 1779140367, "type": "safe_tx", "device": "node-8-spammer", "metadata": {}}
{"timestamp": 1779140367, "type": "fuzzing", "device": "node-10-fuzzer", "metadata": {}}
{"timestamp": 1779140367, "type": "safe_tx", "device": "node-8-spammer", "metadata": {}}
{"timestamp": 1779140367, "type": "safe_tx", "device": "node-8-spammer", "metadata": {}}
{"timestamp": 1779140368, "type": "safe_tx", "device": "node-4-clean", "metadata": {}}
{"timestamp": 1779140368, "type": "safe_tx", "device": "node-4-clean", "metadata": {}}
{"timestamp": 1779140368, "type": "safe_tx", "device": "node-15-mixed", "metadata": {}}
{"timestamp": 1779140368, "type": "safe_tx", "device": "node-2-clean", "metadata": {}}
{"timestamp": 1779140368, "type": "safe_tx", "device": "node-12-mixed", "metadata": {}}
{"timestamp": 1779140368, "type": "safe_tx", "device": "node-14-mixed", "metadata": {}}
{"timestamp": 1779140369, "type": "time_anomaly", "device": "node-7-timespoof", "metadata": {}}
{"timestamp": 1779140369, "type": "time_anomaly", "device": "node-13-mixed", "metadata": {}}
{"timestamp": 1779140369, "type": "safe_tx", "device": "node-8-spammer", "metadata": {}}
{"timestamp": 1779140369, "type": "safe_tx", "device": "node-8-spammer", "metadata": {}}
{"timestamp": 1779140369, "type": "safe_tx", "device": "node-8-spammer", "metadata": {}}
{"timestamp": 1779140369, "type": "safe_tx", "device": "node-8-spammer", "metadata": {}}
{"timestamp": 1779140369, "type": "safe_tx", "device": "node-8-spammer", "metadata": {}}
{"timestamp": 1779140369, "type": "dos_spam", "device": "node-8-spammer", "metadata": {}}
{"timestamp": 1779140369, "type": "safe_tx", "device": "node-8-spammer", "metadata": {}}
{"timestamp": 1779140369, "type": "safe_tx", "device": "node-8-spammer", "metadata": {}}
{"timestamp": 1779140369, "type": "safe_tx", "device": "node-8-spammer", "metadata": {}}
{"timestamp": 1779140369, "type": "safe_tx", "device": "node-8-spammer", "metadata": {}}
{"timestamp": 1779140369, "type": "safe_tx", "device": "node-5-clean", "metadata": {}}
{"timestamp": 1779140369, "type": "safe_tx", "device": "node-9-stealth", "metadata": {}}
{"timestamp": 1779140369, "type": "fuzzing", "device": "node-10-fuzzer", "metadata": {}}
{"timestamp": 1779140370, "type": "safe_tx", "device": "node-1-clean", "metadata": {}}
{"timestamp": 1779140370, "type": "safe_tx", "device": "node-8-spammer", "metadata": {}}
{"timestamp": 1779140370, "type": "safe_tx", "device": "node-8-spammer", "metadata": {}}
{"timestamp": 1779140370, "type": "safe_tx", "device": "node-8-spammer", "metadata": {}}
{"timestamp": 1779140370, "type": "safe_tx", "device": "node-8-spammer", "metadata": {}}
{"timestamp": 1779140370, "type": "safe_tx", "device": "node-8-spammer", "metadata": {}}
{"timestamp": 1779140370, "type": "safe_tx", "device": "node-8-spammer", "metadata": {}}
{"timestamp": 1779140370, "type": "safe_tx", "device": "node-8-spammer", "metadata": {}}
{"timestamp": 1779140370, "type": "dos_spam", "device": "node-8-spammer", "metadata": {"count": 30, "window_sec": 5}}
{"timestamp": 1779140370, "type": "safe_tx", "device": "node-4-clean", "metadata": {}}
{"timestamp": 1779140370, "type": "safe_tx", "device": "node-5-clean", "metadata": {}}
{"timestamp": 1779140371, "type": "safe_tx", "device": "node-13-mixed", "metadata": {}}
{"timestamp": 1779140371, "type": "safe_tx", "device": "node-10-fuzzer", "metadata": {}}
{"timestamp": 1779140371, "type": "safe_tx", "device": "node-8-spammer", "metadata": {}}
{"timestamp": 1779140371, "type": "safe_tx", "device": "node-8-spammer", "metadata": {}}
{"timestamp": 1779140371, "type": "safe_tx", "device": "node-14-mixed", "metadata": {}}
{"timestamp": 1779140371, "type": "safe_tx", "device": "node-9-stealth", "metadata": {}}
{"timestamp": 1779140371, "type": "safe_tx", "device": "node-8-spammer", "metadata": {}}
{"timestamp": 1779140371, "type": "safe_tx", "device": "node-2-clean", "metadata": {}}
{"timestamp": 1779140372, "type": "time_anomaly", "device": "node-15-mixed", "metadata": {}}
{"timestamp": 1779140371, "type": "safe_tx", "device": "node-8-spammer", "metadata": {}}
{"timestamp": 1779140371, "type": "dos_spam", "device": "node-8-spammer", "metadata": {}}
{"timestamp": 1779140372, "type": "safe_tx", "device": "node-8-spammer", "metadata": {}}
{"timestamp": 1779140372, "type": "safe_tx", "device": "node-8-spammer", "metadata": {}}
{"timestamp": 1779140372, "type": "safe_tx", "device": "node-3-clean", "metadata": {}}
{"timestamp": 1779140372, "type": "safe_tx", "device": "node-8-spammer", "metadata": {}}
{"timestamp": 1779140372, "type": "safe_tx", "device": "node-8-spammer", "metadata": {}}
{"timestamp": 1779140372, "type": "safe_tx", "device": "node-8-spammer", "metadata": {}}
{"timestamp": 1779140372, "type": "safe_tx", "device": "node-3-clean", "metadata": {}}
{"timestamp": 1779140372, "type": "safe_tx", "device": "node-8-spammer", "metadata": {}}
{"timestamp": 1779140372, "type": "safe_tx", "device": "node-5-clean", "metadata": {}}
{"timestamp": 1779140373, "type": "time_anomaly", "device": "node-12-mixed", "metadata": {}}
{"timestamp": 1779140372, "type": "safe_tx", "device": "node-10-fuzzer", "metadata": {}}
{"timestamp": 1779140373, "type": "safe_tx", "device": "node-1-clean", "metadata": {}}
{"timestamp": 1779140373, "type": "time_anomaly", "device": "node-7-timespoof", "metadata": {}}
{"timestamp": 1779140373, "type": "safe_tx", "device": "node-13-mixed", "metadata": {}}
{"timestamp": 1779140373, "type": "safe_tx", "device": "node-5-clean", "metadata": {}}
{"timestamp": 1779140373, "type": "safe_tx", "device": "node-9-stealth", "metadata": {}}
{"timestamp": 1779140373, "type": "fuzzing", "device": "node-10-fuzzer", "metadata": {}}
{"timestamp": 1779140373, "type": "safe_tx", "device": "node-5-clean", "metadata": {}}
{"timestamp": 1779140374, "type": "safe_tx", "device": "node-4-clean", "metadata": {}}
{"timestamp": 1779140374, "type": "safe_tx", "device": "node-5-clean", "metadata": {}}
{"timestamp": 1779140374, "type": "safe_tx", "device": "node-15-mixed", "metadata": {}}
{"timestamp": 1779140374, "type": "safe_tx", "device": "node-8-spammer", "metadata": {}}
{"timestamp": 1779140374, "type": "safe_tx", "device": "node-8-spammer", "metadata": {}}
{"timestamp": 1779140374, "type": "safe_tx", "device": "node-8-spammer", "metadata": {}}
{"timestamp": 1779140374, "type": "safe_tx", "device": "node-8-spammer", "metadata": {}}
{"timestamp": 1779140374, "type": "safe_tx", "device": "node-2-clean", "metadata": {}}
{"timestamp": 1779140374, "type": "safe_tx", "device": "node-4-clean", "metadata": {}}
{"timestamp": 1779140374, "type": "safe_tx", "device": "node-3-clean", "metadata": {}}
{"timestamp": 1779140375, "type": "safe_tx", "device": "node-14-mixed", "metadata": {}}
{"timestamp": 1779140375, "type": "overflow", "device": "node-6-overflow", "metadata": {"count": 3, "window_sec": 30}}
{"timestamp": 1779140375, "type": "safe_tx", "device": "node-1-clean", "metadata": {}}
{"timestamp": 1779140375, "type": "safe_tx", "device": "node-9-stealth", "metadata": {}}
{"timestamp": 1779140376, "type": "safe_tx", "device": "node-4-clean", "metadata": {}}
{"timestamp": 1779140376, "type": "safe_tx", "device": "node-14-mixed", "metadata": {}}
{"timestamp": 1779140376, "type": "safe_tx", "device": "node-15-mixed", "metadata": {}}
{"timestamp": 1779140377, "type": "time_anomaly", "device": "node-12-mixed", "metadata": {}}
{"timestamp": 1779140376, "type": "fuzzing", "device": "node-10-fuzzer", "metadata": {}}
{"timestamp": 1779140377, "type": "time_anomaly", "device": "node-13-mixed", "metadata": {}}
{"timestamp": 1779140377, "type": "safe_tx", "device": "node-2-clean", "metadata": {}}
{"timestamp": 1779140377, "type": "time_anomaly", "device": "node-13-mixed", "metadata": {}}
{"timestamp": 1779140377, "type": "safe_tx", "device": "node-8-spammer", "metadata": {}}
{"timestamp": 1779140377, "type": "safe_tx", "device": "node-8-spammer", "metadata": {}}
{"timestamp": 1779140377, "type": "fuzzing", "device": "node-10-fuzzer", "metadata": {}}
{"timestamp": 1779140377, "type": "safe_tx", "device": "node-8-spammer", "metadata": {}}
{"timestamp": 1779140377, "type": "safe_tx", "device": "node-8-spammer", "metadata": {}}
{"timestamp": 1779140377, "type": "safe_tx", "device": "node-8-spammer", "metadata": {}}
{"timestamp": 1779140377, "type": "safe_tx", "device": "node-8-spammer", "metadata": {}}
{"timestamp": 1779140377, "type": "safe_tx", "device": "node-8-spammer", "metadata": {}}
{"timestamp": 1779140377, "type": "safe_tx", "device": "node-8-spammer", "metadata": {}}
{"timestamp": 1779140377, "type": "safe_tx", "device": "node-8-spammer", "metadata": {}}
{"timestamp": 1779140377, "type": "safe_tx", "device": "node-8-spammer", "metadata": {}}
{"timestamp": 1779140377, "type": "safe_tx", "device": "node-15-mixed", "metadata": {}}
{"timestamp": 1779140377, "type": "safe_tx", "device": "node-8-spammer", "metadata": {}}
{"timestamp": 1779140378, "type": "safe_tx", "device": "node-4-clean", "metadata": {}}
{"timestamp": 1779140378, "type": "time_anomaly", "device": "node-7-timespoof", "metadata": {}}
{"timestamp": 1779140378, "type": "safe_tx", "device": "node-3-clean", "metadata": {}}
{"timestamp": 1779140378, "type": "safe_tx", "device": "node-5-clean", "metadata": {}}
{"timestamp": 1779140378, "type": "safe_tx", "device": "node-1-clean", "metadata": {}}
{"timestamp": 1779140378, "type": "safe_tx", "device": "node-9-stealth", "metadata": {}}
{"timestamp": 1779140379, "type": "fuzzing", "device": "node-10-fuzzer", "metadata": {}}
{"timestamp": 1779140379, "type": "time_anomaly", "device": "node-13-mixed", "metadata": {}}
{"timestamp": 1779140379, "type": "safe_tx", "device": "node-4-clean", "metadata": {}}
{"timestamp": 1779140379, "type": "safe_tx", "device": "node-5-clean", "metadata": {}}
{"timestamp": 1779140379, "type": "safe_tx", "device": "node-2-clean", "metadata": {}}
{"timestamp": 1779140379, "type": "safe_tx", "device": "node-8-spammer", "metadata": {}}
{"timestamp": 1779140379, "type": "safe_tx", "device": "node-8-spammer", "metadata": {}}
{"timestamp": 1779140379, "type": "safe_tx", "device": "node-12-mixed", "metadata": {}}
{"timestamp": 1779140379, "type": "safe_tx", "device": "node-8-spammer", "metadata": {}}
{"timestamp": 1779140380, "type": "safe_tx", "device": "node-8-spammer", "metadata": {}}
{"timestamp": 1779140380, "type": "safe_tx", "device": "node-8-spammer", "metadata": {}}
{"timestamp": 1779140380, "type": "safe_tx", "device": "node-8-spammer", "metadata": {}}
{"timestamp": 1779140380, "type": "fuzzing", "device": "node-10-fuzzer", "metadata": {}}
{"timestamp": 1779140380, "type": "safe_tx", "device": "node-14-mixed", "metadata": {}}
{"timestamp": 1779140380, "type": "safe_tx", "device": "node-6-overflow", "metadata": {}}
{"timestamp": 1779140380, "type": "safe_tx", "device": "node-4-clean", "metadata": {}}
{"timestamp": 1779140381, "type": "time_anomaly", "device": "node-13-mixed", "metadata": {}}
{"timestamp": 1779140380, "type": "safe_tx", "device": "node-1-clean", "metadata": {}}
{"timestamp": 1779140381, "type": "safe_tx", "device": "node-8-spammer", "metadata": {}}
{"timestamp": 1779140381, "type": "safe_tx", "device": "node-8-spammer", "metadata": {}}
{"timestamp": 1779140381, "type": "safe_tx", "device": "node-5-clean", "metadata": {}}
{"timestamp": 1779140381, "type": "safe_tx", "device": "node-3-clean", "metadata": {}}
{"timestamp": 1779140381, "type": "safe_tx", "device": "node-8-spammer", "metadata": {}}
{"timestamp": 1779140381, "type": "time_anomaly", "device": "node-15-mixed", "metadata": {}}
{"timestamp": 1779140381, "type": "fuzzing", "device": "node-10-fuzzer", "metadata": {}}
{"timestamp": 1779140381, "type": "safe_tx", "device": "node-2-clean", "metadata": {}}
{"timestamp": 1779140381, "type": "safe_tx", "device": "node-14-mixed", "metadata": {}}
{"timestamp": 1779140381, "type": "safe_tx", "device": "node-9-stealth", "metadata": {}}
{"timestamp": 1779140381, "type": "safe_tx", "device": "node-8-spammer", "metadata": {}}
{"timestamp": 1779140381, "type": "safe_tx", "device": "node-8-spammer", "metadata": {}}
{"timestamp": 1779140381, "type": "safe_tx", "device": "node-8-spammer", "metadata": {}}
{"timestamp": 1779140381, "type": "safe_tx", "device": "node-8-spammer", "metadata": {}}
{"timestamp": 1779140382, "type": "safe_tx", "device": "node-8-spammer", "metadata": {}}
{"timestamp": 1779140382, "type": "safe_tx", "device": "node-8-spammer", "metadata": {}}
{"timestamp": 1779140382, "type": "safe_tx", "device": "node-8-spammer", "metadata": {}}
{"timestamp": 1779140382, "type": "safe_tx", "device": "node-8-spammer", "metadata": {}}
{"timestamp": 1779140382, "type": "safe_tx", "device": "node-8-spammer", "metadata": {}}
{"timestamp": 1779140382, "type": "dos_spam", "device": "node-8-spammer", "metadata": {}}
{"timestamp": 1779140382, "type": "safe_tx", "device": "node-8-spammer", "metadata": {}}
{"timestamp": 1779140382, "type": "dos_spam", "device": "node-8-spammer", "metadata": {"count": 30, "window_sec": 5}}
{"timestamp": 1779140382, "type": "time_anomaly", "device": "node-7-timespoof", "metadata": {}}
{"timestamp": 1779140382, "type": "safe_tx", "device": "node-8-spammer", "metadata": {}}
{"timestamp": 1779140382, "type": "safe_tx", "device": "node-8-spammer", "metadata": {}}
{"timestamp": 1779140382, "type": "safe_tx", "device": "node-8-spammer", "metadata": {}}
{"timestamp": 1779140382, "type": "safe_tx", "device": "node-8-spammer", "metadata": {}}
{"timestamp": 1779140382, "type": "safe_tx", "device": "node-8-spammer", "metadata": {}}
{"timestamp": 1779140382, "type": "safe_tx", "device": "node-8-spammer", "metadata": {}}
{"timestamp": 1779140382, "type": "safe_tx", "device": "node-8-spammer", "metadata": {}}
{"timestamp": 1779140382, "type": "safe_tx", "device": "node-14-mixed", "metadata": {}}
{"timestamp": 1779140383, "type": "time_anomaly", "device": "node-14-mixed", "metadata": {}}
{"timestamp": 1779140383, "type": "fuzzing", "device": "node-10-fuzzer", "metadata": {}}
{"timestamp": 1779140383, "type": "safe_tx", "device": "node-12-mixed", "metadata": {}}
{"timestamp": 1779140383, "type": "overflow", "device": "node-12-mixed", "metadata": {"count": 3, "window_sec": 30}}
{"timestamp": 1779140383, "type": "safe_tx", "device": "node-13-mixed", "metadata": {}}
{"timestamp": 1779140383, "type": "safe_tx", "device": "node-1-clean", "metadata": {}}
{"timestamp": 1779140383, "type": "safe_tx", "device": "node-2-clean", "metadata": {}}
{"timestamp": 1779140383, "type": "safe_tx", "device": "node-10-fuzzer", "metadata": {}}
{"timestamp": 1779140384, "type": "time_anomaly", "device": "node-12-mixed", "metadata": {}}
{"timestamp": 1779140383, "type": "safe_tx", "device": "node-8-spammer", "metadata": {}}
{"timestamp": 1779140383, "type": "safe_tx", "device": "node-8-spammer", "metadata": {}}
{"timestamp": 1779140383, "type": "safe_tx", "device": "node-8-spammer", "metadata": {}}
{"timestamp": 1779140383, "type": "safe_tx", "device": "node-8-spammer", "metadata": {}}
{"timestamp": 1779140384, "type": "safe_tx", "device": "node-8-spammer", "metadata": {}}
{"timestamp": 1779140384, "type": "safe_tx", "device": "node-8-spammer", "metadata": {}}
{"timestamp": 1779140384, "type": "safe_tx", "device": "node-8-spammer", "metadata": {}}
{"timestamp": 1779140384, "type": "dos_spam", "device": "node-8-spammer", "metadata": {}}
{"timestamp": 1779140384, "type": "safe_tx", "device": "node-8-spammer", "metadata": {}}
{"timestamp": 1779140384, "type": "safe_tx", "device": "node-8-spammer", "metadata": {}}
{"timestamp": 1779140384, "type": "safe_tx", "device": "node-8-spammer", "metadata": {}}
{"timestamp": 1779140384, "type": "safe_tx", "device": "node-8-spammer", "metadata": {}}
{"timestamp": 1779140384, "type": "safe_tx", "device": "node-15-mixed", "metadata": {}}
{"timestamp": 1779140384, "type": "safe_tx", "device": "node-3-clean", "metadata": {}}
{"timestamp": 1779140384, "type": "safe_tx", "device": "node-9-stealth", "metadata": {}}
{"timestamp": 1779140384, "type": "safe_tx", "device": "node-4-clean", "metadata": {}}
{"timestamp": 1779140385, "type": "time_anomaly", "device": "node-13-mixed", "metadata": {}}
{"timestamp": 1779140384, "type": "safe_tx", "device": "node-5-clean", "metadata": {}}
{"timestamp": 1779140385, "type": "safe_tx", "device": "node-8-spammer", "metadata": {}}
{"timestamp": 1779140385, "type": "safe_tx", "device": "node-10-fuzzer", "metadata": {}}
{"timestamp": 1779140385, "type": "safe_tx", "device": "node-6-overflow", "metadata": {}}
{"timestamp": 1779140386, "type": "time_anomaly", "device": "node-7-timespoof", "metadata": {}}
{"timestamp": 1779140386, "type": "time_anomaly", "device": "node-14-mixed", "metadata": {}}
{"timestamp": 1779140386, "type": "safe_tx", "device": "node-9-stealth", "metadata": {}}
{"timestamp": 1779140386, "type": "safe_tx", "device": "node-2-clean", "metadata": {}}
{"timestamp": 1779140386, "type": "safe_tx", "device": "node-8-spammer", "metadata": {}}
{"timestamp": 1779140386, "type": "safe_tx", "device": "node-15-mixed", "metadata": {}}
{"timestamp": 1779140386, "type": "safe_tx", "device": "node-5-clean", "metadata": {}}
{"timestamp": 1779140387, "type": "safe_tx", "device": "node-10-fuzzer", "metadata": {}}
{"timestamp": 1779140387, "type": "safe_tx", "device": "node-3-clean", "metadata": {}}
{"timestamp": 1779140387, "type": "safe_tx", "device": "node-1-clean", "metadata": {}}
{"timestamp": 1779140387, "type": "safe_tx", "device": "node-13-mixed", "metadata": {}}
{"timestamp": 1779140387, "type": "safe_tx", "device": "node-8-spammer", "metadata": {}}
{"timestamp": 1779140387, "type": "safe_tx", "device": "node-8-spammer", "metadata": {}}
{"timestamp": 1779140387, "type": "safe_tx", "device": "node-8-spammer", "metadata": {}}
{"timestamp": 1779140387, "type": "safe_tx", "device": "node-8-spammer", "metadata": {}}
{"timestamp": 1779140387, "type": "safe_tx", "device": "node-8-spammer", "metadata": {}}
{"timestamp": 1779140387, "type": "safe_tx", "device": "node-8-spammer", "metadata": {}}
{"timestamp": 1779140388, "type": "safe_tx", "device": "node-2-clean", "metadata": {}}
{"timestamp": 1779140388, "type": "safe_tx", "device": "node-8-spammer", "metadata": {}}
{"timestamp": 1779140388, "type": "safe_tx", "device": "node-11-pulsing", "metadata": {}}
{"timestamp": 1779140388, "type": "safe_tx", "device": "node-11-pulsing", "metadata": {}}
{"timestamp": 1779140388, "type": "safe_tx", "device": "node-11-pulsing", "metadata": {}}
{"timestamp": 1779140388, "type": "safe_tx", "device": "node-11-pulsing", "metadata": {}}
{"timestamp": 1779140388, "type": "safe_tx", "device": "node-11-pulsing", "metadata": {}}
{"timestamp": 1779140388, "type": "safe_tx", "device": "node-11-pulsing", "metadata": {}}
{"timestamp": 1779140388, "type": "safe_tx", "device": "node-11-pulsing", "metadata": {}}
{"timestamp": 1779140388, "type": "safe_tx", "device": "node-9-stealth", "metadata": {}}
{"timestamp": 1779140388, "type": "safe_tx", "device": "node-11-pulsing", "metadata": {}}
{"timestamp": 1779140388, "type": "safe_tx", "device": "node-4-clean", "metadata": {}}
{"timestamp": 1779140388, "type": "safe_tx", "device": "node-11-pulsing", "metadata": {}}
{"timestamp": 1779140388, "type": "safe_tx", "device": "node-11-pulsing", "metadata": {}}
{"timestamp": 1779140388, "type": "safe_tx", "device": "node-13-mixed", "metadata": {}}
{"timestamp": 1779140388, "type": "safe_tx", "device": "node-11-pulsing", "metadata": {}}
{"timestamp": 1779140388, "type": "safe_tx", "device": "node-8-spammer", "metadata": {}}
{"timestamp": 1779140389, "type": "safe_tx", "device": "node-8-spammer", "metadata": {}}
{"timestamp": 1779140389, "type": "safe_tx", "device": "node-8-spammer", "metadata": {}}
{"timestamp": 1779140389, "type": "safe_tx", "device": "node-11-pulsing", "metadata": {}}
{"timestamp": 1779140389, "type": "safe_tx", "device": "node-8-spammer", "metadata": {}}
{"timestamp": 1779140389, "type": "safe_tx", "device": "node-11-pulsing", "metadata": {}}
{"timestamp": 1779140389, "type": "safe_tx", "device": "node-8-spammer", "metadata": {}}
{"timestamp": 1779140389, "type": "safe_tx", "device": "node-8-spammer", "metadata": {}}
{"timestamp": 1779140389, "type": "safe_tx", "device": "node-11-pulsing", "metadata": {}}
{"timestamp": 1779140389, "type": "safe_tx", "device": "node-8-spammer", "metadata": {}}
{"timestamp": 1779140389, "type": "safe_tx", "device": "node-11-pulsing", "metadata": {}}
{"timestamp": 1779140389, "type": "dos_spam", "device": "node-11-pulsing", "metadata": {}}
{"timestamp": 1779140389, "type": "safe_tx", "device": "node-11-pulsing", "metadata": {}}
{"timestamp": 1779140389, "type": "safe_tx", "device": "node-11-pulsing", "metadata": {}}
{"timestamp": 1779140389, "type": "safe_tx", "device": "node-11-pulsing", "metadata": {}}
{"timestamp": 1779140389, "type": "safe_tx", "device": "node-11-pulsing", "metadata": {}}
{"timestamp": 1779140389, "type": "safe_tx", "device": "node-11-pulsing", "metadata": {}}
{"timestamp": 1779140389, "type": "safe_tx", "device": "node-12-mixed", "metadata": {}}
{"timestamp": 1779140389, "type": "safe_tx", "device": "node-3-clean", "metadata": {}}
{"timestamp": 1779140389, "type": "overflow", "device": "node-6-overflow", "metadata": {"count": 3, "window_sec": 30}}
{"timestamp": 1779140390, "type": "safe_tx", "device": "node-15-mixed", "metadata": {}}
{"timestamp": 1779140390, "type": "safe_tx", "device": "node-10-fuzzer", "metadata": {}}
{"timestamp": 1779140390, "type": "safe_tx", "device": "node-8-spammer", "metadata": {}}
{"timestamp": 1779140390, "type": "safe_tx", "device": "node-8-spammer", "metadata": {}}
{"timestamp": 1779140390, "type": "safe_tx", "device": "node-8-spammer", "metadata": {}}
{"timestamp": 1779140390, "type": "safe_tx", "device": "node-8-spammer", "metadata": {}}
{"timestamp": 1779140390, "type": "safe_tx", "device": "node-1-clean", "metadata": {}}
{"timestamp": 1779140390, "type": "safe_tx", "device": "node-5-clean", "metadata": {}}
{"timestamp": 1779140390, "type": "safe_tx", "device": "node-5-clean", "metadata": {}}
{"timestamp": 1779140390, "type": "overflow", "device": "node-9-stealth", "metadata": {"count": 3, "window_sec": 30}}
{"timestamp": 1779140390, "type": "safe_tx", "device": "node-4-clean", "metadata": {}}
{"timestamp": 1779140390, "type": "time_anomaly", "device": "node-13-mixed", "metadata": {}}
{"timestamp": 1779140391, "type": "overflow", "device": "node-14-mixed", "metadata": {"count": 3, "window_sec": 30}}
{"timestamp": 1779140391, "type": "safe_tx", "device": "node-8-spammer", "metadata": {}}
{"timestamp": 1779140391, "type": "safe_tx", "device": "node-8-spammer", "metadata": {}}
{"timestamp": 1779140391, "type": "time_anomaly", "device": "node-12-mixed", "metadata": {}}
{"timestamp": 1779140391, "type": "safe_tx", "device": "node-3-clean", "metadata": {}}
{"timestamp": 1779140391, "type": "safe_tx", "device": "node-2-clean", "metadata": {}}
{"timestamp": 1779140391, "type": "safe_tx", "device": "node-12-mixed", "metadata": {}}
{"timestamp": 1779140391, "type": "safe_tx", "device": "node-1-clean", "metadata": {}}
{"timestamp": 1779140391, "type": "safe_tx", "device": "node-5-clean", "metadata": {}}
{"timestamp": 1779140391, "type": "safe_tx", "device": "node-15-mixed", "metadata": {}}
{"timestamp": 1779140391, "type": "time_anomaly", "device": "node-7-timespoof", "metadata": {}}
{"timestamp": 1779140392, "type": "safe_tx", "device": "node-3-clean", "metadata": {}}
{"timestamp": 1779140392, "type": "safe_tx", "device": "node-8-spammer", "metadata": {}}
{"timestamp": 1779140392, "type": "safe_tx", "device": "node-8-spammer", "metadata": {}}
{"timestamp": 1779140392, "type": "safe_tx", "device": "node-3-clean", "metadata": {}}
{"timestamp": 1779140393, "type": "safe_tx", "device": "node-1-clean", "metadata": {}}
{"timestamp": 1779140393, "type": "safe_tx", "device": "node-4-clean", "metadata": {}}
{"timestamp": 1779140393, "type": "safe_tx", "device": "node-8-spammer", "metadata": {}}
{"timestamp": 1779140393, "type": "safe_tx", "device": "node-8-spammer", "metadata": {}}
{"timestamp": 1779140393, "type": "safe_tx", "device": "node-8-spammer", "metadata": {}}
{"timestamp": 1779140394, "type": "time_anomaly", "device": "node-14-mixed", "metadata": {}}
{"timestamp": 1779140393, "type": "safe_tx", "device": "node-8-spammer", "metadata": {}}
{"timestamp": 1779140393, "type": "safe_tx", "device": "node-8-spammer", "metadata": {}}
{"timestamp": 1779140393, "type": "safe_tx", "device": "node-8-spammer", "metadata": {}}
{"timestamp": 1779140393, "type": "safe_tx", "device": "node-8-spammer", "metadata": {}}
{"timestamp": 1779140393, "type": "safe_tx", "device": "node-8-spammer", "metadata": {}}
{"timestamp": 1779140393, "type": "safe_tx", "device": "node-8-spammer", "metadata": {}}
{"timestamp": 1779140393, "type": "safe_tx", "device": "node-8-spammer", "metadata": {}}
{"timestamp": 1779140393, "type": "safe_tx", "device": "node-8-spammer", "metadata": {}}
{"timestamp": 1779140393, "type": "dos_spam", "device": "node-8-spammer", "metadata": {}}
{"timestamp": 1779140393, "type": "safe_tx", "device": "node-8-spammer", "metadata": {}}
{"timestamp": 1779140393, "type": "safe_tx", "device": "node-15-mixed", "metadata": {}}
{"timestamp": 1779140393, "type": "safe_tx", "device": "node-8-spammer", "metadata": {}}
{"timestamp": 1779140393, "type": "safe_tx", "device": "node-9-stealth", "metadata": {}}
{"timestamp": 1779140393, "type": "safe_tx", "device": "node-13-mixed", "metadata": {}}
{"timestamp": 1779140393, "type": "safe_tx", "device": "node-10-fuzzer", "metadata": {}}
{"timestamp": 1779140393, "type": "safe_tx", "device": "node-8-spammer", "metadata": {}}
{"timestamp": 1779140393, "type": "dos_spam", "device": "node-8-spammer", "metadata": {"count": 30, "window_sec": 5}}
{"timestamp": 1779140393, "type": "safe_tx", "device": "node-8-spammer", "metadata": {}}
{"timestamp": 1779140393, "type": "safe_tx", "device": "node-8-spammer", "metadata": {}}
{"timestamp": 1779140393, "type": "safe_tx", "device": "node-8-spammer", "metadata": {}}
{"timestamp": 1779140393, "type": "safe_tx", "device": "node-8-spammer", "metadata": {}}
{"timestamp": 1779140393, "type": "safe_tx", "device": "node-12-mixed", "metadata": {}}
{"timestamp": 1779140393, "type": "safe_tx", "device": "node-8-spammer", "metadata": {}}
{"timestamp": 1779140393, "type": "safe_tx", "device": "node-8-spammer", "metadata": {}}
{"timestamp": 1779140394, "type": "safe_tx", "device": "node-8-spammer", "metadata": {}}
{"timestamp": 1779140394, "type": "safe_tx", "device": "node-8-spammer", "metadata": {}}
{"timestamp": 1779140394, "type": "safe_tx", "device": "node-8-spammer", "metadata": {}}
{"timestamp": 1779140395, "type": "time_anomaly", "device": "node-7-timespoof", "metadata": {}}
{"timestamp": 1779140394, "type": "safe_tx", "device": "node-1-clean", "metadata": {}}
{"timestamp": 1779140394, "type": "safe_tx", "device": "node-5-clean", "metadata": {}}
{"timestamp": 1779140394, "type": "safe_tx", "device": "node-2-clean", "metadata": {}}
{"timestamp": 1779140394, "type": "safe_tx", "device": "node-8-spammer", "metadata": {}}
{"timestamp": 1779140395, "type": "time_anomaly", "device": "node-14-mixed", "metadata": {}}
{"timestamp": 1779140394, "type": "safe_tx", "device": "node-8-spammer", "metadata": {}}
{"timestamp": 1779140394, "type": "safe_tx", "device": "node-8-spammer", "metadata": {}}
{"timestamp": 1779140394, "type": "dos_spam", "device": "node-8-spammer", "metadata": {}}
{"timestamp": 1779140394, "type": "safe_tx", "device": "node-4-clean", "metadata": {}}
{"timestamp": 1779140394, "type": "safe_tx", "device": "node-8-spammer", "metadata": {}}
{"timestamp": 1779140394, "type": "safe_tx", "device": "node-13-mixed", "metadata": {}}
{"timestamp": 1779140394, "type": "safe_tx", "device": "node-8-spammer", "metadata": {}}
{"timestamp": 1779140394, "type": "safe_tx", "device": "node-8-spammer", "metadata": {}}
{"timestamp": 1779140394, "type": "safe_tx", "device": "node-8-spammer", "metadata": {}}
{"timestamp": 1779140394, "type": "safe_tx", "device": "node-8-spammer", "metadata": {}}
{"timestamp": 1779140394, "type": "safe_tx", "device": "node-8-spammer", "metadata": {}}
{"timestamp": 1779140395, "type": "safe_tx", "device": "node-8-spammer", "metadata": {}}
{"timestamp": 1779140395, "type": "safe_tx", "device": "node-8-spammer", "metadata": {}}
{"timestamp": 1779140395, "type": "safe_tx", "device": "node-8-spammer", "metadata": {}}
{"timestamp": 1779140395, "type": "safe_tx", "device": "node-8-spammer", "metadata": {}}
{"timestamp": 1779140395, "type": "safe_tx", "device": "node-9-stealth", "metadata": {}}
{"timestamp": 1779140395, "type": "safe_tx", "device": "node-14-mixed", "metadata": {}}
{"timestamp": 1779140395, "type": "safe_tx", "device": "node-8-spammer", "metadata": {}}
{"timestamp": 1779140395, "type": "safe_tx", "device": "node-8-spammer", "metadata": {}}
{"timestamp": 1779140395, "type": "safe_tx", "device": "node-8-spammer", "metadata": {}}
{"timestamp": 1779140395, "type": "safe_tx", "device": "node-8-spammer", "metadata": {}}
{"timestamp": 1779140395, "type": "safe_tx", "device": "node-8-spammer", "metadata": {}}
{"timestamp": 1779140395, "type": "dos_spam", "device": "node-8-spammer", "metadata": {}}
{"timestamp": 1779140395, "type": "safe_tx", "device": "node-2-clean", "metadata": {}}
{"timestamp": 1779140395, "type": "safe_tx", "device": "node-15-mixed", "metadata": {}}
{"timestamp": 1779140395, "type": "safe_tx", "device": "node-8-spammer", "metadata": {}}
{"timestamp": 1779140395, "type": "safe_tx", "device": "node-8-spammer", "metadata": {}}
{"timestamp": 1779140395, "type": "safe_tx", "device": "node-8-spammer", "metadata": {}}
{"timestamp": 1779140395, "type": "dos_spam", "device": "node-8-spammer", "metadata": {"count": 30, "window_sec": 5}}
{"timestamp": 1779140396, "type": "safe_tx", "device": "node-8-spammer", "metadata": {}}
{"timestamp": 1779140396, "type": "safe_tx", "device": "node-3-clean", "metadata": {}}
{"timestamp": 1779140396, "type": "safe_tx", "device": "node-1-clean", "metadata": {}}
{"timestamp": 1779140396, "type": "safe_tx", "device": "node-15-mixed", "metadata": {}}
{"timestamp": 1779140396, "type": "safe_tx", "device": "node-2-clean", "metadata": {}}
{"timestamp": 1779140396, "type": "safe_tx", "device": "node-4-clean", "metadata": {}}
{"timestamp": 1779140396, "type": "safe_tx", "device": "node-2-clean", "metadata": {}}
{"timestamp": 1779140397, "type": "time_anomaly", "device": "node-13-mixed", "metadata": {}}
{"timestamp": 1779140396, "type": "safe_tx", "device": "node-5-clean", "metadata": {}}
{"timestamp": 1779140396, "type": "safe_tx", "device": "node-8-spammer", "metadata": {}}
{"timestamp": 1779140396, "type": "safe_tx", "device": "node-8-spammer", "metadata": {}}
{"timestamp": 1779140396, "type": "safe_tx", "device": "node-8-spammer", "metadata": {}}
{"timestamp": 1779140396, "type": "safe_tx", "device": "node-10-fuzzer", "metadata": {}}
{"timestamp": 1779140397, "type": "overflow", "device": "node-12-mixed", "metadata": {"count": 3, "window_sec": 30}}
{"timestamp": 1779140397, "type": "safe_tx", "device": "node-5-clean", "metadata": {}}
{"timestamp": 1779140397, "type": "safe_tx", "device": "node-1-clean", "metadata": {}}
{"timestamp": 1779140397, "type": "safe_tx", "device": "node-8-spammer", "metadata": {}}
{"timestamp": 1779140397, "type": "safe_tx", "device": "node-9-stealth", "metadata": {}}
{"timestamp": 1779140397, "type": "safe_tx", "device": "node-8-spammer", "metadata": {}}
{"timestamp": 1779140398, "type": "safe_tx", "device": "node-12-mixed", "metadata": {}}
{"timestamp": 1779140398, "type": "safe_tx", "device": "node-3-clean", "metadata": {}}
{"timestamp": 1779140398, "type": "safe_tx", "device": "node-4-clean", "metadata": {}}
{"timestamp": 1779140398, "type": "overflow", "device": "node-6-overflow", "metadata": {"count": 3, "window_sec": 30}}
{"timestamp": 1779140398, "type": "safe_tx", "device": "node-4-clean", "metadata": {}}
{"timestamp": 1779140398, "type": "overflow", "device": "node-10-fuzzer", "metadata": {"count": 3, "window_sec": 30}}
{"timestamp": 1779140398, "type": "safe_tx", "device": "node-12-mixed", "metadata": {}}
{"timestamp": 1779140399, "type": "time_anomaly", "device": "node-7-timespoof", "metadata": {}}
{"timestamp": 1779140398, "type": "safe_tx", "device": "node-15-mixed", "metadata": {}}
{"timestamp": 1779140398, "type": "safe_tx", "device": "node-5-clean", "metadata": {}}
{"timestamp": 1779140399, "type": "safe_tx", "device": "node-8-spammer", "metadata": {}}
{"timestamp": 1779140399, "type": "safe_tx", "device": "node-13-mixed", "metadata": {}}
{"timestamp": 1779140399, "type": "safe_tx", "device": "node-3-clean", "metadata": {}}
{"timestamp": 1779140399, "type": "safe_tx", "device": "node-1-clean", "metadata": {}}
{"timestamp": 1779140400, "type": "safe_tx", "device": "node-1-clean", "metadata": {}}
{"timestamp": 1779140400, "type": "safe_tx", "device": "node-4-clean", "metadata": {}}
{"timestamp": 1779140400, "type": "safe_tx", "device": "node-2-clean", "metadata": {}}
{"timestamp": 1779140400, "type": "safe_tx", "device": "node-8-spammer", "metadata": {}}
{"timestamp": 1779140400, "type": "fuzzing", "device": "node-10-fuzzer", "metadata": {}}
{"timestamp": 1779140401, "type": "safe_tx", "device": "node-5-clean", "metadata": {}}
{"timestamp": 1779140402, "type": "time_anomaly", "device": "node-7-timespoof", "metadata": {}}
{"timestamp": 1779140401, "type": "safe_tx", "device": "node-13-mixed", "metadata": {}}
{"timestamp": 1779140401, "type": "safe_tx", "device": "node-1-clean", "metadata": {}}
{"timestamp": 1779140401, "type": "safe_tx", "device": "node-12-mixed", "metadata": {}}
{"timestamp": 1779140402, "type": "safe_tx", "device": "node-8-spammer", "metadata": {}}
{"timestamp": 1779140402, "type": "safe_tx", "device": "node-8-spammer", "metadata": {}}
{"timestamp": 1779140402, "type": "safe_tx", "device": "node-8-spammer", "metadata": {}}
{"timestamp": 1779140402, "type": "safe_tx", "device": "node-8-spammer", "metadata": {}}
{"timestamp": 1779140402, "type": "safe_tx", "device": "node-8-spammer", "metadata": {}}
{"timestamp": 1779140402, "type": "fuzzing", "device": "node-10-fuzzer", "metadata": {}}
{"timestamp": 1779140402, "type": "safe_tx", "device": "node-4-clean", "metadata": {}}
{"timestamp": 1779140402, "type": "safe_tx", "device": "node-2-clean", "metadata": {}}
{"timestamp": 1779140403, "type": "safe_tx", "device": "node-14-mixed", "metadata": {}}
{"timestamp": 1779140403, "type": "safe_tx", "device": "node-8-spammer", "metadata": {}}
{"timestamp": 1779140403, "type": "safe_tx", "device": "node-8-spammer", "metadata": {}}
{"timestamp": 1779140403, "type": "safe_tx", "device": "node-15-mixed", "metadata": {}}
{"timestamp": 1779140403, "type": "safe_tx", "device": "node-8-spammer", "metadata": {}}
{"timestamp": 1779140403, "type": "safe_tx", "device": "node-8-spammer", "metadata": {}}
{"timestamp": 1779140403, "type": "safe_tx", "device": "node-8-spammer", "metadata": {}}
{"timestamp": 1779140403, "type": "safe_tx", "device": "node-8-spammer", "metadata": {}}
{"timestamp": 1779140403, "type": "safe_tx", "device": "node-3-clean", "metadata": {}}
{"timestamp": 1779140403, "type": "safe_tx", "device": "node-9-stealth", "metadata": {}}
{"timestamp": 1779140404, "type": "fuzzing", "device": "node-10-fuzzer", "metadata": {}}
{"timestamp": 1779140404, "type": "safe_tx", "device": "node-5-clean", "metadata": {}}
{"timestamp": 1779140404, "type": "safe_tx", "device": "node-8-spammer", "metadata": {}}
{"timestamp": 1779140404, "type": "safe_tx", "device": "node-8-spammer", "metadata": {}}
{"timestamp": 1779140404, "type": "safe_tx", "device": "node-8-spammer", "metadata": {}}
{"timestamp": 1779140404, "type": "safe_tx", "device": "node-3-clean", "metadata": {}}
{"timestamp": 1779140404, "type": "safe_tx", "device": "node-1-clean", "metadata": {}}
{"timestamp": 1779140405, "type": "time_anomaly", "device": "node-13-mixed", "metadata": {}}
{"timestamp": 1779140405, "type": "time_anomaly", "device": "node-12-mixed", "metadata": {}}
{"timestamp": 1779140405, "type": "safe_tx", "device": "node-14-mixed", "metadata": {}}
{"timestamp": 1779140405, "type": "safe_tx", "device": "node-8-spammer", "metadata": {}}
{"timestamp": 1779140405, "type": "safe_tx", "device": "node-12-mixed", "metadata": {}}
{"timestamp": 1779140405, "type": "safe_tx", "device": "node-2-clean", "metadata": {}}
{"timestamp": 1779140406, "type": "time_anomaly", "device": "node-7-timespoof", "metadata": {}}
{"timestamp": 1779140405, "type": "safe_tx", "device": "node-10-fuzzer", "metadata": {}}
{"timestamp": 1779140405, "type": "safe_tx", "device": "node-9-stealth", "metadata": {}}
{"timestamp": 1779140405, "type": "safe_tx", "device": "node-4-clean", "metadata": {}}
{"timestamp": 1779140406, "type": "safe_tx", "device": "node-5-clean", "metadata": {}}
{"timestamp": 1779140406, "type": "safe_tx", "device": "node-8-spammer", "metadata": {}}
{"timestamp": 1779140406, "type": "safe_tx", "device": "node-8-spammer", "metadata": {}}
{"timestamp": 1779140406, "type": "safe_tx", "device": "node-8-spammer", "metadata": {}}
{"timestamp": 1779140406, "type": "safe_tx", "device": "node-8-spammer", "metadata": {}}
{"timestamp": 1779140406, "type": "safe_tx", "device": "node-8-spammer", "metadata": {}}
{"timestamp": 1779140406, "type": "safe_tx", "device": "node-8-spammer", "metadata": {}}
{"timestamp": 1779140406, "type": "safe_tx", "device": "node-8-spammer", "metadata": {}}
{"timestamp": 1779140407, "type": "time_anomaly", "device": "node-13-mixed", "metadata": {}}
{"timestamp": 1779140407, "type": "overflow", "device": "node-6-overflow", "metadata": {"count": 3, "window_sec": 30}}
{"timestamp": 1779140407, "type": "safe_tx", "device": "node-12-mixed", "metadata": {}}
{"timestamp": 1779140408, "type": "time_anomaly", "device": "node-14-mixed", "metadata": {}}
{"timestamp": 1779140407, "type": "safe_tx", "device": "node-4-clean", "metadata": {}}
{"timestamp": 1779140407, "type": "safe_tx", "device": "node-9-stealth", "metadata": {}}
{"timestamp": 1779140407, "type": "safe_tx", "device": "node-13-mixed", "metadata": {}}
{"timestamp": 1779140407, "type": "safe_tx", "device": "node-8-spammer", "metadata": {}}
{"timestamp": 1779140407, "type": "safe_tx", "device": "node-1-clean", "metadata": {}}
{"timestamp": 1779140407, "type": "safe_tx", "device": "node-8-spammer", "metadata": {}}
{"timestamp": 1779140408, "type": "safe_tx", "device": "node-1-clean", "metadata": {}}
{"timestamp": 1779140408, "type": "fuzzing", "device": "node-10-fuzzer", "metadata": {}}
{"timestamp": 1779140409, "type": "time_anomaly", "device": "node-15-mixed", "metadata": {}}
{"timestamp": 1779140408, "type": "safe_tx", "device": "node-2-clean", "metadata": {}}
{"timestamp": 1779140408, "type": "safe_tx", "device": "node-8-spammer", "metadata": {}}
{"timestamp": 1779140408, "type": "safe_tx", "device": "node-8-spammer", "metadata": {}}
{"timestamp": 1779140408, "type": "safe_tx", "device": "node-13-mixed", "metadata": {}}
{"timestamp": 1779140409, "type": "fuzzing", "device": "node-10-fuzzer", "metadata": {}}
{"timestamp": 1779140409, "type": "safe_tx", "device": "node-5-clean", "metadata": {}}
{"timestamp": 1779140410, "type": "time_anomaly", "device": "node-15-mixed", "metadata": {}}
{"timestamp": 1779140410, "type": "time_anomaly", "device": "node-7-timespoof", "metadata": {}}
{"timestamp": 1779140409, "type": "safe_tx", "device": "node-2-clean", "metadata": {}}
{"timestamp": 1779140409, "type": "fuzzing", "device": "node-10-fuzzer", "metadata": {}}
{"timestamp": 1779140409, "type": "safe_tx", "device": "node-3-clean", "metadata": {}}
{"timestamp": 1779140409, "type": "safe_tx", "device": "node-8-spammer", "metadata": {}}
{"timestamp": 1779140409, "type": "safe_tx", "device": "node-8-spammer", "metadata": {}}
{"timestamp": 1779140409, "type": "safe_tx", "device": "node-8-spammer", "metadata": {}}
{"timestamp": 1779140409, "type": "safe_tx", "device": "node-8-spammer", "metadata": {}}
{"timestamp": 1779140409, "type": "safe_tx", "device": "node-8-spammer", "metadata": {}}
{"timestamp": 1779140409, "type": "safe_tx", "device": "node-8-spammer", "metadata": {}}
{"timestamp": 1779140409, "type": "safe_tx", "device": "node-8-spammer", "metadata": {}}
{"timestamp": 1779140411, "type": "time_anomaly", "device": "node-12-mixed", "metadata": {}}
{"timestamp": 1779140410, "type": "safe_tx", "device": "node-1-clean", "metadata": {}}
{"timestamp": 1779140410, "type": "safe_tx", "device": "node-9-stealth", "metadata": {}}
{"timestamp": 1779140410, "type": "safe_tx", "device": "node-13-mixed", "metadata": {}}
{"timestamp": 1779140411, "type": "safe_tx", "device": "node-10-fuzzer", "metadata": {}}
{"timestamp": 1779140411, "type": "safe_tx", "device": "node-4-clean", "metadata": {}}
{"timestamp": 1779140411, "type": "safe_tx", "device": "node-8-spammer", "metadata": {}}
{"timestamp": 1779140411, "type": "safe_tx", "device": "node-8-spammer", "metadata": {}}
{"timestamp": 1779140411, "type": "safe_tx", "device": "node-8-spammer", "metadata": {}}
{"timestamp": 1779140411, "type": "safe_tx", "device": "node-15-mixed", "metadata": {}}
{"timestamp": 1779140411, "type": "safe_tx", "device": "node-3-clean", "metadata": {}}
{"timestamp": 1779140411, "type": "safe_tx", "device": "node-8-spammer", "metadata": {}}
{"timestamp": 1779140411, "type": "safe_tx", "device": "node-8-spammer", "metadata": {}}
{"timestamp": 1779140411, "type": "safe_tx", "device": "node-8-spammer", "metadata": {}}
{"timestamp": 1779140411, "type": "safe_tx", "device": "node-8-spammer", "metadata": {}}
{"timestamp": 1779140411, "type": "safe_tx", "device": "node-8-spammer", "metadata": {}}
{"timestamp": 1779140411, "type": "dos_spam", "device": "node-8-spammer", "metadata": {}}
{"timestamp": 1779140411, "type": "safe_tx", "device": "node-8-spammer", "metadata": {}}
{"timestamp": 1779140411, "type": "safe_tx", "device": "node-8-spammer", "metadata": {}}
{"timestamp": 1779140411, "type": "safe_tx", "device": "node-8-spammer", "metadata": {}}
{"timestamp": 1779140411, "type": "safe_tx", "device": "node-8-spammer", "metadata": {}}
{"timestamp": 1779140411, "type": "dos_spam", "device": "node-8-spammer", "metadata": {"count": 30, "window_sec": 5}}
{"timestamp": 1779140411, "type": "safe_tx", "device": "node-8-spammer", "metadata": {}}
{"timestamp": 1779140411, "type": "safe_tx", "device": "node-8-spammer", "metadata": {}}
{"timestamp": 1779140411, "type": "safe_tx", "device": "node-5-clean", "metadata": {}}
{"timestamp": 1779140411, "type": "safe_tx", "device": "node-8-spammer", "metadata": {}}
{"timestamp": 1779140411, "type": "safe_tx", "device": "node-14-mixed", "metadata": {}}
{"timestamp": 1779140411, "type": "safe_tx", "device": "node-8-spammer", "metadata": {}}
{"timestamp": 1779140411, "type": "safe_tx", "device": "node-8-spammer", "metadata": {}}
{"timestamp": 1779140412, "type": "safe_tx", "device": "node-8-spammer", "metadata": {}}
{"timestamp": 1779140412, "type": "safe_tx", "device": "node-8-spammer", "metadata": {}}
{"timestamp": 1779140412, "type": "safe_tx", "device": "node-8-spammer", "metadata": {}}
{"timestamp": 1779140412, "type": "safe_tx", "device": "node-13-mixed", "metadata": {}}
{"timestamp": 1779140412, "type": "safe_tx", "device": "node-8-spammer", "metadata": {}}
{"timestamp": 1779140412, "type": "safe_tx", "device": "node-8-spammer", "metadata": {}}
{"timestamp": 1779140413, "type": "time_anomaly", "device": "node-12-mixed", "metadata": {}}
{"timestamp": 1779140412, "type": "safe_tx", "device": "node-2-clean", "metadata": {}}
{"timestamp": 1779140412, "type": "safe_tx", "device": "node-1-clean", "metadata": {}}
{"timestamp": 1779140412, "type": "safe_tx", "device": "node-5-clean", "metadata": {}}
{"timestamp": 1779140412, "type": "safe_tx", "device": "node-10-fuzzer", "metadata": {}}
{"timestamp": 1779140412, "type": "overflow", "device": "node-9-stealth", "metadata": {"count": 3, "window_sec": 30}}
{"timestamp": 1779140413, "type": "safe_tx", "device": "node-3-clean", "metadata": {}}
{"timestamp": 1779140413, "type": "safe_tx", "device": "node-1-clean", "metadata": {}}
{"timestamp": 1779140413, "type": "safe_tx", "device": "node-1-clean", "metadata": {}}
{"timestamp": 1779140413, "type": "safe_tx", "device": "node-8-spammer", "metadata": {}}
{"timestamp": 1779140413, "type": "dos_spam", "device": "node-8-spammer", "metadata": {}}
{"timestamp": 1779140413, "type": "safe_tx", "device": "node-8-spammer", "metadata": {}}
{"timestamp": 1779140413, "type": "safe_tx", "device": "node-8-spammer", "metadata": {}}
{"timestamp": 1779140413, "type": "safe_tx", "device": "node-8-spammer", "metadata": {}}
{"timestamp": 1779140413, "type": "safe_tx", "device": "node-8-spammer", "metadata": {}}
{"timestamp": 1779140413, "type": "safe_tx", "device": "node-8-spammer", "metadata": {}}
{"timestamp": 1779140413, "type": "safe_tx", "device": "node-8-spammer", "metadata": {}}
{"timestamp": 1779140413, "type": "safe_tx", "device": "node-8-spammer", "metadata": {}}
{"timestamp": 1779140413, "type": "safe_tx", "device": "node-8-spammer", "metadata": {}}
{"timestamp": 1779140413, "type": "safe_tx", "device": "node-15-mixed", "metadata": {}}
{"timestamp": 1779140414, "type": "safe_tx", "device": "node-4-clean", "metadata": {}}
{"timestamp": 1779140414, "type": "safe_tx", "device": "node-1-clean", "metadata": {}}
{"timestamp": 1779140414, "type": "overflow", "device": "node-10-fuzzer", "metadata": {"count": 3, "window_sec": 30}}
{"timestamp": 1779140414, "type": "safe_tx", "device": "node-8-spammer", "metadata": {}}
{"timestamp": 1779140414, "type": "safe_tx", "device": "node-8-spammer", "metadata": {}}
{"timestamp": 1779140415, "type": "time_anomaly", "device": "node-7-timespoof", "metadata": {}}
{"timestamp": 1779140414, "type": "safe_tx", "device": "node-8-spammer", "metadata": {}}
{"timestamp": 1779140415, "type": "safe_tx", "device": "node-14-mixed", "metadata": {}}
{"timestamp": 1779140415, "type": "safe_tx", "device": "node-2-clean", "metadata": {}}
{"timestamp": 1779140415, "type": "safe_tx", "device": "node-15-mixed", "metadata": {}}
{"timestamp": 1779140415, "type": "fuzzing", "device": "node-10-fuzzer", "metadata": {}}
{"timestamp": 1779140415, "type": "safe_tx", "device": "node-11-pulsing", "metadata": {}}
{"timestamp": 1779140415, "type": "safe_tx", "device": "node-12-mixed", "metadata": {}}
{"timestamp": 1779140415, "type": "safe_tx", "device": "node-11-pulsing", "metadata": {}}
{"timestamp": 1779140415, "type": "safe_tx", "device": "node-11-pulsing", "metadata": {}}
{"timestamp": 1779140415, "type": "safe_tx", "device": "node-11-pulsing", "metadata": {}}
{"timestamp": 1779140415, "type": "safe_tx", "device": "node-11-pulsing", "metadata": {}}
{"timestamp": 1779140415, "type": "safe_tx", "device": "node-11-pulsing", "metadata": {}}
{"timestamp": 1779140415, "type": "safe_tx", "device": "node-3-clean", "metadata": {}}
{"timestamp": 1779140415, "type": "safe_tx", "device": "node-11-pulsing", "metadata": {}}
{"timestamp": 1779140415, "type": "safe_tx", "device": "node-11-pulsing", "metadata": {}}
{"timestamp": 1779140415, "type": "safe_tx", "device": "node-11-pulsing", "metadata": {}}
{"timestamp": 1779140415, "type": "safe_tx", "device": "node-11-pulsing", "metadata": {}}
{"timestamp": 1779140415, "type": "safe_tx", "device": "node-5-clean", "metadata": {}}
{"timestamp": 1779140415, "type": "safe_tx", "device": "node-11-pulsing", "metadata": {}}
{"timestamp": 1779140416, "type": "safe_tx", "device": "node-11-pulsing", "metadata": {}}
{"timestamp": 1779140416, "type": "safe_tx", "device": "node-11-pulsing", "metadata": {}}
{"timestamp": 1779140416, "type": "safe_tx", "device": "node-8-spammer", "metadata": {}}
{"timestamp": 1779140416, "type": "safe_tx", "device": "node-11-pulsing", "metadata": {}}
{"timestamp": 1779140416, "type": "safe_tx", "device": "node-8-spammer", "metadata": {}}
{"timestamp": 1779140416, "type": "safe_tx", "device": "node-11-pulsing", "metadata": {}}
{"timestamp": 1779140416, "type": "dos_spam", "device": "node-11-pulsing", "metadata": {}}
{"timestamp": 1779140416, "type": "safe_tx", "device": "node-11-pulsing", "metadata": {}}
{"timestamp": 1779140416, "type": "safe_tx", "device": "node-11-pulsing", "metadata": {}}
{"timestamp": 1779140416, "type": "safe_tx", "device": "node-11-pulsing", "metadata": {}}
{"timestamp": 1779140416, "type": "safe_tx", "device": "node-9-stealth", "metadata": {}}
{"timestamp": 1779140416, "type": "safe_tx", "device": "node-11-pulsing", "metadata": {}}
{"timestamp": 1779140417, "type": "time_anomaly", "device": "node-15-mixed", "metadata": {}}
{"timestamp": 1779140416, "type": "safe_tx", "device": "node-11-pulsing", "metadata": {}}
{"timestamp": 1779140416, "type": "safe_tx", "device": "node-4-clean", "metadata": {}}
{"timestamp": 1779140416, "type": "safe_tx", "device": "node-13-mixed", "metadata": {}}
{"timestamp": 1779140416, "type": "safe_tx", "device": "node-2-clean", "metadata": {}}
{"timestamp": 1779140417, "type": "safe_tx", "device": "node-8-spammer", "metadata": {}}
{"timestamp": 1779140417, "type": "safe_tx", "device": "node-8-spammer", "metadata": {}}
{"timestamp": 1779140417, "type": "safe_tx", "device": "node-8-spammer", "metadata": {}}
{"timestamp": 1779140417, "type": "safe_tx", "device": "node-8-spammer", "metadata": {}}
{"timestamp": 1779140417, "type": "safe_tx", "device": "node-8-spammer", "metadata": {}}
{"timestamp": 1779140417, "type": "safe_tx", "device": "node-3-clean", "metadata": {}}
{"timestamp": 1779140417, "type": "safe_tx", "device": "node-8-spammer", "metadata": {}}
{"timestamp": 1779140417, "type": "safe_tx", "device": "node-8-spammer", "metadata": {}}
{"timestamp": 1779140417, "type": "safe_tx", "device": "node-8-spammer", "metadata": {}}
{"timestamp": 1779140417, "type": "safe_tx", "device": "node-8-spammer", "metadata": {}}
{"timestamp": 1779140417, "type": "safe_tx", "device": "node-5-clean", "metadata": {}}
{"timestamp": 1779140417, "type": "safe_tx", "device": "node-8-spammer", "metadata": {}}
{"timestamp": 1779140417, "type": "safe_tx", "device": "node-8-spammer", "metadata": {}}
{"timestamp": 1779140417, "type": "dos_spam", "device": "node-8-spammer", "metadata": {"count": 30, "window_sec": 5}}
{"timestamp": 1779140417, "type": "safe_tx", "device": "node-8-spammer", "metadata": {}}
{"timestamp": 1779140417, "type": "safe_tx", "device": "node-8-spammer", "metadata": {}}
{"timestamp": 1779140417, "type": "dos_spam", "device": "node-8-spammer", "metadata": {}}
{"timestamp": 1779140417, "type": "safe_tx", "device": "node-8-spammer", "metadata": {}}
{"timestamp": 1779140417, "type": "safe_tx", "device": "node-8-spammer", "metadata": {}}
{"timestamp": 1779140417, "type": "safe_tx", "device": "node-8-spammer", "metadata": {}}
{"timestamp": 1779140417, "type": "safe_tx", "device": "node-8-spammer", "metadata": {}}
{"timestamp": 1779140417, "type": "safe_tx", "device": "node-8-spammer", "metadata": {}}
{"timestamp": 1779140417, "type": "safe_tx", "device": "node-8-spammer", "metadata": {}}
{"timestamp": 1779140417, "type": "safe_tx", "device": "node-13-mixed", "metadata": {}}
{"timestamp": 1779140417, "type": "safe_tx", "device": "node-8-spammer", "metadata": {}}
{"timestamp": 1779140417, "type": "safe_tx", "device": "node-8-spammer", "metadata": {}}
{"timestamp": 1779140417, "type": "safe_tx", "device": "node-8-spammer", "metadata": {}}
{"timestamp": 1779140417, "type": "safe_tx", "device": "node-8-spammer", "metadata": {}}
{"timestamp": 1779140417, "type": "safe_tx", "device": "node-8-spammer", "metadata": {}}
{"timestamp": 1779140417, "type": "safe_tx", "device": "node-8-spammer", "metadata": {}}
{"timestamp": 1779140417, "type": "safe_tx", "device": "node-8-spammer", "metadata": {}}
{"timestamp": 1779140417, "type": "safe_tx", "device": "node-8-spammer", "metadata": {}}
{"timestamp": 1779140417, "type": "safe_tx", "device": "node-8-spammer", "metadata": {}}
{"timestamp": 1779140417, "type": "dos_spam", "device": "node-8-spammer", "metadata": {}}
{"timestamp": 1779140418, "type": "safe_tx", "device": "node-8-spammer", "metadata": {}}
{"timestamp": 1779140418, "type": "safe_tx", "device": "node-8-spammer", "metadata": {}}
{"timestamp": 1779140418, "type": "safe_tx", "device": "node-8-spammer", "metadata": {}}
{"timestamp": 1779140418, "type": "safe_tx", "device": "node-8-spammer", "metadata": {}}
{"timestamp": 1779140418, "type": "safe_tx", "device": "node-9-stealth", "metadata": {}}
{"timestamp": 1779140419, "type": "time_anomaly", "device": "node-14-mixed", "metadata": {}}
{"timestamp": 1779140418, "type": "safe_tx", "device": "node-8-spammer", "metadata": {}}
{"timestamp": 1779140418, "type": "safe_tx", "device": "node-8-spammer", "metadata": {}}
{"timestamp": 1779140418, "type": "safe_tx", "device": "node-1-clean", "metadata": {}}
{"timestamp": 1779140418, "type": "safe_tx", "device": "node-8-spammer", "metadata": {}}
{"timestamp": 1779140418, "type": "safe_tx", "device": "node-5-clean", "metadata": {}}
{"timestamp": 1779140418, "type": "safe_tx", "device": "node-4-clean", "metadata": {}}
{"timestamp": 1779140418, "type": "safe_tx", "device": "node-12-mixed", "metadata": {}}
{"timestamp": 1779140420, "type": "time_anomaly", "device": "node-7-timespoof", "metadata": {}}
{"timestamp": 1779140419, "type": "safe_tx", "device": "node-3-clean", "metadata": {}}
{"timestamp": 1779140419, "type": "safe_tx", "device": "node-10-fuzzer", "metadata": {}}
{"timestamp": 1779140420, "type": "time_anomaly", "device": "node-14-mixed", "metadata": {}}
{"timestamp": 1779140419, "type": "safe_tx", "device": "node-2-clean", "metadata": {}}
{"timestamp": 1779140419, "type": "overflow", "device": "node-6-overflow", "metadata": {"count": 3, "window_sec": 30}}
{"timestamp": 1779140419, "type": "fuzzing", "device": "node-10-fuzzer", "metadata": {}}
{"timestamp": 1779140420, "type": "safe_tx", "device": "node-8-spammer", "metadata": {}}
{"timestamp": 1779140420, "type": "safe_tx", "device": "node-8-spammer", "metadata": {}}
{"timestamp": 1779140420, "type": "safe_tx", "device": "node-8-spammer", "metadata": {}}
{"timestamp": 1779140420, "type": "safe_tx", "device": "node-8-spammer", "metadata": {}}
{"timestamp": 1779140420, "type": "safe_tx", "device": "node-2-clean", "metadata": {}}
{"timestamp": 1779140420, "type": "safe_tx", "device": "node-8-spammer", "metadata": {}}
{"timestamp": 1779140420, "type": "safe_tx", "device": "node-8-spammer", "metadata": {}}
{"timestamp": 1779140420, "type": "dos_spam", "device": "node-8-spammer", "metadata": {"count": 30, "window_sec": 5}}
{"timestamp": 1779140420, "type": "safe_tx", "device": "node-8-spammer", "metadata": {}}
{"timestamp": 1779140420, "type": "safe_tx", "device": "node-13-mixed", "metadata": {}}
{"timestamp": 1779140420, "type": "safe_tx", "device": "node-12-mixed", "metadata": {}}
{"timestamp": 1779140420, "type": "safe_tx", "device": "node-5-clean", "metadata": {}}
{"timestamp": 1779140420, "type": "safe_tx", "device": "node-1-clean", "metadata": {}}
{"timestamp": 1779140420, "type": "safe_tx", "device": "node-2-clean", "metadata": {}}
{"timestamp": 1779140420, "type": "fuzzing", "device": "node-10-fuzzer", "metadata": {}}
{"timestamp": 1779140421, "type": "safe_tx", "device": "node-9-stealth", "metadata": {}}
{"timestamp": 1779140421, "type": "safe_tx", "device": "node-8-spammer", "metadata": {}}
{"timestamp": 1779140421, "type": "safe_tx", "device": "node-8-spammer", "metadata": {}}
{"timestamp": 1779140421, "type": "safe_tx", "device": "node-8-spammer", "metadata": {}}
{"timestamp": 1779140421, "type": "safe_tx", "device": "node-4-clean", "metadata": {}}
{"timestamp": 1779140421, "type": "safe_tx", "device": "node-8-spammer", "metadata": {}}
{"timestamp": 1779140421, "type": "safe_tx", "device": "node-8-spammer", "metadata": {}}
{"timestamp": 1779140421, "type": "safe_tx", "device": "node-8-spammer", "metadata": {}}
{"timestamp": 1779140421, "type": "safe_tx", "device": "node-3-clean", "metadata": {}}
{"timestamp": 1779140421, "type": "safe_tx", "device": "node-8-spammer", "metadata": {}}
{"timestamp": 1779140421, "type": "overflow", "device": "node-14-mixed", "metadata": {"count": 3, "window_sec": 30}}
{"timestamp": 1779140421, "type": "safe_tx", "device": "node-8-spammer", "metadata": {}}
{"timestamp": 1779140421, "type": "dos_spam", "device": "node-8-spammer", "metadata": {}}
{"timestamp": 1779140421, "type": "safe_tx", "device": "node-8-spammer", "metadata": {}}
{"timestamp": 1779140421, "type": "safe_tx", "device": "node-8-spammer", "metadata": {}}
{"timestamp": 1779140421, "type": "safe_tx", "device": "node-8-spammer", "metadata": {}}
{"timestamp": 1779140421, "type": "safe_tx", "device": "node-8-spammer", "metadata": {}}
{"timestamp": 1779140422, "type": "time_anomaly", "device": "node-7-timespoof", "metadata": {}}
{"timestamp": 1779140422, "type": "safe_tx", "device": "node-3-clean", "metadata": {}}
{"timestamp": 1779140422, "type": "safe_tx", "device": "node-5-clean", "metadata": {}}
{"timestamp": 1779140423, "type": "time_anomaly", "device": "node-12-mixed", "metadata": {}}
{"timestamp": 1779140422, "type": "safe_tx", "device": "node-8-spammer", "metadata": {}}
{"timestamp": 1779140423, "type": "time_anomaly", "device": "node-15-mixed", "metadata": {}}
{"timestamp": 1779140423, "type": "safe_tx", "device": "node-2-clean", "metadata": {}}
{"timestamp": 1779140423, "type": "safe_tx", "device": "node-13-mixed", "metadata": {}}
{"timestamp": 1779140423, "type": "safe_tx", "device": "node-8-spammer", "metadata": {}}
{"timestamp": 1779140423, "type": "safe_tx", "device": "node-8-spammer", "metadata": {}}
{"timestamp": 1779140423, "type": "safe_tx", "device": "node-3-clean", "metadata": {}}
{"timestamp": 1779140423, "type": "safe_tx", "device": "node-8-spammer", "metadata": {}}
{"timestamp": 1779140423, "type": "fuzzing", "device": "node-10-fuzzer", "metadata": {}}
{"timestamp": 1779140423, "type": "safe_tx", "device": "node-8-spammer", "metadata": {}}
{"timestamp": 1779140423, "type": "safe_tx", "device": "node-8-spammer", "metadata": {}}
{"timestamp": 1779140423, "type": "safe_tx", "device": "node-8-spammer", "metadata": {}}
{"timestamp": 1779140423, "type": "safe_tx", "device": "node-8-spammer", "metadata": {}}
{"timestamp": 1779140423, "type": "safe_tx", "device": "node-8-spammer", "metadata": {}}
{"timestamp": 1779140423, "type": "safe_tx", "device": "node-8-spammer", "metadata": {}}
{"timestamp": 1779140423, "type": "safe_tx", "device": "node-8-spammer", "metadata": {}}
{"timestamp": 1779140423, "type": "dos_spam", "device": "node-8-spammer", "metadata": {}}
{"timestamp": 1779140423, "type": "safe_tx", "device": "node-8-spammer", "metadata": {}}
{"timestamp": 1779140423, "type": "safe_tx", "device": "node-14-mixed", "metadata": {}}
{"timestamp": 1779140423, "type": "safe_tx", "device": "node-8-spammer", "metadata": {}}
{"timestamp": 1779140423, "type": "safe_tx", "device": "node-8-spammer", "metadata": {}}
{"timestamp": 1779140423, "type": "safe_tx", "device": "node-12-mixed", "metadata": {}}
{"timestamp": 1779140423, "type": "safe_tx", "device": "node-8-spammer", "metadata": {}}
{"timestamp": 1779140423, "type": "safe_tx", "device": "node-8-spammer", "metadata": {}}
{"timestamp": 1779140424, "type": "safe_tx", "device": "node-8-spammer", "metadata": {}}
{"timestamp": 1779140424, "type": "dos_spam", "device": "node-8-spammer", "metadata": {"count": 30, "window_sec": 5}}
{"timestamp": 1779140424, "type": "safe_tx", "device": "node-8-spammer", "metadata": {}}
{"timestamp": 1779140424, "type": "safe_tx", "device": "node-1-clean", "metadata": {}}
{"timestamp": 1779140424, "type": "safe_tx", "device": "node-8-spammer", "metadata": {}}
{"timestamp": 1779140424, "type": "safe_tx", "device": "node-8-spammer", "metadata": {}}
{"timestamp": 1779140424, "type": "safe_tx", "device": "node-8-spammer", "metadata": {}}
{"timestamp": 1779140424, "type": "safe_tx", "device": "node-8-spammer", "metadata": {}}
{"timestamp": 1779140424, "type": "safe_tx", "device": "node-15-mixed", "metadata": {}}
{"timestamp": 1779140424, "type": "safe_tx", "device": "node-9-stealth", "metadata": {}}
{"timestamp": 1779140424, "type": "safe_tx", "device": "node-4-clean", "metadata": {}}
{"timestamp": 1779140424, "type": "safe_tx", "device": "node-10-fuzzer", "metadata": {}}
{"timestamp": 1779140425, "type": "safe_tx", "device": "node-4-clean", "metadata": {}}
{"timestamp": 1779140425, "type": "safe_tx", "device": "node-13-mixed", "metadata": {}}
{"timestamp": 1779140425, "type": "safe_tx", "device": "node-5-clean", "metadata": {}}
{"timestamp": 1779140425, "type": "safe_tx", "device": "node-8-spammer", "metadata": {}}
{"timestamp": 1779140425, "type": "safe_tx", "device": "node-8-spammer", "metadata": {}}
{"timestamp": 1779140425, "type": "safe_tx", "device": "node-8-spammer", "metadata": {}}
{"timestamp": 1779140425, "type": "safe_tx", "device": "node-8-spammer", "metadata": {}}
{"timestamp": 1779140425, "type": "dos_spam", "device": "node-8-spammer", "metadata": {}}
{"timestamp": 1779140425, "type": "safe_tx", "device": "node-8-spammer", "metadata": {}}
{"timestamp": 1779140425, "type": "safe_tx", "device": "node-8-spammer", "metadata": {}}
{"timestamp": 1779140425, "type": "safe_tx", "device": "node-8-spammer", "metadata": {}}
{"timestamp": 1779140425, "type": "safe_tx", "device": "node-8-spammer", "metadata": {}}
{"timestamp": 1779140425, "type": "safe_tx", "device": "node-8-spammer", "metadata": {}}
{"timestamp": 1779140425, "type": "safe_tx", "device": "node-14-mixed", "metadata": {}}
{"timestamp": 1779140426, "type": "safe_tx", "device": "node-12-mixed", "metadata": {}}
{"timestamp": 1779140426, "type": "safe_tx", "device": "node-3-clean", "metadata": {}}
{"timestamp": 1779140426, "type": "safe_tx", "device": "node-1-clean", "metadata": {}}
{"timestamp": 1779140427, "type": "time_anomaly", "device": "node-7-timespoof", "metadata": {}}
{"timestamp": 1779140426, "type": "safe_tx", "device": "node-9-stealth", "metadata": {}}
{"timestamp": 1779140426, "type": "safe_tx", "device": "node-8-spammer", "metadata": {}}
{"timestamp": 1779140426, "type": "overflow", "device": "node-13-mixed", "metadata": {"count": 3, "window_sec": 30}}
{"timestamp": 1779140426, "type": "safe_tx", "device": "node-2-clean", "metadata": {}}
{"timestamp": 1779140426, "type": "overflow", "device": "node-6-overflow", "metadata": {"count": 3, "window_sec": 30}}
{"timestamp": 1779140426, "type": "safe_tx", "device": "node-14-mixed", "metadata": {}}
{"timestamp": 1779140427, "type": "overflow", "device": "node-15-mixed", "metadata": {"count": 3, "window_sec": 30}}
{"timestamp": 1779140427, "type": "safe_tx", "device": "node-12-mixed", "metadata": {}}
{"timestamp": 1779140427, "type": "safe_tx", "device": "node-1-clean", "metadata": {}}
{"timestamp": 1779140427, "type": "safe_tx", "device": "node-12-mixed", "metadata": {}}
{"timestamp": 1779140427, "type": "safe_tx", "device": "node-4-clean", "metadata": {}}
{"timestamp": 1779140427, "type": "safe_tx", "device": "node-9-stealth", "metadata": {}}
{"timestamp": 1779140427, "type": "safe_tx", "device": "node-2-clean", "metadata": {}}
{"timestamp": 1779140428, "type": "overflow", "device": "node-10-fuzzer", "metadata": {"count": 3, "window_sec": 30}}
{"timestamp": 1779140428, "type": "safe_tx", "device": "node-8-spammer", "metadata": {}}
{"timestamp": 1779140428, "type": "safe_tx", "device": "node-3-clean", "metadata": {}}
{"timestamp": 1779140428, "type": "safe_tx", "device": "node-8-spammer", "metadata": {}}
{"timestamp": 1779140428, "type": "safe_tx", "device": "node-8-spammer", "metadata": {}}
{"timestamp": 1779140428, "type": "safe_tx", "device": "node-4-clean", "metadata": {}}
{"timestamp": 1779140428, "type": "safe_tx", "device": "node-8-spammer", "metadata": {}}
{"timestamp": 1779140428, "type": "safe_tx", "device": "node-8-spammer", "metadata": {}}
{"timestamp": 1779140428, "type": "safe_tx", "device": "node-8-spammer", "metadata": {}}
{"timestamp": 1779140428, "type": "safe_tx", "device": "node-8-spammer", "metadata": {}}
{"timestamp": 1779140428, "type": "safe_tx", "device": "node-8-spammer", "metadata": {}}
{"timestamp": 1779140428, "type": "safe_tx", "device": "node-3-clean", "metadata": {}}
{"timestamp": 1779140428, "type": "safe_tx", "device": "node-8-spammer", "metadata": {}}
{"timestamp": 1779140428, "type": "safe_tx", "device": "node-8-spammer", "metadata": {}}
{"timestamp": 1779140428, "type": "safe_tx", "device": "node-8-spammer", "metadata": {}}
{"timestamp": 1779140428, "type": "safe_tx", "device": "node-5-clean", "metadata": {}}
{"timestamp": 1779140429, "type": "safe_tx", "device": "node-3-clean", "metadata": {}}
{"timestamp": 1779140429, "type": "safe_tx", "device": "node-15-mixed", "metadata": {}}
{"timestamp": 1779140429, "type": "safe_tx", "device": "node-3-clean", "metadata": {}}
{"timestamp": 1779140429, "type": "safe_tx", "device": "node-10-fuzzer", "metadata": {}}
{"timestamp": 1779140429, "type": "safe_tx", "device": "node-14-mixed", "metadata": {}}
{"timestamp": 1779140430, "type": "safe_tx", "device": "node-8-spammer", "metadata": {}}
{"timestamp": 1779140430, "type": "safe_tx", "device": "node-15-mixed", "metadata": {}}
{"timestamp": 1779140430, "type": "safe_tx", "device": "node-2-clean", "metadata": {}}
{"timestamp": 1779140430, "type": "safe_tx", "device": "node-2-clean", "metadata": {}}
{"timestamp": 1779140431, "type": "safe_tx", "device": "node-1-clean", "metadata": {}}
{"timestamp": 1779140431, "type": "safe_tx", "device": "node-2-clean", "metadata": {}}
{"timestamp": 1779140431, "type": "safe_tx", "device": "node-8-spammer", "metadata": {}}
{"timestamp": 1779140432, "type": "time_anomaly", "device": "node-7-timespoof", "metadata": {}}
{"timestamp": 1779140431, "type": "safe_tx", "device": "node-8-spammer", "metadata": {}}
{"timestamp": 1779140431, "type": "safe_tx", "device": "node-14-mixed", "metadata": {}}
{"timestamp": 1779140431, "type": "safe_tx", "device": "node-8-spammer", "metadata": {}}
{"timestamp": 1779140431, "type": "safe_tx", "device": "node-8-spammer", "metadata": {}}
{"timestamp": 1779140431, "type": "safe_tx", "device": "node-5-clean", "metadata": {}}
{"timestamp": 1779140431, "type": "safe_tx", "device": "node-3-clean", "metadata": {}}
{"timestamp": 1779140433, "type": "time_anomaly", "device": "node-12-mixed", "metadata": {}}
{"timestamp": 1779140432, "type": "fuzzing", "device": "node-10-fuzzer", "metadata": {}}
{"timestamp": 1779140432, "type": "safe_tx", "device": "node-4-clean", "metadata": {}}
{"timestamp": 1779140432, "type": "safe_tx", "device": "node-8-spammer", "metadata": {}}
{"timestamp": 1779140432, "type": "safe_tx", "device": "node-8-spammer", "metadata": {}}
{"timestamp": 1779140432, "type": "safe_tx", "device": "node-8-spammer", "metadata": {}}
{"timestamp": 1779140432, "type": "safe_tx", "device": "node-9-stealth", "metadata": {}}
{"timestamp": 1779140432, "type": "safe_tx", "device": "node-8-spammer", "metadata": {}}
{"timestamp": 1779140432, "type": "safe_tx", "device": "node-4-clean", "metadata": {}}
{"timestamp": 1779140432, "type": "safe_tx", "device": "node-8-spammer", "metadata": {}}
{"timestamp": 1779140432, "type": "safe_tx", "device": "node-8-spammer", "metadata": {}}
{"timestamp": 1779140432, "type": "safe_tx", "device": "node-8-spammer", "metadata": {}}
{"timestamp": 1779140432, "type": "safe_tx", "device": "node-8-spammer", "metadata": {}}
{"timestamp": 1779140432, "type": "safe_tx", "device": "node-3-clean", "metadata": {}}
{"timestamp": 1779140432, "type": "safe_tx", "device": "node-8-spammer", "metadata": {}}
{"timestamp": 1779140432, "type": "safe_tx", "device": "node-8-spammer", "metadata": {}}
{"timestamp": 1779140432, "type": "dos_spam", "device": "node-8-spammer", "metadata": {}}
{"timestamp": 1779140432, "type": "safe_tx", "device": "node-8-spammer", "metadata": {}}
{"timestamp": 1779140432, "type": "safe_tx", "device": "node-8-spammer", "metadata": {}}
{"timestamp": 1779140432, "type": "safe_tx", "device": "node-8-spammer", "metadata": {}}
{"timestamp": 1779140432, "type": "safe_tx", "device": "node-8-spammer", "metadata": {}}
{"timestamp": 1779140432, "type": "dos_spam", "device": "node-8-spammer", "metadata": {"count": 30, "window_sec": 5}}
{"timestamp": 1779140432, "type": "safe_tx", "device": "node-15-mixed", "metadata": {}}
{"timestamp": 1779140432, "type": "safe_tx", "device": "node-4-clean", "metadata": {}}
{"timestamp": 1779140432, "type": "safe_tx", "device": "node-8-spammer", "metadata": {}}
{"timestamp": 1779140432, "type": "safe_tx", "device": "node-13-mixed", "metadata": {}}
{"timestamp": 1779140432, "type": "safe_tx", "device": "node-8-spammer", "metadata": {}}
{"timestamp": 1779140432, "type": "safe_tx", "device": "node-8-spammer", "metadata": {}}
{"timestamp": 1779140432, "type": "safe_tx", "device": "node-8-spammer", "metadata": {}}
{"timestamp": 1779140432, "type": "safe_tx", "device": "node-3-clean", "metadata": {}}
{"timestamp": 1779140432, "type": "safe_tx", "device": "node-8-spammer", "metadata": {}}
{"timestamp": 1779140433, "type": "safe_tx", "device": "node-5-clean", "metadata": {}}
{"timestamp": 1779140433, "type": "fuzzing", "device": "node-10-fuzzer", "metadata": {}}
{"timestamp": 1779140434, "type": "time_anomaly", "device": "node-12-mixed", "metadata": {}}
{"timestamp": 1779140433, "type": "fuzzing", "device": "node-10-fuzzer", "metadata": {}}
{"timestamp": 1779140433, "type": "safe_tx", "device": "node-8-spammer", "metadata": {}}
{"timestamp": 1779140433, "type": "safe_tx", "device": "node-8-spammer", "metadata": {}}
{"timestamp": 1779140433, "type": "safe_tx", "device": "node-2-clean", "metadata": {}}
{"timestamp": 1779140433, "type": "safe_tx", "device": "node-8-spammer", "metadata": {}}
{"timestamp": 1779140433, "type": "safe_tx", "device": "node-8-spammer", "metadata": {}}
{"timestamp": 1779140434, "type": "safe_tx", "device": "node-8-spammer", "metadata": {}}
{"timestamp": 1779140434, "type": "safe_tx", "device": "node-5-clean", "metadata": {}}
{"timestamp": 1779140434, "type": "safe_tx", "device": "node-8-spammer", "metadata": {}}
{"timestamp": 1779140434, "type": "dos_spam", "device": "node-8-spammer", "metadata": {}}
{"timestamp": 1779140434, "type": "safe_tx", "device": "node-8-spammer", "metadata": {}}
{"timestamp": 1779140434, "type": "safe_tx", "device": "node-8-spammer", "metadata": {}}
{"timestamp": 1779140434, "type": "safe_tx", "device": "node-8-spammer", "metadata": {}}
{"timestamp": 1779140434, "type": "safe_tx", "device": "node-8-spammer", "metadata": {}}
{"timestamp": 1779140434, "type": "safe_tx", "device": "node-8-spammer", "metadata": {}}
{"timestamp": 1779140434, "type": "safe_tx", "device": "node-8-spammer", "metadata": {}}
{"timestamp": 1779140434, "type": "safe_tx", "device": "node-5-clean", "metadata": {}}
{"timestamp": 1779140434, "type": "safe_tx", "device": "node-14-mixed", "metadata": {}}
{"timestamp": 1779140435, "type": "time_anomaly", "device": "node-7-timespoof", "metadata": {}}
{"timestamp": 1779140434, "type": "safe_tx", "device": "node-14-mixed", "metadata": {}}
{"timestamp": 1779140434, "type": "safe_tx", "device": "node-1-clean", "metadata": {}}
{"timestamp": 1779140434, "type": "safe_tx", "device": "node-9-stealth", "metadata": {}}
{"timestamp": 1779140435, "type": "safe_tx", "device": "node-13-mixed", "metadata": {}}
{"timestamp": 1779140435, "type": "safe_tx", "device": "node-2-clean", "metadata": {}}
{"timestamp": 1779140435, "type": "fuzzing", "device": "node-10-fuzzer", "metadata": {}}
{"timestamp": 1779140435, "type": "safe_tx", "device": "node-8-spammer", "metadata": {}}
{"timestamp": 1779140435, "type": "safe_tx", "device": "node-8-spammer", "metadata": {}}
{"timestamp": 1779140435, "type": "safe_tx", "device": "node-4-clean", "metadata": {}}
{"timestamp": 1779140435, "type": "safe_tx", "device": "node-8-spammer", "metadata": {}}
{"timestamp": 1779140435, "type": "safe_tx", "device": "node-8-spammer", "metadata": {}}
{"timestamp": 1779140435, "type": "safe_tx", "device": "node-8-spammer", "metadata": {}}
{"timestamp": 1779140435, "type": "safe_tx", "device": "node-8-spammer", "metadata": {}}
{"timestamp": 1779140435, "type": "safe_tx", "device": "node-10-fuzzer", "metadata": {}}
{"timestamp": 1779140436, "type": "safe_tx", "device": "node-5-clean", "metadata": {}}
{"timestamp": 1779140436, "type": "overflow", "device": "node-12-mixed", "metadata": {"count": 3, "window_sec": 30}}
{"timestamp": 1779140436, "type": "safe_tx", "device": "node-5-clean", "metadata": {}}
{"timestamp": 1779140436, "type": "safe_tx", "device": "node-15-mixed", "metadata": {}}
{"timestamp": 1779140436, "type": "safe_tx", "device": "node-9-stealth", "metadata": {}}
{"timestamp": 1779140436, "type": "safe_tx", "device": "node-13-mixed", "metadata": {}}
{"timestamp": 1779140436, "type": "safe_tx", "device": "node-3-clean", "metadata": {}}
{"timestamp": 1779140437, "type": "safe_tx", "device": "node-15-mixed", "metadata": {}}
{"timestamp": 1779140437, "type": "safe_tx", "device": "node-8-spammer", "metadata": {}}
{"timestamp": 1779140437, "type": "safe_tx", "device": "node-8-spammer", "metadata": {}}
{"timestamp": 1779140437, "type": "safe_tx", "device": "node-3-clean", "metadata": {}}
{"timestamp": 1779140437, "type": "safe_tx", "device": "node-1-clean", "metadata": {}}
{"timestamp": 1779140437, "type": "safe_tx", "device": "node-8-spammer", "metadata": {}}
{"timestamp": 1779140437, "type": "safe_tx", "device": "node-4-clean", "metadata": {}}
{"timestamp": 1779140437, "type": "safe_tx", "device": "node-8-spammer", "metadata": {}}
{"timestamp": 1779140437, "type": "safe_tx", "device": "node-8-spammer", "metadata": {}}
{"timestamp": 1779140437, "type": "safe_tx", "device": "node-14-mixed", "metadata": {}}
{"timestamp": 1779140437, "type": "safe_tx", "device": "node-12-mixed", "metadata": {}}
{"timestamp": 1779140437, "type": "safe_tx", "device": "node-10-fuzzer", "metadata": {}}
{"timestamp": 1779140437, "type": "safe_tx", "device": "node-8-spammer", "metadata": {}}
{"timestamp": 1779140437, "type": "safe_tx", "device": "node-8-spammer", "metadata": {}}
{"timestamp": 1779140437, "type": "dos_spam", "device": "node-8-spammer", "metadata": {"count": 30, "window_sec": 5}}
{"timestamp": 1779140438, "type": "safe_tx", "device": "node-8-spammer", "metadata": {}}
{"timestamp": 1779140438, "type": "safe_tx", "device": "node-13-mixed", "metadata": {}}
{"timestamp": 1779140438, "type": "safe_tx", "device": "node-8-spammer", "metadata": {}}
{"timestamp": 1779140438, "type": "safe_tx", "device": "node-8-spammer", "metadata": {}}
{"timestamp": 1779140438, "type": "safe_tx", "device": "node-9-stealth", "metadata": {}}
{"timestamp": 1779140438, "type": "safe_tx", "device": "node-8-spammer", "metadata": {}}
{"timestamp": 1779140438, "type": "overflow", "device": "node-6-overflow", "metadata": {"count": 3, "window_sec": 30}}
{"timestamp": 1779140438, "type": "safe_tx", "device": "node-8-spammer", "metadata": {}}
{"timestamp": 1779140438, "type": "safe_tx", "device": "node-8-spammer", "metadata": {}}
{"timestamp": 1779140438, "type": "safe_tx", "device": "node-5-clean", "metadata": {}}
{"timestamp": 1779140439, "type": "time_anomaly", "device": "node-7-timespoof", "metadata": {}}
{"timestamp": 1779140438, "type": "safe_tx", "device": "node-2-clean", "metadata": {}}
{"timestamp": 1779140438, "type": "safe_tx", "device": "node-14-mixed", "metadata": {}}
{"timestamp": 1779140438, "type": "safe_tx", "device": "node-8-spammer", "metadata": {}}
{"timestamp": 1779140438, "type": "safe_tx", "device": "node-8-spammer", "metadata": {}}
{"timestamp": 1779140438, "type": "dos_spam", "device": "node-8-spammer", "metadata": {}}
{"timestamp": 1779140438, "type": "safe_tx", "device": "node-4-clean", "metadata": {}}
{"timestamp": 1779140439, "type": "safe_tx", "device": "node-8-spammer", "metadata": {}}
{"timestamp": 1779140439, "type": "safe_tx", "device": "node-8-spammer", "metadata": {}}
{"timestamp": 1779140439, "type": "safe_tx", "device": "node-8-spammer", "metadata": {}}
{"timestamp": 1779140439, "type": "safe_tx", "device": "node-8-spammer", "metadata": {}}
{"timestamp": 1779140440, "type": "time_anomaly", "device": "node-12-mixed", "metadata": {}}
{"timestamp": 1779140439, "type": "safe_tx", "device": "node-8-spammer", "metadata": {}}
{"timestamp": 1779140439, "type": "safe_tx", "device": "node-8-spammer", "metadata": {}}
{"timestamp": 1779140439, "type": "safe_tx", "device": "node-8-spammer", "metadata": {}}
{"timestamp": 1779140439, "type": "safe_tx", "device": "node-8-spammer", "metadata": {}}
{"timestamp": 1779140439, "type": "safe_tx", "device": "node-8-spammer", "metadata": {}}
{"timestamp": 1779140439, "type": "safe_tx", "device": "node-8-spammer", "metadata": {}}
{"timestamp": 1779140439, "type": "safe_tx", "device": "node-8-spammer", "metadata": {}}
{"timestamp": 1779140439, "type": "safe_tx", "device": "node-8-spammer", "metadata": {}}
{"timestamp": 1779140439, "type": "safe_tx", "device": "node-8-spammer", "metadata": {}}
{"timestamp": 1779140439, "type": "safe_tx", "device": "node-9-stealth", "metadata": {}}
{"timestamp": 1779140439, "type": "safe_tx", "device": "node-8-spammer", "metadata": {}}
{"timestamp": 1779140439, "type": "safe_tx", "device": "node-8-spammer", "metadata": {}}
{"timestamp": 1779140439, "type": "dos_spam", "device": "node-8-spammer", "metadata": {}}
{"timestamp": 1779140439, "type": "safe_tx", "device": "node-8-spammer", "metadata": {}}
{"timestamp": 1779140439, "type": "safe_tx", "device": "node-8-spammer", "metadata": {}}
{"timestamp": 1779140439, "type": "safe_tx", "device": "node-8-spammer", "metadata": {}}
{"timestamp": 1779140439, "type": "safe_tx", "device": "node-8-spammer", "metadata": {}}
{"timestamp": 1779140439, "type": "safe_tx", "device": "node-8-spammer", "metadata": {}}
{"timestamp": 1779140439, "type": "safe_tx", "device": "node-8-spammer", "metadata": {}}
{"timestamp": 1779140439, "type": "safe_tx", "device": "node-13-mixed", "metadata": {}}
{"timestamp": 1779140439, "type": "safe_tx", "device": "node-8-spammer", "metadata": {}}
{"timestamp": 1779140439, "type": "dos_spam", "device": "node-8-spammer", "metadata": {"count": 30, "window_sec": 5}}
{"timestamp": 1779140439, "type": "safe_tx", "device": "node-3-clean", "metadata": {}}
{"timestamp": 1779140439, "type": "safe_tx", "device": "node-8-spammer", "metadata": {}}
{"timestamp": 1779140439, "type": "safe_tx", "device": "node-2-clean", "metadata": {}}
{"timestamp": 1779140439, "type": "safe_tx", "device": "node-1-clean", "metadata": {}}
{"timestamp": 1779140439, "type": "safe_tx", "device": "node-4-clean", "metadata": {}}
{"timestamp": 1779140439, "type": "safe_tx", "device": "node-14-mixed", "metadata": {}}
{"timestamp": 1779140440, "type": "safe_tx", "device": "node-12-mixed", "metadata": {}}
{"timestamp": 1779140440, "type": "safe_tx", "device": "node-10-fuzzer", "metadata": {}}
{"timestamp": 1779140440, "type": "safe_tx", "device": "node-5-clean", "metadata": {}}
{"timestamp": 1779140440, "type": "safe_tx", "device": "node-1-clean", "metadata": {}}
{"timestamp": 1779140441, "type": "overflow", "device": "node-15-mixed", "metadata": {"count": 3, "window_sec": 30}}
{"timestamp": 1779140441, "type": "safe_tx", "device": "node-12-mixed", "metadata": {}}
{"timestamp": 1779140441, "type": "safe_tx", "device": "node-10-fuzzer", "metadata": {}}
{"timestamp": 1779140441, "type": "safe_tx", "device": "node-8-spammer", "metadata": {}}
{"timestamp": 1779140441, "type": "safe_tx", "device": "node-8-spammer", "metadata": {}}
{"timestamp": 1779140441, "type": "safe_tx", "device": "node-8-spammer", "metadata": {}}
{"timestamp": 1779140441, "type": "safe_tx", "device": "node-8-spammer", "metadata": {}}
{"timestamp": 1779140441, "type": "safe_tx", "device": "node-8-spammer", "metadata": {}}
{"timestamp": 1779140441, "type": "safe_tx", "device": "node-8-spammer", "metadata": {}}
{"timestamp": 1779140441, "type": "safe_tx", "device": "node-15-mixed", "metadata": {}}
{"timestamp": 1779140441, "type": "safe_tx", "device": "node-8-spammer", "metadata": {}}
{"timestamp": 1779140441, "type": "dos_spam", "device": "node-8-spammer", "metadata": {}}
{"timestamp": 1779140441, "type": "safe_tx", "device": "node-8-spammer", "metadata": {}}
{"timestamp": 1779140441, "type": "safe_tx", "device": "node-13-mixed", "metadata": {}}
{"timestamp": 1779140441, "type": "safe_tx", "device": "node-8-spammer", "metadata": {}}
{"timestamp": 1779140441, "type": "safe_tx", "device": "node-8-spammer", "metadata": {}}
{"timestamp": 1779140441, "type": "safe_tx", "device": "node-4-clean", "metadata": {}}
{"timestamp": 1779140442, "type": "safe_tx", "device": "node-2-clean", "metadata": {}}
{"timestamp": 1779140442, "type": "safe_tx", "device": "node-6-overflow", "metadata": {}}
{"timestamp": 1779140442, "type": "safe_tx", "device": "node-13-mixed", "metadata": {}}
{"timestamp": 1779140442, "type": "safe_tx", "device": "node-9-stealth", "metadata": {}}
{"timestamp": 1779140442, "type": "safe_tx", "device": "node-1-clean", "metadata": {}}
{"timestamp": 1779140442, "type": "fuzzing", "device": "node-10-fuzzer", "metadata": {}}
{"timestamp": 1779140442, "type": "safe_tx", "device": "node-8-spammer", "metadata": {}}
{"timestamp": 1779140442, "type": "safe_tx", "device": "node-8-spammer", "metadata": {}}
{"timestamp": 1779140442, "type": "safe_tx", "device": "node-8-spammer", "metadata": {}}
{"timestamp": 1779140442, "type": "safe_tx", "device": "node-8-spammer", "metadata": {}}
{"timestamp": 1779140443, "type": "safe_tx", "device": "node-11-pulsing", "metadata": {}}
{"timestamp": 1779140443, "type": "safe_tx", "device": "node-11-pulsing", "metadata": {}}
{"timestamp": 1779140443, "type": "safe_tx", "device": "node-11-pulsing", "metadata": {}}
{"timestamp": 1779140443, "type": "safe_tx", "device": "node-11-pulsing", "metadata": {}}
{"timestamp": 1779140443, "type": "safe_tx", "device": "node-11-pulsing", "metadata": {}}
{"timestamp": 1779140443, "type": "safe_tx", "device": "node-11-pulsing", "metadata": {}}
{"timestamp": 1779140443, "type": "safe_tx", "device": "node-11-pulsing", "metadata": {}}
{"timestamp": 1779140443, "type": "safe_tx", "device": "node-3-clean", "metadata": {}}
{"timestamp": 1779140443, "type": "safe_tx", "device": "node-11-pulsing", "metadata": {}}
{"timestamp": 1779140443, "type": "fuzzing", "device": "node-10-fuzzer", "metadata": {}}
{"timestamp": 1779140443, "type": "safe_tx", "device": "node-11-pulsing", "metadata": {}}
{"timestamp": 1779140443, "type": "safe_tx", "device": "node-11-pulsing", "metadata": {}}
{"timestamp": 1779140443, "type": "safe_tx", "device": "node-11-pulsing", "metadata": {}}
{"timestamp": 1779140443, "type": "safe_tx", "device": "node-11-pulsing", "metadata": {}}
{"timestamp": 1779140443, "type": "safe_tx", "device": "node-11-pulsing", "metadata": {}}
{"timestamp": 1779140443, "type": "safe_tx", "device": "node-11-pulsing", "metadata": {}}
{"timestamp": 1779140443, "type": "safe_tx", "device": "node-14-mixed", "metadata": {}}
{"timestamp": 1779140443, "type": "safe_tx", "device": "node-11-pulsing", "metadata": {}}
{"timestamp": 1779140443, "type": "dos_spam", "device": "node-11-pulsing", "metadata": {}}
{"timestamp": 1779140444, "type": "time_anomaly", "device": "node-7-timespoof", "metadata": {}}
{"timestamp": 1779140443, "type": "safe_tx", "device": "node-11-pulsing", "metadata": {}}
{"timestamp": 1779140444, "type": "safe_tx", "device": "node-11-pulsing", "metadata": {}}
{"timestamp": 1779140444, "type": "safe_tx", "device": "node-11-pulsing", "metadata": {}}
{"timestamp": 1779140444, "type": "safe_tx", "device": "node-8-spammer", "metadata": {}}
{"timestamp": 1779140444, "type": "safe_tx", "device": "node-11-pulsing", "metadata": {}}
{"timestamp": 1779140444, "type": "safe_tx", "device": "node-8-spammer", "metadata": {}}
{"timestamp": 1779140444, "type": "safe_tx", "device": "node-8-spammer", "metadata": {}}
{"timestamp": 1779140444, "type": "safe_tx", "device": "node-11-pulsing", "metadata": {}}
{"timestamp": 1779140444, "type": "safe_tx", "device": "node-8-spammer", "metadata": {}}
{"timestamp": 1779140444, "type": "safe_tx", "device": "node-8-spammer", "metadata": {}}
{"timestamp": 1779140444, "type": "safe_tx", "device": "node-8-spammer", "metadata": {}}
{"timestamp": 1779140444, "type": "safe_tx", "device": "node-8-spammer", "metadata": {}}
{"timestamp": 1779140444, "type": "safe_tx", "device": "node-8-spammer", "metadata": {}}
{"timestamp": 1779140444, "type": "safe_tx", "device": "node-5-clean", "metadata": {}}
{"timestamp": 1779140444, "type": "safe_tx", "device": "node-8-spammer", "metadata": {}}
{"timestamp": 1779140444, "type": "safe_tx", "device": "node-8-spammer", "metadata": {}}
{"timestamp": 1779140444, "type": "safe_tx", "device": "node-9-stealth", "metadata": {}}
{"timestamp": 1779140444, "type": "safe_tx", "device": "node-2-clean", "metadata": {}}
{"timestamp": 1779140445, "type": "safe_tx", "device": "node-10-fuzzer", "metadata": {}}
{"timestamp": 1779140445, "type": "safe_tx", "device": "node-12-mixed", "metadata": {}}
{"timestamp": 1779140445, "type": "safe_tx", "device": "node-4-clean", "metadata": {}}
{"timestamp": 1779140445, "type": "safe_tx", "device": "node-8-spammer", "metadata": {}}
{"timestamp": 1779140445, "type": "safe_tx", "device": "node-3-clean", "metadata": {}}
{"timestamp": 1779140446, "type": "time_anomaly", "device": "node-15-mixed", "metadata": {}}
{"timestamp": 1779140446, "type": "time_anomaly", "device": "node-13-mixed", "metadata": {}}
{"timestamp": 1779140445, "type": "fuzzing", "device": "node-10-fuzzer", "metadata": {}}
{"timestamp": 1779140446, "type": "safe_tx", "device": "node-8-spammer", "metadata": {}}
{"timestamp": 1779140446, "type": "safe_tx", "device": "node-8-spammer", "metadata": {}}
{"timestamp": 1779140446, "type": "safe_tx", "device": "node-8-spammer", "metadata": {}}
{"timestamp": 1779140446, "type": "safe_tx", "device": "node-1-clean", "metadata": {}}
{"timestamp": 1779140446, "type": "safe_tx", "device": "node-8-spammer", "metadata": {}}
{"timestamp": 1779140446, "type": "dos_spam", "device": "node-8-spammer", "metadata": {}}
{"timestamp": 1779140446, "type": "safe_tx", "device": "node-8-spammer", "metadata": {}}
{"timestamp": 1779140446, "type": "dos_spam", "device": "node-8-spammer", "metadata": {"count": 30, "window_sec": 5}}
{"timestamp": 1779140446, "type": "safe_tx", "device": "node-8-spammer", "metadata": {}}
{"timestamp": 1779140446, "type": "safe_tx", "device": "node-8-spammer", "metadata": {}}
{"timestamp": 1779140446, "type": "safe_tx", "device": "node-9-stealth", "metadata": {}}
{"timestamp": 1779140447, "type": "safe_tx", "device": "node-5-clean", "metadata": {}}
{"timestamp": 1779140447, "type": "safe_tx", "device": "node-13-mixed", "metadata": {}}
{"timestamp": 1779140447, "type": "safe_tx", "device": "node-8-spammer", "metadata": {}}
{"timestamp": 1779140447, "type": "safe_tx", "device": "node-8-spammer", "metadata": {}}
{"timestamp": 1779140447, "type": "safe_tx", "device": "node-12-mixed", "metadata": {}}
{"timestamp": 1779140447, "type": "safe_tx", "device": "node-8-spammer", "metadata": {}}
{"timestamp": 1779140447, "type": "safe_tx", "device": "node-8-spammer", "metadata": {}}
{"timestamp": 1779140447, "type": "safe_tx", "device": "node-8-spammer", "metadata": {}}
{"timestamp": 1779140447, "type": "safe_tx", "device": "node-8-spammer", "metadata": {}}
{"timestamp": 1779140447, "type": "safe_tx", "device": "node-8-spammer", "metadata": {}}
{"timestamp": 1779140447, "type": "safe_tx", "device": "node-8-spammer", "metadata": {}}
{"timestamp": 1779140448, "type": "time_anomaly", "device": "node-7-timespoof", "metadata": {}}
{"timestamp": 1779140447, "type": "safe_tx", "device": "node-4-clean", "metadata": {}}
{"timestamp": 1779140448, "type": "safe_tx", "device": "node-3-clean", "metadata": {}}
{"timestamp": 1779140448, "type": "safe_tx", "device": "node-13-mixed", "metadata": {}}
{"timestamp": 1779140448, "type": "overflow", "device": "node-6-overflow", "metadata": {"count": 3, "window_sec": 30}}
{"timestamp": 1779140448, "type": "safe_tx", "device": "node-5-clean", "metadata": {}}
{"timestamp": 1779140448, "type": "fuzzing", "device": "node-10-fuzzer", "metadata": {}}
{"timestamp": 1779140448, "type": "safe_tx", "device": "node-8-spammer", "metadata": {}}
{"timestamp": 1779140448, "type": "safe_tx", "device": "node-15-mixed", "metadata": {}}
{"timestamp": 1779140449, "type": "safe_tx", "device": "node-1-clean", "metadata": {}}
{"timestamp": 1779140449, "type": "safe_tx", "device": "node-8-spammer", "metadata": {}}
{"timestamp": 1779140449, "type": "safe_tx", "device": "node-12-mixed", "metadata": {}}
{"timestamp": 1779140449, "type": "safe_tx", "device": "node-13-mixed", "metadata": {}}
{"timestamp": 1779140449, "type": "safe_tx", "device": "node-3-clean", "metadata": {}}
{"timestamp": 1779140450, "type": "safe_tx", "device": "node-10-fuzzer", "metadata": {}}
{"timestamp": 1779140450, "type": "safe_tx", "device": "node-14-mixed", "metadata": {}}
{"timestamp": 1779140450, "type": "safe_tx", "device": "node-4-clean", "metadata": {}}
{"timestamp": 1779140450, "type": "safe_tx", "device": "node-8-spammer", "metadata": {}}
{"timestamp": 1779140450, "type": "safe_tx", "device": "node-9-stealth", "metadata": {}}
{"timestamp": 1779140450, "type": "safe_tx", "device": "node-1-clean", "metadata": {}}
{"timestamp": 1779140451, "type": "safe_tx", "device": "node-15-mixed", "metadata": {}}
{"timestamp": 1779140451, "type": "safe_tx", "device": "node-8-spammer", "metadata": {}}
{"timestamp": 1779140451, "type": "fuzzing", "device": "node-10-fuzzer", "metadata": {}}
{"timestamp": 1779140451, "type": "safe_tx", "device": "node-2-clean", "metadata": {}}
{"timestamp": 1779140451, "type": "safe_tx", "device": "node-3-clean", "metadata": {}}
{"timestamp": 1779140451, "type": "safe_tx", "device": "node-1-clean", "metadata": {}}
{"timestamp": 1779140451, "type": "safe_tx", "device": "node-4-clean", "metadata": {}}
{"timestamp": 1779140451, "type": "safe_tx", "device": "node-5-clean", "metadata": {}}
{"timestamp": 1779140451, "type": "overflow", "device": "node-12-mixed", "metadata": {"count": 3, "window_sec": 30}}
{"timestamp": 1779140452, "type": "fuzzing", "device": "node-10-fuzzer", "metadata": {}}
{"timestamp": 1779140452, "type": "safe_tx", "device": "node-8-spammer", "metadata": {}}
{"timestamp": 1779140452, "type": "safe_tx", "device": "node-2-clean", "metadata": {}}
{"timestamp": 1779140452, "type": "safe_tx", "device": "node-6-overflow", "metadata": {}}
{"timestamp": 1779140452, "type": "safe_tx", "device": "node-8-spammer", "metadata": {}}
{"timestamp": 1779140452, "type": "overflow", "device": "node-13-mixed", "metadata": {"count": 3, "window_sec": 30}}
{"timestamp": 1779140452, "type": "safe_tx", "device": "node-8-spammer", "metadata": {}}
{"timestamp": 1779140452, "type": "safe_tx", "device": "node-8-spammer", "metadata": {}}
{"timestamp": 1779140452, "type": "safe_tx", "device": "node-8-spammer", "metadata": {}}
{"timestamp": 1779140452, "type": "safe_tx", "device": "node-8-spammer", "metadata": {}}
{"timestamp": 1779140452, "type": "safe_tx", "device": "node-8-spammer", "metadata": {}}
{"timestamp": 1779140452, "type": "safe_tx", "device": "node-8-spammer", "metadata": {}}
{"timestamp": 1779140453, "type": "time_anomaly", "device": "node-7-timespoof", "metadata": {}}
{"timestamp": 1779140453, "type": "safe_tx", "device": "node-8-spammer", "metadata": {}}
{"timestamp": 1779140453, "type": "safe_tx", "device": "node-8-spammer", "metadata": {}}
{"timestamp": 1779140454, "type": "time_anomaly", "device": "node-14-mixed", "metadata": {}}
{"timestamp": 1779140453, "type": "fuzzing", "device": "node-10-fuzzer", "metadata": {}}
{"timestamp": 1779140453, "type": "safe_tx", "device": "node-2-clean", "metadata": {}}
{"timestamp": 1779140453, "type": "safe_tx", "device": "node-5-clean", "metadata": {}}
{"timestamp": 1779140453, "type": "safe_tx", "device": "node-3-clean", "metadata": {}}
{"timestamp": 1779140453, "type": "safe_tx", "device": "node-5-clean", "metadata": {}}
{"timestamp": 1779140453, "type": "safe_tx", "device": "node-9-stealth", "metadata": {}}
{"timestamp": 1779140454, "type": "safe_tx", "device": "node-10-fuzzer", "metadata": {}}
{"timestamp": 1779140454, "type": "safe_tx", "device": "node-8-spammer", "metadata": {}}
{"timestamp": 1779140454, "type": "safe_tx", "device": "node-8-spammer", "metadata": {}}
{"timestamp": 1779140454, "type": "safe_tx", "device": "node-8-spammer", "metadata": {}}
{"timestamp": 1779140454, "type": "safe_tx", "device": "node-8-spammer", "metadata": {}}
{"timestamp": 1779140454, "type": "safe_tx", "device": "node-4-clean", "metadata": {}}
{"timestamp": 1779140454, "type": "safe_tx", "device": "node-1-clean", "metadata": {}}
{"timestamp": 1779140455, "type": "safe_tx", "device": "node-15-mixed", "metadata": {}}
{"timestamp": 1779140455, "type": "fuzzing", "device": "node-10-fuzzer", "metadata": {}}
{"timestamp": 1779140455, "type": "safe_tx", "device": "node-12-mixed", "metadata": {}}
{"timestamp": 1779140455, "type": "safe_tx", "device": "node-13-mixed", "metadata": {}}
{"timestamp": 1779140456, "type": "safe_tx", "device": "node-8-spammer", "metadata": {}}
{"timestamp": 1779140456, "type": "safe_tx", "device": "node-14-mixed", "metadata": {}}
{"timestamp": 1779140456, "type": "time_anomaly", "device": "node-7-timespoof", "metadata": {}}
{"timestamp": 1779140456, "type": "safe_tx", "device": "node-8-spammer", "metadata": {}}
{"timestamp": 1779140456, "type": "safe_tx", "device": "node-8-spammer", "metadata": {}}
{"timestamp": 1779140456, "type": "safe_tx", "device": "node-8-spammer", "metadata": {}}
{"timestamp": 1779140456, "type": "safe_tx", "device": "node-8-spammer", "metadata": {}}
{"timestamp": 1779140456, "type": "safe_tx", "device": "node-8-spammer", "metadata": {}}
{"timestamp": 1779140456, "type": "safe_tx", "device": "node-8-spammer", "metadata": {}}
{"timestamp": 1779140456, "type": "safe_tx", "device": "node-8-spammer", "metadata": {}}
{"timestamp": 1779140456, "type": "safe_tx", "device": "node-8-spammer", "metadata": {}}
{"timestamp": 1779140456, "type": "safe_tx", "device": "node-8-spammer", "metadata": {}}
{"timestamp": 1779140456, "type": "safe_tx", "device": "node-8-spammer", "metadata": {}}
{"timestamp": 1779140456, "type": "dos_spam", "device": "node-8-spammer", "metadata": {}}
{"timestamp": 1779140456, "type": "safe_tx", "device": "node-8-spammer", "metadata": {}}
{"timestamp": 1779140456, "type": "safe_tx", "device": "node-9-stealth", "metadata": {}}
{"timestamp": 1779140456, "type": "safe_tx", "device": "node-14-mixed", "metadata": {}}
{"timestamp": 1779140456, "type": "safe_tx", "device": "node-2-clean", "metadata": {}}
{"timestamp": 1779140457, "type": "safe_tx", "device": "node-8-spammer", "metadata": {}}
{"timestamp": 1779140457, "type": "safe_tx", "device": "node-13-mixed", "metadata": {}}
{"timestamp": 1779140457, "type": "safe_tx", "device": "node-8-spammer", "metadata": {}}
{"timestamp": 1779140457, "type": "safe_tx", "device": "node-8-spammer", "metadata": {}}
{"timestamp": 1779140457, "type": "safe_tx", "device": "node-8-spammer", "metadata": {}}
{"timestamp": 1779140457, "type": "dos_spam", "device": "node-8-spammer", "metadata": {"count": 30, "window_sec": 5}}
{"timestamp": 1779140457, "type": "safe_tx", "device": "node-8-spammer", "metadata": {}}
{"timestamp": 1779140457, "type": "safe_tx", "device": "node-8-spammer", "metadata": {}}
{"timestamp": 1779140457, "type": "safe_tx", "device": "node-8-spammer", "metadata": {}}
{"timestamp": 1779140457, "type": "safe_tx", "device": "node-9-stealth", "metadata": {}}
{"timestamp": 1779140457, "type": "safe_tx", "device": "node-8-spammer", "metadata": {}}
{"timestamp": 1779140457, "type": "safe_tx", "device": "node-8-spammer", "metadata": {}}
{"timestamp": 1779140457, "type": "safe_tx", "device": "node-8-spammer", "metadata": {}}
{"timestamp": 1779140457, "type": "safe_tx", "device": "node-8-spammer", "metadata": {}}
{"timestamp": 1779140457, "type": "safe_tx", "device": "node-8-spammer", "metadata": {}}
{"timestamp": 1779140457, "type": "safe_tx", "device": "node-3-clean", "metadata": {}}
{"timestamp": 1779140457, "type": "safe_tx", "device": "node-8-spammer", "metadata": {}}
{"timestamp": 1779140457, "type": "safe_tx", "device": "node-8-spammer", "metadata": {}}
{"timestamp": 1779140457, "type": "dos_spam", "device": "node-8-spammer", "metadata": {}}
{"timestamp": 1779140457, "type": "safe_tx", "device": "node-8-spammer", "metadata": {}}
{"timestamp": 1779140457, "type": "safe_tx", "device": "node-8-spammer", "metadata": {}}
{"timestamp": 1779140457, "type": "safe_tx", "device": "node-8-spammer", "metadata": {}}
{"timestamp": 1779140458, "type": "time_anomaly", "device": "node-15-mixed", "metadata": {}}
{"timestamp": 1779140457, "type": "safe_tx", "device": "node-4-clean", "metadata": {}}
{"timestamp": 1779140457, "type": "safe_tx", "device": "node-8-spammer", "metadata": {}}
{"timestamp": 1779140457, "type": "safe_tx", "device": "node-8-spammer", "metadata": {}}
{"timestamp": 1779140457, "type": "safe_tx", "device": "node-8-spammer", "metadata": {}}
{"timestamp": 1779140457, "type": "safe_tx", "device": "node-8-spammer", "metadata": {}}
{"timestamp": 1779140457, "type": "safe_tx", "device": "node-1-clean", "metadata": {}}
{"timestamp": 1779140457, "type": "safe_tx", "device": "node-8-spammer", "metadata": {}}
{"timestamp": 1779140457, "type": "safe_tx", "device": "node-8-spammer", "metadata": {}}
{"timestamp": 1779140457, "type": "safe_tx", "device": "node-8-spammer", "metadata": {}}
{"timestamp": 1779140457, "type": "safe_tx", "device": "node-8-spammer", "metadata": {}}
{"timestamp": 1779140457, "type": "safe_tx", "device": "node-8-spammer", "metadata": {}}
{"timestamp": 1779140458, "type": "safe_tx", "device": "node-8-spammer", "metadata": {}}
{"timestamp": 1779140458, "type": "safe_tx", "device": "node-8-spammer", "metadata": {}}
{"timestamp": 1779140458, "type": "safe_tx", "device": "node-8-spammer", "metadata": {}}
{"timestamp": 1779140458, "type": "dos_spam", "device": "node-8-spammer", "metadata": {}}
{"timestamp": 1779140458, "type": "safe_tx", "device": "node-8-spammer", "metadata": {}}
{"timestamp": 1779140458, "type": "safe_tx", "device": "node-8-spammer", "metadata": {}}
{"timestamp": 1779140458, "type": "safe_tx", "device": "node-8-spammer", "metadata": {}}
{"timestamp": 1779140458, "type": "fuzzing", "device": "node-10-fuzzer", "metadata": {}}
{"timestamp": 1779140458, "type": "safe_tx", "device": "node-12-mixed", "metadata": {}}
{"timestamp": 1779140458, "type": "safe_tx", "device": "node-3-clean", "metadata": {}}
{"timestamp": 1779140458, "type": "safe_tx", "device": "node-5-clean", "metadata": {}}
{"timestamp": 1779140458, "type": "safe_tx", "device": "node-1-clean", "metadata": {}}
{"timestamp": 1779140459, "type": "safe_tx", "device": "node-2-clean", "metadata": {}}
{"timestamp": 1779140459, "type": "fuzzing", "device": "node-10-fuzzer", "metadata": {}}
{"timestamp": 1779140459, "type": "safe_tx", "device": "node-8-spammer", "metadata": {}}
{"timestamp": 1779140460, "type": "time_anomaly", "device": "node-7-timespoof", "metadata": {}}
{"timestamp": 1779140460, "type": "safe_tx", "device": "node-14-mixed", "metadata": {}}
{"timestamp": 1779140460, "type": "safe_tx", "device": "node-9-stealth", "metadata": {}}
{"timestamp": 1779140460, "type": "safe_tx", "device": "node-8-spammer", "metadata": {}}
{"timestamp": 1779140460, "type": "dos_spam", "device": "node-8-spammer", "metadata": {"count": 30, "window_sec": 5}}
{"timestamp": 1779140460, "type": "safe_tx", "device": "node-8-spammer", "metadata": {}}
{"timestamp": 1779140460, "type": "safe_tx", "device": "node-8-spammer", "metadata": {}}
{"timestamp": 1779140460, "type": "safe_tx", "device": "node-15-mixed", "metadata": {}}
{"timestamp": 1779140460, "type": "safe_tx", "device": "node-2-clean", "metadata": {}}
{"timestamp": 1779140460, "type": "fuzzing", "device": "node-10-fuzzer", "metadata": {}}
{"timestamp": 1779140461, "type": "time_anomaly", "device": "node-15-mixed", "metadata": {}}
{"timestamp": 1779140461, "type": "safe_tx", "device": "node-2-clean", "metadata": {}}
{"timestamp": 1779140461, "type": "safe_tx", "device": "node-4-clean", "metadata": {}}
{"timestamp": 1779140461, "type": "safe_tx", "device": "node-2-clean", "metadata": {}}
{"timestamp": 1779140461, "type": "safe_tx", "device": "node-5-clean", "metadata": {}}
{"timestamp": 1779140461, "type": "safe_tx", "device": "node-13-mixed", "metadata": {}}
{"timestamp": 1779140461, "type": "safe_tx", "device": "node-12-mixed", "metadata": {}}
{"timestamp": 1779140461, "type": "safe_tx", "device": "node-8-spammer", "metadata": {}}
{"timestamp": 1779140461, "type": "safe_tx", "device": "node-8-spammer", "metadata": {}}
{"timestamp": 1779140461, "type": "safe_tx", "device": "node-8-spammer", "metadata": {}}
{"timestamp": 1779140462, "type": "safe_tx", "device": "node-8-spammer", "metadata": {}}
{"timestamp": 1779140462, "type": "safe_tx", "device": "node-15-mixed", "metadata": {}}
{"timestamp": 1779140462, "type": "safe_tx", "device": "node-1-clean", "metadata": {}}
{"timestamp": 1779140462, "type": "safe_tx", "device": "node-3-clean", "metadata": {}}
{"timestamp": 1779140463, "type": "time_anomaly", "device": "node-7-timespoof", "metadata": {}}
{"timestamp": 1779140462, "type": "safe_tx", "device": "node-10-fuzzer", "metadata": {}}
{"timestamp": 1779140462, "type": "safe_tx", "device": "node-8-spammer", "metadata": {}}
{"timestamp": 1779140462, "type": "safe_tx", "device": "node-8-spammer", "metadata": {}}
{"timestamp": 1779140462, "type": "safe_tx", "device": "node-8-spammer", "metadata": {}}
{"timestamp": 1779140462, "type": "safe_tx", "device": "node-8-spammer", "metadata": {}}
{"timestamp": 1779140462, "type": "safe_tx", "device": "node-8-spammer", "metadata": {}}
{"timestamp": 1779140463, "type": "safe_tx", "device": "node-8-spammer", "metadata": {}}
{"timestamp": 1779140463, "type": "safe_tx", "device": "node-8-spammer", "metadata": {}}
{"timestamp": 1779140463, "type": "safe_tx", "device": "node-8-spammer", "metadata": {}}
{"timestamp": 1779140463, "type": "safe_tx", "device": "node-8-spammer", "metadata": {}}
{"timestamp": 1779140463, "type": "safe_tx", "device": "node-2-clean", "metadata": {}}
{"timestamp": 1779140463, "type": "safe_tx", "device": "node-8-spammer", "metadata": {}}
{"timestamp": 1779140463, "type": "safe_tx", "device": "node-8-spammer", "metadata": {}}
{"timestamp": 1779140463, "type": "dos_spam", "device": "node-8-spammer", "metadata": {}}
{"timestamp": 1779140463, "type": "safe_tx", "device": "node-8-spammer", "metadata": {}}
{"timestamp": 1779140463, "type": "safe_tx", "device": "node-8-spammer", "metadata": {}}
{"timestamp": 1779140463, "type": "safe_tx", "device": "node-8-spammer", "metadata": {}}
{"timestamp": 1779140463, "type": "safe_tx", "device": "node-8-spammer", "metadata": {}}
{"timestamp": 1779140463, "type": "safe_tx", "device": "node-8-spammer", "metadata": {}}
{"timestamp": 1779140463, "type": "safe_tx", "device": "node-9-stealth", "metadata": {}}
{"timestamp": 1779140463, "type": "safe_tx", "device": "node-8-spammer", "metadata": {}}
{"timestamp": 1779140463, "type": "safe_tx", "device": "node-8-spammer", "metadata": {}}
{"timestamp": 1779140463, "type": "safe_tx", "device": "node-3-clean", "metadata": {}}
{"timestamp": 1779140463, "type": "safe_tx", "device": "node-4-clean", "metadata": {}}
{"timestamp": 1779140463, "type": "safe_tx", "device": "node-15-mixed", "metadata": {}}
{"timestamp": 1779140463, "type": "safe_tx", "device": "node-2-clean", "metadata": {}}
{"timestamp": 1779140463, "type": "overflow", "device": "node-6-overflow", "metadata": {"count": 3, "window_sec": 30}}
{"timestamp": 1779140464, "type": "safe_tx", "device": "node-12-mixed", "metadata": {}}
{"timestamp": 1779140464, "type": "safe_tx", "device": "node-5-clean", "metadata": {}}
{"timestamp": 1779140464, "type": "safe_tx", "device": "node-2-clean", "metadata": {}}
{"timestamp": 1779140464, "type": "overflow", "device": "node-14-mixed", "metadata": {"count": 3, "window_sec": 30}}
{"timestamp": 1779140465, "type": "safe_tx", "device": "node-13-mixed", "metadata": {}}
{"timestamp": 1779140465, "type": "safe_tx", "device": "node-8-spammer", "metadata": {}}
{"timestamp": 1779140465, "type": "safe_tx", "device": "node-8-spammer", "metadata": {}}
{"timestamp": 1779140465, "type": "safe_tx", "device": "node-8-spammer", "metadata": {}}
{"timestamp": 1779140465, "type": "safe_tx", "device": "node-8-spammer", "metadata": {}}
{"timestamp": 1779140465, "type": "safe_tx", "device": "node-8-spammer", "metadata": {}}
{"timestamp": 1779140465, "type": "safe_tx", "device": "node-14-mixed", "metadata": {}}
{"timestamp": 1779140465, "type": "safe_tx", "device": "node-8-spammer", "metadata": {}}
{"timestamp": 1779140465, "type": "dos_spam", "device": "node-8-spammer", "metadata": {"count": 30, "window_sec": 5}}
{"timestamp": 1779140465, "type": "safe_tx", "device": "node-8-spammer", "metadata": {}}
{"timestamp": 1779140465, "type": "safe_tx", "device": "node-1-clean", "metadata": {}}
{"timestamp": 1779140465, "type": "safe_tx", "device": "node-14-mixed", "metadata": {}}
{"timestamp": 1779140466, "type": "safe_tx", "device": "node-11-pulsing", "metadata": {}}
{"timestamp": 1779140467, "type": "time_anomaly", "device": "node-15-mixed", "metadata": {}}
{"timestamp": 1779140466, "type": "safe_tx", "device": "node-11-pulsing", "metadata": {}}
{"timestamp": 1779140466, "type": "safe_tx", "device": "node-11-pulsing", "metadata": {}}
{"timestamp": 1779140466, "type": "safe_tx", "device": "node-9-stealth", "metadata": {}}
{"timestamp": 1779140466, "type": "safe_tx", "device": "node-11-pulsing", "metadata": {}}
{"timestamp": 1779140466, "type": "safe_tx", "device": "node-4-clean", "metadata": {}}
{"timestamp": 1779140466, "type": "safe_tx", "device": "node-11-pulsing", "metadata": {}}
{"timestamp": 1779140466, "type": "safe_tx", "device": "node-11-pulsing", "metadata": {}}
{"timestamp": 1779140466, "type": "safe_tx", "device": "node-11-pulsing", "metadata": {}}
{"timestamp": 1779140466, "type": "safe_tx", "device": "node-11-pulsing", "metadata": {}}
{"timestamp": 1779140466, "type": "safe_tx", "device": "node-12-mixed", "metadata": {}}
{"timestamp": 1779140466, "type": "safe_tx", "device": "node-10-fuzzer", "metadata": {}}
{"timestamp": 1779140466, "type": "safe_tx", "device": "node-11-pulsing", "metadata": {}}
{"timestamp": 1779140466, "type": "safe_tx", "device": "node-11-pulsing", "metadata": {}}
{"timestamp": 1779140466, "type": "safe_tx", "device": "node-2-clean", "metadata": {}}
{"timestamp": 1779140466, "type": "safe_tx", "device": "node-11-pulsing", "metadata": {}}
{"timestamp": 1779140466, "type": "safe_tx", "device": "node-11-pulsing", "metadata": {}}
{"timestamp": 1779140466, "type": "safe_tx", "device": "node-8-spammer", "metadata": {}}
{"timestamp": 1779140466, "type": "safe_tx", "device": "node-11-pulsing", "metadata": {}}
{"timestamp": 1779140466, "type": "safe_tx", "device": "node-8-spammer", "metadata": {}}
{"timestamp": 1779140466, "type": "safe_tx", "device": "node-3-clean", "metadata": {}}
{"timestamp": 1779140466, "type": "safe_tx", "device": "node-8-spammer", "metadata": {}}
{"timestamp": 1779140466, "type": "safe_tx", "device": "node-11-pulsing", "metadata": {}}
{"timestamp": 1779140466, "type": "safe_tx", "device": "node-8-spammer", "metadata": {}}
{"timestamp": 1779140466, "type": "safe_tx", "device": "node-11-pulsing", "metadata": {}}
{"timestamp": 1779140466, "type": "dos_spam", "device": "node-11-pulsing", "metadata": {}}
{"timestamp": 1779140466, "type": "safe_tx", "device": "node-11-pulsing", "metadata": {}}
{"timestamp": 1779140467, "type": "safe_tx", "device": "node-11-pulsing", "metadata": {}}
{"timestamp": 1779140467, "type": "safe_tx", "device": "node-11-pulsing", "metadata": {}}
{"timestamp": 1779140467, "type": "safe_tx", "device": "node-11-pulsing", "metadata": {}}
{"timestamp": 1779140467, "type": "safe_tx", "device": "node-11-pulsing", "metadata": {}}
{"timestamp": 1779140468, "type": "time_anomaly", "device": "node-7-timespoof", "metadata": {}}
{"timestamp": 1779140467, "type": "safe_tx", "device": "node-3-clean", "metadata": {}}
{"timestamp": 1779140467, "type": "safe_tx", "device": "node-9-stealth", "metadata": {}}
{"timestamp": 1779140467, "type": "safe_tx", "device": "node-14-mixed", "metadata": {}}
{"timestamp": 1779140467, "type": "fuzzing", "device": "node-10-fuzzer", "metadata": {}}
{"timestamp": 1779140467, "type": "safe_tx", "device": "node-5-clean", "metadata": {}}
{"timestamp": 1779140467, "type": "safe_tx", "device": "node-13-mixed", "metadata": {}}
{"timestamp": 1779140467, "type": "safe_tx", "device": "node-3-clean", "metadata": {}}
{"timestamp": 1779140468, "type": "safe_tx", "device": "node-8-spammer", "metadata": {}}
{"timestamp": 1779140468, "type": "safe_tx", "device": "node-8-spammer", "metadata": {}}
{"timestamp": 1779140468, "type": "safe_tx", "device": "node-1-clean", "metadata": {}}
{"timestamp": 1779140468, "type": "safe_tx", "device": "node-8-spammer", "metadata": {}}
{"timestamp": 1779140468, "type": "safe_tx", "device": "node-8-spammer", "metadata": {}}
{"timestamp": 1779140468, "type": "safe_tx", "device": "node-2-clean", "metadata": {}}
{"timestamp": 1779140468, "type": "safe_tx", "device": "node-8-spammer", "metadata": {}}
{"timestamp": 1779140468, "type": "safe_tx", "device": "node-8-spammer", "metadata": {}}
{"timestamp": 1779140468, "type": "safe_tx", "device": "node-8-spammer", "metadata": {}}
{"timestamp": 1779140468, "type": "safe_tx", "device": "node-8-spammer", "metadata": {}}
{"timestamp": 1779140468, "type": "safe_tx", "device": "node-8-spammer", "metadata": {}}
{"timestamp": 1779140468, "type": "safe_tx", "device": "node-8-spammer", "metadata": {}}
{"timestamp": 1779140468, "type": "safe_tx", "device": "node-13-mixed", "metadata": {}}
{"timestamp": 1779140468, "type": "safe_tx", "device": "node-10-fuzzer", "metadata": {}}
{"timestamp": 1779140468, "type": "safe_tx", "device": "node-9-stealth", "metadata": {}}
{"timestamp": 1779140468, "type": "safe_tx", "device": "node-5-clean", "metadata": {}}
{"timestamp": 1779140469, "type": "safe_tx", "device": "node-12-mixed", "metadata": {}}
{"timestamp": 1779140469, "type": "safe_tx", "device": "node-3-clean", "metadata": {}}
{"timestamp": 1779140470, "type": "safe_tx", "device": "node-8-spammer", "metadata": {}}
{"timestamp": 1779140470, "type": "time_anomaly", "device": "node-13-mixed", "metadata": {}}
{"timestamp": 1779140470, "type": "safe_tx", "device": "node-6-overflow", "metadata": {}}
{"timestamp": 1779140470, "type": "safe_tx", "device": "node-9-stealth", "metadata": {}}
{"timestamp": 1779140470, "type": "safe_tx", "device": "node-4-clean", "metadata": {}}
{"timestamp": 1779140471, "type": "time_anomaly", "device": "node-7-timespoof", "metadata": {}}
{"timestamp": 1779140470, "type": "safe_tx", "device": "node-1-clean", "metadata": {}}
{"timestamp": 1779140471, "type": "safe_tx", "device": "node-5-clean", "metadata": {}}
{"timestamp": 1779140471, "type": "safe_tx", "device": "node-14-mixed", "metadata": {}}
{"timestamp": 1779140471, "type": "safe_tx", "device": "node-8-spammer", "metadata": {}}
{"timestamp": 1779140471, "type": "safe_tx", "device": "node-5-clean", "metadata": {}}
{"timestamp": 1779140471, "type": "safe_tx", "device": "node-8-spammer", "metadata": {}}
{"timestamp": 1779140471, "type": "safe_tx", "device": "node-13-mixed", "metadata": {}}
{"timestamp": 1779140471, "type": "safe_tx", "device": "node-2-clean", "metadata": {}}
{"timestamp": 1779140472, "type": "safe_tx", "device": "node-9-stealth", "metadata": {}}
{"timestamp": 1779140472, "type": "safe_tx", "device": "node-12-mixed", "metadata": {}}
{"timestamp": 1779140473, "type": "time_anomaly", "device": "node-7-timespoof", "metadata": {}}
{"timestamp": 1779140472, "type": "safe_tx", "device": "node-5-clean", "metadata": {}}
{"timestamp": 1779140472, "type": "safe_tx", "device": "node-3-clean", "metadata": {}}
{"timestamp": 1779140473, "type": "safe_tx", "device": "node-8-spammer", "metadata": {}}
{"timestamp": 1779140473, "type": "safe_tx", "device": "node-8-spammer", "metadata": {}}
{"timestamp": 1779140473, "type": "safe_tx", "device": "node-3-clean", "metadata": {}}
{"timestamp": 1779140473, "type": "safe_tx", "device": "node-8-spammer", "metadata": {}}
{"timestamp": 1779140473, "type": "safe_tx", "device": "node-8-spammer", "metadata": {}}
{"timestamp": 1779140473, "type": "safe_tx", "device": "node-4-clean", "metadata": {}}
{"timestamp": 1779140473, "type": "safe_tx", "device": "node-1-clean", "metadata": {}}
{"timestamp": 1779140473, "type": "safe_tx", "device": "node-8-spammer", "metadata": {}}
{"timestamp": 1779140474, "type": "time_anomaly", "device": "node-15-mixed", "metadata": {}}
{"timestamp": 1779140473, "type": "safe_tx", "device": "node-8-spammer", "metadata": {}}
{"timestamp": 1779140473, "type": "safe_tx", "device": "node-8-spammer", "metadata": {}}
{"timestamp": 1779140473, "type": "safe_tx", "device": "node-14-mixed", "metadata": {}}
{"timestamp": 1779140473, "type": "safe_tx", "device": "node-8-spammer", "metadata": {}}
{"timestamp": 1779140473, "type": "safe_tx", "device": "node-8-spammer", "metadata": {}}
{"timestamp": 1779140473, "type": "safe_tx", "device": "node-8-spammer", "metadata": {}}
{"timestamp": 1779140473, "type": "safe_tx", "device": "node-8-spammer", "metadata": {}}
{"timestamp": 1779140473, "type": "safe_tx", "device": "node-8-spammer", "metadata": {}}
{"timestamp": 1779140473, "type": "safe_tx", "device": "node-8-spammer", "metadata": {}}
{"timestamp": 1779140473, "type": "dos_spam", "device": "node-8-spammer", "metadata": {}}
{"timestamp": 1779140473, "type": "safe_tx", "device": "node-8-spammer", "metadata": {}}
{"timestamp": 1779140473, "type": "safe_tx", "device": "node-8-spammer", "metadata": {}}
{"timestamp": 1779140473, "type": "safe_tx", "device": "node-8-spammer", "metadata": {}}
{"timestamp": 1779140473, "type": "safe_tx", "device": "node-15-mixed", "metadata": {}}
{"timestamp": 1779140473, "type": "safe_tx", "device": "node-8-spammer", "metadata": {}}
{"timestamp": 1779140473, "type": "dos_spam", "device": "node-8-spammer", "metadata": {"count": 30, "window_sec": 5}}
{"timestamp": 1779140473, "type": "safe_tx", "device": "node-8-spammer", "metadata": {}}
{"timestamp": 1779140473, "type": "safe_tx", "device": "node-8-spammer", "metadata": {}}
{"timestamp": 1779140473, "type": "safe_tx", "device": "node-8-spammer", "metadata": {}}
{"timestamp": 1779140473, "type": "safe_tx", "device": "node-15-mixed", "metadata": {}}
{"timestamp": 1779140474, "type": "safe_tx", "device": "node-10-fuzzer", "metadata": {}}
{"timestamp": 1779140474, "type": "safe_tx", "device": "node-13-mixed", "metadata": {}}
{"timestamp": 1779140474, "type": "safe_tx", "device": "node-4-clean", "metadata": {}}
{"timestamp": 1779140474, "type": "safe_tx", "device": "node-2-clean", "metadata": {}}
{"timestamp": 1779140474, "type": "safe_tx", "device": "node-5-clean", "metadata": {}}
{"timestamp": 1779140474, "type": "safe_tx", "device": "node-13-mixed", "metadata": {}}
{"timestamp": 1779140475, "type": "time_anomaly", "device": "node-13-mixed", "metadata": {}}
{"timestamp": 1779140475, "type": "safe_tx", "device": "node-8-spammer", "metadata": {}}
{"timestamp": 1779140475, "type": "safe_tx", "device": "node-8-spammer", "metadata": {}}
{"timestamp": 1779140475, "type": "safe_tx", "device": "node-8-spammer", "metadata": {}}
{"timestamp": 1779140475, "type": "safe_tx", "device": "node-12-mixed", "metadata": {}}
{"timestamp": 1779140475, "type": "safe_tx", "device": "node-10-fuzzer", "metadata": {}}
{"timestamp": 1779140475, "type": "safe_tx", "device": "node-9-stealth", "metadata": {}}
{"timestamp": 1779140475, "type": "safe_tx", "device": "node-14-mixed", "metadata": {}}
{"timestamp": 1779140476, "type": "safe_tx", "device": "node-8-spammer", "metadata": {}}
{"timestamp": 1779140476, "type": "overflow", "device": "node-6-overflow", "metadata": {"count": 3, "window_sec": 30}}
{"timestamp": 1779140476, "type": "safe_tx", "device": "node-8-spammer", "metadata": {}}
{"timestamp": 1779140476, "type": "safe_tx", "device": "node-8-spammer", "metadata": {}}
{"timestamp": 1779140476, "type": "fuzzing", "device": "node-10-fuzzer", "metadata": {}}
{"timestamp": 1779140476, "type": "safe_tx", "device": "node-3-clean", "metadata": {}}
{"timestamp": 1779140477, "type": "time_anomaly", "device": "node-15-mixed", "metadata": {}}
{"timestamp": 1779140477, "type": "safe_tx", "device": "node-3-clean", "metadata": {}}
{"timestamp": 1779140477, "type": "safe_tx", "device": "node-1-clean", "metadata": {}}
{"timestamp": 1779140477, "type": "safe_tx", "device": "node-2-clean", "metadata": {}}
{"timestamp": 1779140477, "type": "safe_tx", "device": "node-4-clean", "metadata": {}}
{"timestamp": 1779140477, "type": "safe_tx", "device": "node-8-spammer", "metadata": {}}
{"timestamp": 1779140477, "type": "safe_tx", "device": "node-8-spammer", "metadata": {}}
{"timestamp": 1779140477, "type": "safe_tx", "device": "node-8-spammer", "metadata": {}}
{"timestamp": 1779140477, "type": "safe_tx", "device": "node-8-spammer", "metadata": {}}
{"timestamp": 1779140477, "type": "safe_tx", "device": "node-5-clean", "metadata": {}}
{"timestamp": 1779140477, "type": "safe_tx", "device": "node-2-clean", "metadata": {}}
{"timestamp": 1779140477, "type": "fuzzing", "device": "node-10-fuzzer", "metadata": {}}
{"timestamp": 1779140477, "type": "safe_tx", "device": "node-13-mixed", "metadata": {}}
{"timestamp": 1779140478, "type": "time_anomaly", "device": "node-7-timespoof", "metadata": {}}
{"timestamp": 1779140479, "type": "time_anomaly", "device": "node-14-mixed", "metadata": {}}
{"timestamp": 1779140478, "type": "safe_tx", "device": "node-8-spammer", "metadata": {}}
{"timestamp": 1779140478, "type": "safe_tx", "device": "node-8-spammer", "metadata": {}}
{"timestamp": 1779140478, "type": "safe_tx", "device": "node-8-spammer", "metadata": {}}
{"timestamp": 1779140478, "type": "safe_tx", "device": "node-8-spammer", "metadata": {}}
{"timestamp": 1779140478, "type": "safe_tx", "device": "node-8-spammer", "metadata": {}}
{"timestamp": 1779140478, "type": "safe_tx", "device": "node-8-spammer", "metadata": {}}
{"timestamp": 1779140478, "type": "safe_tx", "device": "node-8-spammer", "metadata": {}}
{"timestamp": 1779140478, "type": "safe_tx", "device": "node-1-clean", "metadata": {}}
{"timestamp": 1779140478, "type": "safe_tx", "device": "node-4-clean", "metadata": {}}
{"timestamp": 1779140478, "type": "safe_tx", "device": "node-13-mixed", "metadata": {}}
{"timestamp": 1779140478, "type": "safe_tx", "device": "node-5-clean", "metadata": {}}
{"timestamp": 1779140478, "type": "safe_tx", "device": "node-9-stealth", "metadata": {}}
{"timestamp": 1779140479, "type": "safe_tx", "device": "node-4-clean", "metadata": {}}
{"timestamp": 1779140479, "type": "fuzzing", "device": "node-10-fuzzer", "metadata": {}}
{"timestamp": 1779140479, "type": "safe_tx", "device": "node-8-spammer", "metadata": {}}
{"timestamp": 1779140479, "type": "safe_tx", "device": "node-8-spammer", "metadata": {}}
{"timestamp": 1779140479, "type": "safe_tx", "device": "node-2-clean", "metadata": {}}
{"timestamp": 1779140480, "type": "safe_tx", "device": "node-15-mixed", "metadata": {}}
{"timestamp": 1779140480, "type": "safe_tx", "device": "node-12-mixed", "metadata": {}}
{"timestamp": 1779140480, "type": "safe_tx", "device": "node-10-fuzzer", "metadata": {}}
{"timestamp": 1779140480, "type": "safe_tx", "device": "node-8-spammer", "metadata": {}}
{"timestamp": 1779140480, "type": "safe_tx", "device": "node-8-spammer", "metadata": {}}
{"timestamp": 1779140480, "type": "safe_tx", "device": "node-8-spammer", "metadata": {}}
{"timestamp": 1779140480, "type": "safe_tx", "device": "node-8-spammer", "metadata": {}}
{"timestamp": 1779140480, "type": "safe_tx", "device": "node-8-spammer", "metadata": {}}
{"timestamp": 1779140480, "type": "safe_tx", "device": "node-8-spammer", "metadata": {}}
{"timestamp": 1779140480, "type": "dos_spam", "device": "node-8-spammer", "metadata": {}}
{"timestamp": 1779140481, "type": "safe_tx", "device": "node-8-spammer", "metadata": {}}
{"timestamp": 1779140481, "type": "safe_tx", "device": "node-9-stealth", "metadata": {}}
{"timestamp": 1779140481, "type": "safe_tx", "device": "node-1-clean", "metadata": {}}
{"timestamp": 1779140481, "type": "safe_tx", "device": "node-14-mixed", "metadata": {}}
{"timestamp": 1779140482, "type": "time_anomaly", "device": "node-7-timespoof", "metadata": {}}
{"timestamp": 1779140481, "type": "safe_tx", "device": "node-13-mixed", "metadata": {}}
{"timestamp": 1779140481, "type": "safe_tx", "device": "node-5-clean", "metadata": {}}
{"timestamp": 1779140482, "type": "fuzzing", "device": "node-10-fuzzer", "metadata": {}}
{"timestamp": 1779140482, "type": "safe_tx", "device": "node-3-clean", "metadata": {}}
{"timestamp": 1779140482, "type": "safe_tx", "device": "node-8-spammer", "metadata": {}}
{"timestamp": 1779140482, "type": "safe_tx", "device": "node-8-spammer", "metadata": {}}
{"timestamp": 1779140482, "type": "safe_tx", "device": "node-8-spammer", "metadata": {}}
{"timestamp": 1779140482, "type": "safe_tx", "device": "node-2-clean", "metadata": {}}
{"timestamp": 1779140482, "type": "safe_tx", "device": "node-9-stealth", "metadata": {}}
{"timestamp": 1779140483, "type": "time_anomaly", "device": "node-14-mixed", "metadata": {}}
{"timestamp": 1779140482, "type": "safe_tx", "device": "node-4-clean", "metadata": {}}
{"timestamp": 1779140483, "type": "safe_tx", "device": "node-8-spammer", "metadata": {}}
{"timestamp": 1779140483, "type": "safe_tx", "device": "node-8-spammer", "metadata": {}}
{"timestamp": 1779140483, "type": "overflow", "device": "node-12-mixed", "metadata": {"count": 3, "window_sec": 30}}
{"timestamp": 1779140483, "type": "safe_tx", "device": "node-15-mixed", "metadata": {}}
{"timestamp": 1779140483, "type": "safe_tx", "device": "node-1-clean", "metadata": {}}
{"timestamp": 1779140483, "type": "fuzzing", "device": "node-10-fuzzer", "metadata": {}}
{"timestamp": 1779140484, "type": "safe_tx", "device": "node-6-overflow", "metadata": {}}
{"timestamp": 1779140484, "type": "safe_tx", "device": "node-8-spammer", "metadata": {}}
{"timestamp": 1779140484, "type": "safe_tx", "device": "node-8-spammer", "metadata": {}}
{"timestamp": 1779140484, "type": "safe_tx", "device": "node-8-spammer", "metadata": {}}
{"timestamp": 1779140484, "type": "safe_tx", "device": "node-5-clean", "metadata": {}}
{"timestamp": 1779140484, "type": "safe_tx", "device": "node-1-clean", "metadata": {}}
{"timestamp": 1779140485, "type": "safe_tx", "device": "node-10-fuzzer", "metadata": {}}
{"timestamp": 1779140485, "type": "safe_tx", "device": "node-9-stealth", "metadata": {}}
{"timestamp": 1779140485, "type": "safe_tx", "device": "node-2-clean", "metadata": {}}
{"timestamp": 1779140485, "type": "safe_tx", "device": "node-5-clean", "metadata": {}}
{"timestamp": 1779140485, "type": "overflow", "device": "node-13-mixed", "metadata": {"count": 3, "window_sec": 30}}
{"timestamp": 1779140485, "type": "safe_tx", "device": "node-8-spammer", "metadata": {}}
{"timestamp": 1779140485, "type": "safe_tx", "device": "node-8-spammer", "metadata": {}}
{"timestamp": 1779140485, "type": "safe_tx", "device": "node-4-clean", "metadata": {}}
{"timestamp": 1779140486, "type": "safe_tx", "device": "node-14-mixed", "metadata": {}}
{"timestamp": 1779140486, "type": "safe_tx", "device": "node-3-clean", "metadata": {}}
{"timestamp": 1779140486, "type": "fuzzing", "device": "node-10-fuzzer", "metadata": {}}
{"timestamp": 1779140487, "type": "safe_tx", "device": "node-13-mixed", "metadata": {}}
{"timestamp": 1779140487, "type": "safe_tx", "device": "node-8-spammer", "metadata": {}}
{"timestamp": 1779140487, "type": "safe_tx", "device": "node-10-fuzzer", "metadata": {}}
{"timestamp": 1779140487, "type": "safe_tx", "device": "node-8-spammer", "metadata": {}}
{"timestamp": 1779140487, "type": "safe_tx", "device": "node-8-spammer", "metadata": {}}
{"timestamp": 1779140487, "type": "safe_tx", "device": "node-8-spammer", "metadata": {}}
{"timestamp": 1779140487, "type": "safe_tx", "device": "node-8-spammer", "metadata": {}}
{"timestamp": 1779140487, "type": "safe_tx", "device": "node-8-spammer", "metadata": {}}
{"timestamp": 1779140487, "type": "safe_tx", "device": "node-9-stealth", "metadata": {}}
{"timestamp": 1779140487, "type": "safe_tx", "device": "node-8-spammer", "metadata": {}}
{"timestamp": 1779140487, "type": "safe_tx", "device": "node-8-spammer", "metadata": {}}
{"timestamp": 1779140487, "type": "safe_tx", "device": "node-8-spammer", "metadata": {}}
{"timestamp": 1779140487, "type": "safe_tx", "device": "node-8-spammer", "metadata": {}}
{"timestamp": 1779140487, "type": "safe_tx", "device": "node-8-spammer", "metadata": {}}
{"timestamp": 1779140487, "type": "safe_tx", "device": "node-8-spammer", "metadata": {}}
{"timestamp": 1779140487, "type": "safe_tx", "device": "node-3-clean", "metadata": {}}
{"timestamp": 1779140487, "type": "safe_tx", "device": "node-8-spammer", "metadata": {}}
{"timestamp": 1779140487, "type": "dos_spam", "device": "node-8-spammer", "metadata": {}}
{"timestamp": 1779140487, "type": "safe_tx", "device": "node-8-spammer", "metadata": {}}
{"timestamp": 1779140487, "type": "safe_tx", "device": "node-8-spammer", "metadata": {}}
{"timestamp": 1779140487, "type": "safe_tx", "device": "node-8-spammer", "metadata": {}}
{"timestamp": 1779140487, "type": "safe_tx", "device": "node-8-spammer", "metadata": {}}
{"timestamp": 1779140487, "type": "safe_tx", "device": "node-8-spammer", "metadata": {}}
{"timestamp": 1779140488, "type": "safe_tx", "device": "node-8-spammer", "metadata": {}}
{"timestamp": 1779140488, "type": "safe_tx", "device": "node-8-spammer", "metadata": {}}
{"timestamp": 1779140488, "type": "safe_tx", "device": "node-8-spammer", "metadata": {}}
{"timestamp": 1779140488, "type": "safe_tx", "device": "node-1-clean", "metadata": {}}
{"timestamp": 1779140488, "type": "safe_tx", "device": "node-8-spammer", "metadata": {}}
{"timestamp": 1779140488, "type": "safe_tx", "device": "node-8-spammer", "metadata": {}}
{"timestamp": 1779140488, "type": "dos_spam", "device": "node-8-spammer", "metadata": {"count": 30, "window_sec": 5}}
{"timestamp": 1779140488, "type": "safe_tx", "device": "node-8-spammer", "metadata": {}}
{"timestamp": 1779140488, "type": "safe_tx", "device": "node-8-spammer", "metadata": {}}
{"timestamp": 1779140488, "type": "safe_tx", "device": "node-8-spammer", "metadata": {}}
{"timestamp": 1779140488, "type": "safe_tx", "device": "node-8-spammer", "metadata": {}}
{"timestamp": 1779140488, "type": "safe_tx", "device": "node-2-clean", "metadata": {}}
{"timestamp": 1779140488, "type": "safe_tx", "device": "node-8-spammer", "metadata": {}}
{"timestamp": 1779140488, "type": "dos_spam", "device": "node-8-spammer", "metadata": {}}
{"timestamp": 1779140488, "type": "safe_tx", "device": "node-8-spammer", "metadata": {}}
{"timestamp": 1779140488, "type": "safe_tx", "device": "node-8-spammer", "metadata": {}}
{"timestamp": 1779140488, "type": "safe_tx", "device": "node-8-spammer", "metadata": {}}
{"timestamp": 1779140489, "type": "time_anomaly", "device": "node-14-mixed", "metadata": {}}
{"timestamp": 1779140489, "type": "time_anomaly", "device": "node-7-timespoof", "metadata": {}}
{"timestamp": 1779140488, "type": "safe_tx", "device": "node-6-overflow", "metadata": {}}
{"timestamp": 1779140488, "type": "safe_tx", "device": "node-15-mixed", "metadata": {}}
{"timestamp": 1779140489, "type": "safe_tx", "device": "node-3-clean", "metadata": {}}
{"timestamp": 1779140489, "type": "safe_tx", "device": "node-5-clean", "metadata": {}}
{"timestamp": 1779140489, "type": "safe_tx", "device": "node-4-clean", "metadata": {}}
{"timestamp": 1779140489, "type": "safe_tx", "device": "node-1-clean", "metadata": {}}
{"timestamp": 1779140489, "type": "safe_tx", "device": "node-12-mixed", "metadata": {}}
{"timestamp": 1779140489, "type": "safe_tx", "device": "node-5-clean", "metadata": {}}
{"timestamp": 1779140489, "type": "safe_tx", "device": "node-8-spammer", "metadata": {}}
{"timestamp": 1779140489, "type": "safe_tx", "device": "node-9-stealth", "metadata": {}}
{"timestamp": 1779140489, "type": "safe_tx", "device": "node-8-spammer", "metadata": {}}
{"timestamp": 1779140489, "type": "safe_tx", "device": "node-8-spammer", "metadata": {}}
{"timestamp": 1779140489, "type": "safe_tx", "device": "node-8-spammer", "metadata": {}}
{"timestamp": 1779140489, "type": "safe_tx", "device": "node-8-spammer", "metadata": {}}
{"timestamp": 1779140489, "type": "safe_tx", "device": "node-4-clean", "metadata": {}}
{"timestamp": 1779140489, "type": "safe_tx", "device": "node-8-spammer", "metadata": {}}
{"timestamp": 1779140489, "type": "safe_tx", "device": "node-6-overflow", "metadata": {}}
{"timestamp": 1779140490, "type": "safe_tx", "device": "node-8-spammer", "metadata": {}}
{"timestamp": 1779140490, "type": "safe_tx", "device": "node-8-spammer", "metadata": {}}
{"timestamp": 1779140490, "type": "safe_tx", "device": "node-3-clean", "metadata": {}}
{"timestamp": 1779140490, "type": "safe_tx", "device": "node-12-mixed", "metadata": {}}
{"timestamp": 1779140491, "type": "safe_tx", "device": "node-3-clean", "metadata": {}}
{"timestamp": 1779140491, "type": "time_anomaly", "device": "node-14-mixed", "metadata": {}}
{"timestamp": 1779140491, "type": "safe_tx", "device": "node-5-clean", "metadata": {}}
{"timestamp": 1779140491, "type": "safe_tx", "device": "node-1-clean", "metadata": {}}
{"timestamp": 1779140491, "type": "safe_tx", "device": "node-8-spammer", "metadata": {}}
{"timestamp": 1779140491, "type": "safe_tx", "device": "node-8-spammer", "metadata": {}}
{"timestamp": 1779140491, "type": "safe_tx", "device": "node-8-spammer", "metadata": {}}
{"timestamp": 1779140491, "type": "safe_tx", "device": "node-8-spammer", "metadata": {}}
{"timestamp": 1779140491, "type": "safe_tx", "device": "node-8-spammer", "metadata": {}}
{"timestamp": 1779140491, "type": "safe_tx", "device": "node-8-spammer", "metadata": {}}
{"timestamp": 1779140491, "type": "safe_tx", "device": "node-8-spammer", "metadata": {}}
{"timestamp": 1779140491, "type": "dos_spam", "device": "node-8-spammer", "metadata": {}}
{"timestamp": 1779140491, "type": "safe_tx", "device": "node-8-spammer", "metadata": {}}
{"timestamp": 1779140491, "type": "safe_tx", "device": "node-2-clean", "metadata": {}}
{"timestamp": 1779140491, "type": "safe_tx", "device": "node-8-spammer", "metadata": {}}
{"timestamp": 1779140491, "type": "safe_tx", "device": "node-8-spammer", "metadata": {}}
{"timestamp": 1779140491, "type": "safe_tx", "device": "node-15-mixed", "metadata": {}}
{"timestamp": 1779140491, "type": "safe_tx", "device": "node-8-spammer", "metadata": {}}
{"timestamp": 1779140491, "type": "fuzzing", "device": "node-10-fuzzer", "metadata": {}}
{"timestamp": 1779140491, "type": "safe_tx", "device": "node-8-spammer", "metadata": {}}
{"timestamp": 1779140491, "type": "safe_tx", "device": "node-8-spammer", "metadata": {}}
{"timestamp": 1779140491, "type": "safe_tx", "device": "node-8-spammer", "metadata": {}}
{"timestamp": 1779140491, "type": "dos_spam", "device": "node-8-spammer", "metadata": {"count": 30, "window_sec": 5}}
{"timestamp": 1779140491, "type": "safe_tx", "device": "node-8-spammer", "metadata": {}}
{"timestamp": 1779140491, "type": "safe_tx", "device": "node-8-spammer", "metadata": {}}
{"timestamp": 1779140491, "type": "safe_tx", "device": "node-13-mixed", "metadata": {}}
{"timestamp": 1779140491, "type": "safe_tx", "device": "node-8-spammer", "metadata": {}}
{"timestamp": 1779140492, "type": "safe_tx", "device": "node-3-clean", "metadata": {}}
{"timestamp": 1779140492, "type": "safe_tx", "device": "node-9-stealth", "metadata": {}}
{"timestamp": 1779140492, "type": "safe_tx", "device": "node-13-mixed", "metadata": {}}
{"timestamp": 1779140492, "type": "safe_tx", "device": "node-10-fuzzer", "metadata": {}}
{"timestamp": 1779140492, "type": "safe_tx", "device": "node-8-spammer", "metadata": {}}
{"timestamp": 1779140492, "type": "safe_tx", "device": "node-4-clean", "metadata": {}}
{"timestamp": 1779140493, "type": "time_anomaly", "device": "node-7-timespoof", "metadata": {}}
{"timestamp": 1779140493, "type": "safe_tx", "device": "node-9-stealth", "metadata": {}}
{"timestamp": 1779140493, "type": "safe_tx", "device": "node-3-clean", "metadata": {}}
{"timestamp": 1779140493, "type": "safe_tx", "device": "node-4-clean", "metadata": {}}
{"timestamp": 1779140493, "type": "safe_tx", "device": "node-8-spammer", "metadata": {}}
{"timestamp": 1779140493, "type": "safe_tx", "device": "node-14-mixed", "metadata": {}}
{"timestamp": 1779140493, "type": "safe_tx", "device": "node-8-spammer", "metadata": {}}
{"timestamp": 1779140493, "type": "safe_tx", "device": "node-1-clean", "metadata": {}}
{"timestamp": 1779140494, "type": "safe_tx", "device": "node-12-mixed", "metadata": {}}
{"timestamp": 1779140494, "type": "safe_tx", "device": "node-15-mixed", "metadata": {}}
{"timestamp": 1779140494, "type": "overflow", "device": "node-14-mixed", "metadata": {"count": 3, "window_sec": 30}}
{"timestamp": 1779140494, "type": "safe_tx", "device": "node-2-clean", "metadata": {}}
{"timestamp": 1779140494, "type": "safe_tx", "device": "node-1-clean", "metadata": {}}
{"timestamp": 1779140494, "type": "safe_tx", "device": "node-5-clean", "metadata": {}}
{"timestamp": 1779140494, "type": "safe_tx", "device": "node-2-clean", "metadata": {}}
{"timestamp": 1779140494, "type": "safe_tx", "device": "node-8-spammer", "metadata": {}}
{"timestamp": 1779140494, "type": "safe_tx", "device": "node-8-spammer", "metadata": {}}
{"timestamp": 1779140494, "type": "safe_tx", "device": "node-8-spammer", "metadata": {}}
{"timestamp": 1779140494, "type": "safe_tx", "device": "node-8-spammer", "metadata": {}}
{"timestamp": 1779140494, "type": "safe_tx", "device": "node-10-fuzzer", "metadata": {}}
{"timestamp": 1779140494, "type": "safe_tx", "device": "node-8-spammer", "metadata": {}}
{"timestamp": 1779140494, "type": "safe_tx", "device": "node-8-spammer", "metadata": {}}
{"timestamp": 1779140494, "type": "safe_tx", "device": "node-8-spammer", "metadata": {}}
{"timestamp": 1779140494, "type": "safe_tx", "device": "node-8-spammer", "metadata": {}}
{"timestamp": 1779140494, "type": "safe_tx", "device": "node-5-clean", "metadata": {}}
{"timestamp": 1779140494, "type": "safe_tx", "device": "node-13-mixed", "metadata": {}}
{"timestamp": 1779140494, "type": "safe_tx", "device": "node-8-spammer", "metadata": {}}
{"timestamp": 1779140494, "type": "safe_tx", "device": "node-8-spammer", "metadata": {}}
{"timestamp": 1779140494, "type": "safe_tx", "device": "node-8-spammer", "metadata": {}}
{"timestamp": 1779140494, "type": "safe_tx", "device": "node-8-spammer", "metadata": {}}
{"timestamp": 1779140494, "type": "dos_spam", "device": "node-8-spammer", "metadata": {}}
{"timestamp": 1779140495, "type": "safe_tx", "device": "node-3-clean", "metadata": {}}
{"timestamp": 1779140495, "type": "safe_tx", "device": "node-2-clean", "metadata": {}}
{"timestamp": 1779140495, "type": "safe_tx", "device": "node-14-mixed", "metadata": {}}
{"timestamp": 1779140495, "type": "safe_tx", "device": "node-12-mixed", "metadata": {}}
{"timestamp": 1779140496, "type": "time_anomaly", "device": "node-7-timespoof", "metadata": {}}
{"timestamp": 1779140496, "type": "time_anomaly", "device": "node-15-mixed", "metadata": {}}
{"timestamp": 1779140495, "type": "safe_tx", "device": "node-13-mixed", "metadata": {}}
{"timestamp": 1779140495, "type": "safe_tx", "device": "node-8-spammer", "metadata": {}}
{"timestamp": 1779140495, "type": "safe_tx", "device": "node-8-spammer", "metadata": {}}
{"timestamp": 1779140495, "type": "safe_tx", "device": "node-8-spammer", "metadata": {}}
{"timestamp": 1779140495, "type": "safe_tx", "device": "node-8-spammer", "metadata": {}}
{"timestamp": 1779140495, "type": "safe_tx", "device": "node-6-overflow", "metadata": {}}
{"timestamp": 1779140495, "type": "safe_tx", "device": "node-8-spammer", "metadata": {}}
{"timestamp": 1779140496, "type": "safe_tx", "device": "node-8-spammer", "metadata": {}}
{"timestamp": 1779140496, "type": "safe_tx", "device": "node-9-stealth", "metadata": {}}
{"timestamp": 1779140496, "type": "safe_tx", "device": "node-11-pulsing", "metadata": {}}
{"timestamp": 1779140496, "type": "safe_tx", "device": "node-11-pulsing", "metadata": {}}
{"timestamp": 1779140496, "type": "fuzzing", "device": "node-10-fuzzer", "metadata": {}}
{"timestamp": 1779140496, "type": "safe_tx", "device": "node-11-pulsing", "metadata": {}}
{"timestamp": 1779140497, "type": "time_anomaly", "device": "node-12-mixed", "metadata": {}}
{"timestamp": 1779140496, "type": "safe_tx", "device": "node-11-pulsing", "metadata": {}}
{"timestamp": 1779140496, "type": "safe_tx", "device": "node-11-pulsing", "metadata": {}}
{"timestamp": 1779140496, "type": "safe_tx", "device": "node-11-pulsing", "metadata": {}}
{"timestamp": 1779140496, "type": "safe_tx", "device": "node-11-pulsing", "metadata": {}}
{"timestamp": 1779140496, "type": "safe_tx", "device": "node-11-pulsing", "metadata": {}}
{"timestamp": 1779140496, "type": "safe_tx", "device": "node-1-clean", "metadata": {}}
{"timestamp": 1779140496, "type": "safe_tx", "device": "node-2-clean", "metadata": {}}
{"timestamp": 1779140496, "type": "safe_tx", "device": "node-11-pulsing", "metadata": {}}
{"timestamp": 1779140496, "type": "safe_tx", "device": "node-11-pulsing", "metadata": {}}
{"timestamp": 1779140496, "type": "safe_tx", "device": "node-11-pulsing", "metadata": {}}
{"timestamp": 1779140496, "type": "safe_tx", "device": "node-8-spammer", "metadata": {}}
{"timestamp": 1779140497, "type": "overflow", "device": "node-15-mixed", "metadata": {"count": 3, "window_sec": 30}}
{"timestamp": 1779140497, "type": "safe_tx", "device": "node-11-pulsing", "metadata": {}}
{"timestamp": 1779140497, "type": "safe_tx", "device": "node-8-spammer", "metadata": {}}
{"timestamp": 1779140497, "type": "safe_tx", "device": "node-11-pulsing", "metadata": {}}
{"timestamp": 1779140497, "type": "safe_tx", "device": "node-8-spammer", "metadata": {}}
{"timestamp": 1779140497, "type": "safe_tx", "device": "node-8-spammer", "metadata": {}}
{"timestamp": 1779140497, "type": "safe_tx", "device": "node-12-mixed", "metadata": {}}
{"timestamp": 1779140497, "type": "safe_tx", "device": "node-11-pulsing", "metadata": {}}
{"timestamp": 1779140497, "type": "safe_tx", "device": "node-11-pulsing", "metadata": {}}
{"timestamp": 1779140497, "type": "dos_spam", "device": "node-11-pulsing", "metadata": {}}
{"timestamp": 1779140497, "type": "safe_tx", "device": "node-11-pulsing", "metadata": {}}
{"timestamp": 1779140497, "type": "safe_tx", "device": "node-11-pulsing", "metadata": {}}
{"timestamp": 1779140497, "type": "safe_tx", "device": "node-4-clean", "metadata": {}}
{"timestamp": 1779140497, "type": "safe_tx", "device": "node-11-pulsing", "metadata": {}}
{"timestamp": 1779140497, "type": "safe_tx", "device": "node-11-pulsing", "metadata": {}}
{"timestamp": 1779140497, "type": "safe_tx", "device": "node-11-pulsing", "metadata": {}}
{"timestamp": 1779140497, "type": "safe_tx", "device": "node-9-stealth", "metadata": {}}
{"timestamp": 1779140497, "type": "safe_tx", "device": "node-4-clean", "metadata": {}}
{"timestamp": 1779140497, "type": "safe_tx", "device": "node-2-clean", "metadata": {}}
{"timestamp": 1779140498, "type": "overflow", "device": "node-6-overflow", "metadata": {"count": 3, "window_sec": 30}}
{"timestamp": 1779140498, "type": "safe_tx", "device": "node-8-spammer", "metadata": {}}
{"timestamp": 1779140498, "type": "safe_tx", "device": "node-8-spammer", "metadata": {}}
{"timestamp": 1779140498, "type": "safe_tx", "device": "node-5-clean", "metadata": {}}
{"timestamp": 1779140498, "type": "fuzzing", "device": "node-10-fuzzer", "metadata": {}}
{"timestamp": 1779140498, "type": "safe_tx", "device": "node-8-spammer", "metadata": {}}
{"timestamp": 1779140498, "type": "safe_tx", "device": "node-8-spammer", "metadata": {}}
{"timestamp": 1779140498, "type": "safe_tx", "device": "node-12-mixed", "metadata": {}}
{"timestamp": 1779140498, "type": "safe_tx", "device": "node-8-spammer", "metadata": {}}
{"timestamp": 1779140498, "type": "safe_tx", "device": "node-8-spammer", "metadata": {}}
{"timestamp": 1779140498, "type": "dos_spam", "device": "node-8-spammer", "metadata": {"count": 30, "window_sec": 5}}
{"timestamp": 1779140498, "type": "safe_tx", "device": "node-5-clean", "metadata": {}}
{"timestamp": 1779140498, "type": "safe_tx", "device": "node-8-spammer", "metadata": {}}
{"timestamp": 1779140498, "type": "safe_tx", "device": "node-8-spammer", "metadata": {}}
{"timestamp": 1779140498, "type": "safe_tx", "device": "node-9-stealth", "metadata": {}}
{"timestamp": 1779140499, "type": "time_anomaly", "device": "node-13-mixed", "metadata": {}}
{"timestamp": 1779140498, "type": "safe_tx", "device": "node-3-clean", "metadata": {}}
{"timestamp": 1779140499, "type": "safe_tx", "device": "node-8-spammer", "metadata": {}}
{"timestamp": 1779140499, "type": "safe_tx", "device": "node-5-clean", "metadata": {}}
{"timestamp": 1779140499, "type": "safe_tx", "device": "node-8-spammer", "metadata": {}}
{"timestamp": 1779140499, "type": "time_anomaly", "device": "node-7-timespoof", "metadata": {}}
{"timestamp": 1779140499, "type": "safe_tx", "device": "node-1-clean", "metadata": {}}
{"timestamp": 1779140499, "type": "safe_tx", "device": "node-4-clean", "metadata": {}}
{"timestamp": 1779140499, "type": "safe_tx", "device": "node-8-spammer", "metadata": {}}
{"timestamp": 1779140499, "type": "safe_tx", "device": "node-15-mixed", "metadata": {}}
{"timestamp": 1779140499, "type": "safe_tx", "device": "node-8-spammer", "metadata": {}}
{"timestamp": 1779140499, "type": "dos_spam", "device": "node-8-spammer", "metadata": {}}
{"timestamp": 1779140499, "type": "safe_tx", "device": "node-8-spammer", "metadata": {}}
{"timestamp": 1779140499, "type": "safe_tx", "device": "node-8-spammer", "metadata": {}}
{"timestamp": 1779140500, "type": "fuzzing", "device": "node-10-fuzzer", "metadata": {}}
{"timestamp": 1779140500, "type": "safe_tx", "device": "node-8-spammer", "metadata": {}}
{"timestamp": 1779140500, "type": "safe_tx", "device": "node-8-spammer", "metadata": {}}
{"timestamp": 1779140500, "type": "safe_tx", "device": "node-8-spammer", "metadata": {}}
{"timestamp": 1779140500, "type": "safe_tx", "device": "node-8-spammer", "metadata": {}}
{"timestamp": 1779140500, "type": "safe_tx", "device": "node-10-fuzzer", "metadata": {}}
{"timestamp": 1779140500, "type": "safe_tx", "device": "node-8-spammer", "metadata": {}}
{"timestamp": 1779140500, "type": "safe_tx", "device": "node-8-spammer", "metadata": {}}
{"timestamp": 1779140500, "type": "safe_tx", "device": "node-8-spammer", "metadata": {}}
{"timestamp": 1779140500, "type": "safe_tx", "device": "node-8-spammer", "metadata": {}}
{"timestamp": 1779140500, "type": "safe_tx", "device": "node-8-spammer", "metadata": {}}
{"timestamp": 1779140500, "type": "safe_tx", "device": "node-8-spammer", "metadata": {}}
{"timestamp": 1779140501, "type": "safe_tx", "device": "node-2-clean", "metadata": {}}
{"timestamp": 1779140501, "type": "safe_tx", "device": "node-8-spammer", "metadata": {}}
{"timestamp": 1779140501, "type": "safe_tx", "device": "node-8-spammer", "metadata": {}}
{"timestamp": 1779140501, "type": "safe_tx", "device": "node-5-clean", "metadata": {}}
{"timestamp": 1779140501, "type": "safe_tx", "device": "node-8-spammer", "metadata": {}}
{"timestamp": 1779140501, "type": "dos_spam", "device": "node-8-spammer", "metadata": {}}
{"timestamp": 1779140501, "type": "safe_tx", "device": "node-8-spammer", "metadata": {}}
{"timestamp": 1779140501, "type": "safe_tx", "device": "node-1-clean", "metadata": {}}
{"timestamp": 1779140501, "type": "safe_tx", "device": "node-12-mixed", "metadata": {}}
{"timestamp": 1779140501, "type": "safe_tx", "device": "node-13-mixed", "metadata": {}}
{"timestamp": 1779140502, "type": "safe_tx", "device": "node-3-clean", "metadata": {}}
{"timestamp": 1779140502, "type": "safe_tx", "device": "node-4-clean", "metadata": {}}
{"timestamp": 1779140502, "type": "safe_tx", "device": "node-2-clean", "metadata": {}}
{"timestamp": 1779140502, "type": "safe_tx", "device": "node-8-spammer", "metadata": {}}
{"timestamp": 1779140502, "type": "safe_tx", "device": "node-8-spammer", "metadata": {}}
{"timestamp": 1779140502, "type": "safe_tx", "device": "node-8-spammer", "metadata": {}}
{"timestamp": 1779140502, "type": "safe_tx", "device": "node-8-spammer", "metadata": {}}
{"timestamp": 1779140503, "type": "time_anomaly", "device": "node-15-mixed", "metadata": {}}
{"timestamp": 1779140502, "type": "safe_tx", "device": "node-8-spammer", "metadata": {}}
{"timestamp": 1779140502, "type": "safe_tx", "device": "node-8-spammer", "metadata": {}}
{"timestamp": 1779140502, "type": "safe_tx", "device": "node-8-spammer", "metadata": {}}
{"timestamp": 1779140502, "type": "safe_tx", "device": "node-8-spammer", "metadata": {}}
{"timestamp": 1779140502, "type": "dos_spam", "device": "node-8-spammer", "metadata": {"count": 30, "window_sec": 5}}
{"timestamp": 1779140502, "type": "safe_tx", "device": "node-12-mixed", "metadata": {}}
{"timestamp": 1779140503, "type": "time_anomaly", "device": "node-7-timespoof", "metadata": {}}
{"timestamp": 1779140502, "type": "safe_tx", "device": "node-8-spammer", "metadata": {}}
{"timestamp": 1779140502, "type": "safe_tx", "device": "node-8-spammer", "metadata": {}}
{"timestamp": 1779140502, "type": "safe_tx", "device": "node-8-spammer", "metadata": {}}
{"timestamp": 1779140502, "type": "safe_tx", "device": "node-8-spammer", "metadata": {}}
{"timestamp": 1779140502, "type": "safe_tx", "device": "node-8-spammer", "metadata": {}}
{"timestamp": 1779140502, "type": "safe_tx", "device": "node-8-spammer", "metadata": {}}
{"timestamp": 1779140502, "type": "dos_spam", "device": "node-8-spammer", "metadata": {}}
{"timestamp": 1779140502, "type": "safe_tx", "device": "node-8-spammer", "metadata": {}}
{"timestamp": 1779140502, "type": "safe_tx", "device": "node-8-spammer", "metadata": {}}
{"timestamp": 1779140502, "type": "safe_tx", "device": "node-8-spammer", "metadata": {}}
{"timestamp": 1779140502, "type": "safe_tx", "device": "node-9-stealth", "metadata": {}}
{"timestamp": 1779140502, "type": "safe_tx", "device": "node-8-spammer", "metadata": {}}
{"timestamp": 1779140502, "type": "safe_tx", "device": "node-8-spammer", "metadata": {}}
{"timestamp": 1779140502, "type": "safe_tx", "device": "node-8-spammer", "metadata": {}}
{"timestamp": 1779140502, "type": "safe_tx", "device": "node-8-spammer", "metadata": {}}
{"timestamp": 1779140502, "type": "safe_tx", "device": "node-8-spammer", "metadata": {}}
{"timestamp": 1779140503, "type": "safe_tx", "device": "node-8-spammer", "metadata": {}}
{"timestamp": 1779140503, "type": "safe_tx", "device": "node-8-spammer", "metadata": {}}
{"timestamp": 1779140503, "type": "safe_tx", "device": "node-5-clean", "metadata": {}}
{"timestamp": 1779140503, "type": "safe_tx", "device": "node-8-spammer", "metadata": {}}
{"timestamp": 1779140503, "type": "safe_tx", "device": "node-8-spammer", "metadata": {}}
{"timestamp": 1779140503, "type": "safe_tx", "device": "node-8-spammer", "metadata": {}}
{"timestamp": 1779140503, "type": "safe_tx", "device": "node-8-spammer", "metadata": {}}
{"timestamp": 1779140503, "type": "safe_tx", "device": "node-8-spammer", "metadata": {}}
{"timestamp": 1779140503, "type": "dos_spam", "device": "node-8-spammer", "metadata": {}}
{"timestamp": 1779140503, "type": "safe_tx", "device": "node-4-clean", "metadata": {}}
{"timestamp": 1779140503, "type": "safe_tx", "device": "node-5-clean", "metadata": {}}
{"timestamp": 1779140503, "type": "fuzzing", "device": "node-10-fuzzer", "metadata": {}}
{"timestamp": 1779140503, "type": "safe_tx", "device": "node-1-clean", "metadata": {}}
{"timestamp": 1779140503, "type": "safe_tx", "device": "node-9-stealth", "metadata": {}}
{"timestamp": 1779140504, "type": "safe_tx", "device": "node-14-mixed", "metadata": {}}
{"timestamp": 1779140504, "type": "safe_tx", "device": "node-1-clean", "metadata": {}}
{"timestamp": 1779140504, "type": "safe_tx", "device": "node-14-mixed", "metadata": {}}
{"timestamp": 1779140504, "type": "safe_tx", "device": "node-8-spammer", "metadata": {}}
{"timestamp": 1779140504, "type": "safe_tx", "device": "node-8-spammer", "metadata": {}}
{"timestamp": 1779140504, "type": "safe_tx", "device": "node-8-spammer", "metadata": {}}
{"timestamp": 1779140504, "type": "safe_tx", "device": "node-8-spammer", "metadata": {}}
{"timestamp": 1779140504, "type": "safe_tx", "device": "node-8-spammer", "metadata": {}}
{"timestamp": 1779140504, "type": "safe_tx", "device": "node-8-spammer", "metadata": {}}
{"timestamp": 1779140504, "type": "safe_tx", "device": "node-8-spammer", "metadata": {}}
{"timestamp": 1779140504, "type": "safe_tx", "device": "node-8-spammer", "metadata": {}}
{"timestamp": 1779140504, "type": "safe_tx", "device": "node-8-spammer", "metadata": {}}
{"timestamp": 1779140504, "type": "dos_spam", "device": "node-8-spammer", "metadata": {"count": 30, "window_sec": 5}}
{"timestamp": 1779140504, "type": "safe_tx", "device": "node-4-clean", "metadata": {}}
{"timestamp": 1779140504, "type": "safe_tx", "device": "node-3-clean", "metadata": {}}
{"timestamp": 1779140504, "type": "safe_tx", "device": "node-5-clean", "metadata": {}}
{"timestamp": 1779140505, "type": "safe_tx", "device": "node-15-mixed", "metadata": {}}
{"timestamp": 1779140505, "type": "safe_tx", "device": "node-15-mixed", "metadata": {}}
{"timestamp": 1779140505, "type": "safe_tx", "device": "node-4-clean", "metadata": {}}
{"timestamp": 1779140505, "type": "safe_tx", "device": "node-8-spammer", "metadata": {}}
{"timestamp": 1779140505, "type": "safe_tx", "device": "node-8-spammer", "metadata": {}}
{"timestamp": 1779140505, "type": "safe_tx", "device": "node-8-spammer", "metadata": {}}
{"timestamp": 1779140505, "type": "safe_tx", "device": "node-8-spammer", "metadata": {}}
{"timestamp": 1779140505, "type": "safe_tx", "device": "node-8-spammer", "metadata": {}}
{"timestamp": 1779140506, "type": "time_anomaly", "device": "node-12-mixed", "metadata": {}}
{"timestamp": 1779140505, "type": "safe_tx", "device": "node-8-spammer", "metadata": {}}
{"timestamp": 1779140505, "type": "dos_spam", "device": "node-8-spammer", "metadata": {}}
{"timestamp": 1779140505, "type": "safe_tx", "device": "node-8-spammer", "metadata": {}}
{"timestamp": 1779140505, "type": "safe_tx", "device": "node-8-spammer", "metadata": {}}
{"timestamp": 1779140505, "type": "safe_tx", "device": "node-9-stealth", "metadata": {}}
{"timestamp": 1779140505, "type": "safe_tx", "device": "node-8-spammer", "metadata": {}}
{"timestamp": 1779140505, "type": "safe_tx", "device": "node-8-spammer", "metadata": {}}
{"timestamp": 1779140506, "type": "safe_tx", "device": "node-8-spammer", "metadata": {}}
{"timestamp": 1779140506, "type": "safe_tx", "device": "node-8-spammer", "metadata": {}}
{"timestamp": 1779140506, "type": "time_anomaly", "device": "node-12-mixed", "metadata": {}}
{"timestamp": 1779140506, "type": "overflow", "device": "node-6-overflow", "metadata": {"count": 3, "window_sec": 30}}
{"timestamp": 1779140506, "type": "time_anomaly", "device": "node-7-timespoof", "metadata": {}}
{"timestamp": 1779140506, "type": "safe_tx", "device": "node-8-spammer", "metadata": {}}
{"timestamp": 1779140506, "type": "safe_tx", "device": "node-8-spammer", "metadata": {}}
{"timestamp": 1779140506, "type": "safe_tx", "device": "node-2-clean", "metadata": {}}
{"timestamp": 1779140506, "type": "safe_tx", "device": "node-8-spammer", "metadata": {}}
{"timestamp": 1779140506, "type": "safe_tx", "device": "node-8-spammer", "metadata": {}}
{"timestamp": 1779140506, "type": "fuzzing", "device": "node-10-fuzzer", "metadata": {}}
{"timestamp": 1779140506, "type": "safe_tx", "device": "node-8-spammer", "metadata": {}}
{"timestamp": 1779140506, "type": "safe_tx", "device": "node-8-spammer", "metadata": {}}
{"timestamp": 1779140507, "type": "time_anomaly", "device": "node-15-mixed", "metadata": {}}
{"timestamp": 1779140506, "type": "safe_tx", "device": "node-13-mixed", "metadata": {}}
{"timestamp": 1779140506, "type": "safe_tx", "device": "node-1-clean", "metadata": {}}
{"timestamp": 1779140507, "type": "time_anomaly", "device": "node-15-mixed", "metadata": {}}
{"timestamp": 1779140506, "type": "safe_tx", "device": "node-8-spammer", "metadata": {}}
{"timestamp": 1779140506, "type": "safe_tx", "device": "node-8-spammer", "metadata": {}}
{"timestamp": 1779140506, "type": "safe_tx", "device": "node-4-clean", "metadata": {}}
{"timestamp": 1779140507, "type": "fuzzing", "device": "node-10-fuzzer", "metadata": {}}
{"timestamp": 1779140507, "type": "safe_tx", "device": "node-6-overflow", "metadata": {}}
{"timestamp": 1779140507, "type": "safe_tx", "device": "node-2-clean", "metadata": {}}
{"timestamp": 1779140507, "type": "safe_tx", "device": "node-5-clean", "metadata": {}}
{"timestamp": 1779140507, "type": "safe_tx", "device": "node-2-clean", "metadata": {}}
{"timestamp": 1779140508, "type": "safe_tx", "device": "node-10-fuzzer", "metadata": {}}
{"timestamp": 1779140508, "type": "safe_tx", "device": "node-12-mixed", "metadata": {}}
{"timestamp": 1779140508, "type": "safe_tx", "device": "node-9-stealth", "metadata": {}}
{"timestamp": 1779140508, "type": "safe_tx", "device": "node-4-clean", "metadata": {}}
{"timestamp": 1779140508, "type": "overflow", "device": "node-13-mixed", "metadata": {"count": 3, "window_sec": 30}}
{"timestamp": 1779140508, "type": "safe_tx", "device": "node-8-spammer", "metadata": {}}
{"timestamp": 1779140509, "type": "safe_tx", "device": "node-8-spammer", "metadata": {}}
{"timestamp": 1779140509, "type": "safe_tx", "device": "node-8-spammer", "metadata": {}}
{"timestamp": 1779140509, "type": "safe_tx", "device": "node-8-spammer", "metadata": {}}
{"timestamp": 1779140509, "type": "safe_tx", "device": "node-8-spammer", "metadata": {}}
{"timestamp": 1779140509, "type": "safe_tx", "device": "node-9-stealth", "metadata": {}}
{"timestamp": 1779140509, "type": "safe_tx", "device": "node-8-spammer", "metadata": {}}
{"timestamp": 1779140509, "type": "time_anomaly", "device": "node-7-timespoof", "metadata": {}}
{"timestamp": 1779140509, "type": "safe_tx", "device": "node-8-spammer", "metadata": {}}
{"timestamp": 1779140509, "type": "safe_tx", "device": "node-3-clean", "metadata": {}}
{"timestamp": 1779140509, "type": "safe_tx", "device": "node-8-spammer", "metadata": {}}
{"timestamp": 1779140509, "type": "safe_tx", "device": "node-4-clean", "metadata": {}}
{"timestamp": 1779140509, "type": "safe_tx", "device": "node-5-clean", "metadata": {}}
{"timestamp": 1779140510, "type": "safe_tx", "device": "node-1-clean", "metadata": {}}
{"timestamp": 1779140510, "type": "safe_tx", "device": "node-14-mixed", "metadata": {}}
{"timestamp": 1779140510, "type": "safe_tx", "device": "node-8-spammer", "metadata": {}}
{"timestamp": 1779140510, "type": "safe_tx", "device": "node-8-spammer", "metadata": {}}
{"timestamp": 1779140510, "type": "dos_spam", "device": "node-8-spammer", "metadata": {"count": 30, "window_sec": 5}}
{"timestamp": 1779140510, "type": "safe_tx", "device": "node-8-spammer", "metadata": {}}
{"timestamp": 1779140511, "type": "time_anomaly", "device": "node-13-mixed", "metadata": {}}
{"timestamp": 1779140510, "type": "safe_tx", "device": "node-8-spammer", "metadata": {}}
{"timestamp": 1779140510, "type": "safe_tx", "device": "node-8-spammer", "metadata": {}}
{"timestamp": 1779140510, "type": "safe_tx", "device": "node-8-spammer", "metadata": {}}
{"timestamp": 1779140510, "type": "safe_tx", "device": "node-8-spammer", "metadata": {}}
{"timestamp": 1779140510, "type": "dos_spam", "device": "node-8-spammer", "metadata": {}}
{"timestamp": 1779140510, "type": "safe_tx", "device": "node-12-mixed", "metadata": {}}
{"timestamp": 1779140511, "type": "safe_tx", "device": "node-9-stealth", "metadata": {}}
{"timestamp": 1779140511, "type": "time_anomaly", "device": "node-7-timespoof", "metadata": {}}
{"timestamp": 1779140511, "type": "safe_tx", "device": "node-8-spammer", "metadata": {}}
{"timestamp": 1779140511, "type": "safe_tx", "device": "node-8-spammer", "metadata": {}}
{"timestamp": 1779140511, "type": "safe_tx", "device": "node-8-spammer", "metadata": {}}
{"timestamp": 1779140511, "type": "safe_tx", "device": "node-8-spammer", "metadata": {}}
{"timestamp": 1779140511, "type": "safe_tx", "device": "node-8-spammer", "metadata": {}}
{"timestamp": 1779140511, "type": "safe_tx", "device": "node-2-clean", "metadata": {}}
{"timestamp": 1779140511, "type": "safe_tx", "device": "node-15-mixed", "metadata": {}}
{"timestamp": 1779140511, "type": "safe_tx", "device": "node-9-stealth", "metadata": {}}
{"timestamp": 1779140511, "type": "safe_tx", "device": "node-5-clean", "metadata": {}}
{"timestamp": 1779140512, "type": "safe_tx", "device": "node-13-mixed", "metadata": {}}
{"timestamp": 1779140512, "type": "safe_tx", "device": "node-15-mixed", "metadata": {}}
{"timestamp": 1779140512, "type": "safe_tx", "device": "node-8-spammer", "metadata": {}}
{"timestamp": 1779140512, "type": "safe_tx", "device": "node-8-spammer", "metadata": {}}
{"timestamp": 1779140512, "type": "safe_tx", "device": "node-8-spammer", "metadata": {}}
{"timestamp": 1779140512, "type": "safe_tx", "device": "node-5-clean", "metadata": {}}
{"timestamp": 1779140512, "type": "safe_tx", "device": "node-8-spammer", "metadata": {}}
{"timestamp": 1779140512, "type": "safe_tx", "device": "node-8-spammer", "metadata": {}}
{"timestamp": 1779140512, "type": "safe_tx", "device": "node-8-spammer", "metadata": {}}
{"timestamp": 1779140512, "type": "safe_tx", "device": "node-1-clean", "metadata": {}}
{"timestamp": 1779140513, "type": "safe_tx", "device": "node-1-clean", "metadata": {}}
{"timestamp": 1779140513, "type": "safe_tx", "device": "node-14-mixed", "metadata": {}}
{"timestamp": 1779140513, "type": "safe_tx", "device": "node-12-mixed", "metadata": {}}
{"timestamp": 1779140513, "type": "safe_tx", "device": "node-2-clean", "metadata": {}}
{"timestamp": 1779140513, "type": "safe_tx", "device": "node-3-clean", "metadata": {}}
{"timestamp": 1779140513, "type": "safe_tx", "device": "node-9-stealth", "metadata": {}}
{"timestamp": 1779140513, "type": "safe_tx", "device": "node-15-mixed", "metadata": {}}
{"timestamp": 1779140513, "type": "safe_tx", "device": "node-4-clean", "metadata": {}}
{"timestamp": 1779140513, "type": "safe_tx", "device": "node-1-clean", "metadata": {}}
{"timestamp": 1779140514, "type": "safe_tx", "device": "node-1-clean", "metadata": {}}
{"timestamp": 1779140514, "type": "safe_tx", "device": "node-5-clean", "metadata": {}}
{"timestamp": 1779140514, "type": "safe_tx", "device": "node-8-spammer", "metadata": {}}
{"timestamp": 1779140514, "type": "safe_tx", "device": "node-8-spammer", "metadata": {}}
{"timestamp": 1779140514, "type": "safe_tx", "device": "node-8-spammer", "metadata": {}}
{"timestamp": 1779140514, "type": "safe_tx", "device": "node-8-spammer", "metadata": {}}
{"timestamp": 1779140514, "type": "fuzzing", "device": "node-10-fuzzer", "metadata": {}}
{"timestamp": 1779140514, "type": "safe_tx", "device": "node-4-clean", "metadata": {}}
{"timestamp": 1779140515, "type": "safe_tx", "device": "node-9-stealth", "metadata": {}}
{"timestamp": 1779140515, "type": "time_anomaly", "device": "node-12-mixed", "metadata": {}}
{"timestamp": 1779140515, "type": "safe_tx", "device": "node-2-clean", "metadata": {}}
{"timestamp": 1779140515, "type": "time_anomaly", "device": "node-14-mixed", "metadata": {}}
{"timestamp": 1779140515, "type": "safe_tx", "device": "node-13-mixed", "metadata": {}}
{"timestamp": 1779140516, "type": "safe_tx", "device": "node-8-spammer", "metadata": {}}
{"timestamp": 1779140516, "type": "overflow", "device": "node-10-fuzzer", "metadata": {"count": 3, "window_sec": 30}}
{"timestamp": 1779140517, "type": "time_anomaly", "device": "node-7-timespoof", "metadata": {}}
{"timestamp": 1779140516, "type": "safe_tx", "device": "node-12-mixed", "metadata": {}}
{"timestamp": 1779140516, "type": "safe_tx", "device": "node-9-stealth", "metadata": {}}
{"timestamp": 1779140516, "type": "safe_tx", "device": "node-3-clean", "metadata": {}}
{"timestamp": 1779140517, "type": "safe_tx", "device": "node-15-mixed", "metadata": {}}
{"timestamp": 1779140517, "type": "safe_tx", "device": "node-10-fuzzer", "metadata": {}}
{"timestamp": 1779140517, "type": "safe_tx", "device": "node-1-clean", "metadata": {}}
{"timestamp": 1779140517, "type": "safe_tx", "device": "node-1-clean", "metadata": {}}
{"timestamp": 1779140517, "type": "safe_tx", "device": "node-15-mixed", "metadata": {}}
{"timestamp": 1779140517, "type": "safe_tx", "device": "node-5-clean", "metadata": {}}
{"timestamp": 1779140517, "type": "safe_tx", "device": "node-14-mixed", "metadata": {}}
{"timestamp": 1779140517, "type": "safe_tx", "device": "node-2-clean", "metadata": {}}
{"timestamp": 1779140517, "type": "safe_tx", "device": "node-4-clean", "metadata": {}}
{"timestamp": 1779140517, "type": "safe_tx", "device": "node-14-mixed", "metadata": {}}
{"timestamp": 1779140517, "type": "safe_tx", "device": "node-4-clean", "metadata": {}}
{"timestamp": 1779140518, "type": "safe_tx", "device": "node-9-stealth", "metadata": {}}
{"timestamp": 1779140518, "type": "safe_tx", "device": "node-6-overflow", "metadata": {}}
{"timestamp": 1779140518, "type": "safe_tx", "device": "node-1-clean", "metadata": {}}
{"timestamp": 1779140518, "type": "safe_tx", "device": "node-14-mixed", "metadata": {}}
{"timestamp": 1779140518, "type": "safe_tx", "device": "node-3-clean", "metadata": {}}
{"timestamp": 1779140519, "type": "safe_tx", "device": "node-13-mixed", "metadata": {}}
{"timestamp": 1779140519, "type": "time_anomaly", "device": "node-12-mixed", "metadata": {}}
{"timestamp": 1779140519, "type": "safe_tx", "device": "node-14-mixed", "metadata": {}}
{"timestamp": 1779140519, "type": "safe_tx", "device": "node-13-mixed", "metadata": {}}
{"timestamp": 1779140519, "type": "safe_tx", "device": "node-8-spammer", "metadata": {}}
{"timestamp": 1779140519, "type": "safe_tx", "device": "node-9-stealth", "metadata": {}}
{"timestamp": 1779140519, "type": "safe_tx", "device": "node-2-clean", "metadata": {}}
{"timestamp": 1779140519, "type": "fuzzing", "device": "node-10-fuzzer", "metadata": {}}
{"timestamp": 1779140519, "type": "safe_tx", "device": "node-15-mixed", "metadata": {}}
{"timestamp": 1779140519, "type": "safe_tx", "device": "node-3-clean", "metadata": {}}
{"timestamp": 1779140519, "type": "safe_tx", "device": "node-5-clean", "metadata": {}}
{"timestamp": 1779140520, "type": "safe_tx", "device": "node-14-mixed", "metadata": {}}
{"timestamp": 1779140520, "type": "safe_tx", "device": "node-4-clean", "metadata": {}}
{"timestamp": 1779140520, "type": "safe_tx", "device": "node-8-spammer", "metadata": {}}
{"timestamp": 1779140520, "type": "safe_tx", "device": "node-8-spammer", "metadata": {}}
{"timestamp": 1779140522, "type": "time_anomaly", "device": "node-7-timespoof", "metadata": {}}
{"timestamp": 1779140521, "type": "fuzzing", "device": "node-10-fuzzer", "metadata": {}}
{"timestamp": 1779140521, "type": "safe_tx", "device": "node-12-mixed", "metadata": {}}
{"timestamp": 1779140521, "type": "safe_tx", "device": "node-8-spammer", "metadata": {}}
{"timestamp": 1779140522, "type": "safe_tx", "device": "node-8-spammer", "metadata": {}}
{"timestamp": 1779140522, "type": "safe_tx", "device": "node-9-stealth", "metadata": {}}
{"timestamp": 1779140522, "type": "safe_tx", "device": "node-14-mixed", "metadata": {}}
{"timestamp": 1779140522, "type": "safe_tx", "device": "node-13-mixed", "metadata": {}}
{"timestamp": 1779140522, "type": "safe_tx", "device": "node-2-clean", "metadata": {}}
{"timestamp": 1779140522, "type": "safe_tx", "device": "node-4-clean", "metadata": {}}
{"timestamp": 1779140522, "type": "safe_tx", "device": "node-8-spammer", "metadata": {}}
{"timestamp": 1779140523, "type": "time_anomaly", "device": "node-14-mixed", "metadata": {}}
{"timestamp": 1779140523, "type": "safe_tx", "device": "node-5-clean", "metadata": {}}
{"timestamp": 1779140523, "type": "safe_tx", "device": "node-10-fuzzer", "metadata": {}}
{"timestamp": 1779140523, "type": "safe_tx", "device": "node-3-clean", "metadata": {}}
{"timestamp": 1779140523, "type": "overflow", "device": "node-6-overflow", "metadata": {"count": 3, "window_sec": 30}}
{"timestamp": 1779140524, "type": "safe_tx", "device": "node-3-clean", "metadata": {}}
{"timestamp": 1779140524, "type": "safe_tx", "device": "node-9-stealth", "metadata": {}}
{"timestamp": 1779140524, "type": "safe_tx", "device": "node-8-spammer", "metadata": {}}
{"timestamp": 1779140524, "type": "safe_tx", "device": "node-11-pulsing", "metadata": {}}
{"timestamp": 1779140524, "type": "safe_tx", "device": "node-8-spammer", "metadata": {}}
{"timestamp": 1779140524, "type": "safe_tx", "device": "node-11-pulsing", "metadata": {}}
{"timestamp": 1779140524, "type": "safe_tx", "device": "node-10-fuzzer", "metadata": {}}
{"timestamp": 1779140524, "type": "time_anomaly", "device": "node-7-timespoof", "metadata": {}}
{"timestamp": 1779140524, "type": "safe_tx", "device": "node-11-pulsing", "metadata": {}}
{"timestamp": 1779140524, "type": "safe_tx", "device": "node-11-pulsing", "metadata": {}}
{"timestamp": 1779140524, "type": "safe_tx", "device": "node-11-pulsing", "metadata": {}}
{"timestamp": 1779140524, "type": "safe_tx", "device": "node-15-mixed", "metadata": {}}
{"timestamp": 1779140524, "type": "safe_tx", "device": "node-11-pulsing", "metadata": {}}
{"timestamp": 1779140524, "type": "safe_tx", "device": "node-11-pulsing", "metadata": {}}
{"timestamp": 1779140524, "type": "safe_tx", "device": "node-11-pulsing", "metadata": {}}
{"timestamp": 1779140524, "type": "safe_tx", "device": "node-1-clean", "metadata": {}}
{"timestamp": 1779140524, "type": "safe_tx", "device": "node-11-pulsing", "metadata": {}}
{"timestamp": 1779140524, "type": "safe_tx", "device": "node-11-pulsing", "metadata": {}}
{"timestamp": 1779140524, "type": "safe_tx", "device": "node-11-pulsing", "metadata": {}}
{"timestamp": 1779140524, "type": "safe_tx", "device": "node-11-pulsing", "metadata": {}}
{"timestamp": 1779140524, "type": "safe_tx", "device": "node-11-pulsing", "metadata": {}}
{"timestamp": 1779140524, "type": "safe_tx", "device": "node-11-pulsing", "metadata": {}}
{"timestamp": 1779140524, "type": "safe_tx", "device": "node-5-clean", "metadata": {}}
{"timestamp": 1779140524, "type": "safe_tx", "device": "node-11-pulsing", "metadata": {}}
{"timestamp": 1779140524, "type": "dos_spam", "device": "node-11-pulsing", "metadata": {}}
{"timestamp": 1779140524, "type": "safe_tx", "device": "node-4-clean", "metadata": {}}
{"timestamp": 1779140524, "type": "safe_tx", "device": "node-11-pulsing", "metadata": {}}
{"timestamp": 1779140525, "type": "safe_tx", "device": "node-11-pulsing", "metadata": {}}
{"timestamp": 1779140525, "type": "safe_tx", "device": "node-11-pulsing", "metadata": {}}
{"timestamp": 1779140525, "type": "safe_tx", "device": "node-8-spammer", "metadata": {}}
{"timestamp": 1779140525, "type": "safe_tx", "device": "node-11-pulsing", "metadata": {}}
{"timestamp": 1779140525, "type": "safe_tx", "device": "node-10-fuzzer", "metadata": {}}
{"timestamp": 1779140525, "type": "safe_tx", "device": "node-8-spammer", "metadata": {}}
{"timestamp": 1779140525, "type": "safe_tx", "device": "node-8-spammer", "metadata": {}}
{"timestamp": 1779140525, "type": "safe_tx", "device": "node-11-pulsing", "metadata": {}}
{"timestamp": 1779140525, "type": "safe_tx", "device": "node-13-mixed", "metadata": {}}
{"timestamp": 1779140525, "type": "safe_tx", "device": "node-8-spammer", "metadata": {}}
{"timestamp": 1779140525, "type": "safe_tx", "device": "node-8-spammer", "metadata": {}}
{"timestamp": 1779140526, "type": "overflow", "device": "node-14-mixed", "metadata": {"count": 3, "window_sec": 30}}
{"timestamp": 1779140526, "type": "safe_tx", "device": "node-13-mixed", "metadata": {}}
{"timestamp": 1779140526, "type": "safe_tx", "device": "node-10-fuzzer", "metadata": {}}
{"timestamp": 1779140526, "type": "safe_tx", "device": "node-15-mixed", "metadata": {}}
{"timestamp": 1779140526, "type": "safe_tx", "device": "node-9-stealth", "metadata": {}}
{"timestamp": 1779140526, "type": "safe_tx", "device": "node-8-spammer", "metadata": {}}
{"timestamp": 1779140526, "type": "safe_tx", "device": "node-12-mixed", "metadata": {}}
{"timestamp": 1779140526, "type": "safe_tx", "device": "node-8-spammer", "metadata": {}}
{"timestamp": 1779140526, "type": "safe_tx", "device": "node-8-spammer", "metadata": {}}
{"timestamp": 1779140526, "type": "safe_tx", "device": "node-8-spammer", "metadata": {}}
{"timestamp": 1779140526, "type": "safe_tx", "device": "node-8-spammer", "metadata": {}}
{"timestamp": 1779140526, "type": "safe_tx", "device": "node-8-spammer", "metadata": {}}
{"timestamp": 1779140526, "type": "safe_tx", "device": "node-8-spammer", "metadata": {}}
{"timestamp": 1779140526, "type": "safe_tx", "device": "node-8-spammer", "metadata": {}}
{"timestamp": 1779140526, "type": "dos_spam", "device": "node-8-spammer", "metadata": {}}
{"timestamp": 1779140526, "type": "safe_tx", "device": "node-2-clean", "metadata": {}}
{"timestamp": 1779140526, "type": "safe_tx", "device": "node-8-spammer", "metadata": {}}
{"timestamp": 1779140526, "type": "safe_tx", "device": "node-8-spammer", "metadata": {}}
{"timestamp": 1779140526, "type": "safe_tx", "device": "node-8-spammer", "metadata": {}}
{"timestamp": 1779140526, "type": "safe_tx", "device": "node-8-spammer", "metadata": {}}
{"timestamp": 1779140526, "type": "safe_tx", "device": "node-8-spammer", "metadata": {}}
{"timestamp": 1779140526, "type": "safe_tx", "device": "node-1-clean", "metadata": {}}
{"timestamp": 1779140526, "type": "safe_tx", "device": "node-4-clean", "metadata": {}}
{"timestamp": 1779140527, "type": "safe_tx", "device": "node-5-clean", "metadata": {}}
{"timestamp": 1779140527, "type": "safe_tx", "device": "node-9-stealth", "metadata": {}}
{"timestamp": 1779140527, "type": "safe_tx", "device": "node-10-fuzzer", "metadata": {}}
{"timestamp": 1779140527, "type": "safe_tx", "device": "node-2-clean", "metadata": {}}
{"timestamp": 1779140527, "type": "safe_tx", "device": "node-5-clean", "metadata": {}}
{"timestamp": 1779140527, "type": "safe_tx", "device": "node-1-clean", "metadata": {}}
{"timestamp": 1779140528, "type": "safe_tx", "device": "node-3-clean", "metadata": {}}
{"timestamp": 1779140528, "type": "safe_tx", "device": "node-8-spammer", "metadata": {}}
{"timestamp": 1779140528, "type": "safe_tx", "device": "node-8-spammer", "metadata": {}}
{"timestamp": 1779140528, "type": "safe_tx", "device": "node-8-spammer", "metadata": {}}
{"timestamp": 1779140528, "type": "safe_tx", "device": "node-8-spammer", "metadata": {}}
{"timestamp": 1779140528, "type": "safe_tx", "device": "node-8-spammer", "metadata": {}}
{"timestamp": 1779140528, "type": "safe_tx", "device": "node-8-spammer", "metadata": {}}
{"timestamp": 1779140528, "type": "safe_tx", "device": "node-15-mixed", "metadata": {}}
{"timestamp": 1779140528, "type": "safe_tx", "device": "node-10-fuzzer", "metadata": {}}
{"timestamp": 1779140528, "type": "safe_tx", "device": "node-5-clean", "metadata": {}}
{"timestamp": 1779140529, "type": "time_anomaly", "device": "node-15-mixed", "metadata": {}}
{"timestamp": 1779140529, "type": "time_anomaly", "device": "node-13-mixed", "metadata": {}}
{"timestamp": 1779140528, "type": "safe_tx", "device": "node-12-mixed", "metadata": {}}
{"timestamp": 1779140529, "type": "time_anomaly", "device": "node-7-timespoof", "metadata": {}}
{"timestamp": 1779140529, "type": "safe_tx", "device": "node-4-clean", "metadata": {}}
{"timestamp": 1779140529, "type": "safe_tx", "device": "node-6-overflow", "metadata": {}}
{"timestamp": 1779140529, "type": "safe_tx", "device": "node-14-mixed", "metadata": {}}
{"timestamp": 1779140529, "type": "safe_tx", "device": "node-8-spammer", "metadata": {}}
{"timestamp": 1779140529, "type": "safe_tx", "device": "node-9-stealth", "metadata": {}}
{"timestamp": 1779140529, "type": "safe_tx", "device": "node-8-spammer", "metadata": {}}
{"timestamp": 1779140529, "type": "safe_tx", "device": "node-8-spammer", "metadata": {}}
{"timestamp": 1779140529, "type": "safe_tx", "device": "node-8-spammer", "metadata": {}}
{"timestamp": 1779140529, "type": "dos_spam", "device": "node-8-spammer", "metadata": {"count": 30, "window_sec": 5}}
{"timestamp": 1779140529, "type": "safe_tx", "device": "node-8-spammer", "metadata": {}}
{"timestamp": 1779140529, "type": "safe_tx", "device": "node-8-spammer", "metadata": {}}
{"timestamp": 1779140529, "type": "safe_tx", "device": "node-8-spammer", "metadata": {}}
{"timestamp": 1779140529, "type": "safe_tx", "device": "node-8-spammer", "metadata": {}}
{"timestamp": 1779140529, "type": "safe_tx", "device": "node-15-mixed", "metadata": {}}
{"timestamp": 1779140530, "type": "time_anomaly", "device": "node-13-mixed", "metadata": {}}
{"timestamp": 1779140530, "type": "safe_tx", "device": "node-10-fuzzer", "metadata": {}}
{"timestamp": 1779140530, "type": "safe_tx", "device": "node-15-mixed", "metadata": {}}
{"timestamp": 1779140530, "type": "safe_tx", "device": "node-8-spammer", "metadata": {}}
{"timestamp": 1779140530, "type": "dos_spam", "device": "node-8-spammer", "metadata": {}}
{"timestamp": 1779140530, "type": "safe_tx", "device": "node-4-clean", "metadata": {}}
{"timestamp": 1779140530, "type": "safe_tx", "device": "node-5-clean", "metadata": {}}
{"timestamp": 1779140530, "type": "safe_tx", "device": "node-9-stealth", "metadata": {}}
{"timestamp": 1779140531, "type": "safe_tx", "device": "node-8-spammer", "metadata": {}}
{"timestamp": 1779140531, "type": "safe_tx", "device": "node-8-spammer", "metadata": {}}
{"timestamp": 1779140531, "type": "safe_tx", "device": "node-8-spammer", "metadata": {}}
{"timestamp": 1779140531, "type": "safe_tx", "device": "node-8-spammer", "metadata": {}}
{"timestamp": 1779140531, "type": "safe_tx", "device": "node-8-spammer", "metadata": {}}
{"timestamp": 1779140531, "type": "safe_tx", "device": "node-8-spammer", "metadata": {}}
{"timestamp": 1779140531, "type": "safe_tx", "device": "node-8-spammer", "metadata": {}}
{"timestamp": 1779140531, "type": "safe_tx", "device": "node-8-spammer", "metadata": {}}
{"timestamp": 1779140531, "type": "safe_tx", "device": "node-8-spammer", "metadata": {}}
{"timestamp": 1779140531, "type": "safe_tx", "device": "node-8-spammer", "metadata": {}}
{"timestamp": 1779140531, "type": "safe_tx", "device": "node-8-spammer", "metadata": {}}
{"timestamp": 1779140531, "type": "safe_tx", "device": "node-1-clean", "metadata": {}}
{"timestamp": 1779140531, "type": "safe_tx", "device": "node-8-spammer", "metadata": {}}
{"timestamp": 1779140531, "type": "safe_tx", "device": "node-8-spammer", "metadata": {}}
{"timestamp": 1779140531, "type": "safe_tx", "device": "node-8-spammer", "metadata": {}}
{"timestamp": 1779140531, "type": "safe_tx", "device": "node-8-spammer", "metadata": {}}
{"timestamp": 1779140531, "type": "dos_spam", "device": "node-8-spammer", "metadata": {}}
{"timestamp": 1779140531, "type": "safe_tx", "device": "node-10-fuzzer", "metadata": {}}
{"timestamp": 1779140531, "type": "safe_tx", "device": "node-3-clean", "metadata": {}}
{"timestamp": 1779140532, "type": "time_anomaly", "device": "node-7-timespoof", "metadata": {}}
{"timestamp": 1779140532, "type": "time_anomaly", "device": "node-13-mixed", "metadata": {}}
{"timestamp": 1779140532, "type": "safe_tx", "device": "node-5-clean", "metadata": {}}
{"timestamp": 1779140532, "type": "safe_tx", "device": "node-14-mixed", "metadata": {}}
{"timestamp": 1779140532, "type": "safe_tx", "device": "node-2-clean", "metadata": {}}
{"timestamp": 1779140533, "type": "time_anomaly", "device": "node-13-mixed", "metadata": {}}
{"timestamp": 1779140532, "type": "safe_tx", "device": "node-8-spammer", "metadata": {}}
{"timestamp": 1779140532, "type": "safe_tx", "device": "node-8-spammer", "metadata": {}}
{"timestamp": 1779140532, "type": "safe_tx", "device": "node-8-spammer", "metadata": {}}
{"timestamp": 1779140532, "type": "safe_tx", "device": "node-8-spammer", "metadata": {}}
{"timestamp": 1779140532, "type": "safe_tx", "device": "node-10-fuzzer", "metadata": {}}
{"timestamp": 1779140532, "type": "safe_tx", "device": "node-9-stealth", "metadata": {}}
{"timestamp": 1779140533, "type": "time_anomaly", "device": "node-14-mixed", "metadata": {}}
{"timestamp": 1779140533, "type": "safe_tx", "device": "node-12-mixed", "metadata": {}}
{"timestamp": 1779140533, "type": "safe_tx", "device": "node-15-mixed", "metadata": {}}
{"timestamp": 1779140533, "type": "safe_tx", "device": "node-10-fuzzer", "metadata": {}}
{"timestamp": 1779140533, "type": "safe_tx", "device": "node-8-spammer", "metadata": {}}
{"timestamp": 1779140534, "type": "safe_tx", "device": "node-4-clean", "metadata": {}}
{"timestamp": 1779140534, "type": "safe_tx", "device": "node-2-clean", "metadata": {}}
{"timestamp": 1779140534, "type": "safe_tx", "device": "node-4-clean", "metadata": {}}
{"timestamp": 1779140534, "type": "safe_tx", "device": "node-13-mixed", "metadata": {}}
{"timestamp": 1779140534, "type": "safe_tx", "device": "node-5-clean", "metadata": {}}
{"timestamp": 1779140534, "type": "safe_tx", "device": "node-3-clean", "metadata": {}}
{"timestamp": 1779140535, "type": "safe_tx", "device": "node-13-mixed", "metadata": {}}
{"timestamp": 1779140535, "type": "safe_tx", "device": "node-8-spammer", "metadata": {}}
{"timestamp": 1779140535, "type": "safe_tx", "device": "node-8-spammer", "metadata": {}}
{"timestamp": 1779140535, "type": "safe_tx", "device": "node-8-spammer", "metadata": {}}
{"timestamp": 1779140535, "type": "safe_tx", "device": "node-8-spammer", "metadata": {}}
{"timestamp": 1779140535, "type": "safe_tx", "device": "node-9-stealth", "metadata": {}}
{"timestamp": 1779140535, "type": "safe_tx", "device": "node-8-spammer", "metadata": {}}
{"timestamp": 1779140535, "type": "safe_tx", "device": "node-8-spammer", "metadata": {}}
{"timestamp": 1779140535, "type": "safe_tx", "device": "node-8-spammer", "metadata": {}}
{"timestamp": 1779140535, "type": "safe_tx", "device": "node-8-spammer", "metadata": {}}
{"timestamp": 1779140535, "type": "safe_tx", "device": "node-8-spammer", "metadata": {}}
{"timestamp": 1779140535, "type": "dos_spam", "device": "node-8-spammer", "metadata": {"count": 30, "window_sec": 5}}
{"timestamp": 1779140536, "type": "time_anomaly", "device": "node-15-mixed", "metadata": {}}
{"timestamp": 1779140535, "type": "safe_tx", "device": "node-8-spammer", "metadata": {}}
{"timestamp": 1779140535, "type": "safe_tx", "device": "node-3-clean", "metadata": {}}
{"timestamp": 1779140535, "type": "safe_tx", "device": "node-8-spammer", "metadata": {}}
{"timestamp": 1779140536, "type": "safe_tx", "device": "node-3-clean", "metadata": {}}
{"timestamp": 1779140536, "type": "safe_tx", "device": "node-12-mixed", "metadata": {}}
{"timestamp": 1779140536, "type": "safe_tx", "device": "node-4-clean", "metadata": {}}
{"timestamp": 1779140536, "type": "safe_tx", "device": "node-5-clean", "metadata": {}}
{"timestamp": 1779140536, "type": "fuzzing", "device": "node-10-fuzzer", "metadata": {}}
{"timestamp": 1779140536, "type": "safe_tx", "device": "node-1-clean", "metadata": {}}
{"timestamp": 1779140536, "type": "safe_tx", "device": "node-2-clean", "metadata": {}}
{"timestamp": 1779140536, "type": "safe_tx", "device": "node-15-mixed", "metadata": {}}
{"timestamp": 1779140536, "type": "safe_tx", "device": "node-5-clean", "metadata": {}}
{"timestamp": 1779140536, "type": "safe_tx", "device": "node-3-clean", "metadata": {}}
{"timestamp": 1779140536, "type": "safe_tx", "device": "node-13-mixed", "metadata": {}}
{"timestamp": 1779140537, "type": "safe_tx", "device": "node-8-spammer", "metadata": {}}
{"timestamp": 1779140537, "type": "safe_tx", "device": "node-8-spammer", "metadata": {}}
{"timestamp": 1779140537, "type": "safe_tx", "device": "node-14-mixed", "metadata": {}}
{"timestamp": 1779140537, "type": "safe_tx", "device": "node-9-stealth", "metadata": {}}
{"timestamp": 1779140538, "type": "time_anomaly", "device": "node-7-timespoof", "metadata": {}}
{"timestamp": 1779140537, "type": "fuzzing", "device": "node-10-fuzzer", "metadata": {}}
{"timestamp": 1779140537, "type": "safe_tx", "device": "node-12-mixed", "metadata": {}}
{"timestamp": 1779140537, "type": "safe_tx", "device": "node-8-spammer", "metadata": {}}
{"timestamp": 1779140537, "type": "safe_tx", "device": "node-8-spammer", "metadata": {}}
{"timestamp": 1779140537, "type": "dos_spam", "device": "node-8-spammer", "metadata": {}}
{"timestamp": 1779140538, "type": "safe_tx", "device": "node-8-spammer", "metadata": {}}
{"timestamp": 1779140538, "type": "safe_tx", "device": "node-8-spammer", "metadata": {}}
{"timestamp": 1779140538, "type": "safe_tx", "device": "node-8-spammer", "metadata": {}}
{"timestamp": 1779140538, "type": "safe_tx", "device": "node-8-spammer", "metadata": {}}
{"timestamp": 1779140538, "type": "overflow", "device": "node-12-mixed", "metadata": {"count": 3, "window_sec": 30}}
{"timestamp": 1779140538, "type": "safe_tx", "device": "node-8-spammer", "metadata": {}}
{"timestamp": 1779140538, "type": "safe_tx", "device": "node-8-spammer", "metadata": {}}
{"timestamp": 1779140538, "type": "safe_tx", "device": "node-8-spammer", "metadata": {}}
{"timestamp": 1779140538, "type": "safe_tx", "device": "node-8-spammer", "metadata": {}}
{"timestamp": 1779140538, "type": "safe_tx", "device": "node-8-spammer", "metadata": {}}
{"timestamp": 1779140538, "type": "safe_tx", "device": "node-3-clean", "metadata": {}}
{"timestamp": 1779140538, "type": "safe_tx", "device": "node-4-clean", "metadata": {}}
{"timestamp": 1779140538, "type": "overflow", "device": "node-10-fuzzer", "metadata": {"count": 3, "window_sec": 30}}
{"timestamp": 1779140538, "type": "safe_tx", "device": "node-9-stealth", "metadata": {}}
{"timestamp": 1779140539, "type": "safe_tx", "device": "node-12-mixed", "metadata": {}}
{"timestamp": 1779140539, "type": "safe_tx", "device": "node-13-mixed", "metadata": {}}
{"timestamp": 1779140539, "type": "safe_tx", "device": "node-15-mixed", "metadata": {}}
{"timestamp": 1779140539, "type": "safe_tx", "device": "node-5-clean", "metadata": {}}
{"timestamp": 1779140539, "type": "safe_tx", "device": "node-3-clean", "metadata": {}}
{"timestamp": 1779140539, "type": "overflow", "device": "node-6-overflow", "metadata": {"count": 3, "window_sec": 30}}
{"timestamp": 1779140539, "type": "safe_tx", "device": "node-2-clean", "metadata": {}}
{"timestamp": 1779140540, "type": "safe_tx", "device": "node-4-clean", "metadata": {}}
{"timestamp": 1779140540, "type": "safe_tx", "device": "node-14-mixed", "metadata": {}}
{"timestamp": 1779140540, "type": "safe_tx", "device": "node-1-clean", "metadata": {}}
{"timestamp": 1779140540, "type": "safe_tx", "device": "node-8-spammer", "metadata": {}}
{"timestamp": 1779140540, "type": "safe_tx", "device": "node-9-stealth", "metadata": {}}
{"timestamp": 1779140541, "type": "safe_tx", "device": "node-2-clean", "metadata": {}}
{"timestamp": 1779140541, "type": "safe_tx", "device": "node-3-clean", "metadata": {}}
{"timestamp": 1779140541, "type": "safe_tx", "device": "node-2-clean", "metadata": {}}
{"timestamp": 1779140541, "type": "fuzzing", "device": "node-10-fuzzer", "metadata": {}}
{"timestamp": 1779140541, "type": "safe_tx", "device": "node-9-stealth", "metadata": {}}
{"timestamp": 1779140542, "type": "time_anomaly", "device": "node-15-mixed", "metadata": {}}
{"timestamp": 1779140541, "type": "safe_tx", "device": "node-5-clean", "metadata": {}}
{"timestamp": 1779140542, "type": "safe_tx", "device": "node-8-spammer", "metadata": {}}
{"timestamp": 1779140542, "type": "safe_tx", "device": "node-8-spammer", "metadata": {}}
{"timestamp": 1779140542, "type": "safe_tx", "device": "node-8-spammer", "metadata": {}}
{"timestamp": 1779140542, "type": "safe_tx", "device": "node-8-spammer", "metadata": {}}
{"timestamp": 1779140542, "type": "safe_tx", "device": "node-8-spammer", "metadata": {}}
{"timestamp": 1779140542, "type": "safe_tx", "device": "node-5-clean", "metadata": {}}
{"timestamp": 1779140542, "type": "safe_tx", "device": "node-8-spammer", "metadata": {}}
{"timestamp": 1779140543, "type": "time_anomaly", "device": "node-7-timespoof", "metadata": {}}
{"timestamp": 1779140542, "type": "safe_tx", "device": "node-13-mixed", "metadata": {}}
{"timestamp": 1779140542, "type": "safe_tx", "device": "node-14-mixed", "metadata": {}}
{"timestamp": 1779140543, "type": "safe_tx", "device": "node-4-clean", "metadata": {}}
{"timestamp": 1779140543, "type": "safe_tx", "device": "node-1-clean", "metadata": {}}
{"timestamp": 1779140543, "type": "safe_tx", "device": "node-10-fuzzer", "metadata": {}}
{"timestamp": 1779140543, "type": "safe_tx", "device": "node-8-spammer", "metadata": {}}
{"timestamp": 1779140543, "type": "safe_tx", "device": "node-8-spammer", "metadata": {}}
{"timestamp": 1779140543, "type": "safe_tx", "device": "node-8-spammer", "metadata": {}}
{"timestamp": 1779140543, "type": "safe_tx", "device": "node-9-stealth", "metadata": {}}
{"timestamp": 1779140543, "type": "safe_tx", "device": "node-1-clean", "metadata": {}}
{"timestamp": 1779140543, "type": "safe_tx", "device": "node-13-mixed", "metadata": {}}
{"timestamp": 1779140543, "type": "overflow", "device": "node-6-overflow", "metadata": {"count": 3, "window_sec": 30}}
{"timestamp": 1779140543, "type": "safe_tx", "device": "node-15-mixed", "metadata": {}}
{"timestamp": 1779140543, "type": "safe_tx", "device": "node-2-clean", "metadata": {}}
{"timestamp": 1779140543, "type": "safe_tx", "device": "node-12-mixed", "metadata": {}}
{"timestamp": 1779140543, "type": "safe_tx", "device": "node-14-mixed", "metadata": {}}
{"timestamp": 1779140543, "type": "fuzzing", "device": "node-10-fuzzer", "metadata": {}}
{"timestamp": 1779140544, "type": "safe_tx", "device": "node-2-clean", "metadata": {}}
{"timestamp": 1779140544, "type": "safe_tx", "device": "node-2-clean", "metadata": {}}
{"timestamp": 1779140544, "type": "safe_tx", "device": "node-8-spammer", "metadata": {}}
{"timestamp": 1779140544, "type": "safe_tx", "device": "node-8-spammer", "metadata": {}}
{"timestamp": 1779140544, "type": "safe_tx", "device": "node-8-spammer", "metadata": {}}
{"timestamp": 1779140544, "type": "safe_tx", "device": "node-8-spammer", "metadata": {}}
{"timestamp": 1779140544, "type": "safe_tx", "device": "node-8-spammer", "metadata": {}}
{"timestamp": 1779140544, "type": "safe_tx", "device": "node-8-spammer", "metadata": {}}
{"timestamp": 1779140544, "type": "dos_spam", "device": "node-8-spammer", "metadata": {}}
{"timestamp": 1779140544, "type": "safe_tx", "device": "node-8-spammer", "metadata": {}}
{"timestamp": 1779140544, "type": "safe_tx", "device": "node-8-spammer", "metadata": {}}
{"timestamp": 1779140544, "type": "safe_tx", "device": "node-8-spammer", "metadata": {}}
{"timestamp": 1779140544, "type": "safe_tx", "device": "node-9-stealth", "metadata": {}}
{"timestamp": 1779140545, "type": "time_anomaly", "device": "node-15-mixed", "metadata": {}}
{"timestamp": 1779140545, "type": "safe_tx", "device": "node-3-clean", "metadata": {}}
{"timestamp": 1779140545, "type": "safe_tx", "device": "node-4-clean", "metadata": {}}
{"timestamp": 1779140545, "type": "safe_tx", "device": "node-12-mixed", "metadata": {}}
{"timestamp": 1779140545, "type": "safe_tx", "device": "node-13-mixed", "metadata": {}}
{"timestamp": 1779140545, "type": "safe_tx", "device": "node-10-fuzzer", "metadata": {}}
{"timestamp": 1779140545, "type": "safe_tx", "device": "node-2-clean", "metadata": {}}
{"timestamp": 1779140545, "type": "safe_tx", "device": "node-5-clean", "metadata": {}}
{"timestamp": 1779140546, "type": "safe_tx", "device": "node-8-spammer", "metadata": {}}
{"timestamp": 1779140546, "type": "safe_tx", "device": "node-1-clean", "metadata": {}}
{"timestamp": 1779140546, "type": "safe_tx", "device": "node-15-mixed", "metadata": {}}
{"timestamp": 1779140547, "type": "time_anomaly", "device": "node-7-timespoof", "metadata": {}}
{"timestamp": 1779140546, "type": "safe_tx", "device": "node-4-clean", "metadata": {}}
{"timestamp": 1779140546, "type": "safe_tx", "device": "node-9-stealth", "metadata": {}}
{"timestamp": 1779140546, "type": "safe_tx", "device": "node-14-mixed", "metadata": {}}
{"timestamp": 1779140547, "type": "safe_tx", "device": "node-2-clean", "metadata": {}}
{"timestamp": 1779140547, "type": "safe_tx", "device": "node-4-clean", "metadata": {}}
{"timestamp": 1779140547, "type": "safe_tx", "device": "node-13-mixed", "metadata": {}}
{"timestamp": 1779140547, "type": "safe_tx", "device": "node-1-clean", "metadata": {}}
{"timestamp": 1779140547, "type": "safe_tx", "device": "node-2-clean", "metadata": {}}
{"timestamp": 1779140548, "type": "safe_tx", "device": "node-3-clean", "metadata": {}}
{"timestamp": 1779140548, "type": "safe_tx", "device": "node-1-clean", "metadata": {}}
{"timestamp": 1779140548, "type": "safe_tx", "device": "node-15-mixed", "metadata": {}}
{"timestamp": 1779140548, "type": "safe_tx", "device": "node-1-clean", "metadata": {}}
{"timestamp": 1779140548, "type": "safe_tx", "device": "node-12-mixed", "metadata": {}}
{"timestamp": 1779140548, "type": "safe_tx", "device": "node-3-clean", "metadata": {}}
{"timestamp": 1779140548, "type": "safe_tx", "device": "node-8-spammer", "metadata": {}}
{"timestamp": 1779140548, "type": "safe_tx", "device": "node-15-mixed", "metadata": {}}
{"timestamp": 1779140549, "type": "safe_tx", "device": "node-8-spammer", "metadata": {}}
{"timestamp": 1779140549, "type": "safe_tx", "device": "node-9-stealth", "metadata": {}}
{"timestamp": 1779140549, "type": "safe_tx", "device": "node-4-clean", "metadata": {}}
{"timestamp": 1779140549, "type": "overflow", "device": "node-10-fuzzer", "metadata": {"count": 3, "window_sec": 30}}
{"timestamp": 1779140549, "type": "time_anomaly", "device": "node-7-timespoof", "metadata": {}}
{"timestamp": 1779140549, "type": "safe_tx", "device": "node-5-clean", "metadata": {}}
{"timestamp": 1779140549, "type": "safe_tx", "device": "node-12-mixed", "metadata": {}}
{"timestamp": 1779140549, "type": "safe_tx", "device": "node-14-mixed", "metadata": {}}
{"timestamp": 1779140550, "type": "safe_tx", "device": "node-13-mixed", "metadata": {}}
{"timestamp": 1779140550, "type": "fuzzing", "device": "node-10-fuzzer", "metadata": {}}
{"timestamp": 1779140550, "type": "safe_tx", "device": "node-1-clean", "metadata": {}}
{"timestamp": 1779140550, "type": "safe_tx", "device": "node-9-stealth", "metadata": {}}
{"timestamp": 1779140551, "type": "time_anomaly", "device": "node-12-mixed", "metadata": {}}
{"timestamp": 1779140550, "type": "safe_tx", "device": "node-11-pulsing", "metadata": {}}
{"timestamp": 1779140550, "type": "safe_tx", "device": "node-11-pulsing", "metadata": {}}
{"timestamp": 1779140550, "type": "safe_tx", "device": "node-11-pulsing", "metadata": {}}
{"timestamp": 1779140550, "type": "safe_tx", "device": "node-11-pulsing", "metadata": {}}
{"timestamp": 1779140550, "type": "safe_tx", "device": "node-11-pulsing", "metadata": {}}
{"timestamp": 1779140550, "type": "safe_tx", "device": "node-11-pulsing", "metadata": {}}
{"timestamp": 1779140550, "type": "safe_tx", "device": "node-2-clean", "metadata": {}}
{"timestamp": 1779140550, "type": "safe_tx", "device": "node-11-pulsing", "metadata": {}}
{"timestamp": 1779140551, "type": "safe_tx", "device": "node-11-pulsing", "metadata": {}}
{"timestamp": 1779140551, "type": "safe_tx", "device": "node-11-pulsing", "metadata": {}}
{"timestamp": 1779140551, "type": "safe_tx", "device": "node-4-clean", "metadata": {}}
{"timestamp": 1779140551, "type": "safe_tx", "device": "node-11-pulsing", "metadata": {}}
{"timestamp": 1779140551, "type": "safe_tx", "device": "node-11-pulsing", "metadata": {}}
{"timestamp": 1779140551, "type": "safe_tx", "device": "node-11-pulsing", "metadata": {}}
{"timestamp": 1779140551, "type": "safe_tx", "device": "node-8-spammer", "metadata": {}}
{"timestamp": 1779140551, "type": "safe_tx", "device": "node-11-pulsing", "metadata": {}}
{"timestamp": 1779140551, "type": "safe_tx", "device": "node-5-clean", "metadata": {}}
{"timestamp": 1779140551, "type": "safe_tx", "device": "node-11-pulsing", "metadata": {}}
{"timestamp": 1779140551, "type": "safe_tx", "device": "node-11-pulsing", "metadata": {}}
{"timestamp": 1779140551, "type": "dos_spam", "device": "node-11-pulsing", "metadata": {}}
{"timestamp": 1779140551, "type": "safe_tx", "device": "node-11-pulsing", "metadata": {}}
{"timestamp": 1779140551, "type": "safe_tx", "device": "node-3-clean", "metadata": {}}
{"timestamp": 1779140552, "type": "time_anomaly", "device": "node-13-mixed", "metadata": {}}
{"timestamp": 1779140551, "type": "safe_tx", "device": "node-11-pulsing", "metadata": {}}
{"timestamp": 1779140551, "type": "safe_tx", "device": "node-11-pulsing", "metadata": {}}
{"timestamp": 1779140551, "type": "safe_tx", "device": "node-9-stealth", "metadata": {}}
{"timestamp": 1779140551, "type": "safe_tx", "device": "node-4-clean", "metadata": {}}
{"timestamp": 1779140551, "type": "safe_tx", "device": "node-11-pulsing", "metadata": {}}
{"timestamp": 1779140551, "type": "safe_tx", "device": "node-11-pulsing", "metadata": {}}
{"timestamp": 1779140551, "type": "safe_tx", "device": "node-14-mixed", "metadata": {}}
{"timestamp": 1779140552, "type": "safe_tx", "device": "node-15-mixed", "metadata": {}}
{"timestamp": 1779140552, "type": "safe_tx", "device": "node-8-spammer", "metadata": {}}
{"timestamp": 1779140552, "type": "safe_tx", "device": "node-8-spammer", "metadata": {}}
{"timestamp": 1779140552, "type": "safe_tx", "device": "node-8-spammer", "metadata": {}}
{"timestamp": 1779140552, "type": "safe_tx", "device": "node-5-clean", "metadata": {}}
{"timestamp": 1779140552, "type": "safe_tx", "device": "node-12-mixed", "metadata": {}}
{"timestamp": 1779140553, "type": "safe_tx", "device": "node-1-clean", "metadata": {}}
{"timestamp": 1779140553, "type": "safe_tx", "device": "node-3-clean", "metadata": {}}
{"timestamp": 1779140553, "type": "safe_tx", "device": "node-2-clean", "metadata": {}}
{"timestamp": 1779140553, "type": "safe_tx", "device": "node-8-spammer", "metadata": {}}
{"timestamp": 1779140553, "type": "safe_tx", "device": "node-8-spammer", "metadata": {}}
{"timestamp": 1779140553, "type": "safe_tx", "device": "node-8-spammer", "metadata": {}}
{"timestamp": 1779140553, "type": "fuzzing", "device": "node-10-fuzzer", "metadata": {}}
{"timestamp": 1779140553, "type": "safe_tx", "device": "node-13-mixed", "metadata": {}}
{"timestamp": 1779140554, "type": "safe_tx", "device": "node-12-mixed", "metadata": {}}
{"timestamp": 1779140554, "type": "safe_tx", "device": "node-9-stealth", "metadata": {}}
{"timestamp": 1779140554, "type": "overflow", "device": "node-6-overflow", "metadata": {"count": 3, "window_sec": 30}}
{"timestamp": 1779140554, "type": "overflow", "device": "node-14-mixed", "metadata": {"count": 3, "window_sec": 30}}
{"timestamp": 1779140554, "type": "safe_tx", "device": "node-2-clean", "metadata": {}}
{"timestamp": 1779140554, "type": "safe_tx", "device": "node-15-mixed", "metadata": {}}
{"timestamp": 1779140555, "type": "safe_tx", "device": "node-4-clean", "metadata": {}}
{"timestamp": 1779140555, "type": "safe_tx", "device": "node-8-spammer", "metadata": {}}
{"timestamp": 1779140555, "type": "safe_tx", "device": "node-8-spammer", "metadata": {}}
{"timestamp": 1779140555, "type": "safe_tx", "device": "node-9-stealth", "metadata": {}}
{"timestamp": 1779140555, "type": "safe_tx", "device": "node-3-clean", "metadata": {}}
{"timestamp": 1779140556, "type": "time_anomaly", "device": "node-13-mixed", "metadata": {}}
{"timestamp": 1779140555, "type": "safe_tx", "device": "node-10-fuzzer", "metadata": {}}
{"timestamp": 1779140556, "type": "safe_tx", "device": "node-5-clean", "metadata": {}}
{"timestamp": 1779140556, "type": "safe_tx", "device": "node-9-stealth", "metadata": {}}
{"timestamp": 1779140556, "type": "safe_tx", "device": "node-1-clean", "metadata": {}}
{"timestamp": 1779140557, "type": "safe_tx", "device": "node-4-clean", "metadata": {}}
{"timestamp": 1779140558, "type": "time_anomaly", "device": "node-7-timespoof", "metadata": {}}
{"timestamp": 1779140557, "type": "safe_tx", "device": "node-15-mixed", "metadata": {}}
{"timestamp": 1779140558, "type": "safe_tx", "device": "node-8-spammer", "metadata": {}}
{"timestamp": 1779140558, "type": "safe_tx", "device": "node-8-spammer", "metadata": {}}
{"timestamp": 1779140558, "type": "safe_tx", "device": "node-8-spammer", "metadata": {}}
{"timestamp": 1779140558, "type": "safe_tx", "device": "node-8-spammer", "metadata": {}}
{"timestamp": 1779140558, "type": "safe_tx", "device": "node-8-spammer", "metadata": {}}
{"timestamp": 1779140558, "type": "safe_tx", "device": "node-8-spammer", "metadata": {}}
{"timestamp": 1779140558, "type": "safe_tx", "device": "node-8-spammer", "metadata": {}}
{"timestamp": 1779140558, "type": "safe_tx", "device": "node-2-clean", "metadata": {}}
{"timestamp": 1779140558, "type": "safe_tx", "device": "node-1-clean", "metadata": {}}
{"timestamp": 1779140558, "type": "safe_tx", "device": "node-3-clean", "metadata": {}}
{"timestamp": 1779140558, "type": "overflow", "device": "node-10-fuzzer", "metadata": {"count": 3, "window_sec": 30}}
{"timestamp": 1779140558, "type": "safe_tx", "device": "node-9-stealth", "metadata": {}}
{"timestamp": 1779140558, "type": "safe_tx", "device": "node-8-spammer", "metadata": {}}
{"timestamp": 1779140559, "type": "safe_tx", "device": "node-8-spammer", "metadata": {}}
{"timestamp": 1779140559, "type": "safe_tx", "device": "node-5-clean", "metadata": {}}
{"timestamp": 1779140559, "type": "safe_tx", "device": "node-14-mixed", "metadata": {}}
{"timestamp": 1779140559, "type": "safe_tx", "device": "node-8-spammer", "metadata": {}}
{"timestamp": 1779140559, "type": "safe_tx", "device": "node-8-spammer", "metadata": {}}
{"timestamp": 1779140559, "type": "safe_tx", "device": "node-12-mixed", "metadata": {}}
{"timestamp": 1779140559, "type": "safe_tx", "device": "node-8-spammer", "metadata": {}}
{"timestamp": 1779140559, "type": "safe_tx", "device": "node-8-spammer", "metadata": {}}
{"timestamp": 1779140559, "type": "safe_tx", "device": "node-8-spammer", "metadata": {}}
{"timestamp": 1779140559, "type": "safe_tx", "device": "node-8-spammer", "metadata": {}}
{"timestamp": 1779140559, "type": "dos_spam", "device": "node-8-spammer", "metadata": {}}
{"timestamp": 1779140559, "type": "safe_tx", "device": "node-8-spammer", "metadata": {}}
{"timestamp": 1779140559, "type": "safe_tx", "device": "node-2-clean", "metadata": {}}
{"timestamp": 1779140560, "type": "safe_tx", "device": "node-13-mixed", "metadata": {}}
