{"timestamp": 1779140756, "type": "safe_tx", "device": "node-10-fuzzer", "metadata": {}}
{"timestamp": 1779140756, "type": "safe_tx", "device": "node-5-clean", "metadata": {}}
{"timestamp": 1779140758, "type": "time_anomaly", "device": "node-7-timespoof", "metadata": {}}
{"timestamp": 1779140758, "type": "safe_tx", "device": "node-12-mixed", "metadata": {}}
{"timestamp": 1779140758, "type": "safe_tx", "device": "node-2-clean", "metadata": {}}
{"timestamp": 1779140759, "type": "safe_tx", "device": "node-14-mixed", "metadata": {}}
{"timestamp": 1779140759, "type": "safe_tx", "device": "node-5-clean", "metadata": {}}
{"timestamp": 1779140759, "type": "safe_tx", "device": "node-6-overflow", "metadata": {}}
{"timestamp": 1779140759, "type": "time_anomaly", "device": "node-12-mixed", "metadata": {}}
{"timestamp": 1779140759, "type": "safe_tx", "device": "node-5-clean", "metadata": {}}
{"timestamp": 1779140760, "type": "safe_tx", "device": "node-1-clean", "metadata": {}}
{"timestamp": 1779140760, "type": "safe_tx", "device": "node-4-clean", "metadata": {}}
{"timestamp": 1779140760, "type": "safe_tx", "device": "node-13-mixed", "metadata": {}}
{"timestamp": 1779140760, "type": "safe_tx", "device": "node-3-clean", "metadata": {}}
{"timestamp": 1779140760, "type": "time_anomaly", "device": "node-15-mixed", "metadata": {}}
{"timestamp": 1779140760, "type": "safe_tx", "device": "node-8-spammer", "metadata": {}}
{"timestamp": 1779140760, "type": "safe_tx", "device": "node-8-spammer", "metadata": {}}
{"timestamp": 1779140760, "type": "safe_tx", "device": "node-8-spammer", "metadata": {}}
{"timestamp": 1779140760, "type": "safe_tx", "device": "node-8-spammer", "metadata": {}}
{"timestamp": 1779140760, "type": "safe_tx", "device": "node-8-spammer", "metadata": {}}
{"timestamp": 1779140760, "type": "safe_tx", "device": "node-8-spammer", "metadata": {}}
{"timestamp": 1779140760, "type": "safe_tx", "device": "node-8-spammer", "metadata": {}}
{"timestamp": 1779140760, "type": "safe_tx", "device": "node-8-spammer", "metadata": {}}
{"timestamp": 1779140760, "type": "safe_tx", "device": "node-8-spammer", "metadata": {}}
{"timestamp": 1779140760, "type": "safe_tx", "device": "node-8-spammer", "metadata": {}}
{"timestamp": 1779140760, "type": "safe_tx", "device": "node-8-spammer", "metadata": {}}
{"timestamp": 1779140760, "type": "safe_tx", "device": "node-8-spammer", "metadata": {}}
{"timestamp": 1779140760, "type": "safe_tx", "device": "node-8-spammer", "metadata": {}}
{"timestamp": 1779140760, "type": "safe_tx", "device": "node-8-spammer", "metadata": {}}
{"timestamp": 1779140760, "type": "safe_tx", "device": "node-8-spammer", "metadata": {}}
{"timestamp": 1779140760, "type": "dos_spam", "device": "node-8-spammer", "metadata": {}}
{"timestamp": 1779140760, "type": "safe_tx", "device": "node-8-spammer", "metadata": {}}
{"timestamp": 1779140760, "type": "safe_tx", "device": "node-8-spammer", "metadata": {}}
{"timestamp": 1779140761, "type": "safe_tx", "device": "node-8-spammer", "metadata": {}}
{"timestamp": 1779140761, "type": "safe_tx", "device": "node-8-spammer", "metadata": {}}
{"timestamp": 1779140761, "type": "safe_tx", "device": "node-8-spammer", "metadata": {}}
{"timestamp": 1779140761, "type": "safe_tx", "device": "node-8-spammer", "metadata": {}}
{"timestamp": 1779140761, "type": "safe_tx", "device": "node-8-spammer", "metadata": {}}
{"timestamp": 1779140761, "type": "safe_tx", "device": "node-8-spammer", "metadata": {}}
{"timestamp": 1779140761, "type": "safe_tx", "device": "node-8-spammer", "metadata": {}}
{"timestamp": 1779140761, "type": "safe_tx", "device": "node-8-spammer", "metadata": {}}
{"timestamp": 1779140761, "type": "safe_tx", "device": "node-9-stealth", "metadata": {}}
{"timestamp": 1779140761, "type": "safe_tx", "device": "node-15-mixed", "metadata": {}}
{"timestamp": 1779140761, "type": "safe_tx", "device": "node-8-spammer", "metadata": {}}
{"timestamp": 1779140761, "type": "safe_tx", "device": "node-8-spammer", "metadata": {}}
{"timestamp": 1779140761, "type": "safe_tx", "device": "node-8-spammer", "metadata": {}}
{"timestamp": 1779140761, "type": "safe_tx", "device": "node-8-spammer", "metadata": {}}
{"timestamp": 1779140761, "type": "safe_tx", "device": "node-1-clean", "metadata": {}}
{"timestamp": 1779140761, "type": "safe_tx", "device": "node-8-spammer", "metadata": {}}
{"timestamp": 1779140761, "type": "dos_spam", "device": "node-8-spammer", "metadata": {"count": 30, "window_sec": 5}}
{"timestamp": 1779140761, "type": "dos_spam", "device": "node-8-spammer", "metadata": {}}
{"timestamp": 1779140762, "type": "fuzzing", "device": "node-10-fuzzer", "metadata": {}}
{"timestamp": 1779140762, "type": "safe_tx", "device": "node-8-spammer", "metadata": {}}
{"timestamp": 1779140762, "type": "safe_tx", "device": "node-8-spammer", "metadata": {}}
{"timestamp": 1779140762, "type": "time_anomaly", "device": "node-7-timespoof", "metadata": {}}
{"timestamp": 1779140762, "type": "safe_tx", "device": "node-5-clean", "metadata": {}}
{"timestamp": 1779140762, "type": "safe_tx", "device": "node-12-mixed", "metadata": {}}
{"timestamp": 1779140762, "type": "time_anomaly", "device": "node-13-mixed", "metadata": {}}
{"timestamp": 1779140762, "type": "safe_tx", "device": "node-10-fuzzer", "metadata": {}}
{"timestamp": 1779140762, "type": "safe_tx", "device": "node-2-clean", "metadata": {}}
{"timestamp": 1779140763, "type": "time_anomaly", "device": "node-14-mixed", "metadata": {}}
{"timestamp": 1779140762, "type": "safe_tx", "device": "node-3-clean", "metadata": {}}
{"timestamp": 1779140763, "type": "safe_tx", "device": "node-2-clean", "metadata": {}}
{"timestamp": 1779140763, "type": "safe_tx", "device": "node-1-clean", "metadata": {}}
{"timestamp": 1779140763, "type": "safe_tx", "device": "node-8-spammer", "metadata": {}}
{"timestamp": 1779140763, "type": "safe_tx", "device": "node-8-spammer", "metadata": {}}
{"timestamp": 1779140763, "type": "safe_tx", "device": "node-9-stealth", "metadata": {}}
{"timestamp": 1779140764, "type": "safe_tx", "device": "node-4-clean", "metadata": {}}
{"timestamp": 1779140764, "type": "fuzzing", "device": "node-10-fuzzer", "metadata": {}}
{"timestamp": 1779140764, "type": "safe_tx", "device": "node-5-clean", "metadata": {}}
{"timestamp": 1779140764, "type": "safe_tx", "device": "node-12-mixed", "metadata": {}}
{"timestamp": 1779140764, "type": "safe_tx", "device": "node-15-mixed", "metadata": {}}
{"timestamp": 1779140764, "type": "safe_tx", "device": "node-2-clean", "metadata": {}}
{"timestamp": 1779140764, "type": "safe_tx", "device": "node-9-stealth", "metadata": {}}
{"timestamp": 1779140764, "type": "safe_tx", "device": "node-13-mixed", "metadata": {}}
{"timestamp": 1779140764, "type": "safe_tx", "device": "node-3-clean", "metadata": {}}
{"timestamp": 1779140764, "type": "safe_tx", "device": "node-8-spammer", "metadata": {}}
{"timestamp": 1779140764, "type": "safe_tx", "device": "node-8-spammer", "metadata": {}}
{"timestamp": 1779140765, "type": "safe_tx", "device": "node-8-spammer", "metadata": {}}
{"timestamp": 1779140765, "type": "safe_tx", "device": "node-13-mixed", "metadata": {}}
{"timestamp": 1779140766, "type": "safe_tx", "device": "node-8-spammer", "metadata": {}}
{"timestamp": 1779140766, "type": "safe_tx", "device": "node-8-spammer", "metadata": {}}
{"timestamp": 1779140766, "type": "safe_tx", "device": "node-8-spammer", "metadata": {}}
{"timestamp": 1779140766, "type": "safe_tx", "device": "node-4-clean", "metadata": {}}
{"timestamp": 1779140766, "type": "safe_tx", "device": "node-1-clean", "metadata": {}}
{"timestamp": 1779140767, "type": "safe_tx", "device": "node-9-stealth", "metadata": {}}
{"timestamp": 1779140767, "type": "safe_tx", "device": "node-1-clean", "metadata": {}}
{"timestamp": 1779140767, "type": "safe_tx", "device": "node-2-clean", "metadata": {}}
{"timestamp": 1779140767, "type": "overflow", "device": "node-10-fuzzer", "metadata": {"count": 3, "window_sec": 30}}
{"timestamp": 1779140767, "type": "safe_tx", "device": "node-14-mixed", "metadata": {}}
{"timestamp": 1779140768, "type": "time_anomaly", "device": "node-7-timespoof", "metadata": {}}
{"timestamp": 1779140767, "type": "safe_tx", "device": "node-15-mixed", "metadata": {}}
{"timestamp": 1779140767, "type": "safe_tx", "device": "node-6-overflow", "metadata": {}}
{"timestamp": 1779140768, "type": "safe_tx", "device": "node-8-spammer", "metadata": {}}
{"timestamp": 1779140768, "type": "safe_tx", "device": "node-8-spammer", "metadata": {}}
{"timestamp": 1779140768, "type": "safe_tx", "device": "node-8-spammer", "metadata": {}}
{"timestamp": 1779140768, "type": "safe_tx", "device": "node-8-spammer", "metadata": {}}
{"timestamp": 1779140768, "type": "safe_tx", "device": "node-5-clean", "metadata": {}}
{"timestamp": 1779140768, "type": "safe_tx", "device": "node-8-spammer", "metadata": {}}
{"timestamp": 1779140768, "type": "safe_tx", "device": "node-8-spammer", "metadata": {}}
{"timestamp": 1779140768, "type": "safe_tx", "device": "node-3-clean", "metadata": {}}
{"timestamp": 1779140768, "type": "time_anomaly", "device": "node-13-mixed", "metadata": {}}
{"timestamp": 1779140768, "type": "safe_tx", "device": "node-1-clean", "metadata": {}}
{"timestamp": 1779140768, "type": "safe_tx", "device": "node-12-mixed", "metadata": {}}
{"timestamp": 1779140768, "type": "safe_tx", "device": "node-9-stealth", "metadata": {}}
{"timestamp": 1779140769, "type": "safe_tx", "device": "node-3-clean", "metadata": {}}
{"timestamp": 1779140769, "type": "safe_tx", "device": "node-13-mixed", "metadata": {}}
{"timestamp": 1779140769, "type": "safe_tx", "device": "node-12-mixed", "metadata": {}}
{"timestamp": 1779140769, "type": "safe_tx", "device": "node-8-spammer", "metadata": {}}
{"timestamp": 1779140769, "type": "safe_tx", "device": "node-8-spammer", "metadata": {}}
{"timestamp": 1779140769, "type": "safe_tx", "device": "node-8-spammer", "metadata": {}}
{"timestamp": 1779140769, "type": "safe_tx", "device": "node-8-spammer", "metadata": {}}
{"timestamp": 1779140769, "type": "safe_tx", "device": "node-8-spammer", "metadata": {}}
{"timestamp": 1779140769, "type": "safe_tx", "device": "node-8-spammer", "metadata": {}}
{"timestamp": 1779140769, "type": "safe_tx", "device": "node-8-spammer", "metadata": {}}
{"timestamp": 1779140769, "type": "safe_tx", "device": "node-8-spammer", "metadata": {}}
{"timestamp": 1779140769, "type": "safe_tx", "device": "node-8-spammer", "metadata": {}}
{"timestamp": 1779140769, "type": "dos_spam", "device": "node-8-spammer", "metadata": {}}
{"timestamp": 1779140769, "type": "safe_tx", "device": "node-8-spammer", "metadata": {}}
{"timestamp": 1779140769, "type": "overflow", "device": "node-6-overflow", "metadata": {"count": 3, "window_sec": 30}}
{"timestamp": 1779140769, "type": "safe_tx", "device": "node-8-spammer", "metadata": {}}
{"timestamp": 1779140769, "type": "safe_tx", "device": "node-8-spammer", "metadata": {}}
{"timestamp": 1779140769, "type": "safe_tx", "device": "node-8-spammer", "metadata": {}}
{"timestamp": 1779140770, "type": "safe_tx", "device": "node-8-spammer", "metadata": {}}
{"timestamp": 1779140770, "type": "safe_tx", "device": "node-8-spammer", "metadata": {}}
{"timestamp": 1779140770, "type": "safe_tx", "device": "node-8-spammer", "metadata": {}}
{"timestamp": 1779140770, "type": "safe_tx", "device": "node-8-spammer", "metadata": {}}
{"timestamp": 1779140770, "type": "safe_tx", "device": "node-4-clean", "metadata": {}}
{"timestamp": 1779140770, "type": "safe_tx", "device": "node-8-spammer", "metadata": {}}
{"timestamp": 1779140770, "type": "safe_tx", "device": "node-8-spammer", "metadata": {}}
{"timestamp": 1779140770, "type": "safe_tx", "device": "node-3-clean", "metadata": {}}
{"timestamp": 1779140770, "type": "safe_tx", "device": "node-8-spammer", "metadata": {}}
{"timestamp": 1779140770, "type": "dos_spam", "device": "node-8-spammer", "metadata": {"count": 30, "window_sec": 5}}
{"timestamp": 1779140770, "type": "safe_tx", "device": "node-8-spammer", "metadata": {}}
{"timestamp": 1779140770, "type": "safe_tx", "device": "node-3-clean", "metadata": {}}
{"timestamp": 1779140770, "type": "time_anomaly", "device": "node-14-mixed", "metadata": {}}
{"timestamp": 1779140770, "type": "safe_tx", "device": "node-9-stealth", "metadata": {}}
{"timestamp": 1779140770, "type": "safe_tx", "device": "node-15-mixed", "metadata": {}}
{"timestamp": 1779140770, "type": "safe_tx", "device": "node-1-clean", "metadata": {}}
{"timestamp": 1779140770, "type": "safe_tx", "device": "node-8-spammer", "metadata": {}}
{"timestamp": 1779140770, "type": "safe_tx", "device": "node-2-clean", "metadata": {}}
{"timestamp": 1779140770, "type": "safe_tx", "device": "node-8-spammer", "metadata": {}}
{"timestamp": 1779140770, "type": "safe_tx", "device": "node-8-spammer", "metadata": {}}
{"timestamp": 1779140770, "type": "dos_spam", "device": "node-8-spammer", "metadata": {}}
{"timestamp": 1779140770, "type": "safe_tx", "device": "node-8-spammer", "metadata": {}}
{"timestamp": 1779140771, "type": "safe_tx", "device": "node-1-clean", "metadata": {}}
{"timestamp": 1779140771, "type": "fuzzing", "device": "node-10-fuzzer", "metadata": {}}
{"timestamp": 1779140771, "type": "safe_tx", "device": "node-12-mixed", "metadata": {}}
{"timestamp": 1779140771, "type": "safe_tx", "device": "node-12-mixed", "metadata": {}}
{"timestamp": 1779140771, "type": "safe_tx", "device": "node-8-spammer", "metadata": {}}
{"timestamp": 1779140772, "type": "time_anomaly", "device": "node-7-timespoof", "metadata": {}}
{"timestamp": 1779140771, "type": "safe_tx", "device": "node-8-spammer", "metadata": {}}
{"timestamp": 1779140771, "type": "safe_tx", "device": "node-8-spammer", "metadata": {}}
{"timestamp": 1779140772, "type": "safe_tx", "device": "node-1-clean", "metadata": {}}
{"timestamp": 1779140772, "type": "safe_tx", "device": "node-9-stealth", "metadata": {}}
{"timestamp": 1779140772, "type": "safe_tx", "device": "node-14-mixed", "metadata": {}}
{"timestamp": 1779140772, "type": "safe_tx", "device": "node-10-fuzzer", "metadata": {}}
{"timestamp": 1779140772, "type": "safe_tx", "device": "node-1-clean", "metadata": {}}
{"timestamp": 1779140772, "type": "safe_tx", "device": "node-2-clean", "metadata": {}}
{"timestamp": 1779140772, "type": "time_anomaly", "device": "node-13-mixed", "metadata": {}}
{"timestamp": 1779140773, "type": "safe_tx", "device": "node-5-clean", "metadata": {}}
{"timestamp": 1779140773, "type": "time_anomaly", "device": "node-13-mixed", "metadata": {}}
{"timestamp": 1779140773, "type": "safe_tx", "device": "node-8-spammer", "metadata": {}}
{"timestamp": 1779140773, "type": "safe_tx", "device": "node-8-spammer", "metadata": {}}
{"timestamp": 1779140773, "type": "safe_tx", "device": "node-8-spammer", "metadata": {}}
{"timestamp": 1779140773, "type": "safe_tx", "device": "node-15-mixed", "metadata": {}}
{"timestamp": 1779140773, "type": "safe_tx", "device": "node-8-spammer", "metadata": {}}
{"timestamp": 1779140773, "type": "safe_tx", "device": "node-8-spammer", "metadata": {}}
{"timestamp": 1779140773, "type": "safe_tx", "device": "node-4-clean", "metadata": {}}
{"timestamp": 1779140773, "type": "safe_tx", "device": "node-8-spammer", "metadata": {}}
{"timestamp": 1779140773, "type": "safe_tx", "device": "node-9-stealth", "metadata": {}}
{"timestamp": 1779140773, "type": "safe_tx", "device": "node-10-fuzzer", "metadata": {}}
{"timestamp": 1779140773, "type": "safe_tx", "device": "node-3-clean", "metadata": {}}
{"timestamp": 1779140774, "type": "safe_tx", "device": "node-12-mixed", "metadata": {}}
{"timestamp": 1779140774, "type": "safe_tx", "device": "node-1-clean", "metadata": {}}
{"timestamp": 1779140774, "type": "safe_tx", "device": "node-14-mixed", "metadata": {}}
{"timestamp": 1779140774, "type": "safe_tx", "device": "node-8-spammer", "metadata": {}}
{"timestamp": 1779140774, "type": "safe_tx", "device": "node-8-spammer", "metadata": {}}
{"timestamp": 1779140774, "type": "safe_tx", "device": "node-8-spammer", "metadata": {}}
{"timestamp": 1779140774, "type": "safe_tx", "device": "node-10-fuzzer", "metadata": {}}
{"timestamp": 1779140774, "type": "safe_tx", "device": "node-8-spammer", "metadata": {}}
{"timestamp": 1779140774, "type": "safe_tx", "device": "node-8-spammer", "metadata": {}}
{"timestamp": 1779140774, "type": "safe_tx", "device": "node-8-spammer", "metadata": {}}
{"timestamp": 1779140774, "type": "safe_tx", "device": "node-12-mixed", "metadata": {}}
{"timestamp": 1779140775, "type": "safe_tx", "device": "node-3-clean", "metadata": {}}
{"timestamp": 1779140775, "type": "safe_tx", "device": "node-4-clean", "metadata": {}}
{"timestamp": 1779140775, "type": "safe_tx", "device": "node-3-clean", "metadata": {}}
{"timestamp": 1779140776, "type": "safe_tx", "device": "node-1-clean", "metadata": {}}
{"timestamp": 1779140776, "type": "safe_tx", "device": "node-8-spammer", "metadata": {}}
{"timestamp": 1779140776, "type": "safe_tx", "device": "node-8-spammer", "metadata": {}}
{"timestamp": 1779140776, "type": "safe_tx", "device": "node-9-stealth", "metadata": {}}
{"timestamp": 1779140776, "type": "time_anomaly", "device": "node-7-timespoof", "metadata": {}}
{"timestamp": 1779140776, "type": "safe_tx", "device": "node-5-clean", "metadata": {}}
{"timestamp": 1779140776, "type": "safe_tx", "device": "node-2-clean", "metadata": {}}
{"timestamp": 1779140776, "type": "safe_tx", "device": "node-13-mixed", "metadata": {}}
{"timestamp": 1779140776, "type": "safe_tx", "device": "node-14-mixed", "metadata": {}}
{"timestamp": 1779140777, "type": "safe_tx", "device": "node-9-stealth", "metadata": {}}
{"timestamp": 1779140777, "type": "time_anomaly", "device": "node-12-mixed", "metadata": {}}
{"timestamp": 1779140777, "type": "fuzzing", "device": "node-10-fuzzer", "metadata": {}}
{"timestamp": 1779140777, "type": "safe_tx", "device": "node-8-spammer", "metadata": {}}
{"timestamp": 1779140778, "type": "time_anomaly", "device": "node-14-mixed", "metadata": {}}
{"timestamp": 1779140778, "type": "safe_tx", "device": "node-1-clean", "metadata": {}}
{"timestamp": 1779140778, "type": "safe_tx", "device": "node-14-mixed", "metadata": {}}
{"timestamp": 1779140778, "type": "overflow", "device": "node-6-overflow", "metadata": {"count": 3, "window_sec": 30}}
{"timestamp": 1779140778, "type": "safe_tx", "device": "node-9-stealth", "metadata": {}}
{"timestamp": 1779140778, "type": "safe_tx", "device": "node-8-spammer", "metadata": {}}
{"timestamp": 1779140778, "type": "safe_tx", "device": "node-8-spammer", "metadata": {}}
{"timestamp": 1779140778, "type": "safe_tx", "device": "node-8-spammer", "metadata": {}}
{"timestamp": 1779140778, "type": "safe_tx", "device": "node-8-spammer", "metadata": {}}
{"timestamp": 1779140778, "type": "safe_tx", "device": "node-10-fuzzer", "metadata": {}}
{"timestamp": 1779140778, "type": "safe_tx", "device": "node-8-spammer", "metadata": {}}
{"timestamp": 1779140779, "type": "safe_tx", "device": "node-9-stealth", "metadata": {}}
{"timestamp": 1779140779, "type": "safe_tx", "device": "node-3-clean", "metadata": {}}
{"timestamp": 1779140779, "type": "safe_tx", "device": "node-8-spammer", "metadata": {}}
{"timestamp": 1779140779, "type": "safe_tx", "device": "node-8-spammer", "metadata": {}}
{"timestamp": 1779140779, "type": "safe_tx", "device": "node-8-spammer", "metadata": {}}
{"timestamp": 1779140779, "type": "safe_tx", "device": "node-8-spammer", "metadata": {}}
{"timestamp": 1779140779, "type": "safe_tx", "device": "node-8-spammer", "metadata": {}}
{"timestamp": 1779140779, "type": "safe_tx", "device": "node-8-spammer", "metadata": {}}
{"timestamp": 1779140779, "type": "safe_tx", "device": "node-8-spammer", "metadata": {}}
{"timestamp": 1779140779, "type": "safe_tx", "device": "node-4-clean", "metadata": {}}
{"timestamp": 1779140779, "type": "safe_tx", "device": "node-8-spammer", "metadata": {}}
{"timestamp": 1779140779, "type": "safe_tx", "device": "node-3-clean", "metadata": {}}
{"timestamp": 1779140779, "type": "safe_tx", "device": "node-12-mixed", "metadata": {}}
{"timestamp": 1779140780, "type": "safe_tx", "device": "node-4-clean", "metadata": {}}
{"timestamp": 1779140780, "type": "safe_tx", "device": "node-14-mixed", "metadata": {}}
{"timestamp": 1779140780, "type": "safe_tx", "device": "node-5-clean", "metadata": {}}
{"timestamp": 1779140780, "type": "safe_tx", "device": "node-3-clean", "metadata": {}}
{"timestamp": 1779140780, "type": "safe_tx", "device": "node-2-clean", "metadata": {}}
{"timestamp": 1779140780, "type": "overflow", "device": "node-15-mixed", "metadata": {"count": 3, "window_sec": 30}}
{"timestamp": 1779140780, "type": "safe_tx", "device": "node-8-spammer", "metadata": {}}
{"timestamp": 1779140780, "type": "fuzzing", "device": "node-10-fuzzer", "metadata": {}}
{"timestamp": 1779140780, "type": "safe_tx", "device": "node-8-spammer", "metadata": {}}
{"timestamp": 1779140780, "type": "dos_spam", "device": "node-8-spammer", "metadata": {}}
{"timestamp": 1779140780, "type": "safe_tx", "device": "node-8-spammer", "metadata": {}}
{"timestamp": 1779140780, "type": "safe_tx", "device": "node-8-spammer", "metadata": {}}
{"timestamp": 1779140780, "type": "overflow", "device": "node-14-mixed", "metadata": {"count": 3, "window_sec": 30}}
{"timestamp": 1779140781, "type": "time_anomaly", "device": "node-7-timespoof", "metadata": {}}
{"timestamp": 1779140781, "type": "safe_tx", "device": "node-1-clean", "metadata": {}}
{"timestamp": 1779140781, "type": "safe_tx", "device": "node-13-mixed", "metadata": {}}
{"timestamp": 1779140781, "type": "safe_tx", "device": "node-3-clean", "metadata": {}}
{"timestamp": 1779140781, "type": "safe_tx", "device": "node-5-clean", "metadata": {}}
{"timestamp": 1779140781, "type": "safe_tx", "device": "node-11-pulsing", "metadata": {}}
{"timestamp": 1779140781, "type": "safe_tx", "device": "node-14-mixed", "metadata": {}}
{"timestamp": 1779140781, "type": "safe_tx", "device": "node-11-pulsing", "metadata": {}}
{"timestamp": 1779140781, "type": "safe_tx", "device": "node-9-stealth", "metadata": {}}
{"timestamp": 1779140781, "type": "safe_tx", "device": "node-11-pulsing", "metadata": {}}
{"timestamp": 1779140781, "type": "safe_tx", "device": "node-11-pulsing", "metadata": {}}
{"timestamp": 1779140781, "type": "safe_tx", "device": "node-11-pulsing", "metadata": {}}
{"timestamp": 1779140781, "type": "safe_tx", "device": "node-11-pulsing", "metadata": {}}
{"timestamp": 1779140781, "type": "safe_tx", "device": "node-11-pulsing", "metadata": {}}
{"timestamp": 1779140781, "type": "safe_tx", "device": "node-8-spammer", "metadata": {}}
{"timestamp": 1779140781, "type": "safe_tx", "device": "node-5-clean", "metadata": {}}
{"timestamp": 1779140781, "type": "safe_tx", "device": "node-8-spammer", "metadata": {}}
{"timestamp": 1779140781, "type": "safe_tx", "device": "node-11-pulsing", "metadata": {}}
{"timestamp": 1779140781, "type": "safe_tx", "device": "node-8-spammer", "metadata": {}}
{"timestamp": 1779140781, "type": "safe_tx", "device": "node-8-spammer", "metadata": {}}
{"timestamp": 1779140781, "type": "safe_tx", "device": "node-4-clean", "metadata": {}}
{"timestamp": 1779140781, "type": "safe_tx", "device": "node-11-pulsing", "metadata": {}}
{"timestamp": 1779140781, "type": "safe_tx", "device": "node-11-pulsing", "metadata": {}}
{"timestamp": 1779140781, "type": "safe_tx", "device": "node-11-pulsing", "metadata": {}}
{"timestamp": 1779140781, "type": "safe_tx", "device": "node-12-mixed", "metadata": {}}
{"timestamp": 1779140781, "type": "safe_tx", "device": "node-2-clean", "metadata": {}}
{"timestamp": 1779140782, "type": "safe_tx", "device": "node-11-pulsing", "metadata": {}}
{"timestamp": 1779140782, "type": "safe_tx", "device": "node-11-pulsing", "metadata": {}}
{"timestamp": 1779140782, "type": "safe_tx", "device": "node-11-pulsing", "metadata": {}}
{"timestamp": 1779140782, "type": "safe_tx", "device": "node-11-pulsing", "metadata": {}}
{"timestamp": 1779140782, "type": "dos_spam", "device": "node-11-pulsing", "metadata": {}}
{"timestamp": 1779140782, "type": "safe_tx", "device": "node-11-pulsing", "metadata": {}}
{"timestamp": 1779140782, "type": "fuzzing", "device": "node-10-fuzzer", "metadata": {}}
{"timestamp": 1779140782, "type": "safe_tx", "device": "node-11-pulsing", "metadata": {}}
{"timestamp": 1779140782, "type": "safe_tx", "device": "node-11-pulsing", "metadata": {}}
{"timestamp": 1779140782, "type": "safe_tx", "device": "node-9-stealth", "metadata": {}}
{"timestamp": 1779140782, "type": "safe_tx", "device": "node-11-pulsing", "metadata": {}}
{"timestamp": 1779140782, "type": "safe_tx", "device": "node-11-pulsing", "metadata": {}}
{"timestamp": 1779140782, "type": "safe_tx", "device": "node-8-spammer", "metadata": {}}
{"timestamp": 1779140782, "type": "safe_tx", "device": "node-8-spammer", "metadata": {}}
{"timestamp": 1779140782, "type": "safe_tx", "device": "node-8-spammer", "metadata": {}}
{"timestamp": 1779140782, "type": "safe_tx", "device": "node-8-spammer", "metadata": {}}
{"timestamp": 1779140782, "type": "safe_tx", "device": "node-8-spammer", "metadata": {}}
{"timestamp": 1779140782, "type": "safe_tx", "device": "node-8-spammer", "metadata": {}}
{"timestamp": 1779140782, "type": "safe_tx", "device": "node-8-spammer", "metadata": {}}
{"timestamp": 1779140782, "type": "safe_tx", "device": "node-8-spammer", "metadata": {}}
{"timestamp": 1779140782, "type": "dos_spam", "device": "node-8-spammer", "metadata": {"count": 30, "window_sec": 5}}
{"timestamp": 1779140782, "type": "safe_tx", "device": "node-8-spammer", "metadata": {}}
{"timestamp": 1779140782, "type": "dos_spam", "device": "node-8-spammer", "metadata": {}}
{"timestamp": 1779140782, "type": "safe_tx", "device": "node-15-mixed", "metadata": {}}
{"timestamp": 1779140782, "type": "safe_tx", "device": "node-8-spammer", "metadata": {}}
{"timestamp": 1779140782, "type": "safe_tx", "device": "node-8-spammer", "metadata": {}}
{"timestamp": 1779140782, "type": "safe_tx", "device": "node-8-spammer", "metadata": {}}
{"timestamp": 1779140782, "type": "safe_tx", "device": "node-8-spammer", "metadata": {}}
{"timestamp": 1779140782, "type": "safe_tx", "device": "node-8-spammer", "metadata": {}}
{"timestamp": 1779140782, "type": "safe_tx", "device": "node-8-spammer", "metadata": {}}
{"timestamp": 1779140783, "type": "safe_tx", "device": "node-8-spammer", "metadata": {}}
{"timestamp": 1779140783, "type": "safe_tx", "device": "node-8-spammer", "metadata": {}}
{"timestamp": 1779140783, "type": "safe_tx", "device": "node-8-spammer", "metadata": {}}
{"timestamp": 1779140783, "type": "safe_tx", "device": "node-8-spammer", "metadata": {}}
{"timestamp": 1779140783, "type": "safe_tx", "device": "node-9-stealth", "metadata": {}}
{"timestamp": 1779140783, "type": "time_anomaly", "device": "node-13-mixed", "metadata": {}}
{"timestamp": 1779140784, "type": "overflow", "device": "node-10-fuzzer", "metadata": {"count": 3, "window_sec": 30}}
{"timestamp": 1779140784, "type": "safe_tx", "device": "node-5-clean", "metadata": {}}
{"timestamp": 1779140784, "type": "safe_tx", "device": "node-9-stealth", "metadata": {}}
{"timestamp": 1779140784, "type": "time_anomaly", "device": "node-7-timespoof", "metadata": {}}
{"timestamp": 1779140784, "type": "safe_tx", "device": "node-3-clean", "metadata": {}}
{"timestamp": 1779140784, "type": "safe_tx", "device": "node-1-clean", "metadata": {}}
{"timestamp": 1779140784, "type": "safe_tx", "device": "node-8-spammer", "metadata": {}}
{"timestamp": 1779140784, "type": "safe_tx", "device": "node-8-spammer", "metadata": {}}
{"timestamp": 1779140784, "type": "safe_tx", "device": "node-10-fuzzer", "metadata": {}}
{"timestamp": 1779140784, "type": "safe_tx", "device": "node-8-spammer", "metadata": {}}
{"timestamp": 1779140784, "type": "time_anomaly", "device": "node-12-mixed", "metadata": {}}
{"timestamp": 1779140784, "type": "safe_tx", "device": "node-8-spammer", "metadata": {}}
{"timestamp": 1779140784, "type": "safe_tx", "device": "node-4-clean", "metadata": {}}
{"timestamp": 1779140784, "type": "time_anomaly", "device": "node-13-mixed", "metadata": {}}
{"timestamp": 1779140784, "type": "safe_tx", "device": "node-4-clean", "metadata": {}}
{"timestamp": 1779140785, "type": "safe_tx", "device": "node-8-spammer", "metadata": {}}
{"timestamp": 1779140785, "type": "safe_tx", "device": "node-8-spammer", "metadata": {}}
{"timestamp": 1779140785, "type": "safe_tx", "device": "node-9-stealth", "metadata": {}}
{"timestamp": 1779140785, "type": "safe_tx", "device": "node-2-clean", "metadata": {}}
{"timestamp": 1779140785, "type": "safe_tx", "device": "node-8-spammer", "metadata": {}}
{"timestamp": 1779140785, "type": "safe_tx", "device": "node-8-spammer", "metadata": {}}
{"timestamp": 1779140785, "type": "safe_tx", "device": "node-8-spammer", "metadata": {}}
{"timestamp": 1779140785, "type": "time_anomaly", "device": "node-14-mixed", "metadata": {}}
{"timestamp": 1779140785, "type": "safe_tx", "device": "node-8-spammer", "metadata": {}}
{"timestamp": 1779140785, "type": "overflow", "device": "node-12-mixed", "metadata": {"count": 3, "window_sec": 30}}
{"timestamp": 1779140786, "type": "safe_tx", "device": "node-1-clean", "metadata": {}}
{"timestamp": 1779140786, "type": "safe_tx", "device": "node-8-spammer", "metadata": {}}
{"timestamp": 1779140786, "type": "fuzzing", "device": "node-10-fuzzer", "metadata": {}}
{"timestamp": 1779140786, "type": "safe_tx", "device": "node-12-mixed", "metadata": {}}
{"timestamp": 1779140786, "type": "safe_tx", "device": "node-3-clean", "metadata": {}}
{"timestamp": 1779140787, "type": "safe_tx", "device": "node-12-mixed", "metadata": {}}
{"timestamp": 1779140787, "type": "safe_tx", "device": "node-9-stealth", "metadata": {}}
{"timestamp": 1779140787, "type": "overflow", "device": "node-6-overflow", "metadata": {"count": 3, "window_sec": 30}}
{"timestamp": 1779140787, "type": "safe_tx", "device": "node-14-mixed", "metadata": {}}
{"timestamp": 1779140787, "type": "safe_tx", "device": "node-8-spammer", "metadata": {}}
{"timestamp": 1779140788, "type": "time_anomaly", "device": "node-7-timespoof", "metadata": {}}
{"timestamp": 1779140787, "type": "safe_tx", "device": "node-8-spammer", "metadata": {}}
{"timestamp": 1779140787, "type": "safe_tx", "device": "node-8-spammer", "metadata": {}}
{"timestamp": 1779140787, "type": "safe_tx", "device": "node-3-clean", "metadata": {}}
{"timestamp": 1779140787, "type": "safe_tx", "device": "node-8-spammer", "metadata": {}}
{"timestamp": 1779140788, "type": "safe_tx", "device": "node-1-clean", "metadata": {}}
{"timestamp": 1779140788, "type": "safe_tx", "device": "node-10-fuzzer", "metadata": {}}
{"timestamp": 1779140788, "type": "safe_tx", "device": "node-13-mixed", "metadata": {}}
{"timestamp": 1779140788, "type": "safe_tx", "device": "node-15-mixed", "metadata": {}}
{"timestamp": 1779140788, "type": "safe_tx", "device": "node-5-clean", "metadata": {}}
{"timestamp": 1779140788, "type": "safe_tx", "device": "node-12-mixed", "metadata": {}}
{"timestamp": 1779140788, "type": "safe_tx", "device": "node-1-clean", "metadata": {}}
{"timestamp": 1779140789, "type": "safe_tx", "device": "node-8-spammer", "metadata": {}}
{"timestamp": 1779140789, "type": "safe_tx", "device": "node-8-spammer", "metadata": {}}
{"timestamp": 1779140789, "type": "safe_tx", "device": "node-5-clean", "metadata": {}}
{"timestamp": 1779140789, "type": "safe_tx", "device": "node-8-spammer", "metadata": {}}
{"timestamp": 1779140789, "type": "safe_tx", "device": "node-8-spammer", "metadata": {}}
{"timestamp": 1779140789, "type": "safe_tx", "device": "node-14-mixed", "metadata": {}}
{"timestamp": 1779140789, "type": "safe_tx", "device": "node-10-fuzzer", "metadata": {}}
{"timestamp": 1779140789, "type": "safe_tx", "device": "node-2-clean", "metadata": {}}
{"timestamp": 1779140789, "type": "safe_tx", "device": "node-13-mixed", "metadata": {}}
{"timestamp": 1779140790, "type": "safe_tx", "device": "node-15-mixed", "metadata": {}}
{"timestamp": 1779140790, "type": "safe_tx", "device": "node-4-clean", "metadata": {}}
{"timestamp": 1779140790, "type": "safe_tx", "device": "node-8-spammer", "metadata": {}}
{"timestamp": 1779140790, "type": "safe_tx", "device": "node-8-spammer", "metadata": {}}
{"timestamp": 1779140790, "type": "fuzzing", "device": "node-10-fuzzer", "metadata": {}}
{"timestamp": 1779140790, "type": "safe_tx", "device": "node-9-stealth", "metadata": {}}
{"timestamp": 1779140790, "type": "safe_tx", "device": "node-5-clean", "metadata": {}}
{"timestamp": 1779140791, "type": "safe_tx", "device": "node-14-mixed", "metadata": {}}
{"timestamp": 1779140791, "type": "safe_tx", "device": "node-15-mixed", "metadata": {}}
{"timestamp": 1779140791, "type": "safe_tx", "device": "node-4-clean", "metadata": {}}
{"timestamp": 1779140791, "type": "safe_tx", "device": "node-10-fuzzer", "metadata": {}}
{"timestamp": 1779140791, "type": "safe_tx", "device": "node-14-mixed", "metadata": {}}
{"timestamp": 1779140791, "type": "safe_tx", "device": "node-3-clean", "metadata": {}}
{"timestamp": 1779140791, "type": "safe_tx", "device": "node-5-clean", "metadata": {}}
{"timestamp": 1779140791, "type": "safe_tx", "device": "node-8-spammer", "metadata": {}}
{"timestamp": 1779140791, "type": "safe_tx", "device": "node-8-spammer", "metadata": {}}
{"timestamp": 1779140791, "type": "safe_tx", "device": "node-3-clean", "metadata": {}}
{"timestamp": 1779140791, "type": "safe_tx", "device": "node-13-mixed", "metadata": {}}
{"timestamp": 1779140792, "type": "safe_tx", "device": "node-1-clean", "metadata": {}}
{"timestamp": 1779140792, "type": "time_anomaly", "device": "node-7-timespoof", "metadata": {}}
{"timestamp": 1779140793, "type": "fuzzing", "device": "node-10-fuzzer", "metadata": {}}
{"timestamp": 1779140793, "type": "safe_tx", "device": "node-9-stealth", "metadata": {}}
{"timestamp": 1779140793, "type": "safe_tx", "device": "node-2-clean", "metadata": {}}
{"timestamp": 1779140793, "type": "time_anomaly", "device": "node-13-mixed", "metadata": {}}
{"timestamp": 1779140793, "type": "time_anomaly", "device": "node-14-mixed", "metadata": {}}
{"timestamp": 1779140793, "type": "safe_tx", "device": "node-8-spammer", "metadata": {}}
{"timestamp": 1779140793, "type": "fuzzing", "device": "node-10-fuzzer", "metadata": {}}
{"timestamp": 1779140794, "type": "safe_tx", "device": "node-4-clean", "metadata": {}}
{"timestamp": 1779140794, "type": "safe_tx", "device": "node-2-clean", "metadata": {}}
{"timestamp": 1779140794, "type": "safe_tx", "device": "node-15-mixed", "metadata": {}}
{"timestamp": 1779140794, "type": "safe_tx", "device": "node-8-spammer", "metadata": {}}
{"timestamp": 1779140794, "type": "safe_tx", "device": "node-8-spammer", "metadata": {}}
{"timestamp": 1779140794, "type": "safe_tx", "device": "node-8-spammer", "metadata": {}}
{"timestamp": 1779140794, "type": "safe_tx", "device": "node-13-mixed", "metadata": {}}
{"timestamp": 1779140794, "type": "safe_tx", "device": "node-8-spammer", "metadata": {}}
{"timestamp": 1779140794, "type": "safe_tx", "device": "node-8-spammer", "metadata": {}}
{"timestamp": 1779140794, "type": "safe_tx", "device": "node-8-spammer", "metadata": {}}
{"timestamp": 1779140794, "type": "safe_tx", "device": "node-8-spammer", "metadata": {}}
{"timestamp": 1779140794, "type": "safe_tx", "device": "node-8-spammer", "metadata": {}}
{"timestamp": 1779140794, "type": "safe_tx", "device": "node-12-mixed", "metadata": {}}
{"timestamp": 1779140794, "type": "safe_tx", "device": "node-8-spammer", "metadata": {}}
{"timestamp": 1779140794, "type": "safe_tx", "device": "node-2-clean", "metadata": {}}
{"timestamp": 1779140794, "type": "safe_tx", "device": "node-8-spammer", "metadata": {}}
{"timestamp": 1779140794, "type": "safe_tx", "device": "node-8-spammer", "metadata": {}}
{"timestamp": 1779140795, "type": "time_anomaly", "device": "node-7-timespoof", "metadata": {}}
{"timestamp": 1779140794, "type": "safe_tx", "device": "node-8-spammer", "metadata": {}}
{"timestamp": 1779140794, "type": "safe_tx", "device": "node-10-fuzzer", "metadata": {}}
{"timestamp": 1779140795, "type": "safe_tx", "device": "node-3-clean", "metadata": {}}
{"timestamp": 1779140795, "type": "safe_tx", "device": "node-5-clean", "metadata": {}}
{"timestamp": 1779140795, "type": "overflow", "device": "node-13-mixed", "metadata": {"count": 3, "window_sec": 30}}
{"timestamp": 1779140795, "type": "safe_tx", "device": "node-2-clean", "metadata": {}}
{"timestamp": 1779140796, "type": "safe_tx", "device": "node-4-clean", "metadata": {}}
{"timestamp": 1779140796, "type": "safe_tx", "device": "node-8-spammer", "metadata": {}}
{"timestamp": 1779140796, "type": "safe_tx", "device": "node-8-spammer", "metadata": {}}
{"timestamp": 1779140796, "type": "safe_tx", "device": "node-1-clean", "metadata": {}}
{"timestamp": 1779140796, "type": "safe_tx", "device": "node-8-spammer", "metadata": {}}
{"timestamp": 1779140796, "type": "dos_spam", "device": "node-8-spammer", "metadata": {}}
{"timestamp": 1779140796, "type": "safe_tx", "device": "node-8-spammer", "metadata": {}}
{"timestamp": 1779140796, "type": "safe_tx", "device": "node-8-spammer", "metadata": {}}
{"timestamp": 1779140796, "type": "safe_tx", "device": "node-8-spammer", "metadata": {}}
{"timestamp": 1779140796, "type": "safe_tx", "device": "node-8-spammer", "metadata": {}}
{"timestamp": 1779140796, "type": "safe_tx", "device": "node-8-spammer", "metadata": {}}
{"timestamp": 1779140796, "type": "safe_tx", "device": "node-8-spammer", "metadata": {}}
{"timestamp": 1779140796, "type": "fuzzing", "device": "node-10-fuzzer", "metadata": {}}
{"timestamp": 1779140797, "type": "safe_tx", "device": "node-5-clean", "metadata": {}}
{"timestamp": 1779140797, "type": "safe_tx", "device": "node-15-mixed", "metadata": {}}
{"timestamp": 1779140797, "type": "safe_tx", "device": "node-3-clean", "metadata": {}}
{"timestamp": 1779140797, "type": "safe_tx", "device": "node-10-fuzzer", "metadata": {}}
{"timestamp": 1779140797, "type": "safe_tx", "device": "node-14-mixed", "metadata": {}}
{"timestamp": 1779140797, "type": "safe_tx", "device": "node-9-stealth", "metadata": {}}
{"timestamp": 1779140798, "type": "safe_tx", "device": "node-9-stealth", "metadata": {}}
{"timestamp": 1779140798, "type": "safe_tx", "device": "node-15-mixed", "metadata": {}}
{"timestamp": 1779140798, "type": "safe_tx", "device": "node-2-clean", "metadata": {}}
{"timestamp": 1779140798, "type": "safe_tx", "device": "node-5-clean", "metadata": {}}
{"timestamp": 1779140798, "type": "time_anomaly", "device": "node-15-mixed", "metadata": {}}
{"timestamp": 1779140798, "type": "safe_tx", "device": "node-2-clean", "metadata": {}}
{"timestamp": 1779140798, "type": "safe_tx", "device": "node-8-spammer", "metadata": {}}
{"timestamp": 1779140798, "type": "safe_tx", "device": "node-13-mixed", "metadata": {}}
{"timestamp": 1779140798, "type": "safe_tx", "device": "node-8-spammer", "metadata": {}}
{"timestamp": 1779140798, "type": "safe_tx", "device": "node-9-stealth", "metadata": {}}
{"timestamp": 1779140798, "type": "safe_tx", "device": "node-8-spammer", "metadata": {}}
{"timestamp": 1779140798, "type": "safe_tx", "device": "node-8-spammer", "metadata": {}}
{"timestamp": 1779140798, "type": "fuzzing", "device": "node-10-fuzzer", "metadata": {}}
{"timestamp": 1779140798, "type": "safe_tx", "device": "node-8-spammer", "metadata": {}}
{"timestamp": 1779140798, "type": "safe_tx", "device": "node-6-overflow", "metadata": {}}
{"timestamp": 1779140798, "type": "safe_tx", "device": "node-8-spammer", "metadata": {}}
{"timestamp": 1779140798, "type": "safe_tx", "device": "node-8-spammer", "metadata": {}}
{"timestamp": 1779140798, "type": "safe_tx", "device": "node-8-spammer", "metadata": {}}
{"timestamp": 1779140798, "type": "dos_spam", "device": "node-8-spammer", "metadata": {"count": 30, "window_sec": 5}}
{"timestamp": 1779140798, "type": "safe_tx", "device": "node-8-spammer", "metadata": {}}
{"timestamp": 1779140798, "type": "dos_spam", "device": "node-8-spammer", "metadata": {}}
{"timestamp": 1779140798, "type": "safe_tx", "device": "node-8-spammer", "metadata": {}}
{"timestamp": 1779140798, "type": "safe_tx", "device": "node-8-spammer", "metadata": {}}
{"timestamp": 1779140798, "type": "safe_tx", "device": "node-1-clean", "metadata": {}}
{"timestamp": 1779140798, "type": "safe_tx", "device": "node-8-spammer", "metadata": {}}
{"timestamp": 1779140799, "type": "safe_tx", "device": "node-8-spammer", "metadata": {}}
{"timestamp": 1779140799, "type": "safe_tx", "device": "node-8-spammer", "metadata": {}}
{"timestamp": 1779140799, "type": "overflow", "device": "node-12-mixed", "metadata": {"count": 3, "window_sec": 30}}
{"timestamp": 1779140799, "type": "safe_tx", "device": "node-8-spammer", "metadata": {}}
{"timestamp": 1779140799, "type": "safe_tx", "device": "node-8-spammer", "metadata": {}}
{"timestamp": 1779140799, "type": "safe_tx", "device": "node-8-spammer", "metadata": {}}
{"timestamp": 1779140799, "type": "safe_tx", "device": "node-8-spammer", "metadata": {}}
{"timestamp": 1779140799, "type": "safe_tx", "device": "node-8-spammer", "metadata": {}}
{"timestamp": 1779140799, "type": "safe_tx", "device": "node-8-spammer", "metadata": {}}
{"timestamp": 1779140799, "type": "safe_tx", "device": "node-8-spammer", "metadata": {}}
{"timestamp": 1779140799, "type": "safe_tx", "device": "node-8-spammer", "metadata": {}}
{"timestamp": 1779140799, "type": "safe_tx", "device": "node-8-spammer", "metadata": {}}
{"timestamp": 1779140799, "type": "safe_tx", "device": "node-8-spammer", "metadata": {}}
{"timestamp": 1779140799, "type": "dos_spam", "device": "node-8-spammer", "metadata": {}}
{"timestamp": 1779140799, "type": "safe_tx", "device": "node-3-clean", "metadata": {}}
{"timestamp": 1779140799, "type": "safe_tx", "device": "node-14-mixed", "metadata": {}}
{"timestamp": 1779140799, "type": "safe_tx", "device": "node-4-clean", "metadata": {}}
{"timestamp": 1779140799, "type": "safe_tx", "device": "node-9-stealth", "metadata": {}}
{"timestamp": 1779140799, "type": "safe_tx", "device": "node-1-clean", "metadata": {}}
{"timestamp": 1779140799, "type": "fuzzing", "device": "node-10-fuzzer", "metadata": {}}
{"timestamp": 1779140799, "type": "overflow", "device": "node-6-overflow", "metadata": {"count": 3, "window_sec": 30}}
{"timestamp": 1779140800, "type": "time_anomaly", "device": "node-7-timespoof", "metadata": {}}
{"timestamp": 1779140800, "type": "safe_tx", "device": "node-12-mixed", "metadata": {}}
{"timestamp": 1779140800, "type": "safe_tx", "device": "node-5-clean", "metadata": {}}
{"timestamp": 1779140800, "type": "time_anomaly", "device": "node-13-mixed", "metadata": {}}
{"timestamp": 1779140800, "type": "fuzzing", "device": "node-10-fuzzer", "metadata": {}}
{"timestamp": 1779140801, "type": "safe_tx", "device": "node-14-mixed", "metadata": {}}
{"timestamp": 1779140801, "type": "safe_tx", "device": "node-8-spammer", "metadata": {}}
{"timestamp": 1779140801, "type": "safe_tx", "device": "node-8-spammer", "metadata": {}}
{"timestamp": 1779140801, "type": "safe_tx", "device": "node-8-spammer", "metadata": {}}
{"timestamp": 1779140801, "type": "safe_tx", "device": "node-8-spammer", "metadata": {}}
{"timestamp": 1779140801, "type": "safe_tx", "device": "node-8-spammer", "metadata": {}}
{"timestamp": 1779140801, "type": "safe_tx", "device": "node-9-stealth", "metadata": {}}
{"timestamp": 1779140801, "type": "safe_tx", "device": "node-3-clean", "metadata": {}}
{"timestamp": 1779140801, "type": "safe_tx", "device": "node-15-mixed", "metadata": {}}
{"timestamp": 1779140801, "type": "safe_tx", "device": "node-12-mixed", "metadata": {}}
{"timestamp": 1779140801, "type": "safe_tx", "device": "node-8-spammer", "metadata": {}}
{"timestamp": 1779140801, "type": "safe_tx", "device": "node-1-clean", "metadata": {}}
{"timestamp": 1779140801, "type": "safe_tx", "device": "node-4-clean", "metadata": {}}
{"timestamp": 1779140802, "type": "safe_tx", "device": "node-8-spammer", "metadata": {}}
{"timestamp": 1779140802, "type": "safe_tx", "device": "node-8-spammer", "metadata": {}}
{"timestamp": 1779140802, "type": "time_anomaly", "device": "node-13-mixed", "metadata": {}}
{"timestamp": 1779140802, "type": "safe_tx", "device": "node-8-spammer", "metadata": {}}
{"timestamp": 1779140802, "type": "safe_tx", "device": "node-9-stealth", "metadata": {}}
{"timestamp": 1779140802, "type": "safe_tx", "device": "node-8-spammer", "metadata": {}}
{"timestamp": 1779140802, "type": "safe_tx", "device": "node-8-spammer", "metadata": {}}
{"timestamp": 1779140802, "type": "safe_tx", "device": "node-8-spammer", "metadata": {}}
{"timestamp": 1779140802, "type": "safe_tx", "device": "node-8-spammer", "metadata": {}}
{"timestamp": 1779140802, "type": "safe_tx", "device": "node-8-spammer", "metadata": {}}
{"timestamp": 1779140802, "type": "dos_spam", "device": "node-8-spammer", "metadata": {"count": 30, "window_sec": 5}}
{"timestamp": 1779140802, "type": "safe_tx", "device": "node-8-spammer", "metadata": {}}
{"timestamp": 1779140802, "type": "dos_spam", "device": "node-8-spammer", "metadata": {}}
{"timestamp": 1779140802, "type": "safe_tx", "device": "node-8-spammer", "metadata": {}}
{"timestamp": 1779140802, "type": "safe_tx", "device": "node-12-mixed", "metadata": {}}
{"timestamp": 1779140802, "type": "fuzzing", "device": "node-10-fuzzer", "metadata": {}}
{"timestamp": 1779140803, "type": "safe_tx", "device": "node-2-clean", "metadata": {}}
{"timestamp": 1779140803, "type": "safe_tx", "device": "node-5-clean", "metadata": {}}
{"timestamp": 1779140803, "type": "safe_tx", "device": "node-8-spammer", "metadata": {}}
{"timestamp": 1779140803, "type": "safe_tx", "device": "node-15-mixed", "metadata": {}}
{"timestamp": 1779140803, "type": "safe_tx", "device": "node-8-spammer", "metadata": {}}
{"timestamp": 1779140803, "type": "safe_tx", "device": "node-8-spammer", "metadata": {}}
{"timestamp": 1779140804, "type": "safe_tx", "device": "node-10-fuzzer", "metadata": {}}
{"timestamp": 1779140804, "type": "safe_tx", "device": "node-8-spammer", "metadata": {}}
{"timestamp": 1779140804, "type": "safe_tx", "device": "node-8-spammer", "metadata": {}}
{"timestamp": 1779140804, "type": "time_anomaly", "device": "node-7-timespoof", "metadata": {}}
{"timestamp": 1779140804, "type": "safe_tx", "device": "node-8-spammer", "metadata": {}}
{"timestamp": 1779140804, "type": "safe_tx", "device": "node-8-spammer", "metadata": {}}
{"timestamp": 1779140804, "type": "safe_tx", "device": "node-8-spammer", "metadata": {}}
{"timestamp": 1779140804, "type": "safe_tx", "device": "node-3-clean", "metadata": {}}
{"timestamp": 1779140804, "type": "safe_tx", "device": "node-3-clean", "metadata": {}}
{"timestamp": 1779140805, "type": "safe_tx", "device": "node-4-clean", "metadata": {}}
{"timestamp": 1779140805, "type": "safe_tx", "device": "node-8-spammer", "metadata": {}}
{"timestamp": 1779140805, "type": "safe_tx", "device": "node-8-spammer", "metadata": {}}
{"timestamp": 1779140805, "type": "safe_tx", "device": "node-8-spammer", "metadata": {}}
{"timestamp": 1779140805, "type": "safe_tx", "device": "node-8-spammer", "metadata": {}}
{"timestamp": 1779140805, "type": "safe_tx", "device": "node-8-spammer", "metadata": {}}
{"timestamp": 1779140805, "type": "safe_tx", "device": "node-8-spammer", "metadata": {}}
{"timestamp": 1779140805, "type": "safe_tx", "device": "node-2-clean", "metadata": {}}
{"timestamp": 1779140805, "type": "safe_tx", "device": "node-8-spammer", "metadata": {}}
{"timestamp": 1779140805, "type": "dos_spam", "device": "node-8-spammer", "metadata": {}}
{"timestamp": 1779140805, "type": "safe_tx", "device": "node-8-spammer", "metadata": {}}
{"timestamp": 1779140805, "type": "safe_tx", "device": "node-5-clean", "metadata": {}}
{"timestamp": 1779140805, "type": "safe_tx", "device": "node-1-clean", "metadata": {}}
{"timestamp": 1779140805, "type": "fuzzing", "device": "node-10-fuzzer", "metadata": {}}
{"timestamp": 1779140806, "type": "safe_tx", "device": "node-14-mixed", "metadata": {}}
{"timestamp": 1779140806, "type": "safe_tx", "device": "node-8-spammer", "metadata": {}}
{"timestamp": 1779140806, "type": "safe_tx", "device": "node-4-clean", "metadata": {}}
{"timestamp": 1779140806, "type": "safe_tx", "device": "node-8-spammer", "metadata": {}}
{"timestamp": 1779140806, "type": "safe_tx", "device": "node-8-spammer", "metadata": {}}
{"timestamp": 1779140806, "type": "safe_tx", "device": "node-8-spammer", "metadata": {}}
{"timestamp": 1779140806, "type": "safe_tx", "device": "node-8-spammer", "metadata": {}}
{"timestamp": 1779140806, "type": "safe_tx", "device": "node-8-spammer", "metadata": {}}
{"timestamp": 1779140806, "type": "safe_tx", "device": "node-8-spammer", "metadata": {}}
{"timestamp": 1779140806, "type": "safe_tx", "device": "node-8-spammer", "metadata": {}}
{"timestamp": 1779140806, "type": "safe_tx", "device": "node-8-spammer", "metadata": {}}
{"timestamp": 1779140806, "type": "safe_tx", "device": "node-8-spammer", "metadata": {}}
{"timestamp": 1779140806, "type": "safe_tx", "device": "node-1-clean", "metadata": {}}
{"timestamp": 1779140806, "type": "safe_tx", "device": "node-8-spammer", "metadata": {}}
{"timestamp": 1779140806, "type": "safe_tx", "device": "node-8-spammer", "metadata": {}}
{"timestamp": 1779140806, "type": "dos_spam", "device": "node-8-spammer", "metadata": {"count": 30, "window_sec": 5}}
{"timestamp": 1779140807, "type": "safe_tx", "device": "node-9-stealth", "metadata": {}}
{"timestamp": 1779140807, "type": "safe_tx", "device": "node-10-fuzzer", "metadata": {}}
{"timestamp": 1779140807, "type": "safe_tx", "device": "node-12-mixed", "metadata": {}}
{"timestamp": 1779140808, "type": "safe_tx", "device": "node-6-overflow", "metadata": {}}
{"timestamp": 1779140808, "type": "safe_tx", "device": "node-4-clean", "metadata": {}}
{"timestamp": 1779140808, "type": "safe_tx", "device": "node-2-clean", "metadata": {}}
{"timestamp": 1779140808, "type": "safe_tx", "device": "node-15-mixed", "metadata": {}}
{"timestamp": 1779140808, "type": "safe_tx", "device": "node-13-mixed", "metadata": {}}
{"timestamp": 1779140808, "type": "safe_tx", "device": "node-3-clean", "metadata": {}}
{"timestamp": 1779140808, "type": "safe_tx", "device": "node-11-pulsing", "metadata": {}}
{"timestamp": 1779140808, "type": "safe_tx", "device": "node-11-pulsing", "metadata": {}}
{"timestamp": 1779140808, "type": "safe_tx", "device": "node-11-pulsing", "metadata": {}}
{"timestamp": 1779140808, "type": "safe_tx", "device": "node-11-pulsing", "metadata": {}}
{"timestamp": 1779140808, "type": "safe_tx", "device": "node-8-spammer", "metadata": {}}
{"timestamp": 1779140808, "type": "safe_tx", "device": "node-11-pulsing", "metadata": {}}
{"timestamp": 1779140809, "type": "safe_tx", "device": "node-8-spammer", "metadata": {}}
{"timestamp": 1779140809, "type": "safe_tx", "device": "node-11-pulsing", "metadata": {}}
{"timestamp": 1779140809, "type": "safe_tx", "device": "node-14-mixed", "metadata": {}}
{"timestamp": 1779140809, "type": "safe_tx", "device": "node-8-spammer", "metadata": {}}
{"timestamp": 1779140809, "type": "safe_tx", "device": "node-11-pulsing", "metadata": {}}
{"timestamp": 1779140809, "type": "safe_tx", "device": "node-8-spammer", "metadata": {}}
{"timestamp": 1779140809, "type": "overflow", "device": "node-6-overflow", "metadata": {"count": 3, "window_sec": 30}}
{"timestamp": 1779140809, "type": "safe_tx", "device": "node-8-spammer", "metadata": {}}
{"timestamp": 1779140809, "type": "safe_tx", "device": "node-11-pulsing", "metadata": {}}
{"timestamp": 1779140809, "type": "safe_tx", "device": "node-11-pulsing", "metadata": {}}
{"timestamp": 1779140809, "type": "fuzzing", "device": "node-10-fuzzer", "metadata": {}}
{"timestamp": 1779140809, "type": "safe_tx", "device": "node-11-pulsing", "metadata": {}}
{"timestamp": 1779140809, "type": "safe_tx", "device": "node-11-pulsing", "metadata": {}}
{"timestamp": 1779140809, "type": "safe_tx", "device": "node-11-pulsing", "metadata": {}}
{"timestamp": 1779140809, "type": "safe_tx", "device": "node-11-pulsing", "metadata": {}}
{"timestamp": 1779140809, "type": "safe_tx", "device": "node-11-pulsing", "metadata": {}}
{"timestamp": 1779140809, "type": "safe_tx", "device": "node-11-pulsing", "metadata": {}}
{"timestamp": 1779140809, "type": "dos_spam", "device": "node-11-pulsing", "metadata": {}}
{"timestamp": 1779140809, "type": "safe_tx", "device": "node-11-pulsing", "metadata": {}}
{"timestamp": 1779140809, "type": "safe_tx", "device": "node-11-pulsing", "metadata": {}}
{"timestamp": 1779140809, "type": "safe_tx", "device": "node-11-pulsing", "metadata": {}}
{"timestamp": 1779140809, "type": "safe_tx", "device": "node-1-clean", "metadata": {}}
{"timestamp": 1779140809, "type": "safe_tx", "device": "node-12-mixed", "metadata": {}}
{"timestamp": 1779140809, "type": "safe_tx", "device": "node-11-pulsing", "metadata": {}}
{"timestamp": 1779140809, "type": "safe_tx", "device": "node-3-clean", "metadata": {}}
{"timestamp": 1779140809, "type": "safe_tx", "device": "node-11-pulsing", "metadata": {}}
{"timestamp": 1779140809, "type": "safe_tx", "device": "node-9-stealth", "metadata": {}}
{"timestamp": 1779140810, "type": "safe_tx", "device": "node-5-clean", "metadata": {}}
{"timestamp": 1779140810, "type": "safe_tx", "device": "node-8-spammer", "metadata": {}}
{"timestamp": 1779140810, "type": "safe_tx", "device": "node-8-spammer", "metadata": {}}
{"timestamp": 1779140810, "type": "safe_tx", "device": "node-8-spammer", "metadata": {}}
{"timestamp": 1779140810, "type": "time_anomaly", "device": "node-7-timespoof", "metadata": {}}
{"timestamp": 1779140810, "type": "safe_tx", "device": "node-13-mixed", "metadata": {}}
{"timestamp": 1779140810, "type": "safe_tx", "device": "node-9-stealth", "metadata": {}}
{"timestamp": 1779140810, "type": "fuzzing", "device": "node-10-fuzzer", "metadata": {}}
{"timestamp": 1779140811, "type": "safe_tx", "device": "node-8-spammer", "metadata": {}}
{"timestamp": 1779140811, "type": "safe_tx", "device": "node-8-spammer", "metadata": {}}
{"timestamp": 1779140811, "type": "fuzzing", "device": "node-10-fuzzer", "metadata": {}}
{"timestamp": 1779140811, "type": "safe_tx", "device": "node-4-clean", "metadata": {}}
{"timestamp": 1779140811, "type": "safe_tx", "device": "node-15-mixed", "metadata": {}}
{"timestamp": 1779140812, "type": "safe_tx", "device": "node-2-clean", "metadata": {}}
{"timestamp": 1779140812, "type": "safe_tx", "device": "node-8-spammer", "metadata": {}}
{"timestamp": 1779140812, "type": "safe_tx", "device": "node-8-spammer", "metadata": {}}
{"timestamp": 1779140812, "type": "safe_tx", "device": "node-2-clean", "metadata": {}}
{"timestamp": 1779140812, "type": "safe_tx", "device": "node-8-spammer", "metadata": {}}
{"timestamp": 1779140812, "type": "safe_tx", "device": "node-14-mixed", "metadata": {}}
{"timestamp": 1779140812, "type": "safe_tx", "device": "node-8-spammer", "metadata": {}}
{"timestamp": 1779140812, "type": "safe_tx", "device": "node-8-spammer", "metadata": {}}
{"timestamp": 1779140812, "type": "safe_tx", "device": "node-8-spammer", "metadata": {}}
{"timestamp": 1779140812, "type": "safe_tx", "device": "node-8-spammer", "metadata": {}}
{"timestamp": 1779140812, "type": "time_anomaly", "device": "node-13-mixed", "metadata": {}}
{"timestamp": 1779140812, "type": "safe_tx", "device": "node-8-spammer", "metadata": {}}
{"timestamp": 1779140812, "type": "safe_tx", "device": "node-10-fuzzer", "metadata": {}}
{"timestamp": 1779140812, "type": "safe_tx", "device": "node-8-spammer", "metadata": {}}
{"timestamp": 1779140812, "type": "safe_tx", "device": "node-9-stealth", "metadata": {}}
{"timestamp": 1779140812, "type": "safe_tx", "device": "node-8-spammer", "metadata": {}}
{"timestamp": 1779140812, "type": "dos_spam", "device": "node-8-spammer", "metadata": {}}
{"timestamp": 1779140813, "type": "safe_tx", "device": "node-12-mixed", "metadata": {}}
{"timestamp": 1779140813, "type": "safe_tx", "device": "node-3-clean", "metadata": {}}
{"timestamp": 1779140813, "type": "safe_tx", "device": "node-15-mixed", "metadata": {}}
{"timestamp": 1779140813, "type": "safe_tx", "device": "node-2-clean", "metadata": {}}
{"timestamp": 1779140813, "type": "safe_tx", "device": "node-12-mixed", "metadata": {}}
{"timestamp": 1779140813, "type": "safe_tx", "device": "node-1-clean", "metadata": {}}
{"timestamp": 1779140813, "type": "safe_tx", "device": "node-9-stealth", "metadata": {}}
{"timestamp": 1779140813, "type": "safe_tx", "device": "node-5-clean", "metadata": {}}
{"timestamp": 1779140814, "type": "safe_tx", "device": "node-4-clean", "metadata": {}}
{"timestamp": 1779140814, "type": "safe_tx", "device": "node-8-spammer", "metadata": {}}
{"timestamp": 1779140814, "type": "overflow", "device": "node-12-mixed", "metadata": {"count": 3, "window_sec": 30}}
{"timestamp": 1779140814, "type": "safe_tx", "device": "node-10-fuzzer", "metadata": {}}
{"timestamp": 1779140814, "type": "safe_tx", "device": "node-5-clean", "metadata": {}}
{"timestamp": 1779140814, "type": "safe_tx", "device": "node-5-clean", "metadata": {}}
{"timestamp": 1779140814, "type": "safe_tx", "device": "node-1-clean", "metadata": {}}
{"timestamp": 1779140814, "type": "safe_tx", "device": "node-12-mixed", "metadata": {}}
{"timestamp": 1779140814, "type": "safe_tx", "device": "node-14-mixed", "metadata": {}}
{"timestamp": 1779140815, "type": "safe_tx", "device": "node-8-spammer", "metadata": {}}
{"timestamp": 1779140815, "type": "safe_tx", "device": "node-8-spammer", "metadata": {}}
{"timestamp": 1779140815, "type": "safe_tx", "device": "node-8-spammer", "metadata": {}}
{"timestamp": 1779140815, "type": "time_anomaly", "device": "node-7-timespoof", "metadata": {}}
{"timestamp": 1779140815, "type": "time_anomaly", "device": "node-13-mixed", "metadata": {}}
{"timestamp": 1779140816, "type": "safe_tx", "device": "node-15-mixed", "metadata": {}}
{"timestamp": 1779140816, "type": "safe_tx", "device": "node-9-stealth", "metadata": {}}
{"timestamp": 1779140816, "type": "time_anomaly", "device": "node-12-mixed", "metadata": {}}
{"timestamp": 1779140816, "type": "safe_tx", "device": "node-2-clean", "metadata": {}}
{"timestamp": 1779140816, "type": "safe_tx", "device": "node-10-fuzzer", "metadata": {}}
{"timestamp": 1779140816, "type": "safe_tx", "device": "node-8-spammer", "metadata": {}}
{"timestamp": 1779140816, "type": "safe_tx", "device": "node-4-clean", "metadata": {}}
{"timestamp": 1779140817, "type": "time_anomaly", "device": "node-13-mixed", "metadata": {}}
{"timestamp": 1779140817, "type": "safe_tx", "device": "node-3-clean", "metadata": {}}
{"timestamp": 1779140817, "type": "safe_tx", "device": "node-15-mixed", "metadata": {}}
{"timestamp": 1779140817, "type": "safe_tx", "device": "node-9-stealth", "metadata": {}}
{"timestamp": 1779140817, "type": "safe_tx", "device": "node-8-spammer", "metadata": {}}
{"timestamp": 1779140817, "type": "safe_tx", "device": "node-8-spammer", "metadata": {}}
{"timestamp": 1779140817, "type": "safe_tx", "device": "node-8-spammer", "metadata": {}}
{"timestamp": 1779140817, "type": "safe_tx", "device": "node-8-spammer", "metadata": {}}
{"timestamp": 1779140817, "type": "safe_tx", "device": "node-1-clean", "metadata": {}}
{"timestamp": 1779140818, "type": "overflow", "device": "node-6-overflow", "metadata": {"count": 3, "window_sec": 30}}
{"timestamp": 1779140818, "type": "safe_tx", "device": "node-8-spammer", "metadata": {}}
{"timestamp": 1779140818, "type": "safe_tx", "device": "node-8-spammer", "metadata": {}}
{"timestamp": 1779140818, "type": "safe_tx", "device": "node-8-spammer", "metadata": {}}
{"timestamp": 1779140818, "type": "safe_tx", "device": "node-13-mixed", "metadata": {}}
{"timestamp": 1779140818, "type": "fuzzing", "device": "node-10-fuzzer", "metadata": {}}
{"timestamp": 1779140818, "type": "safe_tx", "device": "node-8-spammer", "metadata": {}}
{"timestamp": 1779140818, "type": "safe_tx", "device": "node-2-clean", "metadata": {}}
{"timestamp": 1779140818, "type": "safe_tx", "device": "node-8-spammer", "metadata": {}}
{"timestamp": 1779140818, "type": "safe_tx", "device": "node-8-spammer", "metadata": {}}
{"timestamp": 1779140818, "type": "safe_tx", "device": "node-8-spammer", "metadata": {}}
{"timestamp": 1779140818, "type": "safe_tx", "device": "node-8-spammer", "metadata": {}}
{"timestamp": 1779140818, "type": "safe_tx", "device": "node-8-spammer", "metadata": {}}
{"timestamp": 1779140818, "type": "safe_tx", "device": "node-8-spammer", "metadata": {}}
{"timestamp": 1779140818, "type": "dos_spam", "device": "node-8-spammer", "metadata": {}}
{"timestamp": 1779140818, "type": "safe_tx", "device": "node-12-mixed", "metadata": {}}
{"timestamp": 1779140818, "type": "time_anomaly", "device": "node-7-timespoof", "metadata": {}}
{"timestamp": 1779140818, "type": "safe_tx", "device": "node-5-clean", "metadata": {}}
{"timestamp": 1779140819, "type": "safe_tx", "device": "node-8-spammer", "metadata": {}}
{"timestamp": 1779140819, "type": "safe_tx", "device": "node-8-spammer", "metadata": {}}
{"timestamp": 1779140819, "type": "safe_tx", "device": "node-8-spammer", "metadata": {}}
{"timestamp": 1779140819, "type": "safe_tx", "device": "node-8-spammer", "metadata": {}}
{"timestamp": 1779140819, "type": "safe_tx", "device": "node-8-spammer", "metadata": {}}
{"timestamp": 1779140819, "type": "safe_tx", "device": "node-9-stealth", "metadata": {}}
{"timestamp": 1779140819, "type": "fuzzing", "device": "node-10-fuzzer", "metadata": {}}
{"timestamp": 1779140819, "type": "safe_tx", "device": "node-13-mixed", "metadata": {}}
{"timestamp": 1779140819, "type": "safe_tx", "device": "node-4-clean", "metadata": {}}
{"timestamp": 1779140820, "type": "safe_tx", "device": "node-8-spammer", "metadata": {}}
{"timestamp": 1779140820, "type": "safe_tx", "device": "node-8-spammer", "metadata": {}}
{"timestamp": 1779140820, "type": "safe_tx", "device": "node-8-spammer", "metadata": {}}
{"timestamp": 1779140820, "type": "time_anomaly", "device": "node-12-mixed", "metadata": {}}
{"timestamp": 1779140820, "type": "safe_tx", "device": "node-15-mixed", "metadata": {}}
{"timestamp": 1779140820, "type": "safe_tx", "device": "node-14-mixed", "metadata": {}}
{"timestamp": 1779140820, "type": "safe_tx", "device": "node-3-clean", "metadata": {}}
{"timestamp": 1779140820, "type": "safe_tx", "device": "node-5-clean", "metadata": {}}
{"timestamp": 1779140820, "type": "fuzzing", "device": "node-10-fuzzer", "metadata": {}}
{"timestamp": 1779140821, "type": "safe_tx", "device": "node-9-stealth", "metadata": {}}
{"timestamp": 1779140821, "type": "safe_tx", "device": "node-5-clean", "metadata": {}}
{"timestamp": 1779140821, "type": "safe_tx", "device": "node-3-clean", "metadata": {}}
{"timestamp": 1779140821, "type": "safe_tx", "device": "node-2-clean", "metadata": {}}
{"timestamp": 1779140821, "type": "safe_tx", "device": "node-5-clean", "metadata": {}}
{"timestamp": 1779140821, "type": "safe_tx", "device": "node-1-clean", "metadata": {}}
{"timestamp": 1779140821, "type": "safe_tx", "device": "node-8-spammer", "metadata": {}}
{"timestamp": 1779140821, "type": "safe_tx", "device": "node-8-spammer", "metadata": {}}
{"timestamp": 1779140821, "type": "safe_tx", "device": "node-8-spammer", "metadata": {}}
{"timestamp": 1779140821, "type": "safe_tx", "device": "node-8-spammer", "metadata": {}}
{"timestamp": 1779140822, "type": "safe_tx", "device": "node-8-spammer", "metadata": {}}
{"timestamp": 1779140822, "type": "safe_tx", "device": "node-1-clean", "metadata": {}}
{"timestamp": 1779140822, "type": "overflow", "device": "node-15-mixed", "metadata": {"count": 3, "window_sec": 30}}
{"timestamp": 1779140823, "type": "safe_tx", "device": "node-3-clean", "metadata": {}}
{"timestamp": 1779140823, "type": "safe_tx", "device": "node-13-mixed", "metadata": {}}
{"timestamp": 1779140823, "type": "safe_tx", "device": "node-8-spammer", "metadata": {}}
{"timestamp": 1779140823, "type": "time_anomaly", "device": "node-7-timespoof", "metadata": {}}
{"timestamp": 1779140823, "type": "safe_tx", "device": "node-8-spammer", "metadata": {}}
{"timestamp": 1779140823, "type": "safe_tx", "device": "node-4-clean", "metadata": {}}
{"timestamp": 1779140823, "type": "safe_tx", "device": "node-9-stealth", "metadata": {}}
{"timestamp": 1779140823, "type": "safe_tx", "device": "node-10-fuzzer", "metadata": {}}
{"timestamp": 1779140824, "type": "safe_tx", "device": "node-15-mixed", "metadata": {}}
{"timestamp": 1779140824, "type": "time_anomaly", "device": "node-13-mixed", "metadata": {}}
{"timestamp": 1779140824, "type": "safe_tx", "device": "node-12-mixed", "metadata": {}}
{"timestamp": 1779140824, "type": "safe_tx", "device": "node-15-mixed", "metadata": {}}
{"timestamp": 1779140825, "type": "safe_tx", "device": "node-5-clean", "metadata": {}}
{"timestamp": 1779140825, "type": "time_anomaly", "device": "node-13-mixed", "metadata": {}}
{"timestamp": 1779140825, "type": "safe_tx", "device": "node-6-overflow", "metadata": {}}
{"timestamp": 1779140825, "type": "safe_tx", "device": "node-8-spammer", "metadata": {}}
{"timestamp": 1779140825, "type": "safe_tx", "device": "node-1-clean", "metadata": {}}
{"timestamp": 1779140825, "type": "safe_tx", "device": "node-8-spammer", "metadata": {}}
{"timestamp": 1779140825, "type": "safe_tx", "device": "node-2-clean", "metadata": {}}
{"timestamp": 1779140825, "type": "safe_tx", "device": "node-8-spammer", "metadata": {}}
{"timestamp": 1779140825, "type": "safe_tx", "device": "node-8-spammer", "metadata": {}}
{"timestamp": 1779140825, "type": "safe_tx", "device": "node-8-spammer", "metadata": {}}
{"timestamp": 1779140825, "type": "safe_tx", "device": "node-8-spammer", "metadata": {}}
{"timestamp": 1779140825, "type": "safe_tx", "device": "node-8-spammer", "metadata": {}}
{"timestamp": 1779140825, "type": "time_anomaly", "device": "node-12-mixed", "metadata": {}}
{"timestamp": 1779140825, "type": "overflow", "device": "node-14-mixed", "metadata": {"count": 3, "window_sec": 30}}
{"timestamp": 1779140826, "type": "safe_tx", "device": "node-4-clean", "metadata": {}}
{"timestamp": 1779140826, "type": "safe_tx", "device": "node-1-clean", "metadata": {}}
{"timestamp": 1779140826, "type": "safe_tx", "device": "node-5-clean", "metadata": {}}
{"timestamp": 1779140826, "type": "safe_tx", "device": "node-15-mixed", "metadata": {}}
{"timestamp": 1779140826, "type": "safe_tx", "device": "node-1-clean", "metadata": {}}
{"timestamp": 1779140826, "type": "fuzzing", "device": "node-10-fuzzer", "metadata": {}}
{"timestamp": 1779140827, "type": "safe_tx", "device": "node-2-clean", "metadata": {}}
{"timestamp": 1779140827, "type": "overflow", "device": "node-13-mixed", "metadata": {"count": 3, "window_sec": 30}}
{"timestamp": 1779140827, "type": "safe_tx", "device": "node-1-clean", "metadata": {}}
{"timestamp": 1779140827, "type": "safe_tx", "device": "node-6-overflow", "metadata": {}}
{"timestamp": 1779140827, "type": "safe_tx", "device": "node-9-stealth", "metadata": {}}
{"timestamp": 1779140828, "type": "safe_tx", "device": "node-10-fuzzer", "metadata": {}}
{"timestamp": 1779140828, "type": "time_anomaly", "device": "node-7-timespoof", "metadata": {}}
{"timestamp": 1779140828, "type": "safe_tx", "device": "node-8-spammer", "metadata": {}}
{"timestamp": 1779140828, "type": "safe_tx", "device": "node-8-spammer", "metadata": {}}
{"timestamp": 1779140828, "type": "safe_tx", "device": "node-8-spammer", "metadata": {}}
{"timestamp": 1779140828, "type": "safe_tx", "device": "node-8-spammer", "metadata": {}}
{"timestamp": 1779140828, "type": "safe_tx", "device": "node-4-clean", "metadata": {}}
{"timestamp": 1779140828, "type": "safe_tx", "device": "node-13-mixed", "metadata": {}}
{"timestamp": 1779140828, "type": "safe_tx", "device": "node-12-mixed", "metadata": {}}
{"timestamp": 1779140828, "type": "safe_tx", "device": "node-5-clean", "metadata": {}}
{"timestamp": 1779140829, "type": "safe_tx", "device": "node-14-mixed", "metadata": {}}
{"timestamp": 1779140829, "type": "safe_tx", "device": "node-4-clean", "metadata": {}}
{"timestamp": 1779140829, "type": "safe_tx", "device": "node-1-clean", "metadata": {}}
{"timestamp": 1779140829, "type": "safe_tx", "device": "node-9-stealth", "metadata": {}}
{"timestamp": 1779140829, "type": "safe_tx", "device": "node-15-mixed", "metadata": {}}
{"timestamp": 1779140829, "type": "safe_tx", "device": "node-10-fuzzer", "metadata": {}}
{"timestamp": 1779140829, "type": "safe_tx", "device": "node-3-clean", "metadata": {}}
{"timestamp": 1779140829, "type": "safe_tx", "device": "node-8-spammer", "metadata": {}}
{"timestamp": 1779140829, "type": "safe_tx", "device": "node-8-spammer", "metadata": {}}
{"timestamp": 1779140829, "type": "safe_tx", "device": "node-8-spammer", "metadata": {}}
{"timestamp": 1779140830, "type": "safe_tx", "device": "node-12-mixed", "metadata": {}}
{"timestamp": 1779140830, "type": "safe_tx", "device": "node-3-clean", "metadata": {}}
{"timestamp": 1779140830, "type": "safe_tx", "device": "node-5-clean", "metadata": {}}
{"timestamp": 1779140830, "type": "safe_tx", "device": "node-2-clean", "metadata": {}}
{"timestamp": 1779140831, "type": "safe_tx", "device": "node-8-spammer", "metadata": {}}
{"timestamp": 1779140831, "type": "safe_tx", "device": "node-8-spammer", "metadata": {}}
{"timestamp": 1779140831, "type": "time_anomaly", "device": "node-7-timespoof", "metadata": {}}
{"timestamp": 1779140831, "type": "safe_tx", "device": "node-8-spammer", "metadata": {}}
{"timestamp": 1779140831, "type": "safe_tx", "device": "node-8-spammer", "metadata": {}}
{"timestamp": 1779140831, "type": "safe_tx", "device": "node-8-spammer", "metadata": {}}
{"timestamp": 1779140831, "type": "safe_tx", "device": "node-8-spammer", "metadata": {}}
{"timestamp": 1779140831, "type": "safe_tx", "device": "node-8-spammer", "metadata": {}}
{"timestamp": 1779140831, "type": "safe_tx", "device": "node-10-fuzzer", "metadata": {}}
{"timestamp": 1779140831, "type": "overflow", "device": "node-9-stealth", "metadata": {"count": 3, "window_sec": 30}}
{"timestamp": 1779140831, "type": "safe_tx", "device": "node-15-mixed", "metadata": {}}
{"timestamp": 1779140831, "type": "safe_tx", "device": "node-13-mixed", "metadata": {}}
{"timestamp": 1779140831, "type": "safe_tx", "device": "node-14-mixed", "metadata": {}}
{"timestamp": 1779140832, "type": "time_anomaly", "device": "node-12-mixed", "metadata": {}}
{"timestamp": 1779140832, "type": "safe_tx", "device": "node-14-mixed", "metadata": {}}
{"timestamp": 1779140832, "type": "safe_tx", "device": "node-8-spammer", "metadata": {}}
{"timestamp": 1779140832, "type": "safe_tx", "device": "node-3-clean", "metadata": {}}
{"timestamp": 1779140832, "type": "safe_tx", "device": "node-8-spammer", "metadata": {}}
{"timestamp": 1779140832, "type": "safe_tx", "device": "node-4-clean", "metadata": {}}
{"timestamp": 1779140832, "type": "safe_tx", "device": "node-8-spammer", "metadata": {}}
{"timestamp": 1779140832, "type": "safe_tx", "device": "node-1-clean", "metadata": {}}
{"timestamp": 1779140833, "type": "time_anomaly", "device": "node-12-mixed", "metadata": {}}
{"timestamp": 1779140833, "type": "safe_tx", "device": "node-2-clean", "metadata": {}}
{"timestamp": 1779140833, "type": "safe_tx", "device": "node-5-clean", "metadata": {}}
{"timestamp": 1779140833, "type": "time_anomaly", "device": "node-15-mixed", "metadata": {}}
{"timestamp": 1779140833, "type": "overflow", "device": "node-6-overflow", "metadata": {"count": 3, "window_sec": 30}}
{"timestamp": 1779140833, "type": "safe_tx", "device": "node-11-pulsing", "metadata": {}}
{"timestamp": 1779140833, "type": "safe_tx", "device": "node-11-pulsing", "metadata": {}}
{"timestamp": 1779140833, "type": "safe_tx", "device": "node-11-pulsing", "metadata": {}}
{"timestamp": 1779140833, "type": "safe_tx", "device": "node-11-pulsing", "metadata": {}}
{"timestamp": 1779140833, "type": "safe_tx", "device": "node-8-spammer", "metadata": {}}
{"timestamp": 1779140833, "type": "safe_tx", "device": "node-11-pulsing", "metadata": {}}
{"timestamp": 1779140833, "type": "safe_tx", "device": "node-8-spammer", "metadata": {}}
{"timestamp": 1779140833, "type": "safe_tx", "device": "node-11-pulsing", "metadata": {}}
{"timestamp": 1779140833, "type": "safe_tx", "device": "node-8-spammer", "metadata": {}}
{"timestamp": 1779140833, "type": "safe_tx", "device": "node-8-spammer", "metadata": {}}
{"timestamp": 1779140833, "type": "safe_tx", "device": "node-11-pulsing", "metadata": {}}
{"timestamp": 1779140833, "type": "safe_tx", "device": "node-8-spammer", "metadata": {}}
{"timestamp": 1779140833, "type": "dos_spam", "device": "node-8-spammer", "metadata": {}}
{"timestamp": 1779140833, "type": "safe_tx", "device": "node-8-spammer", "metadata": {}}
{"timestamp": 1779140833, "type": "safe_tx", "device": "node-11-pulsing", "metadata": {}}
{"timestamp": 1779140833, "type": "safe_tx", "device": "node-8-spammer", "metadata": {}}
{"timestamp": 1779140833, "type": "safe_tx", "device": "node-8-spammer", "metadata": {}}
{"timestamp": 1779140833, "type": "safe_tx", "device": "node-8-spammer", "metadata": {}}
{"timestamp": 1779140833, "type": "safe_tx", "device": "node-11-pulsing", "metadata": {}}
{"timestamp": 1779140833, "type": "safe_tx", "device": "node-8-spammer", "metadata": {}}
{"timestamp": 1779140834, "type": "safe_tx", "device": "node-11-pulsing", "metadata": {}}
{"timestamp": 1779140834, "type": "safe_tx", "device": "node-8-spammer", "metadata": {}}
{"timestamp": 1779140834, "type": "safe_tx", "device": "node-10-fuzzer", "metadata": {}}
{"timestamp": 1779140834, "type": "safe_tx", "device": "node-8-spammer", "metadata": {}}
{"timestamp": 1779140834, "type": "safe_tx", "device": "node-11-pulsing", "metadata": {}}
{"timestamp": 1779140834, "type": "safe_tx", "device": "node-8-spammer", "metadata": {}}
{"timestamp": 1779140834, "type": "safe_tx", "device": "node-11-pulsing", "metadata": {}}
{"timestamp": 1779140834, "type": "safe_tx", "device": "node-8-spammer", "metadata": {}}
{"timestamp": 1779140834, "type": "safe_tx", "device": "node-11-pulsing", "metadata": {}}
{"timestamp": 1779140834, "type": "safe_tx", "device": "node-11-pulsing", "metadata": {}}
{"timestamp": 1779140834, "type": "safe_tx", "device": "node-11-pulsing", "metadata": {}}
{"timestamp": 1779140834, "type": "dos_spam", "device": "node-11-pulsing", "metadata": {}}
{"timestamp": 1779140834, "type": "safe_tx", "device": "node-9-stealth", "metadata": {}}
{"timestamp": 1779140834, "type": "safe_tx", "device": "node-11-pulsing", "metadata": {}}
{"timestamp": 1779140834, "type": "safe_tx", "device": "node-11-pulsing", "metadata": {}}
{"timestamp": 1779140834, "type": "safe_tx", "device": "node-11-pulsing", "metadata": {}}
{"timestamp": 1779140834, "type": "safe_tx", "device": "node-2-clean", "metadata": {}}
{"timestamp": 1779140834, "type": "safe_tx", "device": "node-11-pulsing", "metadata": {}}
{"timestamp": 1779140834, "type": "safe_tx", "device": "node-11-pulsing", "metadata": {}}
{"timestamp": 1779140834, "type": "safe_tx", "device": "node-10-fuzzer", "metadata": {}}
{"timestamp": 1779140834, "type": "safe_tx", "device": "node-1-clean", "metadata": {}}
{"timestamp": 1779140834, "type": "safe_tx", "device": "node-8-spammer", "metadata": {}}
{"timestamp": 1779140834, "type": "safe_tx", "device": "node-13-mixed", "metadata": {}}
{"timestamp": 1779140834, "type": "safe_tx", "device": "node-8-spammer", "metadata": {}}
{"timestamp": 1779140834, "type": "safe_tx", "device": "node-8-spammer", "metadata": {}}
{"timestamp": 1779140834, "type": "dos_spam", "device": "node-8-spammer", "metadata": {"count": 30, "window_sec": 5}}
{"timestamp": 1779140835, "type": "safe_tx", "device": "node-8-spammer", "metadata": {}}
{"timestamp": 1779140835, "type": "time_anomaly", "device": "node-15-mixed", "metadata": {}}
{"timestamp": 1779140835, "type": "safe_tx", "device": "node-13-mixed", "metadata": {}}
{"timestamp": 1779140835, "type": "time_anomaly", "device": "node-7-timespoof", "metadata": {}}
{"timestamp": 1779140835, "type": "safe_tx", "device": "node-12-mixed", "metadata": {}}
{"timestamp": 1779140835, "type": "safe_tx", "device": "node-10-fuzzer", "metadata": {}}
{"timestamp": 1779140835, "type": "safe_tx", "device": "node-8-spammer", "metadata": {}}
{"timestamp": 1779140835, "type": "safe_tx", "device": "node-8-spammer", "metadata": {}}
{"timestamp": 1779140835, "type": "dos_spam", "device": "node-8-spammer", "metadata": {}}
{"timestamp": 1779140835, "type": "safe_tx", "device": "node-8-spammer", "metadata": {}}
{"timestamp": 1779140836, "type": "safe_tx", "device": "node-8-spammer", "metadata": {}}
{"timestamp": 1779140836, "type": "safe_tx", "device": "node-8-spammer", "metadata": {}}
{"timestamp": 1779140836, "type": "safe_tx", "device": "node-8-spammer", "metadata": {}}
{"timestamp": 1779140836, "type": "safe_tx", "device": "node-8-spammer", "metadata": {}}
{"timestamp": 1779140836, "type": "safe_tx", "device": "node-8-spammer", "metadata": {}}
{"timestamp": 1779140836, "type": "safe_tx", "device": "node-8-spammer", "metadata": {}}
{"timestamp": 1779140836, "type": "safe_tx", "device": "node-13-mixed", "metadata": {}}
{"timestamp": 1779140836, "type": "safe_tx", "device": "node-5-clean", "metadata": {}}
{"timestamp": 1779140836, "type": "time_anomaly", "device": "node-14-mixed", "metadata": {}}
{"timestamp": 1779140836, "type": "time_anomaly", "device": "node-12-mixed", "metadata": {}}
{"timestamp": 1779140836, "type": "safe_tx", "device": "node-4-clean", "metadata": {}}
{"timestamp": 1779140836, "type": "safe_tx", "device": "node-9-stealth", "metadata": {}}
{"timestamp": 1779140836, "type": "safe_tx", "device": "node-8-spammer", "metadata": {}}
{"timestamp": 1779140836, "type": "safe_tx", "device": "node-15-mixed", "metadata": {}}
{"timestamp": 1779140836, "type": "safe_tx", "device": "node-8-spammer", "metadata": {}}
{"timestamp": 1779140836, "type": "safe_tx", "device": "node-8-spammer", "metadata": {}}
{"timestamp": 1779140836, "type": "safe_tx", "device": "node-8-spammer", "metadata": {}}
{"timestamp": 1779140836, "type": "safe_tx", "device": "node-1-clean", "metadata": {}}
{"timestamp": 1779140837, "type": "safe_tx", "device": "node-8-spammer", "metadata": {}}
{"timestamp": 1779140837, "type": "safe_tx", "device": "node-5-clean", "metadata": {}}
{"timestamp": 1779140837, "type": "safe_tx", "device": "node-10-fuzzer", "metadata": {}}
{"timestamp": 1779140837, "type": "safe_tx", "device": "node-2-clean", "metadata": {}}
{"timestamp": 1779140838, "type": "safe_tx", "device": "node-9-stealth", "metadata": {}}
{"timestamp": 1779140838, "type": "safe_tx", "device": "node-3-clean", "metadata": {}}
{"timestamp": 1779140838, "type": "safe_tx", "device": "node-8-spammer", "metadata": {}}
{"timestamp": 1779140838, "type": "safe_tx", "device": "node-8-spammer", "metadata": {}}
{"timestamp": 1779140838, "type": "safe_tx", "device": "node-8-spammer", "metadata": {}}
{"timestamp": 1779140838, "type": "safe_tx", "device": "node-8-spammer", "metadata": {}}
{"timestamp": 1779140838, "type": "dos_spam", "device": "node-8-spammer", "metadata": {}}
{"timestamp": 1779140838, "type": "safe_tx", "device": "node-4-clean", "metadata": {}}
{"timestamp": 1779140838, "type": "safe_tx", "device": "node-1-clean", "metadata": {}}
{"timestamp": 1779140839, "type": "safe_tx", "device": "node-8-spammer", "metadata": {}}
{"timestamp": 1779140839, "type": "safe_tx", "device": "node-8-spammer", "metadata": {}}
{"timestamp": 1779140839, "type": "fuzzing", "device": "node-10-fuzzer", "metadata": {}}
{"timestamp": 1779140839, "type": "safe_tx", "device": "node-14-mixed", "metadata": {}}
{"timestamp": 1779140839, "type": "safe_tx", "device": "node-8-spammer", "metadata": {}}
{"timestamp": 1779140839, "type": "safe_tx", "device": "node-8-spammer", "metadata": {}}
{"timestamp": 1779140839, "type": "safe_tx", "device": "node-13-mixed", "metadata": {}}
{"timestamp": 1779140839, "type": "safe_tx", "device": "node-12-mixed", "metadata": {}}
{"timestamp": 1779140839, "type": "safe_tx", "device": "node-8-spammer", "metadata": {}}
{"timestamp": 1779140839, "type": "safe_tx", "device": "node-10-fuzzer", "metadata": {}}
{"timestamp": 1779140839, "type": "safe_tx", "device": "node-8-spammer", "metadata": {}}
{"timestamp": 1779140839, "type": "safe_tx", "device": "node-8-spammer", "metadata": {}}
{"timestamp": 1779140839, "type": "safe_tx", "device": "node-8-spammer", "metadata": {}}
{"timestamp": 1779140840, "type": "safe_tx", "device": "node-8-spammer", "metadata": {}}
{"timestamp": 1779140840, "type": "safe_tx", "device": "node-13-mixed", "metadata": {}}
{"timestamp": 1779140840, "type": "safe_tx", "device": "node-4-clean", "metadata": {}}
{"timestamp": 1779140840, "type": "safe_tx", "device": "node-9-stealth", "metadata": {}}
{"timestamp": 1779140840, "type": "safe_tx", "device": "node-8-spammer", "metadata": {}}
{"timestamp": 1779140841, "type": "overflow", "device": "node-6-overflow", "metadata": {"count": 3, "window_sec": 30}}
{"timestamp": 1779140841, "type": "safe_tx", "device": "node-5-clean", "metadata": {}}
{"timestamp": 1779140841, "type": "safe_tx", "device": "node-13-mixed", "metadata": {}}
{"timestamp": 1779140841, "type": "time_anomaly", "device": "node-7-timespoof", "metadata": {}}
{"timestamp": 1779140841, "type": "safe_tx", "device": "node-8-spammer", "metadata": {}}
{"timestamp": 1779140841, "type": "fuzzing", "device": "node-10-fuzzer", "metadata": {}}
{"timestamp": 1779140841, "type": "safe_tx", "device": "node-1-clean", "metadata": {}}
{"timestamp": 1779140841, "type": "safe_tx", "device": "node-3-clean", "metadata": {}}
{"timestamp": 1779140841, "type": "safe_tx", "device": "node-2-clean", "metadata": {}}
{"timestamp": 1779140841, "type": "safe_tx", "device": "node-5-clean", "metadata": {}}
{"timestamp": 1779140842, "type": "safe_tx", "device": "node-14-mixed", "metadata": {}}
{"timestamp": 1779140842, "type": "time_anomaly", "device": "node-15-mixed", "metadata": {}}
{"timestamp": 1779140842, "type": "safe_tx", "device": "node-12-mixed", "metadata": {}}
{"timestamp": 1779140842, "type": "safe_tx", "device": "node-8-spammer", "metadata": {}}
{"timestamp": 1779140842, "type": "safe_tx", "device": "node-9-stealth", "metadata": {}}
{"timestamp": 1779140842, "type": "safe_tx", "device": "node-8-spammer", "metadata": {}}
{"timestamp": 1779140842, "type": "safe_tx", "device": "node-8-spammer", "metadata": {}}
{"timestamp": 1779140842, "type": "safe_tx", "device": "node-8-spammer", "metadata": {}}
{"timestamp": 1779140842, "type": "safe_tx", "device": "node-8-spammer", "metadata": {}}
{"timestamp": 1779140842, "type": "safe_tx", "device": "node-8-spammer", "metadata": {}}
{"timestamp": 1779140842, "type": "safe_tx", "device": "node-8-spammer", "metadata": {}}
{"timestamp": 1779140842, "type": "time_anomaly", "device": "node-13-mixed", "metadata": {}}
{"timestamp": 1779140842, "type": "safe_tx", "device": "node-4-clean", "metadata": {}}
{"timestamp": 1779140843, "type": "safe_tx", "device": "node-8-spammer", "metadata": {}}
{"timestamp": 1779140843, "type": "safe_tx", "device": "node-8-spammer", "metadata": {}}
{"timestamp": 1779140843, "type": "safe_tx", "device": "node-8-spammer", "metadata": {}}
{"timestamp": 1779140843, "type": "safe_tx", "device": "node-8-spammer", "metadata": {}}
{"timestamp": 1779140843, "type": "safe_tx", "device": "node-8-spammer", "metadata": {}}
{"timestamp": 1779140843, "type": "safe_tx", "device": "node-8-spammer", "metadata": {}}
{"timestamp": 1779140843, "type": "safe_tx", "device": "node-10-fuzzer", "metadata": {}}
{"timestamp": 1779140843, "type": "safe_tx", "device": "node-5-clean", "metadata": {}}
{"timestamp": 1779140843, "type": "safe_tx", "device": "node-1-clean", "metadata": {}}
{"timestamp": 1779140844, "type": "safe_tx", "device": "node-2-clean", "metadata": {}}
{"timestamp": 1779140844, "type": "safe_tx", "device": "node-4-clean", "metadata": {}}
{"timestamp": 1779140844, "type": "safe_tx", "device": "node-8-spammer", "metadata": {}}
{"timestamp": 1779140844, "type": "safe_tx", "device": "node-8-spammer", "metadata": {}}
{"timestamp": 1779140844, "type": "dos_spam", "device": "node-8-spammer", "metadata": {}}
{"timestamp": 1779140844, "type": "safe_tx", "device": "node-8-spammer", "metadata": {}}
{"timestamp": 1779140844, "type": "safe_tx", "device": "node-8-spammer", "metadata": {}}
{"timestamp": 1779140844, "type": "time_anomaly", "device": "node-15-mixed", "metadata": {}}
{"timestamp": 1779140844, "type": "safe_tx", "device": "node-12-mixed", "metadata": {}}
{"timestamp": 1779140844, "type": "safe_tx", "device": "node-14-mixed", "metadata": {}}
{"timestamp": 1779140845, "type": "safe_tx", "device": "node-10-fuzzer", "metadata": {}}
{"timestamp": 1779140845, "type": "safe_tx", "device": "node-4-clean", "metadata": {}}
{"timestamp": 1779140845, "type": "safe_tx", "device": "node-9-stealth", "metadata": {}}
{"timestamp": 1779140845, "type": "safe_tx", "device": "node-8-spammer", "metadata": {}}
{"timestamp": 1779140845, "type": "safe_tx", "device": "node-8-spammer", "metadata": {}}
{"timestamp": 1779140845, "type": "safe_tx", "device": "node-8-spammer", "metadata": {}}
{"timestamp": 1779140845, "type": "safe_tx", "device": "node-8-spammer", "metadata": {}}
{"timestamp": 1779140845, "type": "safe_tx", "device": "node-8-spammer", "metadata": {}}
{"timestamp": 1779140845, "type": "safe_tx", "device": "node-8-spammer", "metadata": {}}
{"timestamp": 1779140845, "type": "safe_tx", "device": "node-8-spammer", "metadata": {}}
{"timestamp": 1779140845, "type": "safe_tx", "device": "node-8-spammer", "metadata": {}}
{"timestamp": 1779140845, "type": "safe_tx", "device": "node-8-spammer", "metadata": {}}
{"timestamp": 1779140845, "type": "safe_tx", "device": "node-8-spammer", "metadata": {}}
{"timestamp": 1779140845, "type": "dos_spam", "device": "node-8-spammer", "metadata": {"count": 30, "window_sec": 5}}
{"timestamp": 1779140845, "type": "safe_tx", "device": "node-8-spammer", "metadata": {}}
{"timestamp": 1779140845, "type": "safe_tx", "device": "node-8-spammer", "metadata": {}}
{"timestamp": 1779140845, "type": "safe_tx", "device": "node-8-spammer", "metadata": {}}
{"timestamp": 1779140845, "type": "dos_spam", "device": "node-8-spammer", "metadata": {}}
{"timestamp": 1779140845, "type": "safe_tx", "device": "node-8-spammer", "metadata": {}}
{"timestamp": 1779140845, "type": "safe_tx", "device": "node-8-spammer", "metadata": {}}
{"timestamp": 1779140845, "type": "time_anomaly", "device": "node-7-timespoof", "metadata": {}}
{"timestamp": 1779140845, "type": "safe_tx", "device": "node-1-clean", "metadata": {}}
{"timestamp": 1779140846, "type": "safe_tx", "device": "node-1-clean", "metadata": {}}
{"timestamp": 1779140846, "type": "safe_tx", "device": "node-10-fuzzer", "metadata": {}}
{"timestamp": 1779140846, "type": "safe_tx", "device": "node-5-clean", "metadata": {}}
{"timestamp": 1779140846, "type": "safe_tx", "device": "node-2-clean", "metadata": {}}
{"timestamp": 1779140846, "type": "safe_tx", "device": "node-3-clean", "metadata": {}}
{"timestamp": 1779140846, "type": "overflow", "device": "node-10-fuzzer", "metadata": {"count": 3, "window_sec": 30}}
{"timestamp": 1779140846, "type": "safe_tx", "device": "node-8-spammer", "metadata": {}}
{"timestamp": 1779140847, "type": "safe_tx", "device": "node-8-spammer", "metadata": {}}
{"timestamp": 1779140847, "type": "safe_tx", "device": "node-5-clean", "metadata": {}}
{"timestamp": 1779140847, "type": "safe_tx", "device": "node-8-spammer", "metadata": {}}
{"timestamp": 1779140847, "type": "safe_tx", "device": "node-8-spammer", "metadata": {}}
{"timestamp": 1779140847, "type": "safe_tx", "device": "node-8-spammer", "metadata": {}}
{"timestamp": 1779140847, "type": "safe_tx", "device": "node-8-spammer", "metadata": {}}
{"timestamp": 1779140847, "type": "safe_tx", "device": "node-8-spammer", "metadata": {}}
{"timestamp": 1779140847, "type": "safe_tx", "device": "node-8-spammer", "metadata": {}}
{"timestamp": 1779140847, "type": "safe_tx", "device": "node-15-mixed", "metadata": {}}
{"timestamp": 1779140847, "type": "time_anomaly", "device": "node-14-mixed", "metadata": {}}
{"timestamp": 1779140847, "type": "safe_tx", "device": "node-12-mixed", "metadata": {}}
{"timestamp": 1779140847, "type": "safe_tx", "device": "node-13-mixed", "metadata": {}}
{"timestamp": 1779140847, "type": "safe_tx", "device": "node-9-stealth", "metadata": {}}
{"timestamp": 1779140847, "type": "safe_tx", "device": "node-1-clean", "metadata": {}}
{"timestamp": 1779140848, "type": "safe_tx", "device": "node-4-clean", "metadata": {}}
{"timestamp": 1779140848, "type": "overflow", "device": "node-14-mixed", "metadata": {"count": 3, "window_sec": 30}}
{"timestamp": 1779140848, "type": "safe_tx", "device": "node-8-spammer", "metadata": {}}
{"timestamp": 1779140848, "type": "safe_tx", "device": "node-8-spammer", "metadata": {}}
{"timestamp": 1779140848, "type": "safe_tx", "device": "node-8-spammer", "metadata": {}}
{"timestamp": 1779140848, "type": "safe_tx", "device": "node-8-spammer", "metadata": {}}
{"timestamp": 1779140848, "type": "safe_tx", "device": "node-8-spammer", "metadata": {}}
{"timestamp": 1779140848, "type": "safe_tx", "device": "node-8-spammer", "metadata": {}}
{"timestamp": 1779140848, "type": "safe_tx", "device": "node-8-spammer", "metadata": {}}
{"timestamp": 1779140848, "type": "dos_spam", "device": "node-8-spammer", "metadata": {}}
{"timestamp": 1779140848, "type": "safe_tx", "device": "node-8-spammer", "metadata": {}}
{"timestamp": 1779140848, "type": "safe_tx", "device": "node-8-spammer", "metadata": {}}
{"timestamp": 1779140848, "type": "safe_tx", "device": "node-8-spammer", "metadata": {}}
{"timestamp": 1779140848, "type": "safe_tx", "device": "node-8-spammer", "metadata": {}}
{"timestamp": 1779140848, "type": "safe_tx", "device": "node-8-spammer", "metadata": {}}
{"timestamp": 1779140848, "type": "safe_tx", "device": "node-8-spammer", "metadata": {}}
{"timestamp": 1779140848, "type": "safe_tx", "device": "node-8-spammer", "metadata": {}}
{"timestamp": 1779140848, "type": "safe_tx", "device": "node-8-spammer", "metadata": {}}
{"timestamp": 1779140848, "type": "safe_tx", "device": "node-8-spammer", "metadata": {}}
{"timestamp": 1779140848, "type": "fuzzing", "device": "node-10-fuzzer", "metadata": {}}
{"timestamp": 1779140849, "type": "overflow", "device": "node-15-mixed", "metadata": {"count": 3, "window_sec": 30}}
{"timestamp": 1779140849, "type": "safe_tx", "device": "node-6-overflow", "metadata": {}}
{"timestamp": 1779140849, "type": "safe_tx", "device": "node-2-clean", "metadata": {}}
{"timestamp": 1779140849, "type": "safe_tx", "device": "node-13-mixed", "metadata": {}}
{"timestamp": 1779140849, "type": "safe_tx", "device": "node-5-clean", "metadata": {}}
{"timestamp": 1779140849, "type": "safe_tx", "device": "node-12-mixed", "metadata": {}}
{"timestamp": 1779140850, "type": "safe_tx", "device": "node-3-clean", "metadata": {}}
{"timestamp": 1779140850, "type": "safe_tx", "device": "node-10-fuzzer", "metadata": {}}
{"timestamp": 1779140850, "type": "safe_tx", "device": "node-13-mixed", "metadata": {}}
{"timestamp": 1779140850, "type": "safe_tx", "device": "node-8-spammer", "metadata": {}}
{"timestamp": 1779140850, "type": "dos_spam", "device": "node-8-spammer", "metadata": {"count": 30, "window_sec": 5}}
{"timestamp": 1779140850, "type": "safe_tx", "device": "node-8-spammer", "metadata": {}}
{"timestamp": 1779140850, "type": "safe_tx", "device": "node-8-spammer", "metadata": {}}
{"timestamp": 1779140850, "type": "safe_tx", "device": "node-8-spammer", "metadata": {}}
{"timestamp": 1779140850, "type": "safe_tx", "device": "node-8-spammer", "metadata": {}}
{"timestamp": 1779140850, "type": "safe_tx", "device": "node-8-spammer", "metadata": {}}
{"timestamp": 1779140850, "type": "dos_spam", "device": "node-8-spammer", "metadata": {}}
{"timestamp": 1779140851, "type": "time_anomaly", "device": "node-14-mixed", "metadata": {}}
{"timestamp": 1779140851, "type": "time_anomaly", "device": "node-15-mixed", "metadata": {}}
{"timestamp": 1779140851, "type": "time_anomaly", "device": "node-7-timespoof", "metadata": {}}
{"timestamp": 1779140851, "type": "safe_tx", "device": "node-3-clean", "metadata": {}}
{"timestamp": 1779140851, "type": "safe_tx", "device": "node-9-stealth", "metadata": {}}
{"timestamp": 1779140851, "type": "safe_tx", "device": "node-8-spammer", "metadata": {}}
{"timestamp": 1779140851, "type": "safe_tx", "device": "node-8-spammer", "metadata": {}}
{"timestamp": 1779140851, "type": "safe_tx", "device": "node-1-clean", "metadata": {}}
{"timestamp": 1779140851, "type": "safe_tx", "device": "node-5-clean", "metadata": {}}
{"timestamp": 1779140851, "type": "safe_tx", "device": "node-14-mixed", "metadata": {}}
{"timestamp": 1779140851, "type": "fuzzing", "device": "node-10-fuzzer", "metadata": {}}
{"timestamp": 1779140851, "type": "safe_tx", "device": "node-12-mixed", "metadata": {}}
{"timestamp": 1779140852, "type": "safe_tx", "device": "node-4-clean", "metadata": {}}
{"timestamp": 1779140852, "type": "safe_tx", "device": "node-15-mixed", "metadata": {}}
{"timestamp": 1779140852, "type": "safe_tx", "device": "node-2-clean", "metadata": {}}
{"timestamp": 1779140853, "type": "safe_tx", "device": "node-13-mixed", "metadata": {}}
{"timestamp": 1779140853, "type": "safe_tx", "device": "node-9-stealth", "metadata": {}}
{"timestamp": 1779140854, "type": "safe_tx", "device": "node-4-clean", "metadata": {}}
{"timestamp": 1779140854, "type": "safe_tx", "device": "node-8-spammer", "metadata": {}}
{"timestamp": 1779140854, "type": "safe_tx", "device": "node-8-spammer", "metadata": {}}
{"timestamp": 1779140854, "type": "safe_tx", "device": "node-8-spammer", "metadata": {}}
{"timestamp": 1779140854, "type": "safe_tx", "device": "node-5-clean", "metadata": {}}
{"timestamp": 1779140854, "type": "safe_tx", "device": "node-8-spammer", "metadata": {}}
{"timestamp": 1779140854, "type": "safe_tx", "device": "node-8-spammer", "metadata": {}}
{"timestamp": 1779140854, "type": "safe_tx", "device": "node-15-mixed", "metadata": {}}
{"timestamp": 1779140854, "type": "safe_tx", "device": "node-8-spammer", "metadata": {}}
{"timestamp": 1779140854, "type": "safe_tx", "device": "node-8-spammer", "metadata": {}}
{"timestamp": 1779140854, "type": "safe_tx", "device": "node-3-clean", "metadata": {}}
{"timestamp": 1779140854, "type": "safe_tx", "device": "node-1-clean", "metadata": {}}
{"timestamp": 1779140855, "type": "safe_tx", "device": "node-8-spammer", "metadata": {}}
{"timestamp": 1779140855, "type": "fuzzing", "device": "node-10-fuzzer", "metadata": {}}
{"timestamp": 1779140855, "type": "safe_tx", "device": "node-8-spammer", "metadata": {}}
{"timestamp": 1779140855, "type": "safe_tx", "device": "node-8-spammer", "metadata": {}}
{"timestamp": 1779140855, "type": "safe_tx", "device": "node-8-spammer", "metadata": {}}
{"timestamp": 1779140855, "type": "safe_tx", "device": "node-8-spammer", "metadata": {}}
{"timestamp": 1779140855, "type": "overflow", "device": "node-6-overflow", "metadata": {"count": 3, "window_sec": 30}}
{"timestamp": 1779140855, "type": "safe_tx", "device": "node-8-spammer", "metadata": {}}
{"timestamp": 1779140855, "type": "safe_tx", "device": "node-8-spammer", "metadata": {}}
{"timestamp": 1779140855, "type": "safe_tx", "device": "node-14-mixed", "metadata": {}}
{"timestamp": 1779140855, "type": "safe_tx", "device": "node-8-spammer", "metadata": {}}
{"timestamp": 1779140855, "type": "dos_spam", "device": "node-8-spammer", "metadata": {}}
{"timestamp": 1779140855, "type": "safe_tx", "device": "node-2-clean", "metadata": {}}
{"timestamp": 1779140855, "type": "fuzzing", "device": "node-10-fuzzer", "metadata": {}}
{"timestamp": 1779140855, "type": "safe_tx", "device": "node-1-clean", "metadata": {}}
{"timestamp": 1779140856, "type": "safe_tx", "device": "node-15-mixed", "metadata": {}}
{"timestamp": 1779140856, "type": "safe_tx", "device": "node-8-spammer", "metadata": {}}
{"timestamp": 1779140856, "type": "safe_tx", "device": "node-8-spammer", "metadata": {}}
{"timestamp": 1779140856, "type": "safe_tx", "device": "node-8-spammer", "metadata": {}}
{"timestamp": 1779140856, "type": "safe_tx", "device": "node-8-spammer", "metadata": {}}
{"timestamp": 1779140856, "type": "safe_tx", "device": "node-14-mixed", "metadata": {}}
{"timestamp": 1779140856, "type": "safe_tx", "device": "node-8-spammer", "metadata": {}}
{"timestamp": 1779140856, "type": "safe_tx", "device": "node-9-stealth", "metadata": {}}
{"timestamp": 1779140856, "type": "safe_tx", "device": "node-12-mixed", "metadata": {}}
{"timestamp": 1779140856, "type": "safe_tx", "device": "node-8-spammer", "metadata": {}}
{"timestamp": 1779140856, "type": "safe_tx", "device": "node-5-clean", "metadata": {}}
{"timestamp": 1779140856, "type": "safe_tx", "device": "node-8-spammer", "metadata": {}}
{"timestamp": 1779140856, "type": "safe_tx", "device": "node-8-spammer", "metadata": {}}
{"timestamp": 1779140856, "type": "safe_tx", "device": "node-8-spammer", "metadata": {}}
{"timestamp": 1779140856, "type": "time_anomaly", "device": "node-7-timespoof", "metadata": {}}
{"timestamp": 1779140857, "type": "safe_tx", "device": "node-10-fuzzer", "metadata": {}}
{"timestamp": 1779140857, "type": "safe_tx", "device": "node-13-mixed", "metadata": {}}
{"timestamp": 1779140857, "type": "safe_tx", "device": "node-5-clean", "metadata": {}}
{"timestamp": 1779140857, "type": "safe_tx", "device": "node-4-clean", "metadata": {}}
{"timestamp": 1779140857, "type": "safe_tx", "device": "node-15-mixed", "metadata": {}}
{"timestamp": 1779140858, "type": "safe_tx", "device": "node-11-pulsing", "metadata": {}}
{"timestamp": 1779140858, "type": "safe_tx", "device": "node-8-spammer", "metadata": {}}
{"timestamp": 1779140858, "type": "safe_tx", "device": "node-8-spammer", "metadata": {}}
{"timestamp": 1779140858, "type": "safe_tx", "device": "node-11-pulsing", "metadata": {}}
{"timestamp": 1779140858, "type": "safe_tx", "device": "node-8-spammer", "metadata": {}}
{"timestamp": 1779140858, "type": "safe_tx", "device": "node-11-pulsing", "metadata": {}}
{"timestamp": 1779140858, "type": "safe_tx", "device": "node-8-spammer", "metadata": {}}
{"timestamp": 1779140858, "type": "safe_tx", "device": "node-11-pulsing", "metadata": {}}
{"timestamp": 1779140858, "type": "safe_tx", "device": "node-8-spammer", "metadata": {}}
{"timestamp": 1779140858, "type": "safe_tx", "device": "node-11-pulsing", "metadata": {}}
{"timestamp": 1779140858, "type": "safe_tx", "device": "node-8-spammer", "metadata": {}}
{"timestamp": 1779140858, "type": "dos_spam", "device": "node-8-spammer", "metadata": {"count": 30, "window_sec": 5}}
{"timestamp": 1779140858, "type": "dos_spam", "device": "node-8-spammer", "metadata": {}}
{"timestamp": 1779140858, "type": "safe_tx", "device": "node-8-spammer", "metadata": {}}
{"timestamp": 1779140858, "type": "safe_tx", "device": "node-11-pulsing", "metadata": {}}
{"timestamp": 1779140858, "type": "safe_tx", "device": "node-11-pulsing", "metadata": {}}
{"timestamp": 1779140858, "type": "safe_tx", "device": "node-11-pulsing", "metadata": {}}
{"timestamp": 1779140858, "type": "safe_tx", "device": "node-11-pulsing", "metadata": {}}
{"timestamp": 1779140858, "type": "safe_tx", "device": "node-11-pulsing", "metadata": {}}
{"timestamp": 1779140858, "type": "safe_tx", "device": "node-2-clean", "metadata": {}}
{"timestamp": 1779140858, "type": "safe_tx", "device": "node-11-pulsing", "metadata": {}}
{"timestamp": 1779140858, "type": "safe_tx", "device": "node-11-pulsing", "metadata": {}}
{"timestamp": 1779140858, "type": "safe_tx", "device": "node-11-pulsing", "metadata": {}}
{"timestamp": 1779140858, "type": "safe_tx", "device": "node-11-pulsing", "metadata": {}}
{"timestamp": 1779140858, "type": "safe_tx", "device": "node-5-clean", "metadata": {}}
{"timestamp": 1779140858, "type": "safe_tx", "device": "node-11-pulsing", "metadata": {}}
{"timestamp": 1779140858, "type": "dos_spam", "device": "node-11-pulsing", "metadata": {}}
{"timestamp": 1779140858, "type": "safe_tx", "device": "node-10-fuzzer", "metadata": {}}
{"timestamp": 1779140858, "type": "safe_tx", "device": "node-11-pulsing", "metadata": {}}
{"timestamp": 1779140858, "type": "safe_tx", "device": "node-11-pulsing", "metadata": {}}
{"timestamp": 1779140858, "type": "safe_tx", "device": "node-12-mixed", "metadata": {}}
{"timestamp": 1779140858, "type": "safe_tx", "device": "node-3-clean", "metadata": {}}
{"timestamp": 1779140858, "type": "safe_tx", "device": "node-15-mixed", "metadata": {}}
{"timestamp": 1779140858, "type": "safe_tx", "device": "node-11-pulsing", "metadata": {}}
{"timestamp": 1779140859, "type": "safe_tx", "device": "node-11-pulsing", "metadata": {}}
{"timestamp": 1779140859, "type": "safe_tx", "device": "node-11-pulsing", "metadata": {}}
{"timestamp": 1779140859, "type": "safe_tx", "device": "node-1-clean", "metadata": {}}
{"timestamp": 1779140859, "type": "safe_tx", "device": "node-14-mixed", "metadata": {}}
{"timestamp": 1779140859, "type": "safe_tx", "device": "node-9-stealth", "metadata": {}}
{"timestamp": 1779140859, "type": "safe_tx", "device": "node-15-mixed", "metadata": {}}
{"timestamp": 1779140859, "type": "safe_tx", "device": "node-8-spammer", "metadata": {}}
{"timestamp": 1779140859, "type": "time_anomaly", "device": "node-7-timespoof", "metadata": {}}
{"timestamp": 1779140859, "type": "safe_tx", "device": "node-5-clean", "metadata": {}}
{"timestamp": 1779140859, "type": "safe_tx", "device": "node-3-clean", "metadata": {}}
{"timestamp": 1779140859, "type": "safe_tx", "device": "node-6-overflow", "metadata": {}}
{"timestamp": 1779140860, "type": "safe_tx", "device": "node-3-clean", "metadata": {}}
{"timestamp": 1779140860, "type": "time_anomaly", "device": "node-13-mixed", "metadata": {}}
{"timestamp": 1779140860, "type": "safe_tx", "device": "node-9-stealth", "metadata": {}}
{"timestamp": 1779140860, "type": "safe_tx", "device": "node-10-fuzzer", "metadata": {}}
{"timestamp": 1779140860, "type": "time_anomaly", "device": "node-14-mixed", "metadata": {}}
{"timestamp": 1779140861, "type": "safe_tx", "device": "node-2-clean", "metadata": {}}
{"timestamp": 1779140861, "type": "safe_tx", "device": "node-8-spammer", "metadata": {}}
{"timestamp": 1779140861, "type": "safe_tx", "device": "node-8-spammer", "metadata": {}}
{"timestamp": 1779140861, "type": "safe_tx", "device": "node-8-spammer", "metadata": {}}
{"timestamp": 1779140861, "type": "safe_tx", "device": "node-8-spammer", "metadata": {}}
{"timestamp": 1779140861, "type": "safe_tx", "device": "node-8-spammer", "metadata": {}}
{"timestamp": 1779140861, "type": "safe_tx", "device": "node-8-spammer", "metadata": {}}
{"timestamp": 1779140861, "type": "safe_tx", "device": "node-1-clean", "metadata": {}}
{"timestamp": 1779140861, "type": "safe_tx", "device": "node-8-spammer", "metadata": {}}
{"timestamp": 1779140861, "type": "safe_tx", "device": "node-8-spammer", "metadata": {}}
{"timestamp": 1779140861, "type": "safe_tx", "device": "node-8-spammer", "metadata": {}}
{"timestamp": 1779140861, "type": "safe_tx", "device": "node-8-spammer", "metadata": {}}
{"timestamp": 1779140861, "type": "safe_tx", "device": "node-8-spammer", "metadata": {}}
{"timestamp": 1779140861, "type": "safe_tx", "device": "node-8-spammer", "metadata": {}}
{"timestamp": 1779140861, "type": "safe_tx", "device": "node-8-spammer", "metadata": {}}
{"timestamp": 1779140861, "type": "safe_tx", "device": "node-8-spammer", "metadata": {}}
{"timestamp": 1779140861, "type": "dos_spam", "device": "node-8-spammer", "metadata": {}}
{"timestamp": 1779140861, "type": "safe_tx", "device": "node-8-spammer", "metadata": {}}
{"timestamp": 1779140861, "type": "safe_tx", "device": "node-8-spammer", "metadata": {}}
{"timestamp": 1779140861, "type": "safe_tx", "device": "node-4-clean", "metadata": {}}
{"timestamp": 1779140862, "type": "time_anomaly", "device": "node-7-timespoof", "metadata": {}}
{"timestamp": 1779140862, "type": "overflow", "device": "node-13-mixed", "metadata": {"count": 3, "window_sec": 30}}
{"timestamp": 1779140862, "type": "fuzzing", "device": "node-10-fuzzer", "metadata": {}}
{"timestamp": 1779140862, "type": "safe_tx", "device": "node-5-clean", "metadata": {}}
{"timestamp": 1779140863, "type": "safe_tx", "device": "node-8-spammer", "metadata": {}}
{"timestamp": 1779140863, "type": "safe_tx", "device": "node-9-stealth", "metadata": {}}
{"timestamp": 1779140863, "type": "safe_tx", "device": "node-8-spammer", "metadata": {}}
{"timestamp": 1779140863, "type": "safe_tx", "device": "node-8-spammer", "metadata": {}}
{"timestamp": 1779140863, "type": "safe_tx", "device": "node-8-spammer", "metadata": {}}
{"timestamp": 1779140863, "type": "safe_tx", "device": "node-8-spammer", "metadata": {}}
{"timestamp": 1779140863, "type": "safe_tx", "device": "node-8-spammer", "metadata": {}}
{"timestamp": 1779140863, "type": "safe_tx", "device": "node-8-spammer", "metadata": {}}
{"timestamp": 1779140863, "type": "safe_tx", "device": "node-3-clean", "metadata": {}}
{"timestamp": 1779140863, "type": "safe_tx", "device": "node-5-clean", "metadata": {}}
{"timestamp": 1779140863, "type": "safe_tx", "device": "node-14-mixed", "metadata": {}}
{"timestamp": 1779140864, "type": "safe_tx", "device": "node-2-clean", "metadata": {}}
{"timestamp": 1779140864, "type": "fuzzing", "device": "node-10-fuzzer", "metadata": {}}
{"timestamp": 1779140864, "type": "safe_tx", "device": "node-10-fuzzer", "metadata": {}}
{"timestamp": 1779140864, "type": "safe_tx", "device": "node-2-clean", "metadata": {}}
{"timestamp": 1779140865, "type": "time_anomaly", "device": "node-13-mixed", "metadata": {}}
{"timestamp": 1779140864, "type": "safe_tx", "device": "node-9-stealth", "metadata": {}}
{"timestamp": 1779140864, "type": "safe_tx", "device": "node-15-mixed", "metadata": {}}
{"timestamp": 1779140865, "type": "safe_tx", "device": "node-3-clean", "metadata": {}}
{"timestamp": 1779140865, "type": "safe_tx", "device": "node-15-mixed", "metadata": {}}
{"timestamp": 1779140865, "type": "safe_tx", "device": "node-1-clean", "metadata": {}}
{"timestamp": 1779140865, "type": "safe_tx", "device": "node-14-mixed", "metadata": {}}
{"timestamp": 1779140865, "type": "safe_tx", "device": "node-13-mixed", "metadata": {}}
{"timestamp": 1779140865, "type": "fuzzing", "device": "node-10-fuzzer", "metadata": {}}
{"timestamp": 1779140865, "type": "safe_tx", "device": "node-5-clean", "metadata": {}}
{"timestamp": 1779140866, "type": "safe_tx", "device": "node-12-mixed", "metadata": {}}
{"timestamp": 1779140866, "type": "safe_tx", "device": "node-4-clean", "metadata": {}}
{"timestamp": 1779140866, "type": "safe_tx", "device": "node-9-stealth", "metadata": {}}
{"timestamp": 1779140866, "type": "safe_tx", "device": "node-13-mixed", "metadata": {}}
{"timestamp": 1779140867, "type": "safe_tx", "device": "node-13-mixed", "metadata": {}}
{"timestamp": 1779140867, "type": "safe_tx", "device": "node-8-spammer", "metadata": {}}
{"timestamp": 1779140867, "type": "safe_tx", "device": "node-15-mixed", "metadata": {}}
{"timestamp": 1779140867, "type": "fuzzing", "device": "node-10-fuzzer", "metadata": {}}
{"timestamp": 1779140867, "type": "safe_tx", "device": "node-8-spammer", "metadata": {}}
{"timestamp": 1779140867, "type": "safe_tx", "device": "node-8-spammer", "metadata": {}}
{"timestamp": 1779140867, "type": "safe_tx", "device": "node-3-clean", "metadata": {}}
{"timestamp": 1779140867, "type": "safe_tx", "device": "node-8-spammer", "metadata": {}}
{"timestamp": 1779140867, "type": "safe_tx", "device": "node-8-spammer", "metadata": {}}
{"timestamp": 1779140867, "type": "safe_tx", "device": "node-8-spammer", "metadata": {}}
{"timestamp": 1779140867, "type": "time_anomaly", "device": "node-7-timespoof", "metadata": {}}
{"timestamp": 1779140868, "type": "safe_tx", "device": "node-3-clean", "metadata": {}}
{"timestamp": 1779140868, "type": "safe_tx", "device": "node-14-mixed", "metadata": {}}
{"timestamp": 1779140868, "type": "safe_tx", "device": "node-13-mixed", "metadata": {}}
{"timestamp": 1779140868, "type": "safe_tx", "device": "node-1-clean", "metadata": {}}
{"timestamp": 1779140868, "type": "safe_tx", "device": "node-12-mixed", "metadata": {}}
{"timestamp": 1779140868, "type": "safe_tx", "device": "node-8-spammer", "metadata": {}}
{"timestamp": 1779140868, "type": "safe_tx", "device": "node-8-spammer", "metadata": {}}
{"timestamp": 1779140868, "type": "safe_tx", "device": "node-2-clean", "metadata": {}}
{"timestamp": 1779140868, "type": "safe_tx", "device": "node-10-fuzzer", "metadata": {}}
{"timestamp": 1779140869, "type": "safe_tx", "device": "node-4-clean", "metadata": {}}
{"timestamp": 1779140869, "type": "safe_tx", "device": "node-13-mixed", "metadata": {}}
{"timestamp": 1779140869, "type": "safe_tx", "device": "node-8-spammer", "metadata": {}}
{"timestamp": 1779140869, "type": "safe_tx", "device": "node-8-spammer", "metadata": {}}
{"timestamp": 1779140869, "type": "safe_tx", "device": "node-8-spammer", "metadata": {}}
{"timestamp": 1779140869, "type": "safe_tx", "device": "node-10-fuzzer", "metadata": {}}
{"timestamp": 1779140870, "type": "safe_tx", "device": "node-9-stealth", "metadata": {}}
{"timestamp": 1779140870, "type": "time_anomaly", "device": "node-12-mixed", "metadata": {}}
{"timestamp": 1779140870, "type": "safe_tx", "device": "node-8-spammer", "metadata": {}}
{"timestamp": 1779140870, "type": "safe_tx", "device": "node-8-spammer", "metadata": {}}
{"timestamp": 1779140870, "type": "safe_tx", "device": "node-5-clean", "metadata": {}}
{"timestamp": 1779140870, "type": "time_anomaly", "device": "node-7-timespoof", "metadata": {}}
{"timestamp": 1779140870, "type": "safe_tx", "device": "node-3-clean", "metadata": {}}
{"timestamp": 1779140870, "type": "safe_tx", "device": "node-12-mixed", "metadata": {}}
{"timestamp": 1779140871, "type": "safe_tx", "device": "node-15-mixed", "metadata": {}}
{"timestamp": 1779140871, "type": "safe_tx", "device": "node-1-clean", "metadata": {}}
{"timestamp": 1779140871, "type": "safe_tx", "device": "node-8-spammer", "metadata": {}}
{"timestamp": 1779140871, "type": "overflow", "device": "node-6-overflow", "metadata": {"count": 3, "window_sec": 30}}
{"timestamp": 1779140871, "type": "overflow", "device": "node-14-mixed", "metadata": {"count": 3, "window_sec": 30}}
{"timestamp": 1779140872, "type": "safe_tx", "device": "node-2-clean", "metadata": {}}
{"timestamp": 1779140872, "type": "safe_tx", "device": "node-8-spammer", "metadata": {}}
{"timestamp": 1779140872, "type": "safe_tx", "device": "node-4-clean", "metadata": {}}
{"timestamp": 1779140873, "type": "time_anomaly", "device": "node-13-mixed", "metadata": {}}
{"timestamp": 1779140873, "type": "safe_tx", "device": "node-3-clean", "metadata": {}}
{"timestamp": 1779140873, "type": "safe_tx", "device": "node-1-clean", "metadata": {}}
{"timestamp": 1779140873, "type": "safe_tx", "device": "node-15-mixed", "metadata": {}}
{"timestamp": 1779140873, "type": "safe_tx", "device": "node-9-stealth", "metadata": {}}
{"timestamp": 1779140873, "type": "safe_tx", "device": "node-5-clean", "metadata": {}}
{"timestamp": 1779140873, "type": "safe_tx", "device": "node-5-clean", "metadata": {}}
{"timestamp": 1779140873, "type": "safe_tx", "device": "node-8-spammer", "metadata": {}}
{"timestamp": 1779140873, "type": "safe_tx", "device": "node-10-fuzzer", "metadata": {}}
{"timestamp": 1779140873, "type": "safe_tx", "device": "node-8-spammer", "metadata": {}}
{"timestamp": 1779140873, "type": "safe_tx", "device": "node-8-spammer", "metadata": {}}
{"timestamp": 1779140874, "type": "safe_tx", "device": "node-8-spammer", "metadata": {}}
{"timestamp": 1779140874, "type": "safe_tx", "device": "node-8-spammer", "metadata": {}}
{"timestamp": 1779140874, "type": "safe_tx", "device": "node-8-spammer", "metadata": {}}
{"timestamp": 1779140874, "type": "safe_tx", "device": "node-8-spammer", "metadata": {}}
{"timestamp": 1779140874, "type": "safe_tx", "device": "node-8-spammer", "metadata": {}}
{"timestamp": 1779140874, "type": "safe_tx", "device": "node-12-mixed", "metadata": {}}
{"timestamp": 1779140874, "type": "safe_tx", "device": "node-13-mixed", "metadata": {}}
{"timestamp": 1779140875, "type": "safe_tx", "device": "node-9-stealth", "metadata": {}}
{"timestamp": 1779140875, "type": "safe_tx", "device": "node-5-clean", "metadata": {}}
{"timestamp": 1779140875, "type": "safe_tx", "device": "node-8-spammer", "metadata": {}}
{"timestamp": 1779140875, "type": "safe_tx", "device": "node-8-spammer", "metadata": {}}
{"timestamp": 1779140875, "type": "safe_tx", "device": "node-8-spammer", "metadata": {}}
{"timestamp": 1779140875, "type": "fuzzing", "device": "node-10-fuzzer", "metadata": {}}
{"timestamp": 1779140875, "type": "safe_tx", "device": "node-1-clean", "metadata": {}}
{"timestamp": 1779140875, "type": "safe_tx", "device": "node-3-clean", "metadata": {}}
{"timestamp": 1779140875, "type": "safe_tx", "device": "node-5-clean", "metadata": {}}
{"timestamp": 1779140876, "type": "safe_tx", "device": "node-8-spammer", "metadata": {}}
{"timestamp": 1779140876, "type": "safe_tx", "device": "node-8-spammer", "metadata": {}}
{"timestamp": 1779140876, "type": "safe_tx", "device": "node-8-spammer", "metadata": {}}
{"timestamp": 1779140876, "type": "safe_tx", "device": "node-8-spammer", "metadata": {}}
{"timestamp": 1779140876, "type": "safe_tx", "device": "node-8-spammer", "metadata": {}}
{"timestamp": 1779140876, "type": "safe_tx", "device": "node-4-clean", "metadata": {}}
{"timestamp": 1779140876, "type": "safe_tx", "device": "node-8-spammer", "metadata": {}}
{"timestamp": 1779140876, "type": "safe_tx", "device": "node-8-spammer", "metadata": {}}
{"timestamp": 1779140876, "type": "dos_spam", "device": "node-8-spammer", "metadata": {}}
{"timestamp": 1779140876, "type": "safe_tx", "device": "node-8-spammer", "metadata": {}}
{"timestamp": 1779140876, "type": "safe_tx", "device": "node-4-clean", "metadata": {}}
{"timestamp": 1779140876, "type": "safe_tx", "device": "node-13-mixed", "metadata": {}}
{"timestamp": 1779140876, "type": "safe_tx", "device": "node-8-spammer", "metadata": {}}
{"timestamp": 1779140876, "type": "safe_tx", "device": "node-2-clean", "metadata": {}}
{"timestamp": 1779140876, "type": "safe_tx", "device": "node-8-spammer", "metadata": {}}
{"timestamp": 1779140876, "type": "time_anomaly", "device": "node-7-timespoof", "metadata": {}}
{"timestamp": 1779140876, "type": "time_anomaly", "device": "node-15-mixed", "metadata": {}}
{"timestamp": 1779140877, "type": "safe_tx", "device": "node-13-mixed", "metadata": {}}
{"timestamp": 1779140877, "type": "safe_tx", "device": "node-3-clean", "metadata": {}}
{"timestamp": 1779140877, "type": "overflow", "device": "node-10-fuzzer", "metadata": {"count": 3, "window_sec": 30}}
{"timestamp": 1779140877, "type": "safe_tx", "device": "node-8-spammer", "metadata": {}}
{"timestamp": 1779140877, "type": "time_anomaly", "device": "node-12-mixed", "metadata": {}}
{"timestamp": 1779140877, "type": "safe_tx", "device": "node-2-clean", "metadata": {}}
{"timestamp": 1779140877, "type": "safe_tx", "device": "node-13-mixed", "metadata": {}}
{"timestamp": 1779140878, "type": "safe_tx", "device": "node-9-stealth", "metadata": {}}
{"timestamp": 1779140878, "type": "safe_tx", "device": "node-14-mixed", "metadata": {}}
{"timestamp": 1779140878, "type": "time_anomaly", "device": "node-12-mixed", "metadata": {}}
{"timestamp": 1779140878, "type": "safe_tx", "device": "node-10-fuzzer", "metadata": {}}
{"timestamp": 1779140879, "type": "safe_tx", "device": "node-1-clean", "metadata": {}}
{"timestamp": 1779140879, "type": "time_anomaly", "device": "node-14-mixed", "metadata": {}}
{"timestamp": 1779140879, "type": "time_anomaly", "device": "node-15-mixed", "metadata": {}}
{"timestamp": 1779140879, "type": "safe_tx", "device": "node-4-clean", "metadata": {}}
{"timestamp": 1779140879, "type": "safe_tx", "device": "node-9-stealth", "metadata": {}}
{"timestamp": 1779140879, "type": "safe_tx", "device": "node-5-clean", "metadata": {}}
{"timestamp": 1779140879, "type": "safe_tx", "device": "node-8-spammer", "metadata": {}}
{"timestamp": 1779140879, "type": "safe_tx", "device": "node-13-mixed", "metadata": {}}
{"timestamp": 1779140879, "type": "safe_tx", "device": "node-8-spammer", "metadata": {}}
{"timestamp": 1779140879, "type": "safe_tx", "device": "node-8-spammer", "metadata": {}}
{"timestamp": 1779140879, "type": "safe_tx", "device": "node-8-spammer", "metadata": {}}
{"timestamp": 1779140879, "type": "safe_tx", "device": "node-8-spammer", "metadata": {}}
{"timestamp": 1779140880, "type": "safe_tx", "device": "node-8-spammer", "metadata": {}}
{"timestamp": 1779140880, "type": "safe_tx", "device": "node-8-spammer", "metadata": {}}
{"timestamp": 1779140880, "type": "safe_tx", "device": "node-3-clean", "metadata": {}}
{"timestamp": 1779140880, "type": "safe_tx", "device": "node-8-spammer", "metadata": {}}
{"timestamp": 1779140880, "type": "safe_tx", "device": "node-8-spammer", "metadata": {}}
{"timestamp": 1779140880, "type": "safe_tx", "device": "node-8-spammer", "metadata": {}}
{"timestamp": 1779140880, "type": "safe_tx", "device": "node-2-clean", "metadata": {}}
{"timestamp": 1779140880, "type": "safe_tx", "device": "node-9-stealth", "metadata": {}}
{"timestamp": 1779140880, "type": "safe_tx", "device": "node-8-spammer", "metadata": {}}
{"timestamp": 1779140880, "type": "safe_tx", "device": "node-4-clean", "metadata": {}}
{"timestamp": 1779140880, "type": "safe_tx", "device": "node-8-spammer", "metadata": {}}
{"timestamp": 1779140880, "type": "safe_tx", "device": "node-8-spammer", "metadata": {}}
{"timestamp": 1779140880, "type": "safe_tx", "device": "node-8-spammer", "metadata": {}}
{"timestamp": 1779140880, "type": "safe_tx", "device": "node-8-spammer", "metadata": {}}
{"timestamp": 1779140880, "type": "dos_spam", "device": "node-8-spammer", "metadata": {}}
{"timestamp": 1779140880, "type": "safe_tx", "device": "node-8-spammer", "metadata": {}}
{"timestamp": 1779140880, "type": "dos_spam", "device": "node-8-spammer", "metadata": {"count": 30, "window_sec": 5}}
{"timestamp": 1779140880, "type": "safe_tx", "device": "node-8-spammer", "metadata": {}}
{"timestamp": 1779140880, "type": "safe_tx", "device": "node-8-spammer", "metadata": {}}
{"timestamp": 1779140880, "type": "safe_tx", "device": "node-8-spammer", "metadata": {}}
{"timestamp": 1779140881, "type": "safe_tx", "device": "node-8-spammer", "metadata": {}}
{"timestamp": 1779140881, "type": "time_anomaly", "device": "node-15-mixed", "metadata": {}}
{"timestamp": 1779140881, "type": "safe_tx", "device": "node-12-mixed", "metadata": {}}
{"timestamp": 1779140881, "type": "safe_tx", "device": "node-14-mixed", "metadata": {}}
{"timestamp": 1779140881, "type": "time_anomaly", "device": "node-7-timespoof", "metadata": {}}
{"timestamp": 1779140881, "type": "safe_tx", "device": "node-10-fuzzer", "metadata": {}}
{"timestamp": 1779140881, "type": "safe_tx", "device": "node-2-clean", "metadata": {}}
{"timestamp": 1779140881, "type": "time_anomaly", "device": "node-12-mixed", "metadata": {}}
{"timestamp": 1779140881, "type": "overflow", "device": "node-13-mixed", "metadata": {"count": 3, "window_sec": 30}}
{"timestamp": 1779140882, "type": "safe_tx", "device": "node-1-clean", "metadata": {}}
{"timestamp": 1779140882, "type": "safe_tx", "device": "node-12-mixed", "metadata": {}}
{"timestamp": 1779140882, "type": "overflow", "device": "node-6-overflow", "metadata": {"count": 3, "window_sec": 30}}
{"timestamp": 1779140882, "type": "safe_tx", "device": "node-8-spammer", "metadata": {}}
{"timestamp": 1779140882, "type": "safe_tx", "device": "node-8-spammer", "metadata": {}}
{"timestamp": 1779140882, "type": "safe_tx", "device": "node-8-spammer", "metadata": {}}
{"timestamp": 1779140882, "type": "safe_tx", "device": "node-8-spammer", "metadata": {}}
{"timestamp": 1779140882, "type": "safe_tx", "device": "node-8-spammer", "metadata": {}}
{"timestamp": 1779140882, "type": "safe_tx", "device": "node-8-spammer", "metadata": {}}
{"timestamp": 1779140882, "type": "safe_tx", "device": "node-8-spammer", "metadata": {}}
{"timestamp": 1779140882, "type": "safe_tx", "device": "node-8-spammer", "metadata": {}}
{"timestamp": 1779140882, "type": "safe_tx", "device": "node-8-spammer", "metadata": {}}
{"timestamp": 1779140882, "type": "safe_tx", "device": "node-8-spammer", "metadata": {}}
{"timestamp": 1779140882, "type": "dos_spam", "device": "node-8-spammer", "metadata": {}}
{"timestamp": 1779140882, "type": "safe_tx", "device": "node-8-spammer", "metadata": {}}
{"timestamp": 1779140882, "type": "safe_tx", "device": "node-8-spammer", "metadata": {}}
{"timestamp": 1779140882, "type": "safe_tx", "device": "node-8-spammer", "metadata": {}}
{"timestamp": 1779140882, "type": "safe_tx", "device": "node-8-spammer", "metadata": {}}
{"timestamp": 1779140883, "type": "safe_tx", "device": "node-15-mixed", "metadata": {}}
{"timestamp": 1779140883, "type": "safe_tx", "device": "node-5-clean", "metadata": {}}
{"timestamp": 1779140883, "type": "safe_tx", "device": "node-4-clean", "metadata": {}}
{"timestamp": 1779140883, "type": "safe_tx", "device": "node-10-fuzzer", "metadata": {}}
{"timestamp": 1779140883, "type": "safe_tx", "device": "node-9-stealth", "metadata": {}}
{"timestamp": 1779140883, "type": "safe_tx", "device": "node-2-clean", "metadata": {}}
{"timestamp": 1779140883, "type": "safe_tx", "device": "node-14-mixed", "metadata": {}}
{"timestamp": 1779140883, "type": "safe_tx", "device": "node-8-spammer", "metadata": {}}
{"timestamp": 1779140883, "type": "time_anomaly", "device": "node-7-timespoof", "metadata": {}}
{"timestamp": 1779140883, "type": "safe_tx", "device": "node-14-mixed", "metadata": {}}
{"timestamp": 1779140883, "type": "safe_tx", "device": "node-1-clean", "metadata": {}}
{"timestamp": 1779140884, "type": "overflow", "device": "node-15-mixed", "metadata": {"count": 3, "window_sec": 30}}
{"timestamp": 1779140884, "type": "time_anomaly", "device": "node-15-mixed", "metadata": {}}
{"timestamp": 1779140884, "type": "safe_tx", "device": "node-2-clean", "metadata": {}}
{"timestamp": 1779140884, "type": "safe_tx", "device": "node-8-spammer", "metadata": {}}
{"timestamp": 1779140884, "type": "safe_tx", "device": "node-8-spammer", "metadata": {}}
{"timestamp": 1779140884, "type": "safe_tx", "device": "node-8-spammer", "metadata": {}}
{"timestamp": 1779140884, "type": "safe_tx", "device": "node-3-clean", "metadata": {}}
{"timestamp": 1779140884, "type": "safe_tx", "device": "node-8-spammer", "metadata": {}}
{"timestamp": 1779140884, "type": "safe_tx", "device": "node-8-spammer", "metadata": {}}
{"timestamp": 1779140885, "type": "safe_tx", "device": "node-8-spammer", "metadata": {}}
{"timestamp": 1779140885, "type": "safe_tx", "device": "node-8-spammer", "metadata": {}}
{"timestamp": 1779140885, "type": "safe_tx", "device": "node-8-spammer", "metadata": {}}
{"timestamp": 1779140885, "type": "safe_tx", "device": "node-13-mixed", "metadata": {}}
{"timestamp": 1779140885, "type": "safe_tx", "device": "node-8-spammer", "metadata": {}}
{"timestamp": 1779140885, "type": "safe_tx", "device": "node-8-spammer", "metadata": {}}
{"timestamp": 1779140885, "type": "safe_tx", "device": "node-9-stealth", "metadata": {}}
{"timestamp": 1779140885, "type": "safe_tx", "device": "node-14-mixed", "metadata": {}}
{"timestamp": 1779140885, "type": "safe_tx", "device": "node-15-mixed", "metadata": {}}
{"timestamp": 1779140885, "type": "safe_tx", "device": "node-1-clean", "metadata": {}}
{"timestamp": 1779140885, "type": "safe_tx", "device": "node-3-clean", "metadata": {}}
{"timestamp": 1779140885, "type": "time_anomaly", "device": "node-12-mixed", "metadata": {}}
{"timestamp": 1779140885, "type": "safe_tx", "device": "node-8-spammer", "metadata": {}}
{"timestamp": 1779140885, "type": "dos_spam", "device": "node-8-spammer", "metadata": {"count": 30, "window_sec": 5}}
{"timestamp": 1779140885, "type": "safe_tx", "device": "node-8-spammer", "metadata": {}}
{"timestamp": 1779140886, "type": "safe_tx", "device": "node-4-clean", "metadata": {}}
{"timestamp": 1779140886, "type": "safe_tx", "device": "node-2-clean", "metadata": {}}
{"timestamp": 1779140886, "type": "safe_tx", "device": "node-8-spammer", "metadata": {}}
{"timestamp": 1779140886, "type": "safe_tx", "device": "node-11-pulsing", "metadata": {}}
{"timestamp": 1779140886, "type": "safe_tx", "device": "node-11-pulsing", "metadata": {}}
{"timestamp": 1779140886, "type": "safe_tx", "device": "node-11-pulsing", "metadata": {}}
{"timestamp": 1779140886, "type": "safe_tx", "device": "node-11-pulsing", "metadata": {}}
{"timestamp": 1779140886, "type": "safe_tx", "device": "node-11-pulsing", "metadata": {}}
{"timestamp": 1779140886, "type": "safe_tx", "device": "node-15-mixed", "metadata": {}}
{"timestamp": 1779140886, "type": "safe_tx", "device": "node-11-pulsing", "metadata": {}}
{"timestamp": 1779140886, "type": "safe_tx", "device": "node-9-stealth", "metadata": {}}
{"timestamp": 1779140886, "type": "safe_tx", "device": "node-11-pulsing", "metadata": {}}
{"timestamp": 1779140886, "type": "safe_tx", "device": "node-11-pulsing", "metadata": {}}
{"timestamp": 1779140886, "type": "safe_tx", "device": "node-5-clean", "metadata": {}}
{"timestamp": 1779140886, "type": "safe_tx", "device": "node-4-clean", "metadata": {}}
{"timestamp": 1779140887, "type": "safe_tx", "device": "node-11-pulsing", "metadata": {}}
{"timestamp": 1779140887, "type": "safe_tx", "device": "node-10-fuzzer", "metadata": {}}
{"timestamp": 1779140887, "type": "safe_tx", "device": "node-11-pulsing", "metadata": {}}
{"timestamp": 1779140887, "type": "safe_tx", "device": "node-11-pulsing", "metadata": {}}
{"timestamp": 1779140887, "type": "safe_tx", "device": "node-8-spammer", "metadata": {}}
{"timestamp": 1779140887, "type": "safe_tx", "device": "node-8-spammer", "metadata": {}}
{"timestamp": 1779140887, "type": "safe_tx", "device": "node-11-pulsing", "metadata": {}}
{"timestamp": 1779140887, "type": "safe_tx", "device": "node-1-clean", "metadata": {}}
{"timestamp": 1779140887, "type": "safe_tx", "device": "node-11-pulsing", "metadata": {}}
{"timestamp": 1779140887, "type": "safe_tx", "device": "node-11-pulsing", "metadata": {}}
{"timestamp": 1779140887, "type": "safe_tx", "device": "node-11-pulsing", "metadata": {}}
{"timestamp": 1779140887, "type": "dos_spam", "device": "node-11-pulsing", "metadata": {}}
{"timestamp": 1779140887, "type": "safe_tx", "device": "node-11-pulsing", "metadata": {}}
{"timestamp": 1779140887, "type": "safe_tx", "device": "node-11-pulsing", "metadata": {}}
{"timestamp": 1779140887, "type": "safe_tx", "device": "node-11-pulsing", "metadata": {}}
{"timestamp": 1779140887, "type": "safe_tx", "device": "node-11-pulsing", "metadata": {}}
{"timestamp": 1779140887, "type": "safe_tx", "device": "node-11-pulsing", "metadata": {}}
{"timestamp": 1779140888, "type": "time_anomaly", "device": "node-12-mixed", "metadata": {}}
{"timestamp": 1779140888, "type": "safe_tx", "device": "node-8-spammer", "metadata": {}}
{"timestamp": 1779140888, "type": "safe_tx", "device": "node-8-spammer", "metadata": {}}
{"timestamp": 1779140888, "type": "safe_tx", "device": "node-8-spammer", "metadata": {}}
{"timestamp": 1779140888, "type": "safe_tx", "device": "node-8-spammer", "metadata": {}}
{"timestamp": 1779140888, "type": "safe_tx", "device": "node-8-spammer", "metadata": {}}
{"timestamp": 1779140888, "type": "safe_tx", "device": "node-8-spammer", "metadata": {}}
{"timestamp": 1779140888, "type": "safe_tx", "device": "node-8-spammer", "metadata": {}}
{"timestamp": 1779140888, "type": "safe_tx", "device": "node-3-clean", "metadata": {}}
{"timestamp": 1779140888, "type": "time_anomaly", "device": "node-7-timespoof", "metadata": {}}
{"timestamp": 1779140888, "type": "safe_tx", "device": "node-10-fuzzer", "metadata": {}}
{"timestamp": 1779140889, "type": "safe_tx", "device": "node-15-mixed", "metadata": {}}
{"timestamp": 1779140889, "type": "safe_tx", "device": "node-9-stealth", "metadata": {}}
{"timestamp": 1779140889, "type": "safe_tx", "device": "node-12-mixed", "metadata": {}}
{"timestamp": 1779140890, "type": "time_anomaly", "device": "node-13-mixed", "metadata": {}}
{"timestamp": 1779140889, "type": "overflow", "device": "node-6-overflow", "metadata": {"count": 3, "window_sec": 30}}
{"timestamp": 1779140889, "type": "safe_tx", "device": "node-5-clean", "metadata": {}}
{"timestamp": 1779140889, "type": "safe_tx", "device": "node-14-mixed", "metadata": {}}
{"timestamp": 1779140889, "type": "safe_tx", "device": "node-10-fuzzer", "metadata": {}}
{"timestamp": 1779140889, "type": "safe_tx", "device": "node-1-clean", "metadata": {}}
{"timestamp": 1779140889, "type": "safe_tx", "device": "node-8-spammer", "metadata": {}}
{"timestamp": 1779140889, "type": "safe_tx", "device": "node-8-spammer", "metadata": {}}
{"timestamp": 1779140889, "type": "safe_tx", "device": "node-8-spammer", "metadata": {}}
{"timestamp": 1779140889, "type": "safe_tx", "device": "node-8-spammer", "metadata": {}}
{"timestamp": 1779140889, "type": "safe_tx", "device": "node-8-spammer", "metadata": {}}
{"timestamp": 1779140889, "type": "safe_tx", "device": "node-1-clean", "metadata": {}}
{"timestamp": 1779140889, "type": "safe_tx", "device": "node-8-spammer", "metadata": {}}
{"timestamp": 1779140889, "type": "dos_spam", "device": "node-8-spammer", "metadata": {}}
{"timestamp": 1779140889, "type": "safe_tx", "device": "node-8-spammer", "metadata": {}}
{"timestamp": 1779140890, "type": "safe_tx", "device": "node-2-clean", "metadata": {}}
{"timestamp": 1779140890, "type": "safe_tx", "device": "node-12-mixed", "metadata": {}}
{"timestamp": 1779140890, "type": "safe_tx", "device": "node-4-clean", "metadata": {}}
{"timestamp": 1779140890, "type": "safe_tx", "device": "node-9-stealth", "metadata": {}}
{"timestamp": 1779140890, "type": "safe_tx", "device": "node-2-clean", "metadata": {}}
{"timestamp": 1779140890, "type": "safe_tx", "device": "node-1-clean", "metadata": {}}
{"timestamp": 1779140890, "type": "safe_tx", "device": "node-10-fuzzer", "metadata": {}}
{"timestamp": 1779140890, "type": "safe_tx", "device": "node-3-clean", "metadata": {}}
{"timestamp": 1779140890, "type": "safe_tx", "device": "node-8-spammer", "metadata": {}}
{"timestamp": 1779140890, "type": "safe_tx", "device": "node-8-spammer", "metadata": {}}
{"timestamp": 1779140891, "type": "time_anomaly", "device": "node-13-mixed", "metadata": {}}
{"timestamp": 1779140890, "type": "safe_tx", "device": "node-8-spammer", "metadata": {}}
{"timestamp": 1779140891, "type": "safe_tx", "device": "node-10-fuzzer", "metadata": {}}
{"timestamp": 1779140892, "type": "time_anomaly", "device": "node-7-timespoof", "metadata": {}}
{"timestamp": 1779140891, "type": "safe_tx", "device": "node-9-stealth", "metadata": {}}
{"timestamp": 1779140891, "type": "safe_tx", "device": "node-14-mixed", "metadata": {}}
{"timestamp": 1779140891, "type": "safe_tx", "device": "node-2-clean", "metadata": {}}
{"timestamp": 1779140891, "type": "safe_tx", "device": "node-5-clean", "metadata": {}}
{"timestamp": 1779140891, "type": "safe_tx", "device": "node-4-clean", "metadata": {}}
{"timestamp": 1779140891, "type": "safe_tx", "device": "node-8-spammer", "metadata": {}}
{"timestamp": 1779140892, "type": "safe_tx", "device": "node-8-spammer", "metadata": {}}
{"timestamp": 1779140892, "type": "safe_tx", "device": "node-8-spammer", "metadata": {}}
{"timestamp": 1779140892, "type": "safe_tx", "device": "node-8-spammer", "metadata": {}}
{"timestamp": 1779140892, "type": "safe_tx", "device": "node-8-spammer", "metadata": {}}
{"timestamp": 1779140892, "type": "safe_tx", "device": "node-8-spammer", "metadata": {}}
{"timestamp": 1779140892, "type": "safe_tx", "device": "node-8-spammer", "metadata": {}}
{"timestamp": 1779140892, "type": "safe_tx", "device": "node-8-spammer", "metadata": {}}
{"timestamp": 1779140893, "type": "time_anomaly", "device": "node-12-mixed", "metadata": {}}
{"timestamp": 1779140892, "type": "safe_tx", "device": "node-8-spammer", "metadata": {}}
{"timestamp": 1779140892, "type": "safe_tx", "device": "node-3-clean", "metadata": {}}
{"timestamp": 1779140892, "type": "safe_tx", "device": "node-8-spammer", "metadata": {}}
{"timestamp": 1779140892, "type": "safe_tx", "device": "node-10-fuzzer", "metadata": {}}
{"timestamp": 1779140892, "type": "safe_tx", "device": "node-8-spammer", "metadata": {}}
{"timestamp": 1779140892, "type": "dos_spam", "device": "node-8-spammer", "metadata": {"count": 30, "window_sec": 5}}
{"timestamp": 1779140892, "type": "safe_tx", "device": "node-8-spammer", "metadata": {}}
{"timestamp": 1779140892, "type": "dos_spam", "device": "node-8-spammer", "metadata": {}}
{"timestamp": 1779140892, "type": "safe_tx", "device": "node-5-clean", "metadata": {}}
{"timestamp": 1779140892, "type": "safe_tx", "device": "node-4-clean", "metadata": {}}
{"timestamp": 1779140892, "type": "overflow", "device": "node-15-mixed", "metadata": {"count": 3, "window_sec": 30}}
{"timestamp": 1779140893, "type": "safe_tx", "device": "node-13-mixed", "metadata": {}}
{"timestamp": 1779140893, "type": "safe_tx", "device": "node-1-clean", "metadata": {}}
{"timestamp": 1779140893, "type": "safe_tx", "device": "node-8-spammer", "metadata": {}}
{"timestamp": 1779140893, "type": "safe_tx", "device": "node-8-spammer", "metadata": {}}
{"timestamp": 1779140893, "type": "fuzzing", "device": "node-10-fuzzer", "metadata": {}}
{"timestamp": 1779140893, "type": "safe_tx", "device": "node-8-spammer", "metadata": {}}
{"timestamp": 1779140893, "type": "safe_tx", "device": "node-8-spammer", "metadata": {}}
{"timestamp": 1779140893, "type": "safe_tx", "device": "node-8-spammer", "metadata": {}}
{"timestamp": 1779140893, "type": "safe_tx", "device": "node-3-clean", "metadata": {}}
{"timestamp": 1779140893, "type": "safe_tx", "device": "node-9-stealth", "metadata": {}}
{"timestamp": 1779140895, "type": "time_anomaly", "device": "node-12-mixed", "metadata": {}}
{"timestamp": 1779140894, "type": "safe_tx", "device": "node-3-clean", "metadata": {}}
{"timestamp": 1779140894, "type": "safe_tx", "device": "node-8-spammer", "metadata": {}}
{"timestamp": 1779140894, "type": "safe_tx", "device": "node-8-spammer", "metadata": {}}
{"timestamp": 1779140895, "type": "time_anomaly", "device": "node-7-timespoof", "metadata": {}}
{"timestamp": 1779140894, "type": "safe_tx", "device": "node-8-spammer", "metadata": {}}
{"timestamp": 1779140894, "type": "safe_tx", "device": "node-8-spammer", "metadata": {}}
{"timestamp": 1779140894, "type": "safe_tx", "device": "node-8-spammer", "metadata": {}}
{"timestamp": 1779140894, "type": "safe_tx", "device": "node-8-spammer", "metadata": {}}
{"timestamp": 1779140894, "type": "safe_tx", "device": "node-10-fuzzer", "metadata": {}}
{"timestamp": 1779140894, "type": "safe_tx", "device": "node-8-spammer", "metadata": {}}
{"timestamp": 1779140895, "type": "time_anomaly", "device": "node-13-mixed", "metadata": {}}
{"timestamp": 1779140894, "type": "safe_tx", "device": "node-8-spammer", "metadata": {}}
{"timestamp": 1779140895, "type": "time_anomaly", "device": "node-14-mixed", "metadata": {}}
{"timestamp": 1779140894, "type": "safe_tx", "device": "node-8-spammer", "metadata": {}}
{"timestamp": 1779140894, "type": "safe_tx", "device": "node-5-clean", "metadata": {}}
{"timestamp": 1779140894, "type": "safe_tx", "device": "node-8-spammer", "metadata": {}}
{"timestamp": 1779140894, "type": "dos_spam", "device": "node-8-spammer", "metadata": {}}
{"timestamp": 1779140894, "type": "safe_tx", "device": "node-8-spammer", "metadata": {}}
{"timestamp": 1779140894, "type": "safe_tx", "device": "node-8-spammer", "metadata": {}}
{"timestamp": 1779140894, "type": "safe_tx", "device": "node-8-spammer", "metadata": {}}
{"timestamp": 1779140894, "type": "safe_tx", "device": "node-8-spammer", "metadata": {}}
{"timestamp": 1779140894, "type": "safe_tx", "device": "node-8-spammer", "metadata": {}}
{"timestamp": 1779140894, "type": "safe_tx", "device": "node-14-mixed", "metadata": {}}
{"timestamp": 1779140894, "type": "safe_tx", "device": "node-8-spammer", "metadata": {}}
{"timestamp": 1779140895, "type": "safe_tx", "device": "node-8-spammer", "metadata": {}}
{"timestamp": 1779140895, "type": "safe_tx", "device": "node-8-spammer", "metadata": {}}
{"timestamp": 1779140895, "type": "safe_tx", "device": "node-8-spammer", "metadata": {}}
{"timestamp": 1779140895, "type": "safe_tx", "device": "node-8-spammer", "metadata": {}}
{"timestamp": 1779140895, "type": "safe_tx", "device": "node-9-stealth", "metadata": {}}
{"timestamp": 1779140895, "type": "safe_tx", "device": "node-3-clean", "metadata": {}}
{"timestamp": 1779140895, "type": "fuzzing", "device": "node-10-fuzzer", "metadata": {}}
{"timestamp": 1779140895, "type": "safe_tx", "device": "node-2-clean", "metadata": {}}
{"timestamp": 1779140896, "type": "time_anomaly", "device": "node-15-mixed", "metadata": {}}
{"timestamp": 1779140895, "type": "fuzzing", "device": "node-10-fuzzer", "metadata": {}}
{"timestamp": 1779140897, "type": "time_anomaly", "device": "node-14-mixed", "metadata": {}}
{"timestamp": 1779140897, "type": "time_anomaly", "device": "node-7-timespoof", "metadata": {}}
{"timestamp": 1779140896, "type": "safe_tx", "device": "node-8-spammer", "metadata": {}}
{"timestamp": 1779140896, "type": "safe_tx", "device": "node-8-spammer", "metadata": {}}
{"timestamp": 1779140896, "type": "safe_tx", "device": "node-12-mixed", "metadata": {}}
{"timestamp": 1779140896, "type": "safe_tx", "device": "node-5-clean", "metadata": {}}
{"timestamp": 1779140896, "type": "fuzzing", "device": "node-10-fuzzer", "metadata": {}}
{"timestamp": 1779140897, "type": "safe_tx", "device": "node-8-spammer", "metadata": {}}
{"timestamp": 1779140897, "type": "safe_tx", "device": "node-8-spammer", "metadata": {}}
{"timestamp": 1779140897, "type": "dos_spam", "device": "node-8-spammer", "metadata": {"count": 30, "window_sec": 5}}
{"timestamp": 1779140897, "type": "safe_tx", "device": "node-4-clean", "metadata": {}}
{"timestamp": 1779140898, "type": "time_anomaly", "device": "node-14-mixed", "metadata": {}}
{"timestamp": 1779140897, "type": "safe_tx", "device": "node-8-spammer", "metadata": {}}
{"timestamp": 1779140898, "type": "safe_tx", "device": "node-8-spammer", "metadata": {}}
{"timestamp": 1779140898, "type": "safe_tx", "device": "node-9-stealth", "metadata": {}}
{"timestamp": 1779140898, "type": "safe_tx", "device": "node-3-clean", "metadata": {}}
{"timestamp": 1779140898, "type": "safe_tx", "device": "node-15-mixed", "metadata": {}}
{"timestamp": 1779140898, "type": "safe_tx", "device": "node-1-clean", "metadata": {}}
{"timestamp": 1779140898, "type": "safe_tx", "device": "node-2-clean", "metadata": {}}
{"timestamp": 1779140899, "type": "time_anomaly", "device": "node-13-mixed", "metadata": {}}
{"timestamp": 1779140898, "type": "safe_tx", "device": "node-8-spammer", "metadata": {}}
{"timestamp": 1779140898, "type": "safe_tx", "device": "node-8-spammer", "metadata": {}}
{"timestamp": 1779140899, "type": "safe_tx", "device": "node-8-spammer", "metadata": {}}
{"timestamp": 1779140899, "type": "fuzzing", "device": "node-10-fuzzer", "metadata": {}}
{"timestamp": 1779140899, "type": "safe_tx", "device": "node-5-clean", "metadata": {}}
{"timestamp": 1779140899, "type": "safe_tx", "device": "node-12-mixed", "metadata": {}}
{"timestamp": 1779140899, "type": "safe_tx", "device": "node-9-stealth", "metadata": {}}
{"timestamp": 1779140900, "type": "safe_tx", "device": "node-8-spammer", "metadata": {}}
{"timestamp": 1779140900, "type": "safe_tx", "device": "node-8-spammer", "metadata": {}}
{"timestamp": 1779140900, "type": "safe_tx", "device": "node-3-clean", "metadata": {}}
{"timestamp": 1779140900, "type": "safe_tx", "device": "node-8-spammer", "metadata": {}}
{"timestamp": 1779140900, "type": "safe_tx", "device": "node-8-spammer", "metadata": {}}
{"timestamp": 1779140900, "type": "safe_tx", "device": "node-8-spammer", "metadata": {}}
{"timestamp": 1779140900, "type": "safe_tx", "device": "node-8-spammer", "metadata": {}}
{"timestamp": 1779140900, "type": "safe_tx", "device": "node-8-spammer", "metadata": {}}
{"timestamp": 1779140900, "type": "safe_tx", "device": "node-8-spammer", "metadata": {}}
{"timestamp": 1779140900, "type": "safe_tx", "device": "node-12-mixed", "metadata": {}}
{"timestamp": 1779140901, "type": "time_anomaly", "device": "node-7-timespoof", "metadata": {}}
{"timestamp": 1779140900, "type": "safe_tx", "device": "node-8-spammer", "metadata": {}}
{"timestamp": 1779140900, "type": "safe_tx", "device": "node-8-spammer", "metadata": {}}
{"timestamp": 1779140900, "type": "overflow", "device": "node-6-overflow", "metadata": {"count": 3, "window_sec": 30}}
{"timestamp": 1779140900, "type": "safe_tx", "device": "node-8-spammer", "metadata": {}}
{"timestamp": 1779140900, "type": "dos_spam", "device": "node-8-spammer", "metadata": {}}
{"timestamp": 1779140900, "type": "safe_tx", "device": "node-8-spammer", "metadata": {}}
{"timestamp": 1779140900, "type": "safe_tx", "device": "node-8-spammer", "metadata": {}}
{"timestamp": 1779140900, "type": "safe_tx", "device": "node-8-spammer", "metadata": {}}
{"timestamp": 1779140900, "type": "safe_tx", "device": "node-8-spammer", "metadata": {}}
{"timestamp": 1779140900, "type": "safe_tx", "device": "node-5-clean", "metadata": {}}
{"timestamp": 1779140900, "type": "safe_tx", "device": "node-10-fuzzer", "metadata": {}}
{"timestamp": 1779140902, "type": "time_anomaly", "device": "node-15-mixed", "metadata": {}}
{"timestamp": 1779140901, "type": "safe_tx", "device": "node-4-clean", "metadata": {}}
{"timestamp": 1779140901, "type": "safe_tx", "device": "node-5-clean", "metadata": {}}
{"timestamp": 1779140901, "type": "safe_tx", "device": "node-2-clean", "metadata": {}}
{"timestamp": 1779140901, "type": "safe_tx", "device": "node-1-clean", "metadata": {}}
{"timestamp": 1779140901, "type": "safe_tx", "device": "node-14-mixed", "metadata": {}}
{"timestamp": 1779140901, "type": "safe_tx", "device": "node-15-mixed", "metadata": {}}
{"timestamp": 1779140902, "type": "safe_tx", "device": "node-4-clean", "metadata": {}}
{"timestamp": 1779140902, "type": "safe_tx", "device": "node-9-stealth", "metadata": {}}
{"timestamp": 1779140902, "type": "safe_tx", "device": "node-3-clean", "metadata": {}}
{"timestamp": 1779140902, "type": "safe_tx", "device": "node-8-spammer", "metadata": {}}
{"timestamp": 1779140902, "type": "safe_tx", "device": "node-10-fuzzer", "metadata": {}}
{"timestamp": 1779140902, "type": "safe_tx", "device": "node-15-mixed", "metadata": {}}
{"timestamp": 1779140902, "type": "safe_tx", "device": "node-8-spammer", "metadata": {}}
{"timestamp": 1779140903, "type": "time_anomaly", "device": "node-7-timespoof", "metadata": {}}
{"timestamp": 1779140902, "type": "safe_tx", "device": "node-1-clean", "metadata": {}}
{"timestamp": 1779140903, "type": "safe_tx", "device": "node-12-mixed", "metadata": {}}
{"timestamp": 1779140903, "type": "safe_tx", "device": "node-9-stealth", "metadata": {}}
{"timestamp": 1779140903, "type": "safe_tx", "device": "node-14-mixed", "metadata": {}}
{"timestamp": 1779140903, "type": "safe_tx", "device": "node-15-mixed", "metadata": {}}
{"timestamp": 1779140903, "type": "safe_tx", "device": "node-5-clean", "metadata": {}}
{"timestamp": 1779140903, "type": "safe_tx", "device": "node-3-clean", "metadata": {}}
{"timestamp": 1779140903, "type": "safe_tx", "device": "node-12-mixed", "metadata": {}}
{"timestamp": 1779140903, "type": "safe_tx", "device": "node-8-spammer", "metadata": {}}
{"timestamp": 1779140903, "type": "safe_tx", "device": "node-8-spammer", "metadata": {}}
{"timestamp": 1779140903, "type": "safe_tx", "device": "node-8-spammer", "metadata": {}}
{"timestamp": 1779140903, "type": "safe_tx", "device": "node-8-spammer", "metadata": {}}
{"timestamp": 1779140904, "type": "safe_tx", "device": "node-8-spammer", "metadata": {}}
{"timestamp": 1779140904, "type": "safe_tx", "device": "node-8-spammer", "metadata": {}}
{"timestamp": 1779140904, "type": "safe_tx", "device": "node-8-spammer", "metadata": {}}
{"timestamp": 1779140904, "type": "safe_tx", "device": "node-8-spammer", "metadata": {}}
{"timestamp": 1779140904, "type": "safe_tx", "device": "node-4-clean", "metadata": {}}
{"timestamp": 1779140904, "type": "safe_tx", "device": "node-9-stealth", "metadata": {}}
{"timestamp": 1779140904, "type": "safe_tx", "device": "node-10-fuzzer", "metadata": {}}
{"timestamp": 1779140905, "type": "safe_tx", "device": "node-13-mixed", "metadata": {}}
{"timestamp": 1779140905, "type": "safe_tx", "device": "node-8-spammer", "metadata": {}}
{"timestamp": 1779140905, "type": "safe_tx", "device": "node-5-clean", "metadata": {}}
{"timestamp": 1779140905, "type": "safe_tx", "device": "node-2-clean", "metadata": {}}
{"timestamp": 1779140905, "type": "safe_tx", "device": "node-9-stealth", "metadata": {}}
{"timestamp": 1779140905, "type": "safe_tx", "device": "node-8-spammer", "metadata": {}}
{"timestamp": 1779140905, "type": "safe_tx", "device": "node-2-clean", "metadata": {}}
{"timestamp": 1779140906, "type": "time_anomaly", "device": "node-14-mixed", "metadata": {}}
{"timestamp": 1779140905, "type": "safe_tx", "device": "node-1-clean", "metadata": {}}
{"timestamp": 1779140906, "type": "safe_tx", "device": "node-15-mixed", "metadata": {}}
{"timestamp": 1779140906, "type": "safe_tx", "device": "node-8-spammer", "metadata": {}}
{"timestamp": 1779140906, "type": "safe_tx", "device": "node-8-spammer", "metadata": {}}
{"timestamp": 1779140906, "type": "safe_tx", "device": "node-8-spammer", "metadata": {}}
{"timestamp": 1779140906, "type": "safe_tx", "device": "node-8-spammer", "metadata": {}}
{"timestamp": 1779140906, "type": "safe_tx", "device": "node-8-spammer", "metadata": {}}
{"timestamp": 1779140906, "type": "safe_tx", "device": "node-8-spammer", "metadata": {}}
{"timestamp": 1779140906, "type": "safe_tx", "device": "node-8-spammer", "metadata": {}}
{"timestamp": 1779140906, "type": "safe_tx", "device": "node-8-spammer", "metadata": {}}
{"timestamp": 1779140906, "type": "safe_tx", "device": "node-8-spammer", "metadata": {}}
{"timestamp": 1779140906, "type": "dos_spam", "device": "node-8-spammer", "metadata": {}}
{"timestamp": 1779140906, "type": "safe_tx", "device": "node-8-spammer", "metadata": {}}
{"timestamp": 1779140906, "type": "safe_tx", "device": "node-8-spammer", "metadata": {}}
{"timestamp": 1779140906, "type": "safe_tx", "device": "node-8-spammer", "metadata": {}}
{"timestamp": 1779140906, "type": "overflow", "device": "node-13-mixed", "metadata": {"count": 3, "window_sec": 30}}
{"timestamp": 1779140906, "type": "safe_tx", "device": "node-9-stealth", "metadata": {}}
{"timestamp": 1779140906, "type": "safe_tx", "device": "node-5-clean", "metadata": {}}
{"timestamp": 1779140907, "type": "safe_tx", "device": "node-3-clean", "metadata": {}}
{"timestamp": 1779140907, "type": "safe_tx", "device": "node-1-clean", "metadata": {}}
{"timestamp": 1779140908, "type": "time_anomaly", "device": "node-7-timespoof", "metadata": {}}
{"timestamp": 1779140907, "type": "fuzzing", "device": "node-10-fuzzer", "metadata": {}}
{"timestamp": 1779140907, "type": "safe_tx", "device": "node-8-spammer", "metadata": {}}
{"timestamp": 1779140907, "type": "safe_tx", "device": "node-8-spammer", "metadata": {}}
{"timestamp": 1779140907, "type": "safe_tx", "device": "node-8-spammer", "metadata": {}}
{"timestamp": 1779140907, "type": "safe_tx", "device": "node-8-spammer", "metadata": {}}
{"timestamp": 1779140908, "type": "time_anomaly", "device": "node-13-mixed", "metadata": {}}
{"timestamp": 1779140907, "type": "safe_tx", "device": "node-8-spammer", "metadata": {}}
{"timestamp": 1779140907, "type": "safe_tx", "device": "node-8-spammer", "metadata": {}}
{"timestamp": 1779140907, "type": "dos_spam", "device": "node-8-spammer", "metadata": {"count": 30, "window_sec": 5}}
{"timestamp": 1779140908, "type": "safe_tx", "device": "node-9-stealth", "metadata": {}}
{"timestamp": 1779140908, "type": "safe_tx", "device": "node-8-spammer", "metadata": {}}
{"timestamp": 1779140908, "type": "safe_tx", "device": "node-8-spammer", "metadata": {}}
{"timestamp": 1779140908, "type": "safe_tx", "device": "node-6-overflow", "metadata": {}}
{"timestamp": 1779140908, "type": "safe_tx", "device": "node-8-spammer", "metadata": {}}
{"timestamp": 1779140908, "type": "safe_tx", "device": "node-8-spammer", "metadata": {}}
{"timestamp": 1779140908, "type": "safe_tx", "device": "node-4-clean", "metadata": {}}
{"timestamp": 1779140908, "type": "safe_tx", "device": "node-8-spammer", "metadata": {}}
{"timestamp": 1779140908, "type": "safe_tx", "device": "node-8-spammer", "metadata": {}}
{"timestamp": 1779140908, "type": "dos_spam", "device": "node-8-spammer", "metadata": {}}
{"timestamp": 1779140908, "type": "safe_tx", "device": "node-8-spammer", "metadata": {}}
{"timestamp": 1779140908, "type": "safe_tx", "device": "node-10-fuzzer", "metadata": {}}
{"timestamp": 1779140908, "type": "safe_tx", "device": "node-8-spammer", "metadata": {}}
{"timestamp": 1779140908, "type": "safe_tx", "device": "node-8-spammer", "metadata": {}}
{"timestamp": 1779140908, "type": "safe_tx", "device": "node-8-spammer", "metadata": {}}
{"timestamp": 1779140908, "type": "safe_tx", "device": "node-8-spammer", "metadata": {}}
{"timestamp": 1779140908, "type": "safe_tx", "device": "node-8-spammer", "metadata": {}}
{"timestamp": 1779140908, "type": "safe_tx", "device": "node-8-spammer", "metadata": {}}
{"timestamp": 1779140908, "type": "safe_tx", "device": "node-15-mixed", "metadata": {}}
{"timestamp": 1779140908, "type": "safe_tx", "device": "node-9-stealth", "metadata": {}}
{"timestamp": 1779140909, "type": "safe_tx", "device": "node-5-clean", "metadata": {}}
{"timestamp": 1779140909, "type": "safe_tx", "device": "node-2-clean", "metadata": {}}
{"timestamp": 1779140910, "type": "time_anomaly", "device": "node-7-timespoof", "metadata": {}}
{"timestamp": 1779140909, "type": "safe_tx", "device": "node-3-clean", "metadata": {}}
{"timestamp": 1779140910, "type": "safe_tx", "device": "node-8-spammer", "metadata": {}}
{"timestamp": 1779140910, "type": "safe_tx", "device": "node-8-spammer", "metadata": {}}
{"timestamp": 1779140910, "type": "safe_tx", "device": "node-8-spammer", "metadata": {}}
{"timestamp": 1779140910, "type": "safe_tx", "device": "node-8-spammer", "metadata": {}}
{"timestamp": 1779140910, "type": "safe_tx", "device": "node-8-spammer", "metadata": {}}
{"timestamp": 1779140910, "type": "safe_tx", "device": "node-8-spammer", "metadata": {}}
{"timestamp": 1779140910, "type": "safe_tx", "device": "node-8-spammer", "metadata": {}}
{"timestamp": 1779140910, "type": "safe_tx", "device": "node-8-spammer", "metadata": {}}
{"timestamp": 1779140910, "type": "dos_spam", "device": "node-8-spammer", "metadata": {}}
{"timestamp": 1779140910, "type": "safe_tx", "device": "node-4-clean", "metadata": {}}
{"timestamp": 1779140910, "type": "safe_tx", "device": "node-8-spammer", "metadata": {}}
{"timestamp": 1779140910, "type": "safe_tx", "device": "node-8-spammer", "metadata": {}}
{"timestamp": 1779140910, "type": "safe_tx", "device": "node-8-spammer", "metadata": {}}
{"timestamp": 1779140910, "type": "safe_tx", "device": "node-8-spammer", "metadata": {}}
{"timestamp": 1779140910, "type": "safe_tx", "device": "node-8-spammer", "metadata": {}}
{"timestamp": 1779140910, "type": "safe_tx", "device": "node-8-spammer", "metadata": {}}
{"timestamp": 1779140910, "type": "safe_tx", "device": "node-2-clean", "metadata": {}}
{"timestamp": 1779140910, "type": "safe_tx", "device": "node-8-spammer", "metadata": {}}
{"timestamp": 1779140910, "type": "safe_tx", "device": "node-14-mixed", "metadata": {}}
{"timestamp": 1779140910, "type": "safe_tx", "device": "node-8-spammer", "metadata": {}}
{"timestamp": 1779140910, "type": "safe_tx", "device": "node-8-spammer", "metadata": {}}
{"timestamp": 1779140910, "type": "dos_spam", "device": "node-8-spammer", "metadata": {"count": 30, "window_sec": 5}}
{"timestamp": 1779140910, "type": "safe_tx", "device": "node-8-spammer", "metadata": {}}
{"timestamp": 1779140910, "type": "safe_tx", "device": "node-8-spammer", "metadata": {}}
{"timestamp": 1779140910, "type": "safe_tx", "device": "node-8-spammer", "metadata": {}}
{"timestamp": 1779140910, "type": "safe_tx", "device": "node-10-fuzzer", "metadata": {}}
{"timestamp": 1779140910, "type": "safe_tx", "device": "node-8-spammer", "metadata": {}}
{"timestamp": 1779140910, "type": "safe_tx", "device": "node-8-spammer", "metadata": {}}
{"timestamp": 1779140910, "type": "safe_tx", "device": "node-9-stealth", "metadata": {}}
{"timestamp": 1779140910, "type": "safe_tx", "device": "node-8-spammer", "metadata": {}}
{"timestamp": 1779140910, "type": "dos_spam", "device": "node-8-spammer", "metadata": {}}
{"timestamp": 1779140910, "type": "safe_tx", "device": "node-8-spammer", "metadata": {}}
{"timestamp": 1779140910, "type": "safe_tx", "device": "node-8-spammer", "metadata": {}}
{"timestamp": 1779140910, "type": "safe_tx", "device": "node-8-spammer", "metadata": {}}
{"timestamp": 1779140910, "type": "safe_tx", "device": "node-1-clean", "metadata": {}}
{"timestamp": 1779140911, "type": "safe_tx", "device": "node-13-mixed", "metadata": {}}
{"timestamp": 1779140911, "type": "safe_tx", "device": "node-5-clean", "metadata": {}}
{"timestamp": 1779140911, "type": "safe_tx", "device": "node-5-clean", "metadata": {}}
{"timestamp": 1779140911, "type": "safe_tx", "device": "node-14-mixed", "metadata": {}}
{"timestamp": 1779140912, "type": "time_anomaly", "device": "node-15-mixed", "metadata": {}}
{"timestamp": 1779140912, "type": "safe_tx", "device": "node-12-mixed", "metadata": {}}
{"timestamp": 1779140912, "type": "safe_tx", "device": "node-1-clean", "metadata": {}}
{"timestamp": 1779140912, "type": "safe_tx", "device": "node-10-fuzzer", "metadata": {}}
{"timestamp": 1779140912, "type": "safe_tx", "device": "node-9-stealth", "metadata": {}}
{"timestamp": 1779140912, "type": "safe_tx", "device": "node-8-spammer", "metadata": {}}
{"timestamp": 1779140912, "type": "safe_tx", "device": "node-8-spammer", "metadata": {}}
{"timestamp": 1779140912, "type": "safe_tx", "device": "node-1-clean", "metadata": {}}
{"timestamp": 1779140912, "type": "safe_tx", "device": "node-3-clean", "metadata": {}}
{"timestamp": 1779140913, "type": "safe_tx", "device": "node-2-clean", "metadata": {}}
{"timestamp": 1779140914, "type": "time_anomaly", "device": "node-7-timespoof", "metadata": {}}
{"timestamp": 1779140913, "type": "safe_tx", "device": "node-8-spammer", "metadata": {}}
{"timestamp": 1779140913, "type": "overflow", "device": "node-14-mixed", "metadata": {"count": 3, "window_sec": 30}}
{"timestamp": 1779140913, "type": "safe_tx", "device": "node-5-clean", "metadata": {}}
{"timestamp": 1779140913, "type": "safe_tx", "device": "node-11-pulsing", "metadata": {}}
{"timestamp": 1779140913, "type": "safe_tx", "device": "node-9-stealth", "metadata": {}}
{"timestamp": 1779140913, "type": "safe_tx", "device": "node-11-pulsing", "metadata": {}}
{"timestamp": 1779140913, "type": "safe_tx", "device": "node-11-pulsing", "metadata": {}}
{"timestamp": 1779140914, "type": "safe_tx", "device": "node-11-pulsing", "metadata": {}}
{"timestamp": 1779140914, "type": "overflow", "device": "node-6-overflow", "metadata": {"count": 3, "window_sec": 30}}
{"timestamp": 1779140914, "type": "safe_tx", "device": "node-11-pulsing", "metadata": {}}
{"timestamp": 1779140914, "type": "safe_tx", "device": "node-11-pulsing", "metadata": {}}
{"timestamp": 1779140914, "type": "safe_tx", "device": "node-11-pulsing", "metadata": {}}
{"timestamp": 1779140914, "type": "safe_tx", "device": "node-11-pulsing", "metadata": {}}
{"timestamp": 1779140914, "type": "safe_tx", "device": "node-4-clean", "metadata": {}}
{"timestamp": 1779140914, "type": "safe_tx", "device": "node-11-pulsing", "metadata": {}}
{"timestamp": 1779140914, "type": "safe_tx", "device": "node-11-pulsing", "metadata": {}}
{"timestamp": 1779140914, "type": "safe_tx", "device": "node-11-pulsing", "metadata": {}}
{"timestamp": 1779140914, "type": "safe_tx", "device": "node-11-pulsing", "metadata": {}}
{"timestamp": 1779140914, "type": "safe_tx", "device": "node-11-pulsing", "metadata": {}}
{"timestamp": 1779140914, "type": "safe_tx", "device": "node-12-mixed", "metadata": {}}
{"timestamp": 1779140914, "type": "safe_tx", "device": "node-11-pulsing", "metadata": {}}
{"timestamp": 1779140914, "type": "safe_tx", "device": "node-10-fuzzer", "metadata": {}}
{"timestamp": 1779140914, "type": "safe_tx", "device": "node-11-pulsing", "metadata": {}}
{"timestamp": 1779140914, "type": "dos_spam", "device": "node-11-pulsing", "metadata": {}}
{"timestamp": 1779140915, "type": "time_anomaly", "device": "node-15-mixed", "metadata": {}}
{"timestamp": 1779140914, "type": "safe_tx", "device": "node-11-pulsing", "metadata": {}}
{"timestamp": 1779140914, "type": "safe_tx", "device": "node-11-pulsing", "metadata": {}}
{"timestamp": 1779140914, "type": "safe_tx", "device": "node-11-pulsing", "metadata": {}}
{"timestamp": 1779140914, "type": "safe_tx", "device": "node-11-pulsing", "metadata": {}}
{"timestamp": 1779140914, "type": "safe_tx", "device": "node-5-clean", "metadata": {}}
{"timestamp": 1779140914, "type": "safe_tx", "device": "node-11-pulsing", "metadata": {}}
{"timestamp": 1779140915, "type": "safe_tx", "device": "node-2-clean", "metadata": {}}
{"timestamp": 1779140915, "type": "safe_tx", "device": "node-8-spammer", "metadata": {}}
{"timestamp": 1779140915, "type": "safe_tx", "device": "node-8-spammer", "metadata": {}}
{"timestamp": 1779140915, "type": "safe_tx", "device": "node-3-clean", "metadata": {}}
{"timestamp": 1779140916, "type": "safe_tx", "device": "node-10-fuzzer", "metadata": {}}
{"timestamp": 1779140916, "type": "safe_tx", "device": "node-1-clean", "metadata": {}}
{"timestamp": 1779140916, "type": "safe_tx", "device": "node-5-clean", "metadata": {}}
{"timestamp": 1779140916, "type": "safe_tx", "device": "node-8-spammer", "metadata": {}}
{"timestamp": 1779140916, "type": "safe_tx", "device": "node-8-spammer", "metadata": {}}
{"timestamp": 1779140916, "type": "safe_tx", "device": "node-8-spammer", "metadata": {}}
{"timestamp": 1779140916, "type": "safe_tx", "device": "node-9-stealth", "metadata": {}}
{"timestamp": 1779140916, "type": "safe_tx", "device": "node-3-clean", "metadata": {}}
{"timestamp": 1779140916, "type": "safe_tx", "device": "node-1-clean", "metadata": {}}
{"timestamp": 1779140916, "type": "safe_tx", "device": "node-4-clean", "metadata": {}}
{"timestamp": 1779140917, "type": "safe_tx", "device": "node-2-clean", "metadata": {}}
{"timestamp": 1779140918, "type": "time_anomaly", "device": "node-7-timespoof", "metadata": {}}
{"timestamp": 1779140917, "type": "safe_tx", "device": "node-13-mixed", "metadata": {}}
{"timestamp": 1779140917, "type": "safe_tx", "device": "node-8-spammer", "metadata": {}}
{"timestamp": 1779140917, "type": "safe_tx", "device": "node-8-spammer", "metadata": {}}
{"timestamp": 1779140917, "type": "safe_tx", "device": "node-14-mixed", "metadata": {}}
{"timestamp": 1779140917, "type": "safe_tx", "device": "node-15-mixed", "metadata": {}}
{"timestamp": 1779140918, "type": "safe_tx", "device": "node-12-mixed", "metadata": {}}
{"timestamp": 1779140918, "type": "safe_tx", "device": "node-4-clean", "metadata": {}}
{"timestamp": 1779140918, "type": "safe_tx", "device": "node-10-fuzzer", "metadata": {}}
{"timestamp": 1779140918, "type": "safe_tx", "device": "node-3-clean", "metadata": {}}
{"timestamp": 1779140918, "type": "safe_tx", "device": "node-1-clean", "metadata": {}}
{"timestamp": 1779140918, "type": "safe_tx", "device": "node-4-clean", "metadata": {}}
{"timestamp": 1779140918, "type": "safe_tx", "device": "node-8-spammer", "metadata": {}}
{"timestamp": 1779140918, "type": "safe_tx", "device": "node-8-spammer", "metadata": {}}
{"timestamp": 1779140918, "type": "safe_tx", "device": "node-8-spammer", "metadata": {}}
{"timestamp": 1779140918, "type": "safe_tx", "device": "node-8-spammer", "metadata": {}}
{"timestamp": 1779140918, "type": "safe_tx", "device": "node-10-fuzzer", "metadata": {}}
{"timestamp": 1779140918, "type": "safe_tx", "device": "node-8-spammer", "metadata": {}}
{"timestamp": 1779140918, "type": "safe_tx", "device": "node-8-spammer", "metadata": {}}
{"timestamp": 1779140918, "type": "safe_tx", "device": "node-8-spammer", "metadata": {}}
{"timestamp": 1779140918, "type": "safe_tx", "device": "node-8-spammer", "metadata": {}}
{"timestamp": 1779140918, "type": "safe_tx", "device": "node-8-spammer", "metadata": {}}
{"timestamp": 1779140918, "type": "safe_tx", "device": "node-8-spammer", "metadata": {}}
{"timestamp": 1779140918, "type": "dos_spam", "device": "node-8-spammer", "metadata": {}}
{"timestamp": 1779140918, "type": "safe_tx", "device": "node-9-stealth", "metadata": {}}
{"timestamp": 1779140918, "type": "safe_tx", "device": "node-8-spammer", "metadata": {}}
{"timestamp": 1779140918, "type": "safe_tx", "device": "node-8-spammer", "metadata": {}}
{"timestamp": 1779140918, "type": "safe_tx", "device": "node-8-spammer", "metadata": {}}
{"timestamp": 1779140918, "type": "safe_tx", "device": "node-8-spammer", "metadata": {}}
{"timestamp": 1779140919, "type": "safe_tx", "device": "node-8-spammer", "metadata": {}}
{"timestamp": 1779140919, "type": "safe_tx", "device": "node-13-mixed", "metadata": {}}
{"timestamp": 1779140919, "type": "safe_tx", "device": "node-2-clean", "metadata": {}}
{"timestamp": 1779140919, "type": "safe_tx", "device": "node-5-clean", "metadata": {}}
{"timestamp": 1779140919, "type": "safe_tx", "device": "node-8-spammer", "metadata": {}}
{"timestamp": 1779140919, "type": "safe_tx", "device": "node-8-spammer", "metadata": {}}
{"timestamp": 1779140919, "type": "safe_tx", "device": "node-8-spammer", "metadata": {}}
{"timestamp": 1779140919, "type": "safe_tx", "device": "node-8-spammer", "metadata": {}}
{"timestamp": 1779140919, "type": "safe_tx", "device": "node-8-spammer", "metadata": {}}
{"timestamp": 1779140920, "type": "safe_tx", "device": "node-12-mixed", "metadata": {}}
{"timestamp": 1779140920, "type": "safe_tx", "device": "node-9-stealth", "metadata": {}}
{"timestamp": 1779140920, "type": "safe_tx", "device": "node-5-clean", "metadata": {}}
{"timestamp": 1779140921, "type": "time_anomaly", "device": "node-7-timespoof", "metadata": {}}
{"timestamp": 1779140920, "type": "safe_tx", "device": "node-1-clean", "metadata": {}}
{"timestamp": 1779140920, "type": "safe_tx", "device": "node-8-spammer", "metadata": {}}
{"timestamp": 1779140921, "type": "safe_tx", "device": "node-14-mixed", "metadata": {}}
{"timestamp": 1779140921, "type": "safe_tx", "device": "node-4-clean", "metadata": {}}
{"timestamp": 1779140921, "type": "safe_tx", "device": "node-14-mixed", "metadata": {}}
{"timestamp": 1779140921, "type": "overflow", "device": "node-12-mixed", "metadata": {"count": 3, "window_sec": 30}}
{"timestamp": 1779140922, "type": "safe_tx", "device": "node-1-clean", "metadata": {}}
{"timestamp": 1779140922, "type": "safe_tx", "device": "node-9-stealth", "metadata": {}}
{"timestamp": 1779140922, "type": "safe_tx", "device": "node-3-clean", "metadata": {}}
{"timestamp": 1779140922, "type": "safe_tx", "device": "node-12-mixed", "metadata": {}}
{"timestamp": 1779140922, "type": "safe_tx", "device": "node-13-mixed", "metadata": {}}
{"timestamp": 1779140922, "type": "safe_tx", "device": "node-10-fuzzer", "metadata": {}}
{"timestamp": 1779140922, "type": "safe_tx", "device": "node-8-spammer", "metadata": {}}
{"timestamp": 1779140922, "type": "safe_tx", "device": "node-8-spammer", "metadata": {}}
{"timestamp": 1779140922, "type": "safe_tx", "device": "node-8-spammer", "metadata": {}}
{"timestamp": 1779140922, "type": "safe_tx", "device": "node-4-clean", "metadata": {}}
{"timestamp": 1779140924, "type": "time_anomaly", "device": "node-12-mixed", "metadata": {}}
{"timestamp": 1779140923, "type": "safe_tx", "device": "node-9-stealth", "metadata": {}}
{"timestamp": 1779140923, "type": "safe_tx", "device": "node-2-clean", "metadata": {}}
{"timestamp": 1779140923, "type": "safe_tx", "device": "node-2-clean", "metadata": {}}
{"timestamp": 1779140924, "type": "time_anomaly", "device": "node-14-mixed", "metadata": {}}
{"timestamp": 1779140924, "type": "safe_tx", "device": "node-9-stealth", "metadata": {}}
{"timestamp": 1779140924, "type": "safe_tx", "device": "node-10-fuzzer", "metadata": {}}
{"timestamp": 1779140924, "type": "overflow", "device": "node-6-overflow", "metadata": {"count": 3, "window_sec": 30}}
{"timestamp": 1779140924, "type": "safe_tx", "device": "node-1-clean", "metadata": {}}
{"timestamp": 1779140924, "type": "safe_tx", "device": "node-5-clean", "metadata": {}}
{"timestamp": 1779140925, "type": "time_anomaly", "device": "node-7-timespoof", "metadata": {}}
{"timestamp": 1779140924, "type": "safe_tx", "device": "node-3-clean", "metadata": {}}
{"timestamp": 1779140924, "type": "safe_tx", "device": "node-15-mixed", "metadata": {}}
{"timestamp": 1779140924, "type": "safe_tx", "device": "node-13-mixed", "metadata": {}}
{"timestamp": 1779140925, "type": "safe_tx", "device": "node-8-spammer", "metadata": {}}
{"timestamp": 1779140925, "type": "safe_tx", "device": "node-8-spammer", "metadata": {}}
{"timestamp": 1779140925, "type": "safe_tx", "device": "node-8-spammer", "metadata": {}}
{"timestamp": 1779140925, "type": "safe_tx", "device": "node-8-spammer", "metadata": {}}
{"timestamp": 1779140925, "type": "safe_tx", "device": "node-8-spammer", "metadata": {}}
{"timestamp": 1779140925, "type": "safe_tx", "device": "node-8-spammer", "metadata": {}}
{"timestamp": 1779140925, "type": "safe_tx", "device": "node-15-mixed", "metadata": {}}
{"timestamp": 1779140925, "type": "safe_tx", "device": "node-8-spammer", "metadata": {}}
{"timestamp": 1779140925, "type": "safe_tx", "device": "node-8-spammer", "metadata": {}}
{"timestamp": 1779140925, "type": "safe_tx", "device": "node-8-spammer", "metadata": {}}
{"timestamp": 1779140925, "type": "safe_tx", "device": "node-8-spammer", "metadata": {}}
{"timestamp": 1779140925, "type": "safe_tx", "device": "node-8-spammer", "metadata": {}}
{"timestamp": 1779140925, "type": "safe_tx", "device": "node-12-mixed", "metadata": {}}
{"timestamp": 1779140925, "type": "safe_tx", "device": "node-9-stealth", "metadata": {}}
{"timestamp": 1779140925, "type": "safe_tx", "device": "node-1-clean", "metadata": {}}
{"timestamp": 1779140926, "type": "safe_tx", "device": "node-13-mixed", "metadata": {}}
{"timestamp": 1779140926, "type": "safe_tx", "device": "node-2-clean", "metadata": {}}
{"timestamp": 1779140926, "type": "fuzzing", "device": "node-10-fuzzer", "metadata": {}}
{"timestamp": 1779140926, "type": "safe_tx", "device": "node-14-mixed", "metadata": {}}
{"timestamp": 1779140926, "type": "safe_tx", "device": "node-2-clean", "metadata": {}}
{"timestamp": 1779140926, "type": "fuzzing", "device": "node-10-fuzzer", "metadata": {}}
{"timestamp": 1779140927, "type": "safe_tx", "device": "node-8-spammer", "metadata": {}}
{"timestamp": 1779140927, "type": "safe_tx", "device": "node-8-spammer", "metadata": {}}
{"timestamp": 1779140927, "type": "safe_tx", "device": "node-8-spammer", "metadata": {}}
{"timestamp": 1779140927, "type": "safe_tx", "device": "node-4-clean", "metadata": {}}
{"timestamp": 1779140927, "type": "overflow", "device": "node-14-mixed", "metadata": {"count": 3, "window_sec": 30}}
{"timestamp": 1779140927, "type": "safe_tx", "device": "node-5-clean", "metadata": {}}
{"timestamp": 1779140927, "type": "safe_tx", "device": "node-8-spammer", "metadata": {}}
{"timestamp": 1779140927, "type": "dos_spam", "device": "node-8-spammer", "metadata": {}}
{"timestamp": 1779140927, "type": "safe_tx", "device": "node-8-spammer", "metadata": {}}
{"timestamp": 1779140927, "type": "safe_tx", "device": "node-8-spammer", "metadata": {}}
{"timestamp": 1779140927, "type": "safe_tx", "device": "node-8-spammer", "metadata": {}}
{"timestamp": 1779140928, "type": "safe_tx", "device": "node-10-fuzzer", "metadata": {}}
{"timestamp": 1779140929, "type": "time_anomaly", "device": "node-7-timespoof", "metadata": {}}
{"timestamp": 1779140928, "type": "safe_tx", "device": "node-9-stealth", "metadata": {}}
{"timestamp": 1779140928, "type": "safe_tx", "device": "node-3-clean", "metadata": {}}
{"timestamp": 1779140929, "type": "safe_tx", "device": "node-8-spammer", "metadata": {}}
{"timestamp": 1779140929, "type": "safe_tx", "device": "node-8-spammer", "metadata": {}}
{"timestamp": 1779140929, "type": "safe_tx", "device": "node-8-spammer", "metadata": {}}
{"timestamp": 1779140929, "type": "safe_tx", "device": "node-8-spammer", "metadata": {}}
{"timestamp": 1779140929, "type": "time_anomaly", "device": "node-15-mixed", "metadata": {}}
{"timestamp": 1779140929, "type": "safe_tx", "device": "node-8-spammer", "metadata": {}}
{"timestamp": 1779140929, "type": "safe_tx", "device": "node-8-spammer", "metadata": {}}
{"timestamp": 1779140929, "type": "safe_tx", "device": "node-8-spammer", "metadata": {}}
{"timestamp": 1779140929, "type": "safe_tx", "device": "node-14-mixed", "metadata": {}}
{"timestamp": 1779140929, "type": "safe_tx", "device": "node-8-spammer", "metadata": {}}
{"timestamp": 1779140929, "type": "safe_tx", "device": "node-1-clean", "metadata": {}}
{"timestamp": 1779140929, "type": "safe_tx", "device": "node-2-clean", "metadata": {}}
{"timestamp": 1779140929, "type": "safe_tx", "device": "node-6-overflow", "metadata": {}}
{"timestamp": 1779140929, "type": "overflow", "device": "node-15-mixed", "metadata": {"count": 3, "window_sec": 30}}
{"timestamp": 1779140930, "type": "time_anomaly", "device": "node-12-mixed", "metadata": {}}
{"timestamp": 1779140929, "type": "safe_tx", "device": "node-3-clean", "metadata": {}}
{"timestamp": 1779140930, "type": "fuzzing", "device": "node-10-fuzzer", "metadata": {}}
{"timestamp": 1779140930, "type": "safe_tx", "device": "node-4-clean", "metadata": {}}
{"timestamp": 1779140930, "type": "safe_tx", "device": "node-14-mixed", "metadata": {}}
{"timestamp": 1779140931, "type": "time_anomaly", "device": "node-13-mixed", "metadata": {}}
{"timestamp": 1779140931, "type": "safe_tx", "device": "node-15-mixed", "metadata": {}}
{"timestamp": 1779140931, "type": "safe_tx", "device": "node-8-spammer", "metadata": {}}
{"timestamp": 1779140931, "type": "safe_tx", "device": "node-8-spammer", "metadata": {}}
{"timestamp": 1779140931, "type": "safe_tx", "device": "node-8-spammer", "metadata": {}}
{"timestamp": 1779140931, "type": "safe_tx", "device": "node-9-stealth", "metadata": {}}
{"timestamp": 1779140931, "type": "safe_tx", "device": "node-14-mixed", "metadata": {}}
{"timestamp": 1779140931, "type": "safe_tx", "device": "node-5-clean", "metadata": {}}
{"timestamp": 1779140931, "type": "safe_tx", "device": "node-3-clean", "metadata": {}}
{"timestamp": 1779140932, "type": "time_anomaly", "device": "node-7-timespoof", "metadata": {}}
{"timestamp": 1779140931, "type": "safe_tx", "device": "node-2-clean", "metadata": {}}
{"timestamp": 1779140932, "type": "safe_tx", "device": "node-4-clean", "metadata": {}}
{"timestamp": 1779140932, "type": "safe_tx", "device": "node-8-spammer", "metadata": {}}
{"timestamp": 1779140932, "type": "safe_tx", "device": "node-8-spammer", "metadata": {}}
{"timestamp": 1779140932, "type": "safe_tx", "device": "node-8-spammer", "metadata": {}}
{"timestamp": 1779140932, "type": "safe_tx", "device": "node-8-spammer", "metadata": {}}
{"timestamp": 1779140932, "type": "safe_tx", "device": "node-8-spammer", "metadata": {}}
{"timestamp": 1779140932, "type": "safe_tx", "device": "node-13-mixed", "metadata": {}}
{"timestamp": 1779140933, "type": "time_anomaly", "device": "node-14-mixed", "metadata": {}}
{"timestamp": 1779140932, "type": "safe_tx", "device": "node-1-clean", "metadata": {}}
{"timestamp": 1779140932, "type": "safe_tx", "device": "node-3-clean", "metadata": {}}
{"timestamp": 1779140933, "type": "fuzzing", "device": "node-10-fuzzer", "metadata": {}}
{"timestamp": 1779140933, "type": "safe_tx", "device": "node-8-spammer", "metadata": {}}
{"timestamp": 1779140933, "type": "safe_tx", "device": "node-5-clean", "metadata": {}}
{"timestamp": 1779140933, "type": "safe_tx", "device": "node-3-clean", "metadata": {}}
{"timestamp": 1779140934, "type": "safe_tx", "device": "node-15-mixed", "metadata": {}}
{"timestamp": 1779140934, "type": "safe_tx", "device": "node-1-clean", "metadata": {}}
{"timestamp": 1779140934, "type": "safe_tx", "device": "node-12-mixed", "metadata": {}}
{"timestamp": 1779140935, "type": "safe_tx", "device": "node-12-mixed", "metadata": {}}
{"timestamp": 1779140935, "type": "safe_tx", "device": "node-2-clean", "metadata": {}}
{"timestamp": 1779140935, "type": "safe_tx", "device": "node-4-clean", "metadata": {}}
{"timestamp": 1779140935, "type": "safe_tx", "device": "node-15-mixed", "metadata": {}}
{"timestamp": 1779140935, "type": "safe_tx", "device": "node-8-spammer", "metadata": {}}
{"timestamp": 1779140935, "type": "safe_tx", "device": "node-8-spammer", "metadata": {}}
{"timestamp": 1779140935, "type": "fuzzing", "device": "node-10-fuzzer", "metadata": {}}
{"timestamp": 1779140935, "type": "safe_tx", "device": "node-8-spammer", "metadata": {}}
{"timestamp": 1779140935, "type": "safe_tx", "device": "node-8-spammer", "metadata": {}}
{"timestamp": 1779140935, "type": "safe_tx", "device": "node-8-spammer", "metadata": {}}
{"timestamp": 1779140935, "type": "safe_tx", "device": "node-8-spammer", "metadata": {}}
{"timestamp": 1779140935, "type": "safe_tx", "device": "node-8-spammer", "metadata": {}}
{"timestamp": 1779140935, "type": "safe_tx", "device": "node-13-mixed", "metadata": {}}
{"timestamp": 1779140936, "type": "safe_tx", "device": "node-14-mixed", "metadata": {}}
{"timestamp": 1779140936, "type": "safe_tx", "device": "node-9-stealth", "metadata": {}}
{"timestamp": 1779140936, "type": "overflow", "device": "node-6-overflow", "metadata": {"count": 3, "window_sec": 30}}
{"timestamp": 1779140936, "type": "safe_tx", "device": "node-5-clean", "metadata": {}}
{"timestamp": 1779140937, "type": "safe_tx", "device": "node-3-clean", "metadata": {}}
{"timestamp": 1779140937, "type": "safe_tx", "device": "node-8-spammer", "metadata": {}}
{"timestamp": 1779140937, "type": "safe_tx", "device": "node-8-spammer", "metadata": {}}
{"timestamp": 1779140937, "type": "safe_tx", "device": "node-8-spammer", "metadata": {}}
{"timestamp": 1779140937, "type": "safe_tx", "device": "node-4-clean", "metadata": {}}
{"timestamp": 1779140937, "type": "safe_tx", "device": "node-8-spammer", "metadata": {}}
{"timestamp": 1779140937, "type": "safe_tx", "device": "node-10-fuzzer", "metadata": {}}
{"timestamp": 1779140937, "type": "safe_tx", "device": "node-5-clean", "metadata": {}}
{"timestamp": 1779140937, "type": "safe_tx", "device": "node-12-mixed", "metadata": {}}
{"timestamp": 1779140937, "type": "safe_tx", "device": "node-14-mixed", "metadata": {}}
{"timestamp": 1779140938, "type": "time_anomaly", "device": "node-7-timespoof", "metadata": {}}
{"timestamp": 1779140938, "type": "safe_tx", "device": "node-2-clean", "metadata": {}}
{"timestamp": 1779140938, "type": "safe_tx", "device": "node-1-clean", "metadata": {}}
{"timestamp": 1779140938, "type": "safe_tx", "device": "node-3-clean", "metadata": {}}
{"timestamp": 1779140939, "type": "time_anomaly", "device": "node-13-mixed", "metadata": {}}
{"timestamp": 1779140938, "type": "fuzzing", "device": "node-10-fuzzer", "metadata": {}}
{"timestamp": 1779140938, "type": "safe_tx", "device": "node-9-stealth", "metadata": {}}
{"timestamp": 1779140939, "type": "safe_tx", "device": "node-8-spammer", "metadata": {}}
{"timestamp": 1779140939, "type": "safe_tx", "device": "node-8-spammer", "metadata": {}}
{"timestamp": 1779140939, "type": "safe_tx", "device": "node-8-spammer", "metadata": {}}
{"timestamp": 1779140939, "type": "safe_tx", "device": "node-8-spammer", "metadata": {}}
{"timestamp": 1779140939, "type": "safe_tx", "device": "node-8-spammer", "metadata": {}}
{"timestamp": 1779140939, "type": "safe_tx", "device": "node-8-spammer", "metadata": {}}
{"timestamp": 1779140939, "type": "safe_tx", "device": "node-1-clean", "metadata": {}}
{"timestamp": 1779140940, "type": "safe_tx", "device": "node-11-pulsing", "metadata": {}}
{"timestamp": 1779140940, "type": "safe_tx", "device": "node-11-pulsing", "metadata": {}}
{"timestamp": 1779140940, "type": "safe_tx", "device": "node-5-clean", "metadata": {}}
{"timestamp": 1779140940, "type": "safe_tx", "device": "node-11-pulsing", "metadata": {}}
{"timestamp": 1779140940, "type": "safe_tx", "device": "node-12-mixed", "metadata": {}}
{"timestamp": 1779140940, "type": "safe_tx", "device": "node-11-pulsing", "metadata": {}}
{"timestamp": 1779140941, "type": "time_anomaly", "device": "node-14-mixed", "metadata": {}}
{"timestamp": 1779140940, "type": "fuzzing", "device": "node-10-fuzzer", "metadata": {}}
{"timestamp": 1779140940, "type": "safe_tx", "device": "node-4-clean", "metadata": {}}
{"timestamp": 1779140940, "type": "safe_tx", "device": "node-11-pulsing", "metadata": {}}
{"timestamp": 1779140941, "type": "time_anomaly", "device": "node-15-mixed", "metadata": {}}
{"timestamp": 1779140940, "type": "safe_tx", "device": "node-11-pulsing", "metadata": {}}
{"timestamp": 1779140940, "type": "safe_tx", "device": "node-11-pulsing", "metadata": {}}
{"timestamp": 1779140940, "type": "safe_tx", "device": "node-11-pulsing", "metadata": {}}
{"timestamp": 1779140940, "type": "safe_tx", "device": "node-11-pulsing", "metadata": {}}
{"timestamp": 1779140940, "type": "safe_tx", "device": "node-8-spammer", "metadata": {}}
{"timestamp": 1779140940, "type": "safe_tx", "device": "node-11-pulsing", "metadata": {}}
{"timestamp": 1779140940, "type": "safe_tx", "device": "node-8-spammer", "metadata": {}}
{"timestamp": 1779140940, "type": "safe_tx", "device": "node-11-pulsing", "metadata": {}}
{"timestamp": 1779140940, "type": "safe_tx", "device": "node-8-spammer", "metadata": {}}
{"timestamp": 1779140940, "type": "safe_tx", "device": "node-8-spammer", "metadata": {}}
{"timestamp": 1779140940, "type": "safe_tx", "device": "node-11-pulsing", "metadata": {}}
{"timestamp": 1779140940, "type": "safe_tx", "device": "node-8-spammer", "metadata": {}}
{"timestamp": 1779140940, "type": "safe_tx", "device": "node-8-spammer", "metadata": {}}
{"timestamp": 1779140940, "type": "safe_tx", "device": "node-11-pulsing", "metadata": {}}
{"timestamp": 1779140940, "type": "safe_tx", "device": "node-11-pulsing", "metadata": {}}
{"timestamp": 1779140940, "type": "safe_tx", "device": "node-11-pulsing", "metadata": {}}
{"timestamp": 1779140940, "type": "dos_spam", "device": "node-11-pulsing", "metadata": {}}
{"timestamp": 1779140940, "type": "safe_tx", "device": "node-11-pulsing", "metadata": {}}
{"timestamp": 1779140940, "type": "safe_tx", "device": "node-11-pulsing", "metadata": {}}
{"timestamp": 1779140940, "type": "safe_tx", "device": "node-11-pulsing", "metadata": {}}
{"timestamp": 1779140940, "type": "safe_tx", "device": "node-2-clean", "metadata": {}}
{"timestamp": 1779140941, "type": "safe_tx", "device": "node-11-pulsing", "metadata": {}}
{"timestamp": 1779140941, "type": "safe_tx", "device": "node-11-pulsing", "metadata": {}}
{"timestamp": 1779140941, "type": "safe_tx", "device": "node-1-clean", "metadata": {}}
{"timestamp": 1779140941, "type": "safe_tx", "device": "node-5-clean", "metadata": {}}
{"timestamp": 1779140941, "type": "safe_tx", "device": "node-9-stealth", "metadata": {}}
{"timestamp": 1779140941, "type": "fuzzing", "device": "node-10-fuzzer", "metadata": {}}
{"timestamp": 1779140941, "type": "safe_tx", "device": "node-14-mixed", "metadata": {}}
{"timestamp": 1779140941, "type": "safe_tx", "device": "node-3-clean", "metadata": {}}
{"timestamp": 1779140942, "type": "time_anomaly", "device": "node-13-mixed", "metadata": {}}
{"timestamp": 1779140941, "type": "safe_tx", "device": "node-8-spammer", "metadata": {}}
{"timestamp": 1779140941, "type": "safe_tx", "device": "node-15-mixed", "metadata": {}}
{"timestamp": 1779140941, "type": "safe_tx", "device": "node-8-spammer", "metadata": {}}
{"timestamp": 1779140941, "type": "safe_tx", "device": "node-1-clean", "metadata": {}}
{"timestamp": 1779140942, "type": "safe_tx", "device": "node-4-clean", "metadata": {}}
{"timestamp": 1779140942, "type": "safe_tx", "device": "node-2-clean", "metadata": {}}
{"timestamp": 1779140942, "type": "safe_tx", "device": "node-13-mixed", "metadata": {}}
{"timestamp": 1779140942, "type": "safe_tx", "device": "node-2-clean", "metadata": {}}
{"timestamp": 1779140942, "type": "safe_tx", "device": "node-10-fuzzer", "metadata": {}}
{"timestamp": 1779140942, "type": "safe_tx", "device": "node-5-clean", "metadata": {}}
{"timestamp": 1779140943, "type": "time_anomaly", "device": "node-15-mixed", "metadata": {}}
{"timestamp": 1779140942, "type": "safe_tx", "device": "node-3-clean", "metadata": {}}
{"timestamp": 1779140942, "type": "safe_tx", "device": "node-6-overflow", "metadata": {}}
{"timestamp": 1779140942, "type": "safe_tx", "device": "node-8-spammer", "metadata": {}}
{"timestamp": 1779140942, "type": "safe_tx", "device": "node-13-mixed", "metadata": {}}
{"timestamp": 1779140942, "type": "safe_tx", "device": "node-8-spammer", "metadata": {}}
{"timestamp": 1779140944, "type": "time_anomaly", "device": "node-7-timespoof", "metadata": {}}
{"timestamp": 1779140943, "type": "safe_tx", "device": "node-4-clean", "metadata": {}}
{"timestamp": 1779140944, "type": "time_anomaly", "device": "node-15-mixed", "metadata": {}}
{"timestamp": 1779140943, "type": "overflow", "device": "node-10-fuzzer", "metadata": {"count": 3, "window_sec": 30}}
{"timestamp": 1779140944, "type": "safe_tx", "device": "node-2-clean", "metadata": {}}
{"timestamp": 1779140944, "type": "safe_tx", "device": "node-8-spammer", "metadata": {}}
{"timestamp": 1779140944, "type": "safe_tx", "device": "node-8-spammer", "metadata": {}}
{"timestamp": 1779140944, "type": "safe_tx", "device": "node-8-spammer", "metadata": {}}
{"timestamp": 1779140944, "type": "safe_tx", "device": "node-8-spammer", "metadata": {}}
{"timestamp": 1779140944, "type": "safe_tx", "device": "node-6-overflow", "metadata": {}}
{"timestamp": 1779140944, "type": "safe_tx", "device": "node-8-spammer", "metadata": {}}
{"timestamp": 1779140944, "type": "safe_tx", "device": "node-8-spammer", "metadata": {}}
{"timestamp": 1779140944, "type": "safe_tx", "device": "node-8-spammer", "metadata": {}}
{"timestamp": 1779140944, "type": "safe_tx", "device": "node-2-clean", "metadata": {}}
{"timestamp": 1779140944, "type": "safe_tx", "device": "node-8-spammer", "metadata": {}}
{"timestamp": 1779140944, "type": "safe_tx", "device": "node-8-spammer", "metadata": {}}
{"timestamp": 1779140944, "type": "safe_tx", "device": "node-8-spammer", "metadata": {}}
{"timestamp": 1779140944, "type": "safe_tx", "device": "node-14-mixed", "metadata": {}}
{"timestamp": 1779140944, "type": "safe_tx", "device": "node-8-spammer", "metadata": {}}
{"timestamp": 1779140944, "type": "safe_tx", "device": "node-4-clean", "metadata": {}}
{"timestamp": 1779140944, "type": "fuzzing", "device": "node-10-fuzzer", "metadata": {}}
{"timestamp": 1779140945, "type": "time_anomaly", "device": "node-12-mixed", "metadata": {}}
{"timestamp": 1779140945, "type": "fuzzing", "device": "node-10-fuzzer", "metadata": {}}
{"timestamp": 1779140945, "type": "safe_tx", "device": "node-1-clean", "metadata": {}}
{"timestamp": 1779140945, "type": "safe_tx", "device": "node-15-mixed", "metadata": {}}
{"timestamp": 1779140945, "type": "safe_tx", "device": "node-3-clean", "metadata": {}}
{"timestamp": 1779140945, "type": "safe_tx", "device": "node-8-spammer", "metadata": {}}
{"timestamp": 1779140945, "type": "safe_tx", "device": "node-8-spammer", "metadata": {}}
{"timestamp": 1779140945, "type": "fuzzing", "device": "node-10-fuzzer", "metadata": {}}
{"timestamp": 1779140945, "type": "safe_tx", "device": "node-8-spammer", "metadata": {}}
{"timestamp": 1779140945, "type": "safe_tx", "device": "node-8-spammer", "metadata": {}}
{"timestamp": 1779140945, "type": "dos_spam", "device": "node-8-spammer", "metadata": {}}
{"timestamp": 1779140945, "type": "safe_tx", "device": "node-8-spammer", "metadata": {}}
{"timestamp": 1779140945, "type": "safe_tx", "device": "node-8-spammer", "metadata": {}}
{"timestamp": 1779140945, "type": "safe_tx", "device": "node-9-stealth", "metadata": {}}
{"timestamp": 1779140945, "type": "safe_tx", "device": "node-5-clean", "metadata": {}}
{"timestamp": 1779140945, "type": "safe_tx", "device": "node-8-spammer", "metadata": {}}
{"timestamp": 1779140946, "type": "safe_tx", "device": "node-2-clean", "metadata": {}}
{"timestamp": 1779140946, "type": "safe_tx", "device": "node-5-clean", "metadata": {}}
{"timestamp": 1779140947, "type": "time_anomaly", "device": "node-7-timespoof", "metadata": {}}
{"timestamp": 1779140946, "type": "safe_tx", "device": "node-9-stealth", "metadata": {}}
{"timestamp": 1779140946, "type": "safe_tx", "device": "node-8-spammer", "metadata": {}}
{"timestamp": 1779140946, "type": "safe_tx", "device": "node-8-spammer", "metadata": {}}
{"timestamp": 1779140947, "type": "safe_tx", "device": "node-8-spammer", "metadata": {}}
{"timestamp": 1779140947, "type": "safe_tx", "device": "node-8-spammer", "metadata": {}}
{"timestamp": 1779140947, "type": "safe_tx", "device": "node-8-spammer", "metadata": {}}
{"timestamp": 1779140947, "type": "safe_tx", "device": "node-8-spammer", "metadata": {}}
{"timestamp": 1779140947, "type": "safe_tx", "device": "node-8-spammer", "metadata": {}}
{"timestamp": 1779140947, "type": "safe_tx", "device": "node-8-spammer", "metadata": {}}
{"timestamp": 1779140947, "type": "safe_tx", "device": "node-8-spammer", "metadata": {}}
{"timestamp": 1779140947, "type": "safe_tx", "device": "node-8-spammer", "metadata": {}}
{"timestamp": 1779140947, "type": "dos_spam", "device": "node-8-spammer", "metadata": {"count": 30, "window_sec": 5}}
{"timestamp": 1779140947, "type": "safe_tx", "device": "node-8-spammer", "metadata": {}}
{"timestamp": 1779140947, "type": "safe_tx", "device": "node-8-spammer", "metadata": {}}
{"timestamp": 1779140947, "type": "dos_spam", "device": "node-8-spammer", "metadata": {}}
{"timestamp": 1779140947, "type": "safe_tx", "device": "node-8-spammer", "metadata": {}}
{"timestamp": 1779140947, "type": "safe_tx", "device": "node-8-spammer", "metadata": {}}
{"timestamp": 1779140947, "type": "safe_tx", "device": "node-8-spammer", "metadata": {}}
{"timestamp": 1779140947, "type": "safe_tx", "device": "node-8-spammer", "metadata": {}}
{"timestamp": 1779140947, "type": "fuzzing", "device": "node-10-fuzzer", "metadata": {}}
{"timestamp": 1779140947, "type": "safe_tx", "device": "node-12-mixed", "metadata": {}}
{"timestamp": 1779140947, "type": "safe_tx", "device": "node-13-mixed", "metadata": {}}
{"timestamp": 1779140947, "type": "safe_tx", "device": "node-9-stealth", "metadata": {}}
{"timestamp": 1779140948, "type": "safe_tx", "device": "node-14-mixed", "metadata": {}}
{"timestamp": 1779140948, "type": "time_anomaly", "device": "node-12-mixed", "metadata": {}}
{"timestamp": 1779140948, "type": "safe_tx", "device": "node-4-clean", "metadata": {}}
{"timestamp": 1779140948, "type": "safe_tx", "device": "node-14-mixed", "metadata": {}}
{"timestamp": 1779140948, "type": "safe_tx", "device": "node-8-spammer", "metadata": {}}
{"timestamp": 1779140948, "type": "safe_tx", "device": "node-8-spammer", "metadata": {}}
{"timestamp": 1779140949, "type": "safe_tx", "device": "node-2-clean", "metadata": {}}
{"timestamp": 1779140949, "type": "safe_tx", "device": "node-15-mixed", "metadata": {}}
{"timestamp": 1779140949, "type": "safe_tx", "device": "node-13-mixed", "metadata": {}}
{"timestamp": 1779140949, "type": "safe_tx", "device": "node-1-clean", "metadata": {}}
{"timestamp": 1779140949, "type": "safe_tx", "device": "node-3-clean", "metadata": {}}
{"timestamp": 1779140949, "type": "safe_tx", "device": "node-2-clean", "metadata": {}}
{"timestamp": 1779140949, "type": "safe_tx", "device": "node-9-stealth", "metadata": {}}
{"timestamp": 1779140950, "type": "time_anomaly", "device": "node-14-mixed", "metadata": {}}
{"timestamp": 1779140949, "type": "safe_tx", "device": "node-8-spammer", "metadata": {}}
{"timestamp": 1779140949, "type": "safe_tx", "device": "node-8-spammer", "metadata": {}}
{"timestamp": 1779140949, "type": "safe_tx", "device": "node-8-spammer", "metadata": {}}
{"timestamp": 1779140949, "type": "safe_tx", "device": "node-8-spammer", "metadata": {}}
{"timestamp": 1779140949, "type": "safe_tx", "device": "node-8-spammer", "metadata": {}}
{"timestamp": 1779140949, "type": "safe_tx", "device": "node-8-spammer", "metadata": {}}
{"timestamp": 1779140949, "type": "safe_tx", "device": "node-4-clean", "metadata": {}}
{"timestamp": 1779140950, "type": "safe_tx", "device": "node-1-clean", "metadata": {}}
{"timestamp": 1779140950, "type": "safe_tx", "device": "node-15-mixed", "metadata": {}}
{"timestamp": 1779140950, "type": "safe_tx", "device": "node-8-spammer", "metadata": {}}
{"timestamp": 1779140951, "type": "time_anomaly", "device": "node-12-mixed", "metadata": {}}
{"timestamp": 1779140950, "type": "safe_tx", "device": "node-8-spammer", "metadata": {}}
{"timestamp": 1779140950, "type": "safe_tx", "device": "node-8-spammer", "metadata": {}}
{"timestamp": 1779140950, "type": "safe_tx", "device": "node-8-spammer", "metadata": {}}
{"timestamp": 1779140950, "type": "safe_tx", "device": "node-8-spammer", "metadata": {}}
{"timestamp": 1779140950, "type": "safe_tx", "device": "node-8-spammer", "metadata": {}}
{"timestamp": 1779140950, "type": "safe_tx", "device": "node-5-clean", "metadata": {}}
{"timestamp": 1779140950, "type": "safe_tx", "device": "node-8-spammer", "metadata": {}}
{"timestamp": 1779140950, "type": "dos_spam", "device": "node-8-spammer", "metadata": {}}
{"timestamp": 1779140950, "type": "safe_tx", "device": "node-8-spammer", "metadata": {}}
{"timestamp": 1779140950, "type": "safe_tx", "device": "node-8-spammer", "metadata": {}}
{"timestamp": 1779140950, "type": "safe_tx", "device": "node-8-spammer", "metadata": {}}
{"timestamp": 1779140950, "type": "safe_tx", "device": "node-8-spammer", "metadata": {}}
{"timestamp": 1779140950, "type": "safe_tx", "device": "node-9-stealth", "metadata": {}}
{"timestamp": 1779140950, "type": "safe_tx", "device": "node-8-spammer", "metadata": {}}
{"timestamp": 1779140950, "type": "safe_tx", "device": "node-8-spammer", "metadata": {}}
{"timestamp": 1779140950, "type": "safe_tx", "device": "node-8-spammer", "metadata": {}}
{"timestamp": 1779140951, "type": "safe_tx", "device": "node-2-clean", "metadata": {}}
{"timestamp": 1779140951, "type": "safe_tx", "device": "node-10-fuzzer", "metadata": {}}
{"timestamp": 1779140951, "type": "safe_tx", "device": "node-5-clean", "metadata": {}}
{"timestamp": 1779140951, "type": "safe_tx", "device": "node-13-mixed", "metadata": {}}
{"timestamp": 1779140952, "type": "time_anomaly", "device": "node-13-mixed", "metadata": {}}
{"timestamp": 1779140951, "type": "safe_tx", "device": "node-8-spammer", "metadata": {}}
{"timestamp": 1779140951, "type": "safe_tx", "device": "node-8-spammer", "metadata": {}}
{"timestamp": 1779140951, "type": "dos_spam", "device": "node-8-spammer", "metadata": {"count": 30, "window_sec": 5}}
{"timestamp": 1779140951, "type": "safe_tx", "device": "node-8-spammer", "metadata": {}}
{"timestamp": 1779140951, "type": "safe_tx", "device": "node-4-clean", "metadata": {}}
{"timestamp": 1779140951, "type": "safe_tx", "device": "node-10-fuzzer", "metadata": {}}
{"timestamp": 1779140951, "type": "safe_tx", "device": "node-8-spammer", "metadata": {}}
{"timestamp": 1779140951, "type": "safe_tx", "device": "node-5-clean", "metadata": {}}
{"timestamp": 1779140951, "type": "safe_tx", "device": "node-14-mixed", "metadata": {}}
{"timestamp": 1779140951, "type": "safe_tx", "device": "node-4-clean", "metadata": {}}
{"timestamp": 1779140952, "type": "safe_tx", "device": "node-9-stealth", "metadata": {}}
{"timestamp": 1779140952, "type": "safe_tx", "device": "node-3-clean", "metadata": {}}
{"timestamp": 1779140952, "type": "overflow", "device": "node-6-overflow", "metadata": {"count": 3, "window_sec": 30}}
{"timestamp": 1779140953, "type": "time_anomaly", "device": "node-7-timespoof", "metadata": {}}
{"timestamp": 1779140952, "type": "safe_tx", "device": "node-15-mixed", "metadata": {}}
{"timestamp": 1779140952, "type": "safe_tx", "device": "node-9-stealth", "metadata": {}}
{"timestamp": 1779140953, "type": "safe_tx", "device": "node-1-clean", "metadata": {}}
{"timestamp": 1779140953, "type": "safe_tx", "device": "node-12-mixed", "metadata": {}}
{"timestamp": 1779140953, "type": "safe_tx", "device": "node-1-clean", "metadata": {}}
{"timestamp": 1779140953, "type": "fuzzing", "device": "node-10-fuzzer", "metadata": {}}
{"timestamp": 1779140954, "type": "time_anomaly", "device": "node-12-mixed", "metadata": {}}
{"timestamp": 1779140953, "type": "safe_tx", "device": "node-2-clean", "metadata": {}}
{"timestamp": 1779140953, "type": "safe_tx", "device": "node-4-clean", "metadata": {}}
{"timestamp": 1779140953, "type": "safe_tx", "device": "node-12-mixed", "metadata": {}}
{"timestamp": 1779140954, "type": "safe_tx", "device": "node-8-spammer", "metadata": {}}
{"timestamp": 1779140954, "type": "safe_tx", "device": "node-8-spammer", "metadata": {}}
{"timestamp": 1779140954, "type": "safe_tx", "device": "node-8-spammer", "metadata": {}}
{"timestamp": 1779140954, "type": "safe_tx", "device": "node-8-spammer", "metadata": {}}
{"timestamp": 1779140955, "type": "time_anomaly", "device": "node-13-mixed", "metadata": {}}
{"timestamp": 1779140954, "type": "safe_tx", "device": "node-8-spammer", "metadata": {}}
{"timestamp": 1779140954, "type": "safe_tx", "device": "node-8-spammer", "metadata": {}}
{"timestamp": 1779140954, "type": "safe_tx", "device": "node-8-spammer", "metadata": {}}
{"timestamp": 1779140954, "type": "safe_tx", "device": "node-8-spammer", "metadata": {}}
{"timestamp": 1779140954, "type": "safe_tx", "device": "node-8-spammer", "metadata": {}}
{"timestamp": 1779140954, "type": "fuzzing", "device": "node-10-fuzzer", "metadata": {}}
{"timestamp": 1779140955, "type": "safe_tx", "device": "node-9-stealth", "metadata": {}}
{"timestamp": 1779140955, "type": "safe_tx", "device": "node-3-clean", "metadata": {}}
{"timestamp": 1779140955, "type": "safe_tx", "device": "node-5-clean", "metadata": {}}
