{"timestamp": 1779139948, "type": "safe_tx", "device": "node-2-clean", "metadata": {}}
{"timestamp": 1779139948, "type": "safe_tx", "device": "node-5-clean", "metadata": {}}
{"timestamp": 1779139948, "type": "safe_tx", "device": "node-1-clean", "metadata": {}}
{"timestamp": 1779139948, "type": "safe_tx", "device": "node-2-clean", "metadata": {}}
{"timestamp": 1779139948, "type": "safe_tx", "device": "node-4-clean", "metadata": {}}
{"timestamp": 1779139948, "type": "safe_tx", "device": "node-8-spammer", "metadata": {}}
{"timestamp": 1779139948, "type": "safe_tx", "device": "node-8-spammer", "metadata": {}}
{"timestamp": 1779139949, "type": "safe_tx", "device": "node-8-spammer", "metadata": {}}
{"timestamp": 1779139949, "type": "safe_tx", "device": "node-9-stealth", "metadata": {}}
{"timestamp": 1779139949, "type": "safe_tx", "device": "node-8-spammer", "metadata": {}}
{"timestamp": 1779139949, "type": "safe_tx", "device": "node-8-spammer", "metadata": {}}
{"timestamp": 1779139949, "type": "safe_tx", "device": "node-8-spammer", "metadata": {}}
{"timestamp": 1779139949, "type": "safe_tx", "device": "node-12-mixed", "metadata": {}}
{"timestamp": 1779139949, "type": "safe_tx", "device": "node-1-clean", "metadata": {}}
{"timestamp": 1779139949, "type": "safe_tx", "device": "node-8-spammer", "metadata": {}}
{"timestamp": 1779139949, "type": "safe_tx", "device": "node-8-spammer", "metadata": {}}
{"timestamp": 1779139949, "type": "safe_tx", "device": "node-8-spammer", "metadata": {}}
{"timestamp": 1779139949, "type": "safe_tx", "device": "node-8-spammer", "metadata": {}}
{"timestamp": 1779139949, "type": "safe_tx", "device": "node-8-spammer", "metadata": {}}
{"timestamp": 1779139949, "type": "safe_tx", "device": "node-3-clean", "metadata": {}}
{"timestamp": 1779139949, "type": "safe_tx", "device": "node-8-spammer", "metadata": {}}
{"timestamp": 1779139949, "type": "safe_tx", "device": "node-8-spammer", "metadata": {}}
{"timestamp": 1779139949, "type": "safe_tx", "device": "node-8-spammer", "metadata": {}}
{"timestamp": 1779139949, "type": "safe_tx", "device": "node-8-spammer", "metadata": {}}
{"timestamp": 1779139949, "type": "dos_spam", "device": "node-8-spammer", "metadata": {}}
{"timestamp": 1779139949, "type": "safe_tx", "device": "node-8-spammer", "metadata": {}}
{"timestamp": 1779139950, "type": "safe_tx", "device": "node-8-spammer", "metadata": {}}
{"timestamp": 1779139950, "type": "safe_tx", "device": "node-8-spammer", "metadata": {}}
{"timestamp": 1779139950, "type": "safe_tx", "device": "node-3-clean", "metadata": {}}
{"timestamp": 1779139950, "type": "safe_tx", "device": "node-8-spammer", "metadata": {}}
{"timestamp": 1779139950, "type": "safe_tx", "device": "node-8-spammer", "metadata": {}}
{"timestamp": 1779139950, "type": "safe_tx", "device": "node-9-stealth", "metadata": {}}
{"timestamp": 1779139951, "type": "time_anomaly", "device": "node-15-mixed", "metadata": {}}
{"timestamp": 1779139950, "type": "safe_tx", "device": "node-4-clean", "metadata": {}}
{"timestamp": 1779139950, "type": "safe_tx", "device": "node-14-mixed", "metadata": {}}
{"timestamp": 1779139950, "type": "safe_tx", "device": "node-2-clean", "metadata": {}}
{"timestamp": 1779139950, "type": "safe_tx", "device": "node-8-spammer", "metadata": {}}
{"timestamp": 1779139950, "type": "safe_tx", "device": "node-8-spammer", "metadata": {}}
{"timestamp": 1779139951, "type": "safe_tx", "device": "node-8-spammer", "metadata": {}}
{"timestamp": 1779139951, "type": "safe_tx", "device": "node-14-mixed", "metadata": {}}
{"timestamp": 1779139951, "type": "safe_tx", "device": "node-13-mixed", "metadata": {}}
{"timestamp": 1779139951, "type": "time_anomaly", "device": "node-7-timespoof", "metadata": {}}
{"timestamp": 1779139951, "type": "safe_tx", "device": "node-5-clean", "metadata": {}}
{"timestamp": 1779139951, "type": "safe_tx", "device": "node-10-fuzzer", "metadata": {}}
{"timestamp": 1779139951, "type": "safe_tx", "device": "node-4-clean", "metadata": {}}
{"timestamp": 1779139952, "type": "safe_tx", "device": "node-8-spammer", "metadata": {}}
{"timestamp": 1779139952, "type": "safe_tx", "device": "node-2-clean", "metadata": {}}
{"timestamp": 1779139952, "type": "safe_tx", "device": "node-8-spammer", "metadata": {}}
{"timestamp": 1779139952, "type": "safe_tx", "device": "node-8-spammer", "metadata": {}}
{"timestamp": 1779139952, "type": "safe_tx", "device": "node-8-spammer", "metadata": {}}
{"timestamp": 1779139952, "type": "safe_tx", "device": "node-9-stealth", "metadata": {}}
{"timestamp": 1779139952, "type": "safe_tx", "device": "node-5-clean", "metadata": {}}
{"timestamp": 1779139952, "type": "safe_tx", "device": "node-13-mixed", "metadata": {}}
{"timestamp": 1779139952, "type": "safe_tx", "device": "node-1-clean", "metadata": {}}
{"timestamp": 1779139952, "type": "safe_tx", "device": "node-9-stealth", "metadata": {}}
{"timestamp": 1779139952, "type": "safe_tx", "device": "node-13-mixed", "metadata": {}}
{"timestamp": 1779139952, "type": "safe_tx", "device": "node-15-mixed", "metadata": {}}
{"timestamp": 1779139953, "type": "safe_tx", "device": "node-3-clean", "metadata": {}}
{"timestamp": 1779139953, "type": "safe_tx", "device": "node-12-mixed", "metadata": {}}
{"timestamp": 1779139953, "type": "safe_tx", "device": "node-9-stealth", "metadata": {}}
{"timestamp": 1779139954, "type": "safe_tx", "device": "node-14-mixed", "metadata": {}}
{"timestamp": 1779139954, "type": "safe_tx", "device": "node-1-clean", "metadata": {}}
{"timestamp": 1779139954, "type": "safe_tx", "device": "node-4-clean", "metadata": {}}
{"timestamp": 1779139954, "type": "safe_tx", "device": "node-8-spammer", "metadata": {}}
{"timestamp": 1779139954, "type": "safe_tx", "device": "node-9-stealth", "metadata": {}}
{"timestamp": 1779139954, "type": "safe_tx", "device": "node-3-clean", "metadata": {}}
{"timestamp": 1779139955, "type": "safe_tx", "device": "node-13-mixed", "metadata": {}}
{"timestamp": 1779139955, "type": "safe_tx", "device": "node-5-clean", "metadata": {}}
{"timestamp": 1779139955, "type": "safe_tx", "device": "node-15-mixed", "metadata": {}}
{"timestamp": 1779139955, "type": "safe_tx", "device": "node-8-spammer", "metadata": {}}
{"timestamp": 1779139956, "type": "safe_tx", "device": "node-8-spammer", "metadata": {}}
{"timestamp": 1779139956, "type": "safe_tx", "device": "node-2-clean", "metadata": {}}
{"timestamp": 1779139957, "type": "time_anomaly", "device": "node-7-timespoof", "metadata": {}}
{"timestamp": 1779139956, "type": "fuzzing", "device": "node-10-fuzzer", "metadata": {}}
{"timestamp": 1779139956, "type": "safe_tx", "device": "node-3-clean", "metadata": {}}
{"timestamp": 1779139956, "type": "safe_tx", "device": "node-13-mixed", "metadata": {}}
{"timestamp": 1779139956, "type": "safe_tx", "device": "node-12-mixed", "metadata": {}}
{"timestamp": 1779139956, "type": "safe_tx", "device": "node-3-clean", "metadata": {}}
{"timestamp": 1779139956, "type": "overflow", "device": "node-6-overflow", "metadata": {"count": 3, "window_sec": 30}}
{"timestamp": 1779139956, "type": "safe_tx", "device": "node-9-stealth", "metadata": {}}
{"timestamp": 1779139957, "type": "safe_tx", "device": "node-1-clean", "metadata": {}}
{"timestamp": 1779139957, "type": "safe_tx", "device": "node-8-spammer", "metadata": {}}
{"timestamp": 1779139957, "type": "safe_tx", "device": "node-8-spammer", "metadata": {}}
{"timestamp": 1779139957, "type": "safe_tx", "device": "node-8-spammer", "metadata": {}}
{"timestamp": 1779139957, "type": "safe_tx", "device": "node-8-spammer", "metadata": {}}
{"timestamp": 1779139957, "type": "safe_tx", "device": "node-8-spammer", "metadata": {}}
{"timestamp": 1779139957, "type": "safe_tx", "device": "node-8-spammer", "metadata": {}}
{"timestamp": 1779139957, "type": "safe_tx", "device": "node-8-spammer", "metadata": {}}
{"timestamp": 1779139957, "type": "safe_tx", "device": "node-8-spammer", "metadata": {}}
{"timestamp": 1779139957, "type": "safe_tx", "device": "node-8-spammer", "metadata": {}}
{"timestamp": 1779139957, "type": "safe_tx", "device": "node-8-spammer", "metadata": {}}
{"timestamp": 1779139957, "type": "safe_tx", "device": "node-4-clean", "metadata": {}}
{"timestamp": 1779139958, "type": "time_anomaly", "device": "node-13-mixed", "metadata": {}}
{"timestamp": 1779139958, "type": "safe_tx", "device": "node-5-clean", "metadata": {}}
{"timestamp": 1779139958, "type": "safe_tx", "device": "node-10-fuzzer", "metadata": {}}
{"timestamp": 1779139958, "type": "safe_tx", "device": "node-1-clean", "metadata": {}}
{"timestamp": 1779139958, "type": "safe_tx", "device": "node-3-clean", "metadata": {}}
{"timestamp": 1779139958, "type": "safe_tx", "device": "node-8-spammer", "metadata": {}}
{"timestamp": 1779139959, "type": "time_anomaly", "device": "node-7-timespoof", "metadata": {}}
{"timestamp": 1779139959, "type": "safe_tx", "device": "node-5-clean", "metadata": {}}
{"timestamp": 1779139959, "type": "time_anomaly", "device": "node-13-mixed", "metadata": {}}
{"timestamp": 1779139959, "type": "fuzzing", "device": "node-10-fuzzer", "metadata": {}}
{"timestamp": 1779139959, "type": "safe_tx", "device": "node-4-clean", "metadata": {}}
{"timestamp": 1779139960, "type": "time_anomaly", "device": "node-13-mixed", "metadata": {}}
{"timestamp": 1779139959, "type": "safe_tx", "device": "node-15-mixed", "metadata": {}}
{"timestamp": 1779139959, "type": "safe_tx", "device": "node-2-clean", "metadata": {}}
{"timestamp": 1779139959, "type": "safe_tx", "device": "node-9-stealth", "metadata": {}}
{"timestamp": 1779139959, "type": "safe_tx", "device": "node-8-spammer", "metadata": {}}
{"timestamp": 1779139959, "type": "safe_tx", "device": "node-8-spammer", "metadata": {}}
{"timestamp": 1779139959, "type": "safe_tx", "device": "node-12-mixed", "metadata": {}}
{"timestamp": 1779139959, "type": "safe_tx", "device": "node-8-spammer", "metadata": {}}
{"timestamp": 1779139960, "type": "safe_tx", "device": "node-8-spammer", "metadata": {}}
{"timestamp": 1779139960, "type": "safe_tx", "device": "node-8-spammer", "metadata": {}}
{"timestamp": 1779139960, "type": "safe_tx", "device": "node-8-spammer", "metadata": {}}
{"timestamp": 1779139960, "type": "safe_tx", "device": "node-15-mixed", "metadata": {}}
{"timestamp": 1779139960, "type": "fuzzing", "device": "node-10-fuzzer", "metadata": {}}
{"timestamp": 1779139960, "type": "safe_tx", "device": "node-15-mixed", "metadata": {}}
{"timestamp": 1779139960, "type": "safe_tx", "device": "node-4-clean", "metadata": {}}
{"timestamp": 1779139961, "type": "safe_tx", "device": "node-5-clean", "metadata": {}}
{"timestamp": 1779139961, "type": "safe_tx", "device": "node-9-stealth", "metadata": {}}
{"timestamp": 1779139961, "type": "safe_tx", "device": "node-10-fuzzer", "metadata": {}}
{"timestamp": 1779139961, "type": "safe_tx", "device": "node-3-clean", "metadata": {}}
{"timestamp": 1779139961, "type": "safe_tx", "device": "node-15-mixed", "metadata": {}}
{"timestamp": 1779139961, "type": "safe_tx", "device": "node-13-mixed", "metadata": {}}
{"timestamp": 1779139961, "type": "safe_tx", "device": "node-8-spammer", "metadata": {}}
{"timestamp": 1779139961, "type": "safe_tx", "device": "node-1-clean", "metadata": {}}
{"timestamp": 1779139961, "type": "safe_tx", "device": "node-4-clean", "metadata": {}}
{"timestamp": 1779139962, "type": "safe_tx", "device": "node-2-clean", "metadata": {}}
{"timestamp": 1779139962, "type": "safe_tx", "device": "node-8-spammer", "metadata": {}}
{"timestamp": 1779139962, "type": "safe_tx", "device": "node-14-mixed", "metadata": {}}
{"timestamp": 1779139962, "type": "safe_tx", "device": "node-8-spammer", "metadata": {}}
{"timestamp": 1779139962, "type": "safe_tx", "device": "node-8-spammer", "metadata": {}}
{"timestamp": 1779139962, "type": "safe_tx", "device": "node-8-spammer", "metadata": {}}
{"timestamp": 1779139962, "type": "safe_tx", "device": "node-8-spammer", "metadata": {}}
{"timestamp": 1779139962, "type": "safe_tx", "device": "node-8-spammer", "metadata": {}}
{"timestamp": 1779139962, "type": "safe_tx", "device": "node-8-spammer", "metadata": {}}
{"timestamp": 1779139962, "type": "safe_tx", "device": "node-8-spammer", "metadata": {}}
{"timestamp": 1779139962, "type": "safe_tx", "device": "node-8-spammer", "metadata": {}}
{"timestamp": 1779139962, "type": "overflow", "device": "node-6-overflow", "metadata": {"count": 3, "window_sec": 30}}
{"timestamp": 1779139962, "type": "safe_tx", "device": "node-8-spammer", "metadata": {}}
{"timestamp": 1779139962, "type": "safe_tx", "device": "node-8-spammer", "metadata": {}}
{"timestamp": 1779139962, "type": "dos_spam", "device": "node-8-spammer", "metadata": {}}
{"timestamp": 1779139962, "type": "safe_tx", "device": "node-13-mixed", "metadata": {}}
{"timestamp": 1779139962, "type": "safe_tx", "device": "node-4-clean", "metadata": {}}
{"timestamp": 1779139963, "type": "safe_tx", "device": "node-12-mixed", "metadata": {}}
{"timestamp": 1779139963, "type": "overflow", "device": "node-10-fuzzer", "metadata": {"count": 3, "window_sec": 30}}
{"timestamp": 1779139963, "type": "safe_tx", "device": "node-5-clean", "metadata": {}}
{"timestamp": 1779139963, "type": "safe_tx", "device": "node-3-clean", "metadata": {}}
{"timestamp": 1779139963, "type": "safe_tx", "device": "node-15-mixed", "metadata": {}}
{"timestamp": 1779139963, "type": "safe_tx", "device": "node-1-clean", "metadata": {}}
{"timestamp": 1779139963, "type": "safe_tx", "device": "node-9-stealth", "metadata": {}}
{"timestamp": 1779139964, "type": "safe_tx", "device": "node-8-spammer", "metadata": {}}
{"timestamp": 1779139964, "type": "safe_tx", "device": "node-8-spammer", "metadata": {}}
{"timestamp": 1779139964, "type": "safe_tx", "device": "node-15-mixed", "metadata": {}}
{"timestamp": 1779139964, "type": "time_anomaly", "device": "node-7-timespoof", "metadata": {}}
{"timestamp": 1779139964, "type": "safe_tx", "device": "node-13-mixed", "metadata": {}}
{"timestamp": 1779139965, "type": "safe_tx", "device": "node-2-clean", "metadata": {}}
{"timestamp": 1779139965, "type": "safe_tx", "device": "node-8-spammer", "metadata": {}}
{"timestamp": 1779139965, "type": "safe_tx", "device": "node-8-spammer", "metadata": {}}
{"timestamp": 1779139965, "type": "safe_tx", "device": "node-8-spammer", "metadata": {}}
{"timestamp": 1779139965, "type": "safe_tx", "device": "node-8-spammer", "metadata": {}}
{"timestamp": 1779139965, "type": "safe_tx", "device": "node-4-clean", "metadata": {}}
{"timestamp": 1779139965, "type": "safe_tx", "device": "node-3-clean", "metadata": {}}
{"timestamp": 1779139966, "type": "time_anomaly", "device": "node-14-mixed", "metadata": {}}
{"timestamp": 1779139965, "type": "safe_tx", "device": "node-12-mixed", "metadata": {}}
{"timestamp": 1779139965, "type": "safe_tx", "device": "node-8-spammer", "metadata": {}}
{"timestamp": 1779139965, "type": "safe_tx", "device": "node-8-spammer", "metadata": {}}
{"timestamp": 1779139966, "type": "safe_tx", "device": "node-8-spammer", "metadata": {}}
{"timestamp": 1779139966, "type": "safe_tx", "device": "node-8-spammer", "metadata": {}}
{"timestamp": 1779139966, "type": "safe_tx", "device": "node-8-spammer", "metadata": {}}
{"timestamp": 1779139966, "type": "safe_tx", "device": "node-8-spammer", "metadata": {}}
{"timestamp": 1779139966, "type": "safe_tx", "device": "node-8-spammer", "metadata": {}}
{"timestamp": 1779139966, "type": "safe_tx", "device": "node-8-spammer", "metadata": {}}
{"timestamp": 1779139966, "type": "safe_tx", "device": "node-8-spammer", "metadata": {}}
{"timestamp": 1779139966, "type": "dos_spam", "device": "node-8-spammer", "metadata": {}}
{"timestamp": 1779139966, "type": "safe_tx", "device": "node-8-spammer", "metadata": {}}
{"timestamp": 1779139966, "type": "safe_tx", "device": "node-8-spammer", "metadata": {}}
{"timestamp": 1779139966, "type": "safe_tx", "device": "node-8-spammer", "metadata": {}}
{"timestamp": 1779139966, "type": "dos_spam", "device": "node-8-spammer", "metadata": {"count": 30, "window_sec": 5}}
{"timestamp": 1779139966, "type": "safe_tx", "device": "node-8-spammer", "metadata": {}}
{"timestamp": 1779139966, "type": "safe_tx", "device": "node-8-spammer", "metadata": {}}
{"timestamp": 1779139966, "type": "safe_tx", "device": "node-8-spammer", "metadata": {}}
{"timestamp": 1779139966, "type": "safe_tx", "device": "node-8-spammer", "metadata": {}}
{"timestamp": 1779139966, "type": "safe_tx", "device": "node-1-clean", "metadata": {}}
{"timestamp": 1779139966, "type": "safe_tx", "device": "node-5-clean", "metadata": {}}
{"timestamp": 1779139966, "type": "fuzzing", "device": "node-10-fuzzer", "metadata": {}}
{"timestamp": 1779139967, "type": "safe_tx", "device": "node-8-spammer", "metadata": {}}
{"timestamp": 1779139967, "type": "safe_tx", "device": "node-8-spammer", "metadata": {}}
{"timestamp": 1779139967, "type": "safe_tx", "device": "node-8-spammer", "metadata": {}}
{"timestamp": 1779139967, "type": "safe_tx", "device": "node-8-spammer", "metadata": {}}
{"timestamp": 1779139967, "type": "safe_tx", "device": "node-8-spammer", "metadata": {}}
{"timestamp": 1779139967, "type": "safe_tx", "device": "node-8-spammer", "metadata": {}}
{"timestamp": 1779139967, "type": "safe_tx", "device": "node-8-spammer", "metadata": {}}
{"timestamp": 1779139967, "type": "safe_tx", "device": "node-8-spammer", "metadata": {}}
{"timestamp": 1779139967, "type": "dos_spam", "device": "node-8-spammer", "metadata": {}}
{"timestamp": 1779139967, "type": "safe_tx", "device": "node-8-spammer", "metadata": {}}
{"timestamp": 1779139967, "type": "safe_tx", "device": "node-8-spammer", "metadata": {}}
{"timestamp": 1779139967, "type": "safe_tx", "device": "node-8-spammer", "metadata": {}}
{"timestamp": 1779139967, "type": "safe_tx", "device": "node-8-spammer", "metadata": {}}
{"timestamp": 1779139967, "type": "safe_tx", "device": "node-8-spammer", "metadata": {}}
{"timestamp": 1779139967, "type": "safe_tx", "device": "node-10-fuzzer", "metadata": {}}
{"timestamp": 1779139967, "type": "safe_tx", "device": "node-8-spammer", "metadata": {}}
{"timestamp": 1779139967, "type": "safe_tx", "device": "node-8-spammer", "metadata": {}}
{"timestamp": 1779139967, "type": "safe_tx", "device": "node-4-clean", "metadata": {}}
{"timestamp": 1779139967, "type": "safe_tx", "device": "node-8-spammer", "metadata": {}}
{"timestamp": 1779139967, "type": "safe_tx", "device": "node-3-clean", "metadata": {}}
{"timestamp": 1779139968, "type": "safe_tx", "device": "node-15-mixed", "metadata": {}}
{"timestamp": 1779139968, "type": "safe_tx", "device": "node-12-mixed", "metadata": {}}
{"timestamp": 1779139968, "type": "safe_tx", "device": "node-1-clean", "metadata": {}}
{"timestamp": 1779139968, "type": "safe_tx", "device": "node-2-clean", "metadata": {}}
{"timestamp": 1779139968, "type": "safe_tx", "device": "node-13-mixed", "metadata": {}}
{"timestamp": 1779139968, "type": "safe_tx", "device": "node-8-spammer", "metadata": {}}
{"timestamp": 1779139968, "type": "safe_tx", "device": "node-5-clean", "metadata": {}}
{"timestamp": 1779139968, "type": "safe_tx", "device": "node-8-spammer", "metadata": {}}
{"timestamp": 1779139968, "type": "safe_tx", "device": "node-8-spammer", "metadata": {}}
{"timestamp": 1779139968, "type": "safe_tx", "device": "node-8-spammer", "metadata": {}}
{"timestamp": 1779139969, "type": "safe_tx", "device": "node-8-spammer", "metadata": {}}
{"timestamp": 1779139969, "type": "safe_tx", "device": "node-8-spammer", "metadata": {}}
{"timestamp": 1779139969, "type": "safe_tx", "device": "node-15-mixed", "metadata": {}}
{"timestamp": 1779139969, "type": "safe_tx", "device": "node-8-spammer", "metadata": {}}
{"timestamp": 1779139969, "type": "dos_spam", "device": "node-8-spammer", "metadata": {}}
{"timestamp": 1779139969, "type": "safe_tx", "device": "node-8-spammer", "metadata": {}}
{"timestamp": 1779139969, "type": "safe_tx", "device": "node-8-spammer", "metadata": {}}
{"timestamp": 1779139969, "type": "safe_tx", "device": "node-8-spammer", "metadata": {}}
{"timestamp": 1779139969, "type": "dos_spam", "device": "node-8-spammer", "metadata": {"count": 30, "window_sec": 5}}
{"timestamp": 1779139969, "type": "safe_tx", "device": "node-8-spammer", "metadata": {}}
{"timestamp": 1779139969, "type": "safe_tx", "device": "node-14-mixed", "metadata": {}}
{"timestamp": 1779139970, "type": "time_anomaly", "device": "node-15-mixed", "metadata": {}}
{"timestamp": 1779139970, "type": "time_anomaly", "device": "node-7-timespoof", "metadata": {}}
{"timestamp": 1779139969, "type": "safe_tx", "device": "node-12-mixed", "metadata": {}}
{"timestamp": 1779139969, "type": "safe_tx", "device": "node-8-spammer", "metadata": {}}
{"timestamp": 1779139969, "type": "safe_tx", "device": "node-8-spammer", "metadata": {}}
{"timestamp": 1779139969, "type": "safe_tx", "device": "node-10-fuzzer", "metadata": {}}
{"timestamp": 1779139969, "type": "safe_tx", "device": "node-8-spammer", "metadata": {}}
{"timestamp": 1779139969, "type": "safe_tx", "device": "node-8-spammer", "metadata": {}}
{"timestamp": 1779139969, "type": "safe_tx", "device": "node-8-spammer", "metadata": {}}
{"timestamp": 1779139970, "type": "safe_tx", "device": "node-14-mixed", "metadata": {}}
{"timestamp": 1779139970, "type": "safe_tx", "device": "node-13-mixed", "metadata": {}}
{"timestamp": 1779139971, "type": "time_anomaly", "device": "node-14-mixed", "metadata": {}}
{"timestamp": 1779139970, "type": "safe_tx", "device": "node-8-spammer", "metadata": {}}
{"timestamp": 1779139970, "type": "safe_tx", "device": "node-8-spammer", "metadata": {}}
{"timestamp": 1779139970, "type": "safe_tx", "device": "node-8-spammer", "metadata": {}}
{"timestamp": 1779139970, "type": "safe_tx", "device": "node-8-spammer", "metadata": {}}
{"timestamp": 1779139970, "type": "safe_tx", "device": "node-13-mixed", "metadata": {}}
{"timestamp": 1779139970, "type": "safe_tx", "device": "node-8-spammer", "metadata": {}}
{"timestamp": 1779139970, "type": "safe_tx", "device": "node-8-spammer", "metadata": {}}
{"timestamp": 1779139970, "type": "dos_spam", "device": "node-8-spammer", "metadata": {}}
{"timestamp": 1779139971, "type": "safe_tx", "device": "node-1-clean", "metadata": {}}
{"timestamp": 1779139971, "type": "overflow", "device": "node-9-stealth", "metadata": {"count": 3, "window_sec": 30}}
{"timestamp": 1779139971, "type": "safe_tx", "device": "node-2-clean", "metadata": {}}
{"timestamp": 1779139971, "type": "safe_tx", "device": "node-3-clean", "metadata": {}}
{"timestamp": 1779139971, "type": "safe_tx", "device": "node-5-clean", "metadata": {}}
{"timestamp": 1779139971, "type": "safe_tx", "device": "node-15-mixed", "metadata": {}}
{"timestamp": 1779139971, "type": "safe_tx", "device": "node-4-clean", "metadata": {}}
{"timestamp": 1779139971, "type": "overflow", "device": "node-14-mixed", "metadata": {"count": 3, "window_sec": 30}}
{"timestamp": 1779139971, "type": "safe_tx", "device": "node-3-clean", "metadata": {}}
{"timestamp": 1779139971, "type": "safe_tx", "device": "node-10-fuzzer", "metadata": {}}
{"timestamp": 1779139971, "type": "safe_tx", "device": "node-8-spammer", "metadata": {}}
{"timestamp": 1779139971, "type": "safe_tx", "device": "node-8-spammer", "metadata": {}}
{"timestamp": 1779139971, "type": "safe_tx", "device": "node-8-spammer", "metadata": {}}
{"timestamp": 1779139971, "type": "safe_tx", "device": "node-8-spammer", "metadata": {}}
{"timestamp": 1779139971, "type": "safe_tx", "device": "node-8-spammer", "metadata": {}}
{"timestamp": 1779139972, "type": "safe_tx", "device": "node-1-clean", "metadata": {}}
{"timestamp": 1779139972, "type": "safe_tx", "device": "node-8-spammer", "metadata": {}}
{"timestamp": 1779139972, "type": "safe_tx", "device": "node-8-spammer", "metadata": {}}
{"timestamp": 1779139972, "type": "safe_tx", "device": "node-8-spammer", "metadata": {}}
{"timestamp": 1779139972, "type": "safe_tx", "device": "node-8-spammer", "metadata": {}}
{"timestamp": 1779139972, "type": "fuzzing", "device": "node-10-fuzzer", "metadata": {}}
{"timestamp": 1779139972, "type": "safe_tx", "device": "node-8-spammer", "metadata": {}}
{"timestamp": 1779139972, "type": "safe_tx", "device": "node-9-stealth", "metadata": {}}
{"timestamp": 1779139972, "type": "safe_tx", "device": "node-8-spammer", "metadata": {}}
{"timestamp": 1779139972, "type": "safe_tx", "device": "node-8-spammer", "metadata": {}}
{"timestamp": 1779139972, "type": "safe_tx", "device": "node-8-spammer", "metadata": {}}
{"timestamp": 1779139972, "type": "safe_tx", "device": "node-8-spammer", "metadata": {}}
{"timestamp": 1779139973, "type": "safe_tx", "device": "node-2-clean", "metadata": {}}
{"timestamp": 1779139973, "type": "time_anomaly", "device": "node-13-mixed", "metadata": {}}
{"timestamp": 1779139973, "type": "safe_tx", "device": "node-3-clean", "metadata": {}}
{"timestamp": 1779139973, "type": "safe_tx", "device": "node-2-clean", "metadata": {}}
{"timestamp": 1779139974, "type": "time_anomaly", "device": "node-13-mixed", "metadata": {}}
{"timestamp": 1779139973, "type": "safe_tx", "device": "node-14-mixed", "metadata": {}}
{"timestamp": 1779139974, "type": "safe_tx", "device": "node-4-clean", "metadata": {}}
{"timestamp": 1779139974, "type": "safe_tx", "device": "node-1-clean", "metadata": {}}
{"timestamp": 1779139974, "type": "safe_tx", "device": "node-8-spammer", "metadata": {}}
{"timestamp": 1779139974, "type": "safe_tx", "device": "node-8-spammer", "metadata": {}}
{"timestamp": 1779139974, "type": "safe_tx", "device": "node-8-spammer", "metadata": {}}
{"timestamp": 1779139974, "type": "safe_tx", "device": "node-5-clean", "metadata": {}}
{"timestamp": 1779139974, "type": "safe_tx", "device": "node-8-spammer", "metadata": {}}
{"timestamp": 1779139974, "type": "dos_spam", "device": "node-8-spammer", "metadata": {"count": 30, "window_sec": 5}}
{"timestamp": 1779139974, "type": "safe_tx", "device": "node-8-spammer", "metadata": {}}
{"timestamp": 1779139974, "type": "safe_tx", "device": "node-8-spammer", "metadata": {}}
{"timestamp": 1779139974, "type": "dos_spam", "device": "node-8-spammer", "metadata": {}}
{"timestamp": 1779139974, "type": "safe_tx", "device": "node-8-spammer", "metadata": {}}
{"timestamp": 1779139975, "type": "time_anomaly", "device": "node-7-timespoof", "metadata": {}}
{"timestamp": 1779139974, "type": "safe_tx", "device": "node-10-fuzzer", "metadata": {}}
{"timestamp": 1779139974, "type": "safe_tx", "device": "node-1-clean", "metadata": {}}
{"timestamp": 1779139974, "type": "safe_tx", "device": "node-8-spammer", "metadata": {}}
{"timestamp": 1779139975, "type": "safe_tx", "device": "node-8-spammer", "metadata": {}}
{"timestamp": 1779139975, "type": "safe_tx", "device": "node-8-spammer", "metadata": {}}
{"timestamp": 1779139975, "type": "safe_tx", "device": "node-3-clean", "metadata": {}}
{"timestamp": 1779139975, "type": "time_anomaly", "device": "node-15-mixed", "metadata": {}}
{"timestamp": 1779139975, "type": "safe_tx", "device": "node-14-mixed", "metadata": {}}
{"timestamp": 1779139975, "type": "safe_tx", "device": "node-13-mixed", "metadata": {}}
{"timestamp": 1779139975, "type": "safe_tx", "device": "node-1-clean", "metadata": {}}
{"timestamp": 1779139975, "type": "safe_tx", "device": "node-4-clean", "metadata": {}}
{"timestamp": 1779139975, "type": "safe_tx", "device": "node-11-pulsing", "metadata": {}}
{"timestamp": 1779139975, "type": "safe_tx", "device": "node-9-stealth", "metadata": {}}
{"timestamp": 1779139975, "type": "safe_tx", "device": "node-11-pulsing", "metadata": {}}
{"timestamp": 1779139975, "type": "safe_tx", "device": "node-11-pulsing", "metadata": {}}
{"timestamp": 1779139975, "type": "safe_tx", "device": "node-11-pulsing", "metadata": {}}
{"timestamp": 1779139976, "type": "safe_tx", "device": "node-11-pulsing", "metadata": {}}
{"timestamp": 1779139976, "type": "safe_tx", "device": "node-2-clean", "metadata": {}}
{"timestamp": 1779139976, "type": "safe_tx", "device": "node-11-pulsing", "metadata": {}}
{"timestamp": 1779139976, "type": "safe_tx", "device": "node-11-pulsing", "metadata": {}}
{"timestamp": 1779139976, "type": "safe_tx", "device": "node-11-pulsing", "metadata": {}}
{"timestamp": 1779139976, "type": "safe_tx", "device": "node-11-pulsing", "metadata": {}}
{"timestamp": 1779139976, "type": "safe_tx", "device": "node-8-spammer", "metadata": {}}
{"timestamp": 1779139976, "type": "safe_tx", "device": "node-8-spammer", "metadata": {}}
{"timestamp": 1779139976, "type": "safe_tx", "device": "node-11-pulsing", "metadata": {}}
{"timestamp": 1779139976, "type": "safe_tx", "device": "node-8-spammer", "metadata": {}}
{"timestamp": 1779139976, "type": "fuzzing", "device": "node-10-fuzzer", "metadata": {}}
{"timestamp": 1779139976, "type": "safe_tx", "device": "node-11-pulsing", "metadata": {}}
{"timestamp": 1779139976, "type": "safe_tx", "device": "node-8-spammer", "metadata": {}}
{"timestamp": 1779139976, "type": "safe_tx", "device": "node-8-spammer", "metadata": {}}
{"timestamp": 1779139976, "type": "safe_tx", "device": "node-11-pulsing", "metadata": {}}
{"timestamp": 1779139976, "type": "safe_tx", "device": "node-11-pulsing", "metadata": {}}
{"timestamp": 1779139976, "type": "safe_tx", "device": "node-11-pulsing", "metadata": {}}
{"timestamp": 1779139977, "type": "time_anomaly", "device": "node-12-mixed", "metadata": {}}
{"timestamp": 1779139976, "type": "safe_tx", "device": "node-11-pulsing", "metadata": {}}
{"timestamp": 1779139976, "type": "dos_spam", "device": "node-11-pulsing", "metadata": {}}
{"timestamp": 1779139976, "type": "safe_tx", "device": "node-11-pulsing", "metadata": {}}
{"timestamp": 1779139976, "type": "safe_tx", "device": "node-11-pulsing", "metadata": {}}
{"timestamp": 1779139976, "type": "safe_tx", "device": "node-11-pulsing", "metadata": {}}
{"timestamp": 1779139976, "type": "safe_tx", "device": "node-11-pulsing", "metadata": {}}
{"timestamp": 1779139976, "type": "safe_tx", "device": "node-11-pulsing", "metadata": {}}
{"timestamp": 1779139977, "type": "time_anomaly", "device": "node-12-mixed", "metadata": {}}
{"timestamp": 1779139977, "type": "safe_tx", "device": "node-1-clean", "metadata": {}}
{"timestamp": 1779139977, "type": "overflow", "device": "node-15-mixed", "metadata": {"count": 3, "window_sec": 30}}
{"timestamp": 1779139977, "type": "safe_tx", "device": "node-6-overflow", "metadata": {}}
{"timestamp": 1779139977, "type": "safe_tx", "device": "node-5-clean", "metadata": {}}
{"timestamp": 1779139977, "type": "safe_tx", "device": "node-8-spammer", "metadata": {}}
{"timestamp": 1779139977, "type": "safe_tx", "device": "node-8-spammer", "metadata": {}}
{"timestamp": 1779139977, "type": "safe_tx", "device": "node-8-spammer", "metadata": {}}
{"timestamp": 1779139977, "type": "safe_tx", "device": "node-8-spammer", "metadata": {}}
{"timestamp": 1779139977, "type": "safe_tx", "device": "node-8-spammer", "metadata": {}}
{"timestamp": 1779139978, "type": "safe_tx", "device": "node-2-clean", "metadata": {}}
{"timestamp": 1779139978, "type": "safe_tx", "device": "node-14-mixed", "metadata": {}}
{"timestamp": 1779139978, "type": "safe_tx", "device": "node-13-mixed", "metadata": {}}
{"timestamp": 1779139978, "type": "safe_tx", "device": "node-3-clean", "metadata": {}}
{"timestamp": 1779139978, "type": "safe_tx", "device": "node-8-spammer", "metadata": {}}
{"timestamp": 1779139978, "type": "safe_tx", "device": "node-14-mixed", "metadata": {}}
{"timestamp": 1779139979, "type": "safe_tx", "device": "node-5-clean", "metadata": {}}
{"timestamp": 1779139979, "type": "safe_tx", "device": "node-9-stealth", "metadata": {}}
{"timestamp": 1779139979, "type": "safe_tx", "device": "node-4-clean", "metadata": {}}
{"timestamp": 1779139979, "type": "safe_tx", "device": "node-1-clean", "metadata": {}}
{"timestamp": 1779139979, "type": "safe_tx", "device": "node-8-spammer", "metadata": {}}
{"timestamp": 1779139979, "type": "fuzzing", "device": "node-10-fuzzer", "metadata": {}}
{"timestamp": 1779139979, "type": "safe_tx", "device": "node-8-spammer", "metadata": {}}
{"timestamp": 1779139979, "type": "safe_tx", "device": "node-8-spammer", "metadata": {}}
{"timestamp": 1779139979, "type": "safe_tx", "device": "node-8-spammer", "metadata": {}}
{"timestamp": 1779139979, "type": "safe_tx", "device": "node-8-spammer", "metadata": {}}
{"timestamp": 1779139979, "type": "safe_tx", "device": "node-3-clean", "metadata": {}}
{"timestamp": 1779139979, "type": "safe_tx", "device": "node-8-spammer", "metadata": {}}
{"timestamp": 1779139980, "type": "time_anomaly", "device": "node-7-timespoof", "metadata": {}}
{"timestamp": 1779139980, "type": "safe_tx", "device": "node-12-mixed", "metadata": {}}
{"timestamp": 1779139980, "type": "safe_tx", "device": "node-13-mixed", "metadata": {}}
{"timestamp": 1779139980, "type": "safe_tx", "device": "node-15-mixed", "metadata": {}}
{"timestamp": 1779139980, "type": "safe_tx", "device": "node-8-spammer", "metadata": {}}
{"timestamp": 1779139980, "type": "safe_tx", "device": "node-2-clean", "metadata": {}}
{"timestamp": 1779139981, "type": "safe_tx", "device": "node-3-clean", "metadata": {}}
{"timestamp": 1779139981, "type": "overflow", "device": "node-6-overflow", "metadata": {"count": 3, "window_sec": 30}}
{"timestamp": 1779139981, "type": "safe_tx", "device": "node-8-spammer", "metadata": {}}
{"timestamp": 1779139981, "type": "safe_tx", "device": "node-8-spammer", "metadata": {}}
{"timestamp": 1779139981, "type": "safe_tx", "device": "node-8-spammer", "metadata": {}}
{"timestamp": 1779139981, "type": "safe_tx", "device": "node-8-spammer", "metadata": {}}
{"timestamp": 1779139981, "type": "safe_tx", "device": "node-8-spammer", "metadata": {}}
{"timestamp": 1779139981, "type": "safe_tx", "device": "node-4-clean", "metadata": {}}
{"timestamp": 1779139981, "type": "fuzzing", "device": "node-10-fuzzer", "metadata": {}}
{"timestamp": 1779139981, "type": "safe_tx", "device": "node-8-spammer", "metadata": {}}
{"timestamp": 1779139981, "type": "safe_tx", "device": "node-8-spammer", "metadata": {}}
{"timestamp": 1779139981, "type": "safe_tx", "device": "node-8-spammer", "metadata": {}}
{"timestamp": 1779139981, "type": "dos_spam", "device": "node-8-spammer", "metadata": {}}
{"timestamp": 1779139981, "type": "safe_tx", "device": "node-8-spammer", "metadata": {}}
{"timestamp": 1779139981, "type": "safe_tx", "device": "node-8-spammer", "metadata": {}}
{"timestamp": 1779139981, "type": "safe_tx", "device": "node-8-spammer", "metadata": {}}
{"timestamp": 1779139981, "type": "safe_tx", "device": "node-5-clean", "metadata": {}}
{"timestamp": 1779139981, "type": "safe_tx", "device": "node-15-mixed", "metadata": {}}
{"timestamp": 1779139981, "type": "safe_tx", "device": "node-9-stealth", "metadata": {}}
{"timestamp": 1779139981, "type": "safe_tx", "device": "node-12-mixed", "metadata": {}}
{"timestamp": 1779139982, "type": "safe_tx", "device": "node-10-fuzzer", "metadata": {}}
{"timestamp": 1779139982, "type": "safe_tx", "device": "node-2-clean", "metadata": {}}
{"timestamp": 1779139982, "type": "safe_tx", "device": "node-8-spammer", "metadata": {}}
{"timestamp": 1779139982, "type": "safe_tx", "device": "node-8-spammer", "metadata": {}}
{"timestamp": 1779139982, "type": "safe_tx", "device": "node-8-spammer", "metadata": {}}
{"timestamp": 1779139982, "type": "safe_tx", "device": "node-8-spammer", "metadata": {}}
{"timestamp": 1779139982, "type": "safe_tx", "device": "node-8-spammer", "metadata": {}}
{"timestamp": 1779139982, "type": "safe_tx", "device": "node-8-spammer", "metadata": {}}
{"timestamp": 1779139982, "type": "dos_spam", "device": "node-8-spammer", "metadata": {"count": 30, "window_sec": 5}}
{"timestamp": 1779139982, "type": "safe_tx", "device": "node-8-spammer", "metadata": {}}
{"timestamp": 1779139982, "type": "safe_tx", "device": "node-9-stealth", "metadata": {}}
{"timestamp": 1779139982, "type": "safe_tx", "device": "node-8-spammer", "metadata": {}}
{"timestamp": 1779139982, "type": "safe_tx", "device": "node-8-spammer", "metadata": {}}
{"timestamp": 1779139983, "type": "time_anomaly", "device": "node-12-mixed", "metadata": {}}
{"timestamp": 1779139983, "type": "safe_tx", "device": "node-1-clean", "metadata": {}}
{"timestamp": 1779139983, "type": "safe_tx", "device": "node-6-overflow", "metadata": {}}
{"timestamp": 1779139984, "type": "time_anomaly", "device": "node-15-mixed", "metadata": {}}
{"timestamp": 1779139983, "type": "safe_tx", "device": "node-9-stealth", "metadata": {}}
{"timestamp": 1779139983, "type": "safe_tx", "device": "node-8-spammer", "metadata": {}}
{"timestamp": 1779139983, "type": "safe_tx", "device": "node-8-spammer", "metadata": {}}
{"timestamp": 1779139983, "type": "safe_tx", "device": "node-8-spammer", "metadata": {}}
{"timestamp": 1779139983, "type": "dos_spam", "device": "node-8-spammer", "metadata": {}}
{"timestamp": 1779139984, "type": "safe_tx", "device": "node-8-spammer", "metadata": {}}
{"timestamp": 1779139984, "type": "safe_tx", "device": "node-3-clean", "metadata": {}}
{"timestamp": 1779139984, "type": "safe_tx", "device": "node-4-clean", "metadata": {}}
{"timestamp": 1779139985, "type": "time_anomaly", "device": "node-13-mixed", "metadata": {}}
{"timestamp": 1779139984, "type": "safe_tx", "device": "node-9-stealth", "metadata": {}}
{"timestamp": 1779139984, "type": "safe_tx", "device": "node-2-clean", "metadata": {}}
{"timestamp": 1779139984, "type": "safe_tx", "device": "node-10-fuzzer", "metadata": {}}
{"timestamp": 1779139984, "type": "safe_tx", "device": "node-1-clean", "metadata": {}}
{"timestamp": 1779139985, "type": "safe_tx", "device": "node-5-clean", "metadata": {}}
{"timestamp": 1779139985, "type": "safe_tx", "device": "node-5-clean", "metadata": {}}
{"timestamp": 1779139985, "type": "safe_tx", "device": "node-8-spammer", "metadata": {}}
{"timestamp": 1779139985, "type": "safe_tx", "device": "node-8-spammer", "metadata": {}}
{"timestamp": 1779139985, "type": "safe_tx", "device": "node-10-fuzzer", "metadata": {}}
{"timestamp": 1779139985, "type": "safe_tx", "device": "node-8-spammer", "metadata": {}}
{"timestamp": 1779139985, "type": "safe_tx", "device": "node-8-spammer", "metadata": {}}
{"timestamp": 1779139985, "type": "safe_tx", "device": "node-8-spammer", "metadata": {}}
{"timestamp": 1779139985, "type": "safe_tx", "device": "node-8-spammer", "metadata": {}}
{"timestamp": 1779139985, "type": "safe_tx", "device": "node-1-clean", "metadata": {}}
{"timestamp": 1779139985, "type": "safe_tx", "device": "node-12-mixed", "metadata": {}}
{"timestamp": 1779139985, "type": "safe_tx", "device": "node-8-spammer", "metadata": {}}
{"timestamp": 1779139985, "type": "safe_tx", "device": "node-8-spammer", "metadata": {}}
{"timestamp": 1779139986, "type": "time_anomaly", "device": "node-7-timespoof", "metadata": {}}
{"timestamp": 1779139986, "type": "safe_tx", "device": "node-9-stealth", "metadata": {}}
{"timestamp": 1779139987, "type": "time_anomaly", "device": "node-14-mixed", "metadata": {}}
{"timestamp": 1779139986, "type": "safe_tx", "device": "node-8-spammer", "metadata": {}}
{"timestamp": 1779139986, "type": "safe_tx", "device": "node-8-spammer", "metadata": {}}
{"timestamp": 1779139986, "type": "safe_tx", "device": "node-8-spammer", "metadata": {}}
{"timestamp": 1779139986, "type": "safe_tx", "device": "node-8-spammer", "metadata": {}}
{"timestamp": 1779139986, "type": "safe_tx", "device": "node-8-spammer", "metadata": {}}
{"timestamp": 1779139987, "type": "safe_tx", "device": "node-8-spammer", "metadata": {}}
{"timestamp": 1779139987, "type": "safe_tx", "device": "node-6-overflow", "metadata": {}}
{"timestamp": 1779139987, "type": "safe_tx", "device": "node-8-spammer", "metadata": {}}
{"timestamp": 1779139987, "type": "dos_spam", "device": "node-8-spammer", "metadata": {}}
{"timestamp": 1779139987, "type": "safe_tx", "device": "node-8-spammer", "metadata": {}}
{"timestamp": 1779139987, "type": "safe_tx", "device": "node-8-spammer", "metadata": {}}
{"timestamp": 1779139987, "type": "safe_tx", "device": "node-8-spammer", "metadata": {}}
{"timestamp": 1779139987, "type": "safe_tx", "device": "node-8-spammer", "metadata": {}}
{"timestamp": 1779139987, "type": "safe_tx", "device": "node-8-spammer", "metadata": {}}
{"timestamp": 1779139987, "type": "safe_tx", "device": "node-8-spammer", "metadata": {}}
{"timestamp": 1779139987, "type": "safe_tx", "device": "node-8-spammer", "metadata": {}}
{"timestamp": 1779139987, "type": "safe_tx", "device": "node-8-spammer", "metadata": {}}
{"timestamp": 1779139987, "type": "dos_spam", "device": "node-8-spammer", "metadata": {"count": 30, "window_sec": 5}}
{"timestamp": 1779139987, "type": "safe_tx", "device": "node-8-spammer", "metadata": {}}
{"timestamp": 1779139987, "type": "safe_tx", "device": "node-8-spammer", "metadata": {}}
{"timestamp": 1779139987, "type": "safe_tx", "device": "node-8-spammer", "metadata": {}}
{"timestamp": 1779139987, "type": "safe_tx", "device": "node-4-clean", "metadata": {}}
{"timestamp": 1779139987, "type": "safe_tx", "device": "node-8-spammer", "metadata": {}}
{"timestamp": 1779139987, "type": "safe_tx", "device": "node-10-fuzzer", "metadata": {}}
{"timestamp": 1779139987, "type": "safe_tx", "device": "node-8-spammer", "metadata": {}}
{"timestamp": 1779139987, "type": "safe_tx", "device": "node-13-mixed", "metadata": {}}
{"timestamp": 1779139987, "type": "safe_tx", "device": "node-8-spammer", "metadata": {}}
{"timestamp": 1779139987, "type": "safe_tx", "device": "node-8-spammer", "metadata": {}}
{"timestamp": 1779139987, "type": "dos_spam", "device": "node-8-spammer", "metadata": {}}
{"timestamp": 1779139987, "type": "safe_tx", "device": "node-8-spammer", "metadata": {}}
{"timestamp": 1779139987, "type": "safe_tx", "device": "node-8-spammer", "metadata": {}}
{"timestamp": 1779139987, "type": "safe_tx", "device": "node-8-spammer", "metadata": {}}
{"timestamp": 1779139987, "type": "safe_tx", "device": "node-8-spammer", "metadata": {}}
{"timestamp": 1779139987, "type": "safe_tx", "device": "node-8-spammer", "metadata": {}}
{"timestamp": 1779139987, "type": "safe_tx", "device": "node-3-clean", "metadata": {}}
{"timestamp": 1779139987, "type": "safe_tx", "device": "node-9-stealth", "metadata": {}}
{"timestamp": 1779139987, "type": "safe_tx", "device": "node-5-clean", "metadata": {}}
{"timestamp": 1779139988, "type": "safe_tx", "device": "node-2-clean", "metadata": {}}
{"timestamp": 1779139988, "type": "safe_tx", "device": "node-14-mixed", "metadata": {}}
{"timestamp": 1779139988, "type": "fuzzing", "device": "node-10-fuzzer", "metadata": {}}
{"timestamp": 1779139988, "type": "safe_tx", "device": "node-9-stealth", "metadata": {}}
{"timestamp": 1779139988, "type": "safe_tx", "device": "node-12-mixed", "metadata": {}}
{"timestamp": 1779139989, "type": "safe_tx", "device": "node-5-clean", "metadata": {}}
{"timestamp": 1779139989, "type": "safe_tx", "device": "node-15-mixed", "metadata": {}}
{"timestamp": 1779139989, "type": "safe_tx", "device": "node-1-clean", "metadata": {}}
{"timestamp": 1779139989, "type": "safe_tx", "device": "node-4-clean", "metadata": {}}
{"timestamp": 1779139989, "type": "safe_tx", "device": "node-13-mixed", "metadata": {}}
{"timestamp": 1779139989, "type": "safe_tx", "device": "node-10-fuzzer", "metadata": {}}
{"timestamp": 1779139990, "type": "safe_tx", "device": "node-8-spammer", "metadata": {}}
{"timestamp": 1779139990, "type": "safe_tx", "device": "node-8-spammer", "metadata": {}}
{"timestamp": 1779139990, "type": "safe_tx", "device": "node-8-spammer", "metadata": {}}
{"timestamp": 1779139990, "type": "safe_tx", "device": "node-8-spammer", "metadata": {}}
{"timestamp": 1779139990, "type": "safe_tx", "device": "node-8-spammer", "metadata": {}}
{"timestamp": 1779139990, "type": "safe_tx", "device": "node-15-mixed", "metadata": {}}
{"timestamp": 1779139990, "type": "safe_tx", "device": "node-8-spammer", "metadata": {}}
{"timestamp": 1779139990, "type": "safe_tx", "device": "node-8-spammer", "metadata": {}}
{"timestamp": 1779139991, "type": "time_anomaly", "device": "node-7-timespoof", "metadata": {}}
{"timestamp": 1779139990, "type": "safe_tx", "device": "node-2-clean", "metadata": {}}
{"timestamp": 1779139990, "type": "safe_tx", "device": "node-10-fuzzer", "metadata": {}}
{"timestamp": 1779139990, "type": "safe_tx", "device": "node-3-clean", "metadata": {}}
{"timestamp": 1779139991, "type": "safe_tx", "device": "node-8-spammer", "metadata": {}}
{"timestamp": 1779139991, "type": "safe_tx", "device": "node-8-spammer", "metadata": {}}
{"timestamp": 1779139991, "type": "safe_tx", "device": "node-8-spammer", "metadata": {}}
{"timestamp": 1779139991, "type": "safe_tx", "device": "node-8-spammer", "metadata": {}}
{"timestamp": 1779139991, "type": "safe_tx", "device": "node-5-clean", "metadata": {}}
{"timestamp": 1779139991, "type": "safe_tx", "device": "node-8-spammer", "metadata": {}}
{"timestamp": 1779139991, "type": "safe_tx", "device": "node-8-spammer", "metadata": {}}
{"timestamp": 1779139991, "type": "safe_tx", "device": "node-2-clean", "metadata": {}}
{"timestamp": 1779139991, "type": "safe_tx", "device": "node-8-spammer", "metadata": {}}
{"timestamp": 1779139991, "type": "safe_tx", "device": "node-8-spammer", "metadata": {}}
{"timestamp": 1779139991, "type": "dos_spam", "device": "node-8-spammer", "metadata": {}}
{"timestamp": 1779139991, "type": "overflow", "device": "node-14-mixed", "metadata": {"count": 3, "window_sec": 30}}
{"timestamp": 1779139991, "type": "safe_tx", "device": "node-8-spammer", "metadata": {}}
{"timestamp": 1779139991, "type": "safe_tx", "device": "node-8-spammer", "metadata": {}}
{"timestamp": 1779139991, "type": "safe_tx", "device": "node-8-spammer", "metadata": {}}
{"timestamp": 1779139991, "type": "dos_spam", "device": "node-8-spammer", "metadata": {"count": 30, "window_sec": 5}}
{"timestamp": 1779139991, "type": "safe_tx", "device": "node-8-spammer", "metadata": {}}
{"timestamp": 1779139991, "type": "safe_tx", "device": "node-8-spammer", "metadata": {}}
{"timestamp": 1779139991, "type": "safe_tx", "device": "node-13-mixed", "metadata": {}}
{"timestamp": 1779139991, "type": "safe_tx", "device": "node-9-stealth", "metadata": {}}
{"timestamp": 1779139992, "type": "safe_tx", "device": "node-12-mixed", "metadata": {}}
{"timestamp": 1779139993, "type": "time_anomaly", "device": "node-7-timespoof", "metadata": {}}
{"timestamp": 1779139993, "type": "safe_tx", "device": "node-8-spammer", "metadata": {}}
{"timestamp": 1779139993, "type": "safe_tx", "device": "node-8-spammer", "metadata": {}}
{"timestamp": 1779139993, "type": "safe_tx", "device": "node-8-spammer", "metadata": {}}
{"timestamp": 1779139993, "type": "safe_tx", "device": "node-9-stealth", "metadata": {}}
{"timestamp": 1779139993, "type": "safe_tx", "device": "node-14-mixed", "metadata": {}}
{"timestamp": 1779139993, "type": "safe_tx", "device": "node-4-clean", "metadata": {}}
{"timestamp": 1779139993, "type": "safe_tx", "device": "node-10-fuzzer", "metadata": {}}
{"timestamp": 1779139993, "type": "safe_tx", "device": "node-1-clean", "metadata": {}}
{"timestamp": 1779139994, "type": "safe_tx", "device": "node-3-clean", "metadata": {}}
{"timestamp": 1779139994, "type": "safe_tx", "device": "node-5-clean", "metadata": {}}
{"timestamp": 1779139994, "type": "safe_tx", "device": "node-8-spammer", "metadata": {}}
{"timestamp": 1779139994, "type": "safe_tx", "device": "node-8-spammer", "metadata": {}}
{"timestamp": 1779139994, "type": "safe_tx", "device": "node-8-spammer", "metadata": {}}
{"timestamp": 1779139994, "type": "safe_tx", "device": "node-8-spammer", "metadata": {}}
{"timestamp": 1779139994, "type": "safe_tx", "device": "node-4-clean", "metadata": {}}
{"timestamp": 1779139994, "type": "safe_tx", "device": "node-12-mixed", "metadata": {}}
{"timestamp": 1779139994, "type": "safe_tx", "device": "node-15-mixed", "metadata": {}}
{"timestamp": 1779139995, "type": "time_anomaly", "device": "node-14-mixed", "metadata": {}}
{"timestamp": 1779139995, "type": "overflow", "device": "node-10-fuzzer", "metadata": {"count": 3, "window_sec": 30}}
{"timestamp": 1779139995, "type": "safe_tx", "device": "node-8-spammer", "metadata": {}}
{"timestamp": 1779139995, "type": "safe_tx", "device": "node-8-spammer", "metadata": {}}
{"timestamp": 1779139995, "type": "safe_tx", "device": "node-8-spammer", "metadata": {}}
{"timestamp": 1779139995, "type": "safe_tx", "device": "node-2-clean", "metadata": {}}
{"timestamp": 1779139995, "type": "safe_tx", "device": "node-8-spammer", "metadata": {}}
{"timestamp": 1779139995, "type": "safe_tx", "device": "node-8-spammer", "metadata": {}}
{"timestamp": 1779139995, "type": "safe_tx", "device": "node-8-spammer", "metadata": {}}
{"timestamp": 1779139995, "type": "safe_tx", "device": "node-8-spammer", "metadata": {}}
{"timestamp": 1779139995, "type": "safe_tx", "device": "node-8-spammer", "metadata": {}}
{"timestamp": 1779139995, "type": "dos_spam", "device": "node-8-spammer", "metadata": {}}
{"timestamp": 1779139995, "type": "safe_tx", "device": "node-8-spammer", "metadata": {}}
{"timestamp": 1779139995, "type": "safe_tx", "device": "node-8-spammer", "metadata": {}}
{"timestamp": 1779139995, "type": "safe_tx", "device": "node-8-spammer", "metadata": {}}
{"timestamp": 1779139995, "type": "safe_tx", "device": "node-8-spammer", "metadata": {}}
{"timestamp": 1779139995, "type": "safe_tx", "device": "node-8-spammer", "metadata": {}}
{"timestamp": 1779139995, "type": "safe_tx", "device": "node-8-spammer", "metadata": {}}
{"timestamp": 1779139995, "type": "safe_tx", "device": "node-6-overflow", "metadata": {}}
{"timestamp": 1779139995, "type": "safe_tx", "device": "node-8-spammer", "metadata": {}}
{"timestamp": 1779139995, "type": "safe_tx", "device": "node-4-clean", "metadata": {}}
{"timestamp": 1779139995, "type": "safe_tx", "device": "node-8-spammer", "metadata": {}}
{"timestamp": 1779139995, "type": "safe_tx", "device": "node-8-spammer", "metadata": {}}
{"timestamp": 1779139995, "type": "safe_tx", "device": "node-8-spammer", "metadata": {}}
{"timestamp": 1779139995, "type": "safe_tx", "device": "node-8-spammer", "metadata": {}}
{"timestamp": 1779139995, "type": "safe_tx", "device": "node-8-spammer", "metadata": {}}
{"timestamp": 1779139995, "type": "safe_tx", "device": "node-8-spammer", "metadata": {}}
{"timestamp": 1779139995, "type": "dos_spam", "device": "node-8-spammer", "metadata": {"count": 30, "window_sec": 5}}
{"timestamp": 1779139995, "type": "safe_tx", "device": "node-8-spammer", "metadata": {}}
{"timestamp": 1779139995, "type": "safe_tx", "device": "node-9-stealth", "metadata": {}}
{"timestamp": 1779139995, "type": "safe_tx", "device": "node-8-spammer", "metadata": {}}
{"timestamp": 1779139995, "type": "dos_spam", "device": "node-8-spammer", "metadata": {}}
{"timestamp": 1779139995, "type": "safe_tx", "device": "node-8-spammer", "metadata": {}}
{"timestamp": 1779139995, "type": "safe_tx", "device": "node-8-spammer", "metadata": {}}
{"timestamp": 1779139995, "type": "safe_tx", "device": "node-8-spammer", "metadata": {}}
{"timestamp": 1779139995, "type": "safe_tx", "device": "node-8-spammer", "metadata": {}}
{"timestamp": 1779139996, "type": "safe_tx", "device": "node-8-spammer", "metadata": {}}
{"timestamp": 1779139996, "type": "safe_tx", "device": "node-8-spammer", "metadata": {}}
{"timestamp": 1779139996, "type": "safe_tx", "device": "node-8-spammer", "metadata": {}}
{"timestamp": 1779139996, "type": "safe_tx", "device": "node-8-spammer", "metadata": {}}
{"timestamp": 1779139996, "type": "safe_tx", "device": "node-8-spammer", "metadata": {}}
{"timestamp": 1779139996, "type": "safe_tx", "device": "node-8-spammer", "metadata": {}}
{"timestamp": 1779139996, "type": "safe_tx", "device": "node-8-spammer", "metadata": {}}
{"timestamp": 1779139996, "type": "safe_tx", "device": "node-8-spammer", "metadata": {}}
{"timestamp": 1779139996, "type": "safe_tx", "device": "node-8-spammer", "metadata": {}}
{"timestamp": 1779139996, "type": "overflow", "device": "node-13-mixed", "metadata": {"count": 3, "window_sec": 30}}
{"timestamp": 1779139996, "type": "safe_tx", "device": "node-8-spammer", "metadata": {}}
{"timestamp": 1779139996, "type": "safe_tx", "device": "node-8-spammer", "metadata": {}}
{"timestamp": 1779139996, "type": "dos_spam", "device": "node-8-spammer", "metadata": {}}
{"timestamp": 1779139996, "type": "fuzzing", "device": "node-10-fuzzer", "metadata": {}}
{"timestamp": 1779139996, "type": "safe_tx", "device": "node-8-spammer", "metadata": {}}
{"timestamp": 1779139997, "type": "safe_tx", "device": "node-8-spammer", "metadata": {}}
{"timestamp": 1779139997, "type": "safe_tx", "device": "node-8-spammer", "metadata": {}}
{"timestamp": 1779139997, "type": "safe_tx", "device": "node-8-spammer", "metadata": {}}
{"timestamp": 1779139997, "type": "safe_tx", "device": "node-8-spammer", "metadata": {}}
{"timestamp": 1779139997, "type": "safe_tx", "device": "node-8-spammer", "metadata": {}}
{"timestamp": 1779139997, "type": "safe_tx", "device": "node-8-spammer", "metadata": {}}
{"timestamp": 1779139997, "type": "safe_tx", "device": "node-9-stealth", "metadata": {}}
{"timestamp": 1779139997, "type": "safe_tx", "device": "node-1-clean", "metadata": {}}
{"timestamp": 1779139997, "type": "overflow", "device": "node-15-mixed", "metadata": {"count": 3, "window_sec": 30}}
{"timestamp": 1779139997, "type": "safe_tx", "device": "node-14-mixed", "metadata": {}}
{"timestamp": 1779139997, "type": "safe_tx", "device": "node-5-clean", "metadata": {}}
{"timestamp": 1779139997, "type": "safe_tx", "device": "node-12-mixed", "metadata": {}}
{"timestamp": 1779139998, "type": "safe_tx", "device": "node-1-clean", "metadata": {}}
{"timestamp": 1779139998, "type": "safe_tx", "device": "node-9-stealth", "metadata": {}}
{"timestamp": 1779139998, "type": "safe_tx", "device": "node-6-overflow", "metadata": {}}
{"timestamp": 1779139998, "type": "fuzzing", "device": "node-10-fuzzer", "metadata": {}}
{"timestamp": 1779139998, "type": "safe_tx", "device": "node-8-spammer", "metadata": {}}
{"timestamp": 1779139998, "type": "safe_tx", "device": "node-8-spammer", "metadata": {}}
{"timestamp": 1779139998, "type": "safe_tx", "device": "node-8-spammer", "metadata": {}}
{"timestamp": 1779139998, "type": "safe_tx", "device": "node-8-spammer", "metadata": {}}
{"timestamp": 1779139998, "type": "safe_tx", "device": "node-8-spammer", "metadata": {}}
{"timestamp": 1779139998, "type": "safe_tx", "device": "node-8-spammer", "metadata": {}}
{"timestamp": 1779139998, "type": "dos_spam", "device": "node-8-spammer", "metadata": {"count": 30, "window_sec": 5}}
{"timestamp": 1779139998, "type": "safe_tx", "device": "node-8-spammer", "metadata": {}}
{"timestamp": 1779139998, "type": "safe_tx", "device": "node-8-spammer", "metadata": {}}
{"timestamp": 1779139998, "type": "dos_spam", "device": "node-8-spammer", "metadata": {}}
{"timestamp": 1779139998, "type": "safe_tx", "device": "node-10-fuzzer", "metadata": {}}
{"timestamp": 1779139998, "type": "safe_tx", "device": "node-8-spammer", "metadata": {}}
{"timestamp": 1779139998, "type": "safe_tx", "device": "node-3-clean", "metadata": {}}
{"timestamp": 1779139998, "type": "safe_tx", "device": "node-8-spammer", "metadata": {}}
{"timestamp": 1779139998, "type": "safe_tx", "device": "node-2-clean", "metadata": {}}
{"timestamp": 1779139998, "type": "safe_tx", "device": "node-8-spammer", "metadata": {}}
{"timestamp": 1779139998, "type": "safe_tx", "device": "node-8-spammer", "metadata": {}}
{"timestamp": 1779139999, "type": "safe_tx", "device": "node-5-clean", "metadata": {}}
{"timestamp": 1779139999, "type": "safe_tx", "device": "node-2-clean", "metadata": {}}
{"timestamp": 1779140000, "type": "time_anomaly", "device": "node-7-timespoof", "metadata": {}}
{"timestamp": 1779139999, "type": "safe_tx", "device": "node-15-mixed", "metadata": {}}
{"timestamp": 1779139999, "type": "safe_tx", "device": "node-4-clean", "metadata": {}}
{"timestamp": 1779140000, "type": "time_anomaly", "device": "node-13-mixed", "metadata": {}}
{"timestamp": 1779139999, "type": "safe_tx", "device": "node-15-mixed", "metadata": {}}
{"timestamp": 1779139999, "type": "safe_tx", "device": "node-8-spammer", "metadata": {}}
{"timestamp": 1779139999, "type": "safe_tx", "device": "node-8-spammer", "metadata": {}}
{"timestamp": 1779139999, "type": "safe_tx", "device": "node-8-spammer", "metadata": {}}
{"timestamp": 1779140000, "type": "safe_tx", "device": "node-9-stealth", "metadata": {}}
{"timestamp": 1779140000, "type": "time_anomaly", "device": "node-15-mixed", "metadata": {}}
{"timestamp": 1779140000, "type": "safe_tx", "device": "node-13-mixed", "metadata": {}}
{"timestamp": 1779140000, "type": "safe_tx", "device": "node-8-spammer", "metadata": {}}
{"timestamp": 1779140000, "type": "safe_tx", "device": "node-15-mixed", "metadata": {}}
{"timestamp": 1779140000, "type": "safe_tx", "device": "node-13-mixed", "metadata": {}}
{"timestamp": 1779140000, "type": "safe_tx", "device": "node-8-spammer", "metadata": {}}
{"timestamp": 1779140000, "type": "safe_tx", "device": "node-8-spammer", "metadata": {}}
{"timestamp": 1779140000, "type": "safe_tx", "device": "node-8-spammer", "metadata": {}}
{"timestamp": 1779140000, "type": "safe_tx", "device": "node-8-spammer", "metadata": {}}
{"timestamp": 1779140000, "type": "fuzzing", "device": "node-10-fuzzer", "metadata": {}}
{"timestamp": 1779140000, "type": "safe_tx", "device": "node-1-clean", "metadata": {}}
{"timestamp": 1779140001, "type": "safe_tx", "device": "node-12-mixed", "metadata": {}}
{"timestamp": 1779140001, "type": "safe_tx", "device": "node-14-mixed", "metadata": {}}
{"timestamp": 1779140001, "type": "safe_tx", "device": "node-2-clean", "metadata": {}}
{"timestamp": 1779140001, "type": "safe_tx", "device": "node-5-clean", "metadata": {}}
{"timestamp": 1779140001, "type": "safe_tx", "device": "node-4-clean", "metadata": {}}
{"timestamp": 1779140002, "type": "time_anomaly", "device": "node-7-timespoof", "metadata": {}}
{"timestamp": 1779140001, "type": "safe_tx", "device": "node-3-clean", "metadata": {}}
{"timestamp": 1779140001, "type": "fuzzing", "device": "node-10-fuzzer", "metadata": {}}
{"timestamp": 1779140001, "type": "safe_tx", "device": "node-8-spammer", "metadata": {}}
{"timestamp": 1779140001, "type": "safe_tx", "device": "node-8-spammer", "metadata": {}}
{"timestamp": 1779140002, "type": "safe_tx", "device": "node-8-spammer", "metadata": {}}
{"timestamp": 1779140002, "type": "safe_tx", "device": "node-8-spammer", "metadata": {}}
{"timestamp": 1779140002, "type": "safe_tx", "device": "node-8-spammer", "metadata": {}}
{"timestamp": 1779140002, "type": "safe_tx", "device": "node-9-stealth", "metadata": {}}
{"timestamp": 1779140002, "type": "safe_tx", "device": "node-5-clean", "metadata": {}}
{"timestamp": 1779140002, "type": "fuzzing", "device": "node-10-fuzzer", "metadata": {}}
{"timestamp": 1779140003, "type": "safe_tx", "device": "node-8-spammer", "metadata": {}}
{"timestamp": 1779140003, "type": "safe_tx", "device": "node-8-spammer", "metadata": {}}
{"timestamp": 1779140003, "type": "safe_tx", "device": "node-8-spammer", "metadata": {}}
{"timestamp": 1779140003, "type": "overflow", "device": "node-6-overflow", "metadata": {"count": 3, "window_sec": 30}}
{"timestamp": 1779140003, "type": "safe_tx", "device": "node-3-clean", "metadata": {}}
{"timestamp": 1779140003, "type": "safe_tx", "device": "node-8-spammer", "metadata": {}}
{"timestamp": 1779140003, "type": "safe_tx", "device": "node-8-spammer", "metadata": {}}
{"timestamp": 1779140003, "type": "safe_tx", "device": "node-8-spammer", "metadata": {}}
{"timestamp": 1779140003, "type": "time_anomaly", "device": "node-13-mixed", "metadata": {}}
{"timestamp": 1779140003, "type": "safe_tx", "device": "node-8-spammer", "metadata": {}}
{"timestamp": 1779140003, "type": "safe_tx", "device": "node-8-spammer", "metadata": {}}
{"timestamp": 1779140003, "type": "safe_tx", "device": "node-8-spammer", "metadata": {}}
{"timestamp": 1779140003, "type": "safe_tx", "device": "node-8-spammer", "metadata": {}}
{"timestamp": 1779140003, "type": "dos_spam", "device": "node-8-spammer", "metadata": {}}
{"timestamp": 1779140003, "type": "safe_tx", "device": "node-8-spammer", "metadata": {}}
{"timestamp": 1779140003, "type": "dos_spam", "device": "node-8-spammer", "metadata": {"count": 30, "window_sec": 5}}
{"timestamp": 1779140003, "type": "safe_tx", "device": "node-8-spammer", "metadata": {}}
{"timestamp": 1779140003, "type": "safe_tx", "device": "node-5-clean", "metadata": {}}
{"timestamp": 1779140003, "type": "safe_tx", "device": "node-8-spammer", "metadata": {}}
{"timestamp": 1779140003, "type": "safe_tx", "device": "node-8-spammer", "metadata": {}}
{"timestamp": 1779140003, "type": "safe_tx", "device": "node-8-spammer", "metadata": {}}
{"timestamp": 1779140003, "type": "safe_tx", "device": "node-8-spammer", "metadata": {}}
{"timestamp": 1779140003, "type": "safe_tx", "device": "node-8-spammer", "metadata": {}}
{"timestamp": 1779140003, "type": "safe_tx", "device": "node-8-spammer", "metadata": {}}
{"timestamp": 1779140003, "type": "safe_tx", "device": "node-8-spammer", "metadata": {}}
{"timestamp": 1779140003, "type": "safe_tx", "device": "node-8-spammer", "metadata": {}}
{"timestamp": 1779140003, "type": "safe_tx", "device": "node-8-spammer", "metadata": {}}
{"timestamp": 1779140003, "type": "safe_tx", "device": "node-9-stealth", "metadata": {}}
{"timestamp": 1779140004, "type": "safe_tx", "device": "node-4-clean", "metadata": {}}
{"timestamp": 1779140004, "type": "time_anomaly", "device": "node-13-mixed", "metadata": {}}
{"timestamp": 1779140004, "type": "safe_tx", "device": "node-9-stealth", "metadata": {}}
{"timestamp": 1779140004, "type": "safe_tx", "device": "node-11-pulsing", "metadata": {}}
{"timestamp": 1779140004, "type": "safe_tx", "device": "node-11-pulsing", "metadata": {}}
{"timestamp": 1779140004, "type": "safe_tx", "device": "node-11-pulsing", "metadata": {}}
{"timestamp": 1779140004, "type": "safe_tx", "device": "node-11-pulsing", "metadata": {}}
{"timestamp": 1779140004, "type": "safe_tx", "device": "node-14-mixed", "metadata": {}}
{"timestamp": 1779140005, "type": "time_anomaly", "device": "node-12-mixed", "metadata": {}}
{"timestamp": 1779140004, "type": "safe_tx", "device": "node-11-pulsing", "metadata": {}}
{"timestamp": 1779140004, "type": "safe_tx", "device": "node-11-pulsing", "metadata": {}}
{"timestamp": 1779140004, "type": "safe_tx", "device": "node-11-pulsing", "metadata": {}}
{"timestamp": 1779140004, "type": "safe_tx", "device": "node-11-pulsing", "metadata": {}}
{"timestamp": 1779140004, "type": "safe_tx", "device": "node-8-spammer", "metadata": {}}
{"timestamp": 1779140005, "type": "time_anomaly", "device": "node-15-mixed", "metadata": {}}
{"timestamp": 1779140004, "type": "safe_tx", "device": "node-11-pulsing", "metadata": {}}
{"timestamp": 1779140004, "type": "safe_tx", "device": "node-8-spammer", "metadata": {}}
{"timestamp": 1779140004, "type": "safe_tx", "device": "node-11-pulsing", "metadata": {}}
{"timestamp": 1779140004, "type": "fuzzing", "device": "node-10-fuzzer", "metadata": {}}
{"timestamp": 1779140004, "type": "safe_tx", "device": "node-11-pulsing", "metadata": {}}
{"timestamp": 1779140004, "type": "safe_tx", "device": "node-11-pulsing", "metadata": {}}
{"timestamp": 1779140004, "type": "safe_tx", "device": "node-11-pulsing", "metadata": {}}
{"timestamp": 1779140004, "type": "safe_tx", "device": "node-11-pulsing", "metadata": {}}
{"timestamp": 1779140004, "type": "safe_tx", "device": "node-9-stealth", "metadata": {}}
{"timestamp": 1779140004, "type": "safe_tx", "device": "node-11-pulsing", "metadata": {}}
{"timestamp": 1779140004, "type": "dos_spam", "device": "node-11-pulsing", "metadata": {}}
{"timestamp": 1779140004, "type": "safe_tx", "device": "node-1-clean", "metadata": {}}
{"timestamp": 1779140004, "type": "safe_tx", "device": "node-2-clean", "metadata": {}}
{"timestamp": 1779140005, "type": "safe_tx", "device": "node-11-pulsing", "metadata": {}}
{"timestamp": 1779140005, "type": "safe_tx", "device": "node-11-pulsing", "metadata": {}}
{"timestamp": 1779140005, "type": "safe_tx", "device": "node-11-pulsing", "metadata": {}}
{"timestamp": 1779140005, "type": "safe_tx", "device": "node-11-pulsing", "metadata": {}}
{"timestamp": 1779140005, "type": "safe_tx", "device": "node-11-pulsing", "metadata": {}}
{"timestamp": 1779140005, "type": "safe_tx", "device": "node-5-clean", "metadata": {}}
{"timestamp": 1779140005, "type": "overflow", "device": "node-14-mixed", "metadata": {"count": 3, "window_sec": 30}}
{"timestamp": 1779140005, "type": "safe_tx", "device": "node-9-stealth", "metadata": {}}
{"timestamp": 1779140005, "type": "overflow", "device": "node-15-mixed", "metadata": {"count": 3, "window_sec": 30}}
{"timestamp": 1779140005, "type": "safe_tx", "device": "node-4-clean", "metadata": {}}
{"timestamp": 1779140006, "type": "safe_tx", "device": "node-10-fuzzer", "metadata": {}}
{"timestamp": 1779140006, "type": "safe_tx", "device": "node-1-clean", "metadata": {}}
{"timestamp": 1779140007, "type": "time_anomaly", "device": "node-13-mixed", "metadata": {}}
{"timestamp": 1779140007, "type": "safe_tx", "device": "node-2-clean", "metadata": {}}
{"timestamp": 1779140007, "type": "time_anomaly", "device": "node-7-timespoof", "metadata": {}}
{"timestamp": 1779140007, "type": "safe_tx", "device": "node-8-spammer", "metadata": {}}
{"timestamp": 1779140007, "type": "safe_tx", "device": "node-5-clean", "metadata": {}}
{"timestamp": 1779140007, "type": "overflow", "device": "node-12-mixed", "metadata": {"count": 3, "window_sec": 30}}
{"timestamp": 1779140007, "type": "safe_tx", "device": "node-5-clean", "metadata": {}}
{"timestamp": 1779140007, "type": "safe_tx", "device": "node-4-clean", "metadata": {}}
{"timestamp": 1779140008, "type": "safe_tx", "device": "node-10-fuzzer", "metadata": {}}
{"timestamp": 1779140008, "type": "safe_tx", "device": "node-6-overflow", "metadata": {}}
{"timestamp": 1779140008, "type": "safe_tx", "device": "node-3-clean", "metadata": {}}
{"timestamp": 1779140009, "type": "safe_tx", "device": "node-5-clean", "metadata": {}}
{"timestamp": 1779140009, "type": "time_anomaly", "device": "node-15-mixed", "metadata": {}}
{"timestamp": 1779140009, "type": "safe_tx", "device": "node-14-mixed", "metadata": {}}
{"timestamp": 1779140009, "type": "safe_tx", "device": "node-8-spammer", "metadata": {}}
{"timestamp": 1779140009, "type": "safe_tx", "device": "node-8-spammer", "metadata": {}}
{"timestamp": 1779140009, "type": "safe_tx", "device": "node-8-spammer", "metadata": {}}
{"timestamp": 1779140009, "type": "safe_tx", "device": "node-8-spammer", "metadata": {}}
{"timestamp": 1779140009, "type": "safe_tx", "device": "node-8-spammer", "metadata": {}}
{"timestamp": 1779140009, "type": "safe_tx", "device": "node-8-spammer", "metadata": {}}
{"timestamp": 1779140009, "type": "safe_tx", "device": "node-8-spammer", "metadata": {}}
{"timestamp": 1779140009, "type": "safe_tx", "device": "node-10-fuzzer", "metadata": {}}
{"timestamp": 1779140009, "type": "safe_tx", "device": "node-8-spammer", "metadata": {}}
{"timestamp": 1779140009, "type": "safe_tx", "device": "node-8-spammer", "metadata": {}}
{"timestamp": 1779140009, "type": "safe_tx", "device": "node-8-spammer", "metadata": {}}
{"timestamp": 1779140009, "type": "safe_tx", "device": "node-8-spammer", "metadata": {}}
{"timestamp": 1779140009, "type": "safe_tx", "device": "node-9-stealth", "metadata": {}}
{"timestamp": 1779140009, "type": "safe_tx", "device": "node-8-spammer", "metadata": {}}
{"timestamp": 1779140009, "type": "safe_tx", "device": "node-13-mixed", "metadata": {}}
{"timestamp": 1779140009, "type": "safe_tx", "device": "node-8-spammer", "metadata": {}}
{"timestamp": 1779140009, "type": "safe_tx", "device": "node-8-spammer", "metadata": {}}
{"timestamp": 1779140009, "type": "dos_spam", "device": "node-8-spammer", "metadata": {}}
{"timestamp": 1779140009, "type": "safe_tx", "device": "node-8-spammer", "metadata": {}}
{"timestamp": 1779140009, "type": "safe_tx", "device": "node-4-clean", "metadata": {}}
{"timestamp": 1779140009, "type": "safe_tx", "device": "node-1-clean", "metadata": {}}
{"timestamp": 1779140010, "type": "time_anomaly", "device": "node-13-mixed", "metadata": {}}
{"timestamp": 1779140010, "type": "safe_tx", "device": "node-2-clean", "metadata": {}}
{"timestamp": 1779140010, "type": "safe_tx", "device": "node-13-mixed", "metadata": {}}
{"timestamp": 1779140010, "type": "safe_tx", "device": "node-2-clean", "metadata": {}}
{"timestamp": 1779140010, "type": "safe_tx", "device": "node-8-spammer", "metadata": {}}
{"timestamp": 1779140010, "type": "safe_tx", "device": "node-8-spammer", "metadata": {}}
{"timestamp": 1779140010, "type": "safe_tx", "device": "node-8-spammer", "metadata": {}}
{"timestamp": 1779140010, "type": "safe_tx", "device": "node-3-clean", "metadata": {}}
{"timestamp": 1779140010, "type": "safe_tx", "device": "node-8-spammer", "metadata": {}}
{"timestamp": 1779140010, "type": "safe_tx", "device": "node-8-spammer", "metadata": {}}
{"timestamp": 1779140010, "type": "safe_tx", "device": "node-8-spammer", "metadata": {}}
{"timestamp": 1779140010, "type": "safe_tx", "device": "node-5-clean", "metadata": {}}
{"timestamp": 1779140011, "type": "safe_tx", "device": "node-4-clean", "metadata": {}}
{"timestamp": 1779140011, "type": "fuzzing", "device": "node-10-fuzzer", "metadata": {}}
{"timestamp": 1779140011, "type": "safe_tx", "device": "node-5-clean", "metadata": {}}
{"timestamp": 1779140011, "type": "safe_tx", "device": "node-9-stealth", "metadata": {}}
{"timestamp": 1779140011, "type": "safe_tx", "device": "node-3-clean", "metadata": {}}
{"timestamp": 1779140011, "type": "safe_tx", "device": "node-15-mixed", "metadata": {}}
{"timestamp": 1779140011, "type": "safe_tx", "device": "node-8-spammer", "metadata": {}}
{"timestamp": 1779140011, "type": "safe_tx", "device": "node-8-spammer", "metadata": {}}
{"timestamp": 1779140011, "type": "safe_tx", "device": "node-8-spammer", "metadata": {}}
{"timestamp": 1779140011, "type": "safe_tx", "device": "node-14-mixed", "metadata": {}}
{"timestamp": 1779140011, "type": "safe_tx", "device": "node-8-spammer", "metadata": {}}
{"timestamp": 1779140011, "type": "safe_tx", "device": "node-8-spammer", "metadata": {}}
{"timestamp": 1779140011, "type": "safe_tx", "device": "node-8-spammer", "metadata": {}}
{"timestamp": 1779140011, "type": "safe_tx", "device": "node-8-spammer", "metadata": {}}
{"timestamp": 1779140011, "type": "safe_tx", "device": "node-10-fuzzer", "metadata": {}}
{"timestamp": 1779140012, "type": "safe_tx", "device": "node-2-clean", "metadata": {}}
{"timestamp": 1779140012, "type": "time_anomaly", "device": "node-7-timespoof", "metadata": {}}
{"timestamp": 1779140012, "type": "safe_tx", "device": "node-9-stealth", "metadata": {}}
{"timestamp": 1779140012, "type": "overflow", "device": "node-6-overflow", "metadata": {"count": 3, "window_sec": 30}}
{"timestamp": 1779140012, "type": "safe_tx", "device": "node-1-clean", "metadata": {}}
{"timestamp": 1779140013, "type": "safe_tx", "device": "node-2-clean", "metadata": {}}
{"timestamp": 1779140013, "type": "safe_tx", "device": "node-8-spammer", "metadata": {}}
{"timestamp": 1779140013, "type": "safe_tx", "device": "node-8-spammer", "metadata": {}}
{"timestamp": 1779140013, "type": "dos_spam", "device": "node-8-spammer", "metadata": {"count": 30, "window_sec": 5}}
{"timestamp": 1779140013, "type": "safe_tx", "device": "node-8-spammer", "metadata": {}}
{"timestamp": 1779140013, "type": "safe_tx", "device": "node-8-spammer", "metadata": {}}
{"timestamp": 1779140013, "type": "safe_tx", "device": "node-4-clean", "metadata": {}}
{"timestamp": 1779140013, "type": "safe_tx", "device": "node-9-stealth", "metadata": {}}
{"timestamp": 1779140013, "type": "safe_tx", "device": "node-8-spammer", "metadata": {}}
{"timestamp": 1779140013, "type": "safe_tx", "device": "node-1-clean", "metadata": {}}
{"timestamp": 1779140013, "type": "safe_tx", "device": "node-15-mixed", "metadata": {}}
{"timestamp": 1779140013, "type": "safe_tx", "device": "node-8-spammer", "metadata": {}}
{"timestamp": 1779140013, "type": "safe_tx", "device": "node-8-spammer", "metadata": {}}
{"timestamp": 1779140013, "type": "safe_tx", "device": "node-13-mixed", "metadata": {}}
{"timestamp": 1779140013, "type": "safe_tx", "device": "node-4-clean", "metadata": {}}
{"timestamp": 1779140013, "type": "safe_tx", "device": "node-10-fuzzer", "metadata": {}}
{"timestamp": 1779140014, "type": "safe_tx", "device": "node-1-clean", "metadata": {}}
{"timestamp": 1779140014, "type": "safe_tx", "device": "node-12-mixed", "metadata": {}}
{"timestamp": 1779140014, "type": "safe_tx", "device": "node-8-spammer", "metadata": {}}
{"timestamp": 1779140014, "type": "safe_tx", "device": "node-8-spammer", "metadata": {}}
{"timestamp": 1779140014, "type": "safe_tx", "device": "node-2-clean", "metadata": {}}
{"timestamp": 1779140014, "type": "safe_tx", "device": "node-10-fuzzer", "metadata": {}}
{"timestamp": 1779140015, "type": "safe_tx", "device": "node-5-clean", "metadata": {}}
{"timestamp": 1779140015, "type": "safe_tx", "device": "node-14-mixed", "metadata": {}}
{"timestamp": 1779140016, "type": "time_anomaly", "device": "node-15-mixed", "metadata": {}}
{"timestamp": 1779140015, "type": "safe_tx", "device": "node-8-spammer", "metadata": {}}
{"timestamp": 1779140015, "type": "safe_tx", "device": "node-8-spammer", "metadata": {}}
{"timestamp": 1779140016, "type": "safe_tx", "device": "node-1-clean", "metadata": {}}
{"timestamp": 1779140016, "type": "safe_tx", "device": "node-4-clean", "metadata": {}}
{"timestamp": 1779140016, "type": "safe_tx", "device": "node-3-clean", "metadata": {}}
{"timestamp": 1779140016, "type": "safe_tx", "device": "node-9-stealth", "metadata": {}}
{"timestamp": 1779140016, "type": "safe_tx", "device": "node-2-clean", "metadata": {}}
{"timestamp": 1779140017, "type": "time_anomaly", "device": "node-7-timespoof", "metadata": {}}
{"timestamp": 1779140016, "type": "safe_tx", "device": "node-8-spammer", "metadata": {}}
{"timestamp": 1779140016, "type": "safe_tx", "device": "node-8-spammer", "metadata": {}}
{"timestamp": 1779140016, "type": "safe_tx", "device": "node-8-spammer", "metadata": {}}
{"timestamp": 1779140016, "type": "safe_tx", "device": "node-8-spammer", "metadata": {}}
{"timestamp": 1779140016, "type": "safe_tx", "device": "node-8-spammer", "metadata": {}}
{"timestamp": 1779140016, "type": "safe_tx", "device": "node-8-spammer", "metadata": {}}
{"timestamp": 1779140016, "type": "safe_tx", "device": "node-8-spammer", "metadata": {}}
{"timestamp": 1779140017, "type": "fuzzing", "device": "node-10-fuzzer", "metadata": {}}
{"timestamp": 1779140017, "type": "safe_tx", "device": "node-14-mixed", "metadata": {}}
{"timestamp": 1779140018, "type": "safe_tx", "device": "node-8-spammer", "metadata": {}}
{"timestamp": 1779140018, "type": "safe_tx", "device": "node-8-spammer", "metadata": {}}
{"timestamp": 1779140018, "type": "safe_tx", "device": "node-8-spammer", "metadata": {}}
{"timestamp": 1779140018, "type": "safe_tx", "device": "node-8-spammer", "metadata": {}}
{"timestamp": 1779140018, "type": "safe_tx", "device": "node-8-spammer", "metadata": {}}
{"timestamp": 1779140018, "type": "safe_tx", "device": "node-8-spammer", "metadata": {}}
{"timestamp": 1779140018, "type": "safe_tx", "device": "node-8-spammer", "metadata": {}}
{"timestamp": 1779140018, "type": "safe_tx", "device": "node-8-spammer", "metadata": {}}
{"timestamp": 1779140018, "type": "dos_spam", "device": "node-8-spammer", "metadata": {}}
{"timestamp": 1779140018, "type": "safe_tx", "device": "node-8-spammer", "metadata": {}}
{"timestamp": 1779140018, "type": "safe_tx", "device": "node-1-clean", "metadata": {}}
{"timestamp": 1779140018, "type": "safe_tx", "device": "node-8-spammer", "metadata": {}}
{"timestamp": 1779140018, "type": "safe_tx", "device": "node-8-spammer", "metadata": {}}
{"timestamp": 1779140018, "type": "overflow", "device": "node-15-mixed", "metadata": {"count": 3, "window_sec": 30}}
{"timestamp": 1779140018, "type": "safe_tx", "device": "node-12-mixed", "metadata": {}}
{"timestamp": 1779140018, "type": "safe_tx", "device": "node-13-mixed", "metadata": {}}
{"timestamp": 1779140019, "type": "time_anomaly", "device": "node-15-mixed", "metadata": {}}
{"timestamp": 1779140019, "type": "safe_tx", "device": "node-9-stealth", "metadata": {}}
{"timestamp": 1779140019, "type": "fuzzing", "device": "node-10-fuzzer", "metadata": {}}
{"timestamp": 1779140019, "type": "safe_tx", "device": "node-12-mixed", "metadata": {}}
{"timestamp": 1779140019, "type": "safe_tx", "device": "node-5-clean", "metadata": {}}
{"timestamp": 1779140019, "type": "safe_tx", "device": "node-12-mixed", "metadata": {}}
{"timestamp": 1779140019, "type": "safe_tx", "device": "node-1-clean", "metadata": {}}
{"timestamp": 1779140019, "type": "safe_tx", "device": "node-2-clean", "metadata": {}}
{"timestamp": 1779140019, "type": "safe_tx", "device": "node-8-spammer", "metadata": {}}
{"timestamp": 1779140019, "type": "safe_tx", "device": "node-8-spammer", "metadata": {}}
{"timestamp": 1779140019, "type": "safe_tx", "device": "node-8-spammer", "metadata": {}}
{"timestamp": 1779140019, "type": "safe_tx", "device": "node-8-spammer", "metadata": {}}
{"timestamp": 1779140019, "type": "safe_tx", "device": "node-8-spammer", "metadata": {}}
{"timestamp": 1779140019, "type": "safe_tx", "device": "node-8-spammer", "metadata": {}}
{"timestamp": 1779140019, "type": "safe_tx", "device": "node-8-spammer", "metadata": {}}
{"timestamp": 1779140019, "type": "safe_tx", "device": "node-8-spammer", "metadata": {}}
{"timestamp": 1779140019, "type": "dos_spam", "device": "node-8-spammer", "metadata": {"count": 30, "window_sec": 5}}
{"timestamp": 1779140020, "type": "safe_tx", "device": "node-3-clean", "metadata": {}}
{"timestamp": 1779140020, "type": "safe_tx", "device": "node-9-stealth", "metadata": {}}
{"timestamp": 1779140020, "type": "safe_tx", "device": "node-4-clean", "metadata": {}}
{"timestamp": 1779140020, "type": "safe_tx", "device": "node-14-mixed", "metadata": {}}
{"timestamp": 1779140020, "type": "safe_tx", "device": "node-1-clean", "metadata": {}}
{"timestamp": 1779140020, "type": "safe_tx", "device": "node-9-stealth", "metadata": {}}
{"timestamp": 1779140020, "type": "fuzzing", "device": "node-10-fuzzer", "metadata": {}}
{"timestamp": 1779140021, "type": "safe_tx", "device": "node-15-mixed", "metadata": {}}
{"timestamp": 1779140021, "type": "safe_tx", "device": "node-13-mixed", "metadata": {}}
{"timestamp": 1779140021, "type": "safe_tx", "device": "node-9-stealth", "metadata": {}}
{"timestamp": 1779140021, "type": "safe_tx", "device": "node-8-spammer", "metadata": {}}
{"timestamp": 1779140021, "type": "safe_tx", "device": "node-8-spammer", "metadata": {}}
{"timestamp": 1779140021, "type": "safe_tx", "device": "node-8-spammer", "metadata": {}}
{"timestamp": 1779140021, "type": "safe_tx", "device": "node-14-mixed", "metadata": {}}
{"timestamp": 1779140021, "type": "safe_tx", "device": "node-5-clean", "metadata": {}}
{"timestamp": 1779140022, "type": "time_anomaly", "device": "node-12-mixed", "metadata": {}}
{"timestamp": 1779140022, "type": "safe_tx", "device": "node-10-fuzzer", "metadata": {}}
{"timestamp": 1779140022, "type": "safe_tx", "device": "node-4-clean", "metadata": {}}
{"timestamp": 1779140022, "type": "time_anomaly", "device": "node-14-mixed", "metadata": {}}
{"timestamp": 1779140022, "type": "safe_tx", "device": "node-2-clean", "metadata": {}}
{"timestamp": 1779140022, "type": "safe_tx", "device": "node-9-stealth", "metadata": {}}
{"timestamp": 1779140022, "type": "safe_tx", "device": "node-3-clean", "metadata": {}}
{"timestamp": 1779140023, "type": "time_anomaly", "device": "node-7-timespoof", "metadata": {}}
{"timestamp": 1779140023, "type": "time_anomaly", "device": "node-12-mixed", "metadata": {}}
{"timestamp": 1779140022, "type": "safe_tx", "device": "node-8-spammer", "metadata": {}}
{"timestamp": 1779140022, "type": "safe_tx", "device": "node-8-spammer", "metadata": {}}
{"timestamp": 1779140022, "type": "safe_tx", "device": "node-8-spammer", "metadata": {}}
{"timestamp": 1779140022, "type": "safe_tx", "device": "node-8-spammer", "metadata": {}}
{"timestamp": 1779140022, "type": "safe_tx", "device": "node-8-spammer", "metadata": {}}
{"timestamp": 1779140022, "type": "safe_tx", "device": "node-8-spammer", "metadata": {}}
{"timestamp": 1779140022, "type": "safe_tx", "device": "node-8-spammer", "metadata": {}}
{"timestamp": 1779140022, "type": "safe_tx", "device": "node-8-spammer", "metadata": {}}
{"timestamp": 1779140023, "type": "safe_tx", "device": "node-8-spammer", "metadata": {}}
{"timestamp": 1779140023, "type": "safe_tx", "device": "node-10-fuzzer", "metadata": {}}
{"timestamp": 1779140023, "type": "safe_tx", "device": "node-8-spammer", "metadata": {}}
{"timestamp": 1779140023, "type": "safe_tx", "device": "node-8-spammer", "metadata": {}}
{"timestamp": 1779140023, "type": "safe_tx", "device": "node-2-clean", "metadata": {}}
{"timestamp": 1779140023, "type": "safe_tx", "device": "node-8-spammer", "metadata": {}}
{"timestamp": 1779140023, "type": "dos_spam", "device": "node-8-spammer", "metadata": {}}
{"timestamp": 1779140023, "type": "safe_tx", "device": "node-12-mixed", "metadata": {}}
{"timestamp": 1779140023, "type": "safe_tx", "device": "node-8-spammer", "metadata": {}}
{"timestamp": 1779140023, "type": "safe_tx", "device": "node-8-spammer", "metadata": {}}
{"timestamp": 1779140023, "type": "safe_tx", "device": "node-8-spammer", "metadata": {}}
{"timestamp": 1779140023, "type": "safe_tx", "device": "node-3-clean", "metadata": {}}
{"timestamp": 1779140023, "type": "safe_tx", "device": "node-8-spammer", "metadata": {}}
{"timestamp": 1779140023, "type": "safe_tx", "device": "node-8-spammer", "metadata": {}}
{"timestamp": 1779140023, "type": "safe_tx", "device": "node-1-clean", "metadata": {}}
{"timestamp": 1779140023, "type": "safe_tx", "device": "node-8-spammer", "metadata": {}}
{"timestamp": 1779140023, "type": "safe_tx", "device": "node-8-spammer", "metadata": {}}
{"timestamp": 1779140023, "type": "safe_tx", "device": "node-8-spammer", "metadata": {}}
{"timestamp": 1779140023, "type": "safe_tx", "device": "node-6-overflow", "metadata": {}}
{"timestamp": 1779140023, "type": "safe_tx", "device": "node-4-clean", "metadata": {}}
{"timestamp": 1779140024, "type": "safe_tx", "device": "node-13-mixed", "metadata": {}}
{"timestamp": 1779140024, "type": "safe_tx", "device": "node-9-stealth", "metadata": {}}
{"timestamp": 1779140024, "type": "fuzzing", "device": "node-10-fuzzer", "metadata": {}}
{"timestamp": 1779140024, "type": "safe_tx", "device": "node-15-mixed", "metadata": {}}
{"timestamp": 1779140025, "type": "safe_tx", "device": "node-13-mixed", "metadata": {}}
{"timestamp": 1779140025, "type": "overflow", "device": "node-14-mixed", "metadata": {"count": 3, "window_sec": 30}}
{"timestamp": 1779140025, "type": "safe_tx", "device": "node-1-clean", "metadata": {}}
{"timestamp": 1779140025, "type": "safe_tx", "device": "node-12-mixed", "metadata": {}}
{"timestamp": 1779140025, "type": "safe_tx", "device": "node-5-clean", "metadata": {}}
{"timestamp": 1779140026, "type": "safe_tx", "device": "node-3-clean", "metadata": {}}
{"timestamp": 1779140026, "type": "safe_tx", "device": "node-1-clean", "metadata": {}}
{"timestamp": 1779140026, "type": "safe_tx", "device": "node-8-spammer", "metadata": {}}
{"timestamp": 1779140026, "type": "safe_tx", "device": "node-5-clean", "metadata": {}}
{"timestamp": 1779140026, "type": "safe_tx", "device": "node-8-spammer", "metadata": {}}
{"timestamp": 1779140026, "type": "safe_tx", "device": "node-14-mixed", "metadata": {}}
{"timestamp": 1779140026, "type": "safe_tx", "device": "node-8-spammer", "metadata": {}}
{"timestamp": 1779140026, "type": "safe_tx", "device": "node-2-clean", "metadata": {}}
{"timestamp": 1779140026, "type": "safe_tx", "device": "node-8-spammer", "metadata": {}}
{"timestamp": 1779140026, "type": "safe_tx", "device": "node-8-spammer", "metadata": {}}
{"timestamp": 1779140027, "type": "time_anomaly", "device": "node-7-timespoof", "metadata": {}}
{"timestamp": 1779140026, "type": "safe_tx", "device": "node-8-spammer", "metadata": {}}
{"timestamp": 1779140026, "type": "safe_tx", "device": "node-8-spammer", "metadata": {}}
{"timestamp": 1779140026, "type": "dos_spam", "device": "node-8-spammer", "metadata": {"count": 30, "window_sec": 5}}
{"timestamp": 1779140026, "type": "safe_tx", "device": "node-8-spammer", "metadata": {}}
{"timestamp": 1779140026, "type": "safe_tx", "device": "node-8-spammer", "metadata": {}}
{"timestamp": 1779140026, "type": "safe_tx", "device": "node-8-spammer", "metadata": {}}
{"timestamp": 1779140026, "type": "safe_tx", "device": "node-8-spammer", "metadata": {}}
{"timestamp": 1779140026, "type": "fuzzing", "device": "node-10-fuzzer", "metadata": {}}
{"timestamp": 1779140026, "type": "safe_tx", "device": "node-4-clean", "metadata": {}}
{"timestamp": 1779140026, "type": "safe_tx", "device": "node-9-stealth", "metadata": {}}
{"timestamp": 1779140027, "type": "safe_tx", "device": "node-4-clean", "metadata": {}}
{"timestamp": 1779140027, "type": "safe_tx", "device": "node-13-mixed", "metadata": {}}
{"timestamp": 1779140027, "type": "safe_tx", "device": "node-8-spammer", "metadata": {}}
{"timestamp": 1779140027, "type": "safe_tx", "device": "node-8-spammer", "metadata": {}}
{"timestamp": 1779140027, "type": "safe_tx", "device": "node-8-spammer", "metadata": {}}
{"timestamp": 1779140027, "type": "safe_tx", "device": "node-8-spammer", "metadata": {}}
{"timestamp": 1779140027, "type": "dos_spam", "device": "node-8-spammer", "metadata": {}}
{"timestamp": 1779140027, "type": "safe_tx", "device": "node-8-spammer", "metadata": {}}
{"timestamp": 1779140027, "type": "safe_tx", "device": "node-8-spammer", "metadata": {}}
{"timestamp": 1779140027, "type": "safe_tx", "device": "node-8-spammer", "metadata": {}}
{"timestamp": 1779140027, "type": "safe_tx", "device": "node-8-spammer", "metadata": {}}
{"timestamp": 1779140027, "type": "safe_tx", "device": "node-8-spammer", "metadata": {}}
{"timestamp": 1779140027, "type": "safe_tx", "device": "node-8-spammer", "metadata": {}}
{"timestamp": 1779140027, "type": "safe_tx", "device": "node-11-pulsing", "metadata": {}}
{"timestamp": 1779140027, "type": "safe_tx", "device": "node-11-pulsing", "metadata": {}}
{"timestamp": 1779140027, "type": "safe_tx", "device": "node-11-pulsing", "metadata": {}}
{"timestamp": 1779140027, "type": "safe_tx", "device": "node-11-pulsing", "metadata": {}}
{"timestamp": 1779140027, "type": "safe_tx", "device": "node-5-clean", "metadata": {}}
{"timestamp": 1779140027, "type": "safe_tx", "device": "node-11-pulsing", "metadata": {}}
{"timestamp": 1779140027, "type": "safe_tx", "device": "node-11-pulsing", "metadata": {}}
{"timestamp": 1779140027, "type": "safe_tx", "device": "node-11-pulsing", "metadata": {}}
{"timestamp": 1779140027, "type": "safe_tx", "device": "node-11-pulsing", "metadata": {}}
{"timestamp": 1779140027, "type": "safe_tx", "device": "node-11-pulsing", "metadata": {}}
{"timestamp": 1779140027, "type": "safe_tx", "device": "node-11-pulsing", "metadata": {}}
{"timestamp": 1779140027, "type": "safe_tx", "device": "node-1-clean", "metadata": {}}
{"timestamp": 1779140027, "type": "safe_tx", "device": "node-11-pulsing", "metadata": {}}
{"timestamp": 1779140028, "type": "safe_tx", "device": "node-11-pulsing", "metadata": {}}
{"timestamp": 1779140028, "type": "safe_tx", "device": "node-11-pulsing", "metadata": {}}
{"timestamp": 1779140028, "type": "safe_tx", "device": "node-11-pulsing", "metadata": {}}
{"timestamp": 1779140028, "type": "safe_tx", "device": "node-8-spammer", "metadata": {}}
{"timestamp": 1779140028, "type": "overflow", "device": "node-6-overflow", "metadata": {"count": 3, "window_sec": 30}}
{"timestamp": 1779140028, "type": "safe_tx", "device": "node-8-spammer", "metadata": {}}
{"timestamp": 1779140028, "type": "safe_tx", "device": "node-11-pulsing", "metadata": {}}
{"timestamp": 1779140028, "type": "dos_spam", "device": "node-11-pulsing", "metadata": {}}
{"timestamp": 1779140028, "type": "safe_tx", "device": "node-11-pulsing", "metadata": {}}
{"timestamp": 1779140028, "type": "safe_tx", "device": "node-3-clean", "metadata": {}}
{"timestamp": 1779140028, "type": "safe_tx", "device": "node-11-pulsing", "metadata": {}}
{"timestamp": 1779140028, "type": "safe_tx", "device": "node-10-fuzzer", "metadata": {}}
{"timestamp": 1779140028, "type": "safe_tx", "device": "node-11-pulsing", "metadata": {}}
{"timestamp": 1779140028, "type": "safe_tx", "device": "node-11-pulsing", "metadata": {}}
{"timestamp": 1779140029, "type": "time_anomaly", "device": "node-13-mixed", "metadata": {}}
{"timestamp": 1779140028, "type": "safe_tx", "device": "node-11-pulsing", "metadata": {}}
{"timestamp": 1779140028, "type": "safe_tx", "device": "node-5-clean", "metadata": {}}
{"timestamp": 1779140028, "type": "safe_tx", "device": "node-14-mixed", "metadata": {}}
{"timestamp": 1779140029, "type": "time_anomaly", "device": "node-15-mixed", "metadata": {}}
{"timestamp": 1779140029, "type": "fuzzing", "device": "node-10-fuzzer", "metadata": {}}
{"timestamp": 1779140029, "type": "safe_tx", "device": "node-9-stealth", "metadata": {}}
{"timestamp": 1779140029, "type": "safe_tx", "device": "node-8-spammer", "metadata": {}}
{"timestamp": 1779140029, "type": "safe_tx", "device": "node-8-spammer", "metadata": {}}
{"timestamp": 1779140029, "type": "overflow", "device": "node-12-mixed", "metadata": {"count": 3, "window_sec": 30}}
{"timestamp": 1779140029, "type": "safe_tx", "device": "node-2-clean", "metadata": {}}
{"timestamp": 1779140029, "type": "fuzzing", "device": "node-10-fuzzer", "metadata": {}}
{"timestamp": 1779140029, "type": "safe_tx", "device": "node-12-mixed", "metadata": {}}
{"timestamp": 1779140030, "type": "safe_tx", "device": "node-5-clean", "metadata": {}}
{"timestamp": 1779140030, "type": "safe_tx", "device": "node-13-mixed", "metadata": {}}
{"timestamp": 1779140031, "type": "safe_tx", "device": "node-4-clean", "metadata": {}}
{"timestamp": 1779140031, "type": "fuzzing", "device": "node-10-fuzzer", "metadata": {}}
{"timestamp": 1779140031, "type": "safe_tx", "device": "node-8-spammer", "metadata": {}}
{"timestamp": 1779140031, "type": "safe_tx", "device": "node-8-spammer", "metadata": {}}
{"timestamp": 1779140031, "type": "safe_tx", "device": "node-1-clean", "metadata": {}}
{"timestamp": 1779140031, "type": "safe_tx", "device": "node-13-mixed", "metadata": {}}
{"timestamp": 1779140032, "type": "time_anomaly", "device": "node-7-timespoof", "metadata": {}}
{"timestamp": 1779140032, "type": "safe_tx", "device": "node-9-stealth", "metadata": {}}
{"timestamp": 1779140032, "type": "safe_tx", "device": "node-3-clean", "metadata": {}}
{"timestamp": 1779140032, "type": "safe_tx", "device": "node-8-spammer", "metadata": {}}
{"timestamp": 1779140032, "type": "safe_tx", "device": "node-8-spammer", "metadata": {}}
{"timestamp": 1779140032, "type": "safe_tx", "device": "node-8-spammer", "metadata": {}}
{"timestamp": 1779140032, "type": "safe_tx", "device": "node-8-spammer", "metadata": {}}
{"timestamp": 1779140032, "type": "safe_tx", "device": "node-8-spammer", "metadata": {}}
{"timestamp": 1779140032, "type": "safe_tx", "device": "node-8-spammer", "metadata": {}}
{"timestamp": 1779140032, "type": "safe_tx", "device": "node-8-spammer", "metadata": {}}
{"timestamp": 1779140032, "type": "safe_tx", "device": "node-14-mixed", "metadata": {}}
{"timestamp": 1779140033, "type": "safe_tx", "device": "node-2-clean", "metadata": {}}
{"timestamp": 1779140033, "type": "safe_tx", "device": "node-3-clean", "metadata": {}}
{"timestamp": 1779140033, "type": "safe_tx", "device": "node-9-stealth", "metadata": {}}
{"timestamp": 1779140033, "type": "safe_tx", "device": "node-8-spammer", "metadata": {}}
{"timestamp": 1779140033, "type": "safe_tx", "device": "node-8-spammer", "metadata": {}}
{"timestamp": 1779140034, "type": "time_anomaly", "device": "node-12-mixed", "metadata": {}}
{"timestamp": 1779140033, "type": "safe_tx", "device": "node-8-spammer", "metadata": {}}
{"timestamp": 1779140033, "type": "safe_tx", "device": "node-1-clean", "metadata": {}}
{"timestamp": 1779140033, "type": "safe_tx", "device": "node-8-spammer", "metadata": {}}
{"timestamp": 1779140033, "type": "safe_tx", "device": "node-8-spammer", "metadata": {}}
{"timestamp": 1779140033, "type": "safe_tx", "device": "node-8-spammer", "metadata": {}}
{"timestamp": 1779140033, "type": "dos_spam", "device": "node-8-spammer", "metadata": {}}
{"timestamp": 1779140033, "type": "safe_tx", "device": "node-8-spammer", "metadata": {}}
{"timestamp": 1779140033, "type": "safe_tx", "device": "node-8-spammer", "metadata": {}}
{"timestamp": 1779140033, "type": "safe_tx", "device": "node-5-clean", "metadata": {}}
{"timestamp": 1779140033, "type": "safe_tx", "device": "node-8-spammer", "metadata": {}}
{"timestamp": 1779140033, "type": "safe_tx", "device": "node-8-spammer", "metadata": {}}
{"timestamp": 1779140034, "type": "time_anomaly", "device": "node-7-timespoof", "metadata": {}}
{"timestamp": 1779140034, "type": "safe_tx", "device": "node-3-clean", "metadata": {}}
{"timestamp": 1779140034, "type": "safe_tx", "device": "node-5-clean", "metadata": {}}
{"timestamp": 1779140034, "type": "safe_tx", "device": "node-9-stealth", "metadata": {}}
{"timestamp": 1779140034, "type": "fuzzing", "device": "node-10-fuzzer", "metadata": {}}
{"timestamp": 1779140035, "type": "safe_tx", "device": "node-8-spammer", "metadata": {}}
{"timestamp": 1779140035, "type": "safe_tx", "device": "node-13-mixed", "metadata": {}}
{"timestamp": 1779140035, "type": "safe_tx", "device": "node-1-clean", "metadata": {}}
{"timestamp": 1779140035, "type": "safe_tx", "device": "node-8-spammer", "metadata": {}}
{"timestamp": 1779140035, "type": "safe_tx", "device": "node-8-spammer", "metadata": {}}
{"timestamp": 1779140035, "type": "safe_tx", "device": "node-8-spammer", "metadata": {}}
{"timestamp": 1779140035, "type": "safe_tx", "device": "node-8-spammer", "metadata": {}}
{"timestamp": 1779140035, "type": "safe_tx", "device": "node-4-clean", "metadata": {}}
{"timestamp": 1779140035, "type": "safe_tx", "device": "node-6-overflow", "metadata": {}}
{"timestamp": 1779140035, "type": "safe_tx", "device": "node-2-clean", "metadata": {}}
{"timestamp": 1779140035, "type": "safe_tx", "device": "node-12-mixed", "metadata": {}}
{"timestamp": 1779140036, "type": "time_anomaly", "device": "node-13-mixed", "metadata": {}}
{"timestamp": 1779140035, "type": "safe_tx", "device": "node-8-spammer", "metadata": {}}
{"timestamp": 1779140035, "type": "safe_tx", "device": "node-3-clean", "metadata": {}}
{"timestamp": 1779140036, "type": "safe_tx", "device": "node-14-mixed", "metadata": {}}
{"timestamp": 1779140036, "type": "safe_tx", "device": "node-15-mixed", "metadata": {}}
{"timestamp": 1779140036, "type": "time_anomaly", "device": "node-13-mixed", "metadata": {}}
{"timestamp": 1779140036, "type": "safe_tx", "device": "node-9-stealth", "metadata": {}}
{"timestamp": 1779140036, "type": "safe_tx", "device": "node-13-mixed", "metadata": {}}
{"timestamp": 1779140036, "type": "fuzzing", "device": "node-10-fuzzer", "metadata": {}}
{"timestamp": 1779140036, "type": "overflow", "device": "node-10-fuzzer", "metadata": {"count": 3, "window_sec": 30}}
{"timestamp": 1779140037, "type": "safe_tx", "device": "node-1-clean", "metadata": {}}
{"timestamp": 1779140037, "type": "safe_tx", "device": "node-8-spammer", "metadata": {}}
{"timestamp": 1779140037, "type": "safe_tx", "device": "node-5-clean", "metadata": {}}
{"timestamp": 1779140037, "type": "safe_tx", "device": "node-2-clean", "metadata": {}}
{"timestamp": 1779140037, "type": "safe_tx", "device": "node-4-clean", "metadata": {}}
{"timestamp": 1779140037, "type": "safe_tx", "device": "node-9-stealth", "metadata": {}}
{"timestamp": 1779140038, "type": "safe_tx", "device": "node-8-spammer", "metadata": {}}
{"timestamp": 1779140038, "type": "safe_tx", "device": "node-8-spammer", "metadata": {}}
{"timestamp": 1779140038, "type": "safe_tx", "device": "node-8-spammer", "metadata": {}}
{"timestamp": 1779140038, "type": "safe_tx", "device": "node-4-clean", "metadata": {}}
{"timestamp": 1779140038, "type": "safe_tx", "device": "node-1-clean", "metadata": {}}
{"timestamp": 1779140039, "type": "time_anomaly", "device": "node-7-timespoof", "metadata": {}}
{"timestamp": 1779140039, "type": "safe_tx", "device": "node-15-mixed", "metadata": {}}
{"timestamp": 1779140039, "type": "safe_tx", "device": "node-8-spammer", "metadata": {}}
{"timestamp": 1779140039, "type": "safe_tx", "device": "node-8-spammer", "metadata": {}}
{"timestamp": 1779140039, "type": "safe_tx", "device": "node-8-spammer", "metadata": {}}
{"timestamp": 1779140039, "type": "safe_tx", "device": "node-13-mixed", "metadata": {}}
{"timestamp": 1779140039, "type": "safe_tx", "device": "node-8-spammer", "metadata": {}}
{"timestamp": 1779140039, "type": "safe_tx", "device": "node-8-spammer", "metadata": {}}
{"timestamp": 1779140039, "type": "safe_tx", "device": "node-9-stealth", "metadata": {}}
{"timestamp": 1779140039, "type": "safe_tx", "device": "node-8-spammer", "metadata": {}}
{"timestamp": 1779140039, "type": "safe_tx", "device": "node-3-clean", "metadata": {}}
{"timestamp": 1779140039, "type": "safe_tx", "device": "node-14-mixed", "metadata": {}}
{"timestamp": 1779140040, "type": "safe_tx", "device": "node-5-clean", "metadata": {}}
{"timestamp": 1779140040, "type": "safe_tx", "device": "node-14-mixed", "metadata": {}}
{"timestamp": 1779140040, "type": "safe_tx", "device": "node-12-mixed", "metadata": {}}
{"timestamp": 1779140040, "type": "safe_tx", "device": "node-2-clean", "metadata": {}}
{"timestamp": 1779140041, "type": "safe_tx", "device": "node-8-spammer", "metadata": {}}
{"timestamp": 1779140041, "type": "safe_tx", "device": "node-8-spammer", "metadata": {}}
{"timestamp": 1779140041, "type": "safe_tx", "device": "node-1-clean", "metadata": {}}
{"timestamp": 1779140041, "type": "safe_tx", "device": "node-8-spammer", "metadata": {}}
{"timestamp": 1779140041, "type": "safe_tx", "device": "node-3-clean", "metadata": {}}
{"timestamp": 1779140041, "type": "safe_tx", "device": "node-4-clean", "metadata": {}}
{"timestamp": 1779140041, "type": "safe_tx", "device": "node-13-mixed", "metadata": {}}
{"timestamp": 1779140041, "type": "safe_tx", "device": "node-5-clean", "metadata": {}}
{"timestamp": 1779140042, "type": "safe_tx", "device": "node-9-stealth", "metadata": {}}
{"timestamp": 1779140042, "type": "time_anomaly", "device": "node-13-mixed", "metadata": {}}
{"timestamp": 1779140042, "type": "safe_tx", "device": "node-10-fuzzer", "metadata": {}}
{"timestamp": 1779140042, "type": "safe_tx", "device": "node-15-mixed", "metadata": {}}
{"timestamp": 1779140043, "type": "time_anomaly", "device": "node-7-timespoof", "metadata": {}}
{"timestamp": 1779140042, "type": "safe_tx", "device": "node-2-clean", "metadata": {}}
{"timestamp": 1779140042, "type": "safe_tx", "device": "node-9-stealth", "metadata": {}}
{"timestamp": 1779140042, "type": "overflow", "device": "node-6-overflow", "metadata": {"count": 3, "window_sec": 30}}
{"timestamp": 1779140042, "type": "safe_tx", "device": "node-12-mixed", "metadata": {}}
{"timestamp": 1779140043, "type": "safe_tx", "device": "node-5-clean", "metadata": {}}
{"timestamp": 1779140043, "type": "fuzzing", "device": "node-10-fuzzer", "metadata": {}}
{"timestamp": 1779140043, "type": "safe_tx", "device": "node-1-clean", "metadata": {}}
{"timestamp": 1779140044, "type": "safe_tx", "device": "node-2-clean", "metadata": {}}
{"timestamp": 1779140044, "type": "safe_tx", "device": "node-8-spammer", "metadata": {}}
{"timestamp": 1779140044, "type": "safe_tx", "device": "node-8-spammer", "metadata": {}}
{"timestamp": 1779140044, "type": "safe_tx", "device": "node-8-spammer", "metadata": {}}
{"timestamp": 1779140044, "type": "safe_tx", "device": "node-8-spammer", "metadata": {}}
{"timestamp": 1779140045, "type": "time_anomaly", "device": "node-13-mixed", "metadata": {}}
{"timestamp": 1779140044, "type": "safe_tx", "device": "node-3-clean", "metadata": {}}
{"timestamp": 1779140044, "type": "safe_tx", "device": "node-3-clean", "metadata": {}}
{"timestamp": 1779140044, "type": "safe_tx", "device": "node-14-mixed", "metadata": {}}
{"timestamp": 1779140045, "type": "safe_tx", "device": "node-4-clean", "metadata": {}}
{"timestamp": 1779140045, "type": "safe_tx", "device": "node-9-stealth", "metadata": {}}
{"timestamp": 1779140045, "type": "safe_tx", "device": "node-6-overflow", "metadata": {}}
{"timestamp": 1779140045, "type": "safe_tx", "device": "node-15-mixed", "metadata": {}}
{"timestamp": 1779140045, "type": "safe_tx", "device": "node-10-fuzzer", "metadata": {}}
{"timestamp": 1779140045, "type": "safe_tx", "device": "node-2-clean", "metadata": {}}
{"timestamp": 1779140046, "type": "safe_tx", "device": "node-12-mixed", "metadata": {}}
{"timestamp": 1779140046, "type": "time_anomaly", "device": "node-7-timespoof", "metadata": {}}
{"timestamp": 1779140046, "type": "safe_tx", "device": "node-3-clean", "metadata": {}}
{"timestamp": 1779140046, "type": "safe_tx", "device": "node-14-mixed", "metadata": {}}
{"timestamp": 1779140047, "type": "time_anomaly", "device": "node-15-mixed", "metadata": {}}
{"timestamp": 1779140046, "type": "safe_tx", "device": "node-5-clean", "metadata": {}}
{"timestamp": 1779140046, "type": "safe_tx", "device": "node-8-spammer", "metadata": {}}
{"timestamp": 1779140047, "type": "safe_tx", "device": "node-1-clean", "metadata": {}}
{"timestamp": 1779140047, "type": "safe_tx", "device": "node-9-stealth", "metadata": {}}
{"timestamp": 1779140047, "type": "fuzzing", "device": "node-10-fuzzer", "metadata": {}}
{"timestamp": 1779140047, "type": "safe_tx", "device": "node-13-mixed", "metadata": {}}
{"timestamp": 1779140047, "type": "safe_tx", "device": "node-2-clean", "metadata": {}}
{"timestamp": 1779140047, "type": "overflow", "device": "node-15-mixed", "metadata": {"count": 3, "window_sec": 30}}
{"timestamp": 1779140048, "type": "safe_tx", "device": "node-3-clean", "metadata": {}}
{"timestamp": 1779140049, "type": "time_anomaly", "device": "node-14-mixed", "metadata": {}}
{"timestamp": 1779140048, "type": "safe_tx", "device": "node-4-clean", "metadata": {}}
{"timestamp": 1779140048, "type": "safe_tx", "device": "node-9-stealth", "metadata": {}}
{"timestamp": 1779140049, "type": "time_anomaly", "device": "node-7-timespoof", "metadata": {}}
{"timestamp": 1779140048, "type": "safe_tx", "device": "node-8-spammer", "metadata": {}}
{"timestamp": 1779140049, "type": "fuzzing", "device": "node-10-fuzzer", "metadata": {}}
{"timestamp": 1779140049, "type": "safe_tx", "device": "node-14-mixed", "metadata": {}}
{"timestamp": 1779140049, "type": "safe_tx", "device": "node-8-spammer", "metadata": {}}
{"timestamp": 1779140050, "type": "safe_tx", "device": "node-3-clean", "metadata": {}}
{"timestamp": 1779140050, "type": "safe_tx", "device": "node-1-clean", "metadata": {}}
{"timestamp": 1779140050, "type": "safe_tx", "device": "node-5-clean", "metadata": {}}
{"timestamp": 1779140050, "type": "safe_tx", "device": "node-9-stealth", "metadata": {}}
{"timestamp": 1779140051, "type": "time_anomaly", "device": "node-13-mixed", "metadata": {}}
{"timestamp": 1779140050, "type": "safe_tx", "device": "node-1-clean", "metadata": {}}
{"timestamp": 1779140051, "type": "safe_tx", "device": "node-15-mixed", "metadata": {}}
{"timestamp": 1779140051, "type": "safe_tx", "device": "node-10-fuzzer", "metadata": {}}
{"timestamp": 1779140051, "type": "safe_tx", "device": "node-2-clean", "metadata": {}}
{"timestamp": 1779140051, "type": "safe_tx", "device": "node-5-clean", "metadata": {}}
{"timestamp": 1779140051, "type": "safe_tx", "device": "node-8-spammer", "metadata": {}}
{"timestamp": 1779140051, "type": "safe_tx", "device": "node-8-spammer", "metadata": {}}
{"timestamp": 1779140051, "type": "safe_tx", "device": "node-8-spammer", "metadata": {}}
{"timestamp": 1779140052, "type": "safe_tx", "device": "node-8-spammer", "metadata": {}}
{"timestamp": 1779140052, "type": "safe_tx", "device": "node-8-spammer", "metadata": {}}
{"timestamp": 1779140052, "type": "safe_tx", "device": "node-8-spammer", "metadata": {}}
{"timestamp": 1779140052, "type": "safe_tx", "device": "node-8-spammer", "metadata": {}}
{"timestamp": 1779140052, "type": "safe_tx", "device": "node-14-mixed", "metadata": {}}
{"timestamp": 1779140052, "type": "time_anomaly", "device": "node-12-mixed", "metadata": {}}
{"timestamp": 1779140052, "type": "safe_tx", "device": "node-4-clean", "metadata": {}}
{"timestamp": 1779140052, "type": "safe_tx", "device": "node-1-clean", "metadata": {}}
{"timestamp": 1779140052, "type": "safe_tx", "device": "node-10-fuzzer", "metadata": {}}
{"timestamp": 1779140052, "type": "safe_tx", "device": "node-1-clean", "metadata": {}}
{"timestamp": 1779140052, "type": "safe_tx", "device": "node-1-clean", "metadata": {}}
{"timestamp": 1779140053, "type": "safe_tx", "device": "node-13-mixed", "metadata": {}}
{"timestamp": 1779140053, "type": "safe_tx", "device": "node-10-fuzzer", "metadata": {}}
{"timestamp": 1779140053, "type": "safe_tx", "device": "node-3-clean", "metadata": {}}
{"timestamp": 1779140053, "type": "safe_tx", "device": "node-8-spammer", "metadata": {}}
{"timestamp": 1779140053, "type": "overflow", "device": "node-12-mixed", "metadata": {"count": 3, "window_sec": 30}}
{"timestamp": 1779140053, "type": "safe_tx", "device": "node-12-mixed", "metadata": {}}
{"timestamp": 1779140053, "type": "safe_tx", "device": "node-5-clean", "metadata": {}}
{"timestamp": 1779140054, "type": "overflow", "device": "node-6-overflow", "metadata": {"count": 3, "window_sec": 30}}
{"timestamp": 1779140054, "type": "fuzzing", "device": "node-10-fuzzer", "metadata": {}}
{"timestamp": 1779140054, "type": "safe_tx", "device": "node-14-mixed", "metadata": {}}
{"timestamp": 1779140054, "type": "safe_tx", "device": "node-9-stealth", "metadata": {}}
{"timestamp": 1779140054, "type": "safe_tx", "device": "node-12-mixed", "metadata": {}}
{"timestamp": 1779140054, "type": "safe_tx", "device": "node-8-spammer", "metadata": {}}
{"timestamp": 1779140054, "type": "safe_tx", "device": "node-8-spammer", "metadata": {}}
{"timestamp": 1779140054, "type": "safe_tx", "device": "node-8-spammer", "metadata": {}}
{"timestamp": 1779140054, "type": "safe_tx", "device": "node-8-spammer", "metadata": {}}
{"timestamp": 1779140054, "type": "safe_tx", "device": "node-8-spammer", "metadata": {}}
{"timestamp": 1779140054, "type": "safe_tx", "device": "node-8-spammer", "metadata": {}}
{"timestamp": 1779140054, "type": "safe_tx", "device": "node-8-spammer", "metadata": {}}
{"timestamp": 1779140054, "type": "safe_tx", "device": "node-2-clean", "metadata": {}}
{"timestamp": 1779140054, "type": "safe_tx", "device": "node-1-clean", "metadata": {}}
{"timestamp": 1779140055, "type": "time_anomaly", "device": "node-7-timespoof", "metadata": {}}
{"timestamp": 1779140054, "type": "safe_tx", "device": "node-13-mixed", "metadata": {}}
{"timestamp": 1779140055, "type": "safe_tx", "device": "node-4-clean", "metadata": {}}
{"timestamp": 1779140055, "type": "safe_tx", "device": "node-3-clean", "metadata": {}}
{"timestamp": 1779140055, "type": "safe_tx", "device": "node-10-fuzzer", "metadata": {}}
{"timestamp": 1779140055, "type": "safe_tx", "device": "node-8-spammer", "metadata": {}}
{"timestamp": 1779140055, "type": "safe_tx", "device": "node-15-mixed", "metadata": {}}
{"timestamp": 1779140056, "type": "safe_tx", "device": "node-5-clean", "metadata": {}}
{"timestamp": 1779140056, "type": "safe_tx", "device": "node-13-mixed", "metadata": {}}
{"timestamp": 1779140056, "type": "safe_tx", "device": "node-15-mixed", "metadata": {}}
{"timestamp": 1779140056, "type": "safe_tx", "device": "node-3-clean", "metadata": {}}
{"timestamp": 1779140056, "type": "safe_tx", "device": "node-8-spammer", "metadata": {}}
{"timestamp": 1779140056, "type": "safe_tx", "device": "node-8-spammer", "metadata": {}}
{"timestamp": 1779140056, "type": "safe_tx", "device": "node-8-spammer", "metadata": {}}
{"timestamp": 1779140056, "type": "safe_tx", "device": "node-8-spammer", "metadata": {}}
{"timestamp": 1779140056, "type": "safe_tx", "device": "node-8-spammer", "metadata": {}}
{"timestamp": 1779140056, "type": "safe_tx", "device": "node-8-spammer", "metadata": {}}
{"timestamp": 1779140056, "type": "safe_tx", "device": "node-8-spammer", "metadata": {}}
{"timestamp": 1779140056, "type": "dos_spam", "device": "node-8-spammer", "metadata": {}}
{"timestamp": 1779140056, "type": "safe_tx", "device": "node-4-clean", "metadata": {}}
{"timestamp": 1779140056, "type": "safe_tx", "device": "node-8-spammer", "metadata": {}}
{"timestamp": 1779140057, "type": "time_anomaly", "device": "node-14-mixed", "metadata": {}}
{"timestamp": 1779140056, "type": "safe_tx", "device": "node-8-spammer", "metadata": {}}
{"timestamp": 1779140056, "type": "safe_tx", "device": "node-8-spammer", "metadata": {}}
{"timestamp": 1779140056, "type": "safe_tx", "device": "node-8-spammer", "metadata": {}}
{"timestamp": 1779140057, "type": "safe_tx", "device": "node-2-clean", "metadata": {}}
{"timestamp": 1779140057, "type": "safe_tx", "device": "node-3-clean", "metadata": {}}
{"timestamp": 1779140057, "type": "safe_tx", "device": "node-2-clean", "metadata": {}}
{"timestamp": 1779140057, "type": "overflow", "device": "node-10-fuzzer", "metadata": {"count": 3, "window_sec": 30}}
{"timestamp": 1779140057, "type": "safe_tx", "device": "node-11-pulsing", "metadata": {}}
{"timestamp": 1779140057, "type": "safe_tx", "device": "node-11-pulsing", "metadata": {}}
{"timestamp": 1779140057, "type": "safe_tx", "device": "node-11-pulsing", "metadata": {}}
{"timestamp": 1779140057, "type": "safe_tx", "device": "node-11-pulsing", "metadata": {}}
{"timestamp": 1779140057, "type": "safe_tx", "device": "node-11-pulsing", "metadata": {}}
{"timestamp": 1779140057, "type": "safe_tx", "device": "node-11-pulsing", "metadata": {}}
{"timestamp": 1779140057, "type": "safe_tx", "device": "node-9-stealth", "metadata": {}}
{"timestamp": 1779140057, "type": "safe_tx", "device": "node-11-pulsing", "metadata": {}}
{"timestamp": 1779140058, "type": "safe_tx", "device": "node-11-pulsing", "metadata": {}}
{"timestamp": 1779140058, "type": "safe_tx", "device": "node-11-pulsing", "metadata": {}}
{"timestamp": 1779140058, "type": "safe_tx", "device": "node-11-pulsing", "metadata": {}}
{"timestamp": 1779140058, "type": "safe_tx", "device": "node-11-pulsing", "metadata": {}}
{"timestamp": 1779140058, "type": "safe_tx", "device": "node-12-mixed", "metadata": {}}
{"timestamp": 1779140058, "type": "safe_tx", "device": "node-11-pulsing", "metadata": {}}
{"timestamp": 1779140058, "type": "safe_tx", "device": "node-8-spammer", "metadata": {}}
{"timestamp": 1779140058, "type": "safe_tx", "device": "node-11-pulsing", "metadata": {}}
{"timestamp": 1779140058, "type": "safe_tx", "device": "node-8-spammer", "metadata": {}}
{"timestamp": 1779140058, "type": "safe_tx", "device": "node-11-pulsing", "metadata": {}}
{"timestamp": 1779140058, "type": "safe_tx", "device": "node-11-pulsing", "metadata": {}}
{"timestamp": 1779140058, "type": "dos_spam", "device": "node-11-pulsing", "metadata": {}}
{"timestamp": 1779140058, "type": "safe_tx", "device": "node-14-mixed", "metadata": {}}
{"timestamp": 1779140058, "type": "safe_tx", "device": "node-11-pulsing", "metadata": {}}
{"timestamp": 1779140058, "type": "safe_tx", "device": "node-11-pulsing", "metadata": {}}
{"timestamp": 1779140059, "type": "time_anomaly", "device": "node-7-timespoof", "metadata": {}}
{"timestamp": 1779140058, "type": "safe_tx", "device": "node-11-pulsing", "metadata": {}}
{"timestamp": 1779140058, "type": "safe_tx", "device": "node-11-pulsing", "metadata": {}}
{"timestamp": 1779140058, "type": "safe_tx", "device": "node-11-pulsing", "metadata": {}}
{"timestamp": 1779140058, "type": "safe_tx", "device": "node-12-mixed", "metadata": {}}
{"timestamp": 1779140058, "type": "safe_tx", "device": "node-10-fuzzer", "metadata": {}}
{"timestamp": 1779140058, "type": "safe_tx", "device": "node-9-stealth", "metadata": {}}
{"timestamp": 1779140058, "type": "safe_tx", "device": "node-1-clean", "metadata": {}}
{"timestamp": 1779140059, "type": "time_anomaly", "device": "node-14-mixed", "metadata": {}}
{"timestamp": 1779140059, "type": "time_anomaly", "device": "node-15-mixed", "metadata": {}}
{"timestamp": 1779140059, "type": "safe_tx", "device": "node-10-fuzzer", "metadata": {}}
{"timestamp": 1779140059, "type": "safe_tx", "device": "node-13-mixed", "metadata": {}}
{"timestamp": 1779140059, "type": "safe_tx", "device": "node-4-clean", "metadata": {}}
{"timestamp": 1779140059, "type": "safe_tx", "device": "node-5-clean", "metadata": {}}
{"timestamp": 1779140059, "type": "safe_tx", "device": "node-12-mixed", "metadata": {}}
{"timestamp": 1779140060, "type": "safe_tx", "device": "node-5-clean", "metadata": {}}
{"timestamp": 1779140060, "type": "fuzzing", "device": "node-10-fuzzer", "metadata": {}}
{"timestamp": 1779140060, "type": "safe_tx", "device": "node-9-stealth", "metadata": {}}
{"timestamp": 1779140060, "type": "safe_tx", "device": "node-13-mixed", "metadata": {}}
{"timestamp": 1779140060, "type": "safe_tx", "device": "node-3-clean", "metadata": {}}
{"timestamp": 1779140060, "type": "safe_tx", "device": "node-4-clean", "metadata": {}}
{"timestamp": 1779140060, "type": "safe_tx", "device": "node-8-spammer", "metadata": {}}
{"timestamp": 1779140060, "type": "safe_tx", "device": "node-2-clean", "metadata": {}}
{"timestamp": 1779140061, "type": "safe_tx", "device": "node-8-spammer", "metadata": {}}
{"timestamp": 1779140061, "type": "safe_tx", "device": "node-8-spammer", "metadata": {}}
{"timestamp": 1779140061, "type": "safe_tx", "device": "node-8-spammer", "metadata": {}}
{"timestamp": 1779140061, "type": "safe_tx", "device": "node-8-spammer", "metadata": {}}
{"timestamp": 1779140061, "type": "safe_tx", "device": "node-8-spammer", "metadata": {}}
{"timestamp": 1779140061, "type": "safe_tx", "device": "node-8-spammer", "metadata": {}}
{"timestamp": 1779140061, "type": "safe_tx", "device": "node-8-spammer", "metadata": {}}
{"timestamp": 1779140061, "type": "safe_tx", "device": "node-8-spammer", "metadata": {}}
{"timestamp": 1779140061, "type": "safe_tx", "device": "node-8-spammer", "metadata": {}}
{"timestamp": 1779140061, "type": "safe_tx", "device": "node-14-mixed", "metadata": {}}
{"timestamp": 1779140061, "type": "safe_tx", "device": "node-8-spammer", "metadata": {}}
{"timestamp": 1779140061, "type": "safe_tx", "device": "node-8-spammer", "metadata": {}}
{"timestamp": 1779140062, "type": "safe_tx", "device": "node-8-spammer", "metadata": {}}
{"timestamp": 1779140062, "type": "safe_tx", "device": "node-8-spammer", "metadata": {}}
{"timestamp": 1779140062, "type": "safe_tx", "device": "node-8-spammer", "metadata": {}}
{"timestamp": 1779140062, "type": "dos_spam", "device": "node-8-spammer", "metadata": {}}
{"timestamp": 1779140062, "type": "safe_tx", "device": "node-8-spammer", "metadata": {}}
{"timestamp": 1779140062, "type": "safe_tx", "device": "node-8-spammer", "metadata": {}}
{"timestamp": 1779140062, "type": "safe_tx", "device": "node-8-spammer", "metadata": {}}
{"timestamp": 1779140062, "type": "safe_tx", "device": "node-8-spammer", "metadata": {}}
{"timestamp": 1779140062, "type": "safe_tx", "device": "node-8-spammer", "metadata": {}}
{"timestamp": 1779140062, "type": "safe_tx", "device": "node-8-spammer", "metadata": {}}
{"timestamp": 1779140062, "type": "safe_tx", "device": "node-8-spammer", "metadata": {}}
{"timestamp": 1779140062, "type": "safe_tx", "device": "node-8-spammer", "metadata": {}}
{"timestamp": 1779140062, "type": "safe_tx", "device": "node-8-spammer", "metadata": {}}
{"timestamp": 1779140062, "type": "safe_tx", "device": "node-8-spammer", "metadata": {}}
{"timestamp": 1779140062, "type": "safe_tx", "device": "node-8-spammer", "metadata": {}}
{"timestamp": 1779140062, "type": "safe_tx", "device": "node-12-mixed", "metadata": {}}
{"timestamp": 1779140062, "type": "overflow", "device": "node-15-mixed", "metadata": {"count": 3, "window_sec": 30}}
{"timestamp": 1779140062, "type": "safe_tx", "device": "node-12-mixed", "metadata": {}}
{"timestamp": 1779140063, "type": "safe_tx", "device": "node-2-clean", "metadata": {}}
{"timestamp": 1779140063, "type": "safe_tx", "device": "node-9-stealth", "metadata": {}}
{"timestamp": 1779140063, "type": "time_anomaly", "device": "node-7-timespoof", "metadata": {}}
{"timestamp": 1779140063, "type": "safe_tx", "device": "node-1-clean", "metadata": {}}
{"timestamp": 1779140064, "type": "time_anomaly", "device": "node-12-mixed", "metadata": {}}
{"timestamp": 1779140063, "type": "safe_tx", "device": "node-8-spammer", "metadata": {}}
{"timestamp": 1779140063, "type": "safe_tx", "device": "node-8-spammer", "metadata": {}}
{"timestamp": 1779140063, "type": "dos_spam", "device": "node-8-spammer", "metadata": {"count": 30, "window_sec": 5}}
{"timestamp": 1779140063, "type": "safe_tx", "device": "node-8-spammer", "metadata": {}}
{"timestamp": 1779140063, "type": "safe_tx", "device": "node-5-clean", "metadata": {}}
{"timestamp": 1779140063, "type": "safe_tx", "device": "node-8-spammer", "metadata": {}}
{"timestamp": 1779140063, "type": "dos_spam", "device": "node-8-spammer", "metadata": {}}
{"timestamp": 1779140063, "type": "safe_tx", "device": "node-8-spammer", "metadata": {}}
{"timestamp": 1779140064, "type": "safe_tx", "device": "node-8-spammer", "metadata": {}}
{"timestamp": 1779140064, "type": "safe_tx", "device": "node-8-spammer", "metadata": {}}
{"timestamp": 1779140064, "type": "safe_tx", "device": "node-8-spammer", "metadata": {}}
{"timestamp": 1779140064, "type": "time_anomaly", "device": "node-14-mixed", "metadata": {}}
{"timestamp": 1779140064, "type": "safe_tx", "device": "node-8-spammer", "metadata": {}}
{"timestamp": 1779140064, "type": "safe_tx", "device": "node-8-spammer", "metadata": {}}
{"timestamp": 1779140064, "type": "safe_tx", "device": "node-8-spammer", "metadata": {}}
{"timestamp": 1779140064, "type": "safe_tx", "device": "node-3-clean", "metadata": {}}
{"timestamp": 1779140064, "type": "safe_tx", "device": "node-8-spammer", "metadata": {}}
{"timestamp": 1779140064, "type": "overflow", "device": "node-13-mixed", "metadata": {"count": 3, "window_sec": 30}}
{"timestamp": 1779140064, "type": "safe_tx", "device": "node-8-spammer", "metadata": {}}
{"timestamp": 1779140064, "type": "safe_tx", "device": "node-8-spammer", "metadata": {}}
{"timestamp": 1779140064, "type": "safe_tx", "device": "node-8-spammer", "metadata": {}}
{"timestamp": 1779140064, "type": "safe_tx", "device": "node-8-spammer", "metadata": {}}
{"timestamp": 1779140064, "type": "safe_tx", "device": "node-8-spammer", "metadata": {}}
{"timestamp": 1779140064, "type": "safe_tx", "device": "node-4-clean", "metadata": {}}
{"timestamp": 1779140065, "type": "safe_tx", "device": "node-15-mixed", "metadata": {}}
{"timestamp": 1779140065, "type": "safe_tx", "device": "node-12-mixed", "metadata": {}}
{"timestamp": 1779140065, "type": "safe_tx", "device": "node-1-clean", "metadata": {}}
{"timestamp": 1779140065, "type": "overflow", "device": "node-6-overflow", "metadata": {"count": 3, "window_sec": 30}}
{"timestamp": 1779140065, "type": "safe_tx", "device": "node-8-spammer", "metadata": {}}
{"timestamp": 1779140065, "type": "safe_tx", "device": "node-8-spammer", "metadata": {}}
{"timestamp": 1779140065, "type": "dos_spam", "device": "node-8-spammer", "metadata": {}}
{"timestamp": 1779140065, "type": "safe_tx", "device": "node-8-spammer", "metadata": {}}
{"timestamp": 1779140065, "type": "safe_tx", "device": "node-9-stealth", "metadata": {}}
{"timestamp": 1779140065, "type": "safe_tx", "device": "node-8-spammer", "metadata": {}}
{"timestamp": 1779140065, "type": "safe_tx", "device": "node-8-spammer", "metadata": {}}
{"timestamp": 1779140065, "type": "safe_tx", "device": "node-8-spammer", "metadata": {}}
{"timestamp": 1779140065, "type": "safe_tx", "device": "node-8-spammer", "metadata": {}}
{"timestamp": 1779140066, "type": "safe_tx", "device": "node-8-spammer", "metadata": {}}
{"timestamp": 1779140066, "type": "safe_tx", "device": "node-8-spammer", "metadata": {}}
{"timestamp": 1779140066, "type": "safe_tx", "device": "node-8-spammer", "metadata": {}}
{"timestamp": 1779140066, "type": "safe_tx", "device": "node-8-spammer", "metadata": {}}
{"timestamp": 1779140066, "type": "safe_tx", "device": "node-8-spammer", "metadata": {}}
{"timestamp": 1779140066, "type": "fuzzing", "device": "node-10-fuzzer", "metadata": {}}
{"timestamp": 1779140066, "type": "safe_tx", "device": "node-2-clean", "metadata": {}}
{"timestamp": 1779140066, "type": "safe_tx", "device": "node-9-stealth", "metadata": {}}
{"timestamp": 1779140066, "type": "safe_tx", "device": "node-8-spammer", "metadata": {}}
{"timestamp": 1779140067, "type": "safe_tx", "device": "node-5-clean", "metadata": {}}
{"timestamp": 1779140067, "type": "safe_tx", "device": "node-8-spammer", "metadata": {}}
{"timestamp": 1779140067, "type": "time_anomaly", "device": "node-7-timespoof", "metadata": {}}
{"timestamp": 1779140067, "type": "safe_tx", "device": "node-8-spammer", "metadata": {}}
{"timestamp": 1779140067, "type": "dos_spam", "device": "node-8-spammer", "metadata": {"count": 30, "window_sec": 5}}
{"timestamp": 1779140067, "type": "safe_tx", "device": "node-8-spammer", "metadata": {}}
{"timestamp": 1779140067, "type": "safe_tx", "device": "node-8-spammer", "metadata": {}}
{"timestamp": 1779140067, "type": "dos_spam", "device": "node-8-spammer", "metadata": {}}
{"timestamp": 1779140067, "type": "safe_tx", "device": "node-14-mixed", "metadata": {}}
{"timestamp": 1779140067, "type": "safe_tx", "device": "node-8-spammer", "metadata": {}}
{"timestamp": 1779140067, "type": "safe_tx", "device": "node-5-clean", "metadata": {}}
{"timestamp": 1779140067, "type": "safe_tx", "device": "node-8-spammer", "metadata": {}}
{"timestamp": 1779140067, "type": "safe_tx", "device": "node-8-spammer", "metadata": {}}
{"timestamp": 1779140067, "type": "safe_tx", "device": "node-8-spammer", "metadata": {}}
{"timestamp": 1779140067, "type": "safe_tx", "device": "node-3-clean", "metadata": {}}
{"timestamp": 1779140067, "type": "fuzzing", "device": "node-10-fuzzer", "metadata": {}}
{"timestamp": 1779140068, "type": "time_anomaly", "device": "node-14-mixed", "metadata": {}}
{"timestamp": 1779140068, "type": "safe_tx", "device": "node-12-mixed", "metadata": {}}
{"timestamp": 1779140068, "type": "safe_tx", "device": "node-4-clean", "metadata": {}}
{"timestamp": 1779140068, "type": "safe_tx", "device": "node-5-clean", "metadata": {}}
{"timestamp": 1779140069, "type": "safe_tx", "device": "node-10-fuzzer", "metadata": {}}
{"timestamp": 1779140069, "type": "time_anomaly", "device": "node-14-mixed", "metadata": {}}
{"timestamp": 1779140069, "type": "safe_tx", "device": "node-1-clean", "metadata": {}}
{"timestamp": 1779140069, "type": "safe_tx", "device": "node-3-clean", "metadata": {}}
{"timestamp": 1779140069, "type": "safe_tx", "device": "node-9-stealth", "metadata": {}}
{"timestamp": 1779140069, "type": "safe_tx", "device": "node-8-spammer", "metadata": {}}
{"timestamp": 1779140069, "type": "fuzzing", "device": "node-10-fuzzer", "metadata": {}}
{"timestamp": 1779140069, "type": "safe_tx", "device": "node-8-spammer", "metadata": {}}
{"timestamp": 1779140069, "type": "safe_tx", "device": "node-8-spammer", "metadata": {}}
{"timestamp": 1779140069, "type": "safe_tx", "device": "node-8-spammer", "metadata": {}}
{"timestamp": 1779140069, "type": "safe_tx", "device": "node-8-spammer", "metadata": {}}
{"timestamp": 1779140069, "type": "safe_tx", "device": "node-8-spammer", "metadata": {}}
{"timestamp": 1779140070, "type": "safe_tx", "device": "node-2-clean", "metadata": {}}
{"timestamp": 1779140070, "type": "safe_tx", "device": "node-13-mixed", "metadata": {}}
{"timestamp": 1779140070, "type": "safe_tx", "device": "node-9-stealth", "metadata": {}}
{"timestamp": 1779140070, "type": "safe_tx", "device": "node-14-mixed", "metadata": {}}
{"timestamp": 1779140070, "type": "safe_tx", "device": "node-12-mixed", "metadata": {}}
{"timestamp": 1779140070, "type": "safe_tx", "device": "node-8-spammer", "metadata": {}}
{"timestamp": 1779140070, "type": "safe_tx", "device": "node-8-spammer", "metadata": {}}
{"timestamp": 1779140070, "type": "safe_tx", "device": "node-8-spammer", "metadata": {}}
{"timestamp": 1779140070, "type": "safe_tx", "device": "node-8-spammer", "metadata": {}}
{"timestamp": 1779140071, "type": "safe_tx", "device": "node-1-clean", "metadata": {}}
{"timestamp": 1779140071, "type": "safe_tx", "device": "node-10-fuzzer", "metadata": {}}
{"timestamp": 1779140071, "type": "safe_tx", "device": "node-5-clean", "metadata": {}}
{"timestamp": 1779140071, "type": "safe_tx", "device": "node-2-clean", "metadata": {}}
{"timestamp": 1779140071, "type": "safe_tx", "device": "node-9-stealth", "metadata": {}}
{"timestamp": 1779140071, "type": "safe_tx", "device": "node-8-spammer", "metadata": {}}
{"timestamp": 1779140071, "type": "safe_tx", "device": "node-8-spammer", "metadata": {}}
{"timestamp": 1779140072, "type": "safe_tx", "device": "node-4-clean", "metadata": {}}
{"timestamp": 1779140072, "type": "time_anomaly", "device": "node-14-mixed", "metadata": {}}
{"timestamp": 1779140073, "type": "time_anomaly", "device": "node-7-timespoof", "metadata": {}}
{"timestamp": 1779140072, "type": "safe_tx", "device": "node-8-spammer", "metadata": {}}
{"timestamp": 1779140072, "type": "safe_tx", "device": "node-8-spammer", "metadata": {}}
{"timestamp": 1779140072, "type": "safe_tx", "device": "node-10-fuzzer", "metadata": {}}
{"timestamp": 1779140072, "type": "safe_tx", "device": "node-8-spammer", "metadata": {}}
{"timestamp": 1779140072, "type": "safe_tx", "device": "node-8-spammer", "metadata": {}}
{"timestamp": 1779140072, "type": "safe_tx", "device": "node-15-mixed", "metadata": {}}
{"timestamp": 1779140072, "type": "safe_tx", "device": "node-8-spammer", "metadata": {}}
{"timestamp": 1779140072, "type": "safe_tx", "device": "node-8-spammer", "metadata": {}}
{"timestamp": 1779140072, "type": "safe_tx", "device": "node-8-spammer", "metadata": {}}
{"timestamp": 1779140073, "type": "safe_tx", "device": "node-1-clean", "metadata": {}}
{"timestamp": 1779140073, "type": "safe_tx", "device": "node-1-clean", "metadata": {}}
{"timestamp": 1779140073, "type": "safe_tx", "device": "node-3-clean", "metadata": {}}
{"timestamp": 1779140073, "type": "safe_tx", "device": "node-12-mixed", "metadata": {}}
{"timestamp": 1779140073, "type": "safe_tx", "device": "node-8-spammer", "metadata": {}}
{"timestamp": 1779140073, "type": "safe_tx", "device": "node-8-spammer", "metadata": {}}
{"timestamp": 1779140073, "type": "safe_tx", "device": "node-2-clean", "metadata": {}}
{"timestamp": 1779140073, "type": "safe_tx", "device": "node-8-spammer", "metadata": {}}
{"timestamp": 1779140073, "type": "safe_tx", "device": "node-8-spammer", "metadata": {}}
{"timestamp": 1779140073, "type": "safe_tx", "device": "node-8-spammer", "metadata": {}}
{"timestamp": 1779140073, "type": "safe_tx", "device": "node-8-spammer", "metadata": {}}
{"timestamp": 1779140073, "type": "dos_spam", "device": "node-8-spammer", "metadata": {}}
{"timestamp": 1779140073, "type": "safe_tx", "device": "node-5-clean", "metadata": {}}
{"timestamp": 1779140073, "type": "safe_tx", "device": "node-8-spammer", "metadata": {}}
{"timestamp": 1779140074, "type": "time_anomaly", "device": "node-13-mixed", "metadata": {}}
{"timestamp": 1779140073, "type": "safe_tx", "device": "node-8-spammer", "metadata": {}}
{"timestamp": 1779140073, "type": "safe_tx", "device": "node-8-spammer", "metadata": {}}
{"timestamp": 1779140073, "type": "safe_tx", "device": "node-8-spammer", "metadata": {}}
{"timestamp": 1779140073, "type": "safe_tx", "device": "node-8-spammer", "metadata": {}}
{"timestamp": 1779140073, "type": "dos_spam", "device": "node-8-spammer", "metadata": {"count": 30, "window_sec": 5}}
{"timestamp": 1779140074, "type": "safe_tx", "device": "node-9-stealth", "metadata": {}}
{"timestamp": 1779140074, "type": "overflow", "device": "node-10-fuzzer", "metadata": {"count": 3, "window_sec": 30}}
{"timestamp": 1779140074, "type": "safe_tx", "device": "node-15-mixed", "metadata": {}}
{"timestamp": 1779140075, "type": "time_anomaly", "device": "node-7-timespoof", "metadata": {}}
{"timestamp": 1779140075, "type": "time_anomaly", "device": "node-14-mixed", "metadata": {}}
{"timestamp": 1779140075, "type": "safe_tx", "device": "node-10-fuzzer", "metadata": {}}
{"timestamp": 1779140075, "type": "safe_tx", "device": "node-13-mixed", "metadata": {}}
{"timestamp": 1779140075, "type": "safe_tx", "device": "node-8-spammer", "metadata": {}}
{"timestamp": 1779140075, "type": "safe_tx", "device": "node-8-spammer", "metadata": {}}
{"timestamp": 1779140075, "type": "safe_tx", "device": "node-12-mixed", "metadata": {}}
{"timestamp": 1779140075, "type": "safe_tx", "device": "node-8-spammer", "metadata": {}}
{"timestamp": 1779140075, "type": "safe_tx", "device": "node-8-spammer", "metadata": {}}
{"timestamp": 1779140075, "type": "safe_tx", "device": "node-15-mixed", "metadata": {}}
{"timestamp": 1779140075, "type": "safe_tx", "device": "node-4-clean", "metadata": {}}
{"timestamp": 1779140075, "type": "overflow", "device": "node-6-overflow", "metadata": {"count": 3, "window_sec": 30}}
{"timestamp": 1779140075, "type": "safe_tx", "device": "node-1-clean", "metadata": {}}
{"timestamp": 1779140075, "type": "fuzzing", "device": "node-10-fuzzer", "metadata": {}}
{"timestamp": 1779140076, "type": "safe_tx", "device": "node-8-spammer", "metadata": {}}
{"timestamp": 1779140076, "type": "safe_tx", "device": "node-8-spammer", "metadata": {}}
{"timestamp": 1779140076, "type": "safe_tx", "device": "node-8-spammer", "metadata": {}}
{"timestamp": 1779140076, "type": "safe_tx", "device": "node-8-spammer", "metadata": {}}
{"timestamp": 1779140076, "type": "safe_tx", "device": "node-8-spammer", "metadata": {}}
{"timestamp": 1779140076, "type": "safe_tx", "device": "node-8-spammer", "metadata": {}}
{"timestamp": 1779140076, "type": "safe_tx", "device": "node-8-spammer", "metadata": {}}
{"timestamp": 1779140076, "type": "safe_tx", "device": "node-8-spammer", "metadata": {}}
{"timestamp": 1779140076, "type": "safe_tx", "device": "node-8-spammer", "metadata": {}}
{"timestamp": 1779140076, "type": "safe_tx", "device": "node-8-spammer", "metadata": {}}
{"timestamp": 1779140076, "type": "safe_tx", "device": "node-8-spammer", "metadata": {}}
{"timestamp": 1779140076, "type": "dos_spam", "device": "node-8-spammer", "metadata": {}}
{"timestamp": 1779140076, "type": "safe_tx", "device": "node-5-clean", "metadata": {}}
{"timestamp": 1779140077, "type": "time_anomaly", "device": "node-15-mixed", "metadata": {}}
{"timestamp": 1779140077, "type": "safe_tx", "device": "node-9-stealth", "metadata": {}}
{"timestamp": 1779140077, "type": "safe_tx", "device": "node-13-mixed", "metadata": {}}
{"timestamp": 1779140077, "type": "safe_tx", "device": "node-1-clean", "metadata": {}}
{"timestamp": 1779140077, "type": "fuzzing", "device": "node-10-fuzzer", "metadata": {}}
{"timestamp": 1779140077, "type": "safe_tx", "device": "node-5-clean", "metadata": {}}
{"timestamp": 1779140077, "type": "safe_tx", "device": "node-14-mixed", "metadata": {}}
{"timestamp": 1779140078, "type": "safe_tx", "device": "node-8-spammer", "metadata": {}}
{"timestamp": 1779140078, "type": "safe_tx", "device": "node-8-spammer", "metadata": {}}
{"timestamp": 1779140078, "type": "safe_tx", "device": "node-8-spammer", "metadata": {}}
{"timestamp": 1779140078, "type": "safe_tx", "device": "node-8-spammer", "metadata": {}}
{"timestamp": 1779140078, "type": "safe_tx", "device": "node-8-spammer", "metadata": {}}
{"timestamp": 1779140078, "type": "safe_tx", "device": "node-8-spammer", "metadata": {}}
{"timestamp": 1779140078, "type": "safe_tx", "device": "node-4-clean", "metadata": {}}
{"timestamp": 1779140078, "type": "time_anomaly", "device": "node-14-mixed", "metadata": {}}
{"timestamp": 1779140078, "type": "safe_tx", "device": "node-3-clean", "metadata": {}}
{"timestamp": 1779140078, "type": "safe_tx", "device": "node-2-clean", "metadata": {}}
{"timestamp": 1779140078, "type": "safe_tx", "device": "node-10-fuzzer", "metadata": {}}
{"timestamp": 1779140079, "type": "time_anomaly", "device": "node-12-mixed", "metadata": {}}
{"timestamp": 1779140078, "type": "safe_tx", "device": "node-1-clean", "metadata": {}}
{"timestamp": 1779140079, "type": "safe_tx", "device": "node-8-spammer", "metadata": {}}
{"timestamp": 1779140079, "type": "safe_tx", "device": "node-8-spammer", "metadata": {}}
{"timestamp": 1779140079, "type": "time_anomaly", "device": "node-7-timespoof", "metadata": {}}
{"timestamp": 1779140079, "type": "safe_tx", "device": "node-8-spammer", "metadata": {}}
{"timestamp": 1779140079, "type": "safe_tx", "device": "node-8-spammer", "metadata": {}}
{"timestamp": 1779140079, "type": "safe_tx", "device": "node-8-spammer", "metadata": {}}
{"timestamp": 1779140079, "type": "safe_tx", "device": "node-8-spammer", "metadata": {}}
{"timestamp": 1779140079, "type": "safe_tx", "device": "node-8-spammer", "metadata": {}}
{"timestamp": 1779140079, "type": "safe_tx", "device": "node-8-spammer", "metadata": {}}
{"timestamp": 1779140079, "type": "safe_tx", "device": "node-8-spammer", "metadata": {}}
{"timestamp": 1779140079, "type": "dos_spam", "device": "node-8-spammer", "metadata": {"count": 30, "window_sec": 5}}
{"timestamp": 1779140079, "type": "dos_spam", "device": "node-8-spammer", "metadata": {}}
{"timestamp": 1779140079, "type": "safe_tx", "device": "node-8-spammer", "metadata": {}}
{"timestamp": 1779140079, "type": "safe_tx", "device": "node-8-spammer", "metadata": {}}
{"timestamp": 1779140079, "type": "safe_tx", "device": "node-8-spammer", "metadata": {}}
{"timestamp": 1779140079, "type": "safe_tx", "device": "node-8-spammer", "metadata": {}}
{"timestamp": 1779140079, "type": "safe_tx", "device": "node-8-spammer", "metadata": {}}
{"timestamp": 1779140079, "type": "safe_tx", "device": "node-5-clean", "metadata": {}}
{"timestamp": 1779140079, "type": "safe_tx", "device": "node-9-stealth", "metadata": {}}
{"timestamp": 1779140079, "type": "safe_tx", "device": "node-8-spammer", "metadata": {}}
{"timestamp": 1779140079, "type": "safe_tx", "device": "node-8-spammer", "metadata": {}}
{"timestamp": 1779140079, "type": "safe_tx", "device": "node-8-spammer", "metadata": {}}
{"timestamp": 1779140080, "type": "time_anomaly", "device": "node-13-mixed", "metadata": {}}
{"timestamp": 1779140080, "type": "safe_tx", "device": "node-6-overflow", "metadata": {}}
{"timestamp": 1779140080, "type": "safe_tx", "device": "node-8-spammer", "metadata": {}}
{"timestamp": 1779140080, "type": "safe_tx", "device": "node-8-spammer", "metadata": {}}
{"timestamp": 1779140080, "type": "safe_tx", "device": "node-8-spammer", "metadata": {}}
{"timestamp": 1779140080, "type": "safe_tx", "device": "node-8-spammer", "metadata": {}}
{"timestamp": 1779140080, "type": "safe_tx", "device": "node-8-spammer", "metadata": {}}
{"timestamp": 1779140080, "type": "safe_tx", "device": "node-15-mixed", "metadata": {}}
{"timestamp": 1779140080, "type": "safe_tx", "device": "node-1-clean", "metadata": {}}
{"timestamp": 1779140080, "type": "safe_tx", "device": "node-2-clean", "metadata": {}}
{"timestamp": 1779140081, "type": "safe_tx", "device": "node-8-spammer", "metadata": {}}
{"timestamp": 1779140081, "type": "safe_tx", "device": "node-8-spammer", "metadata": {}}
{"timestamp": 1779140081, "type": "dos_spam", "device": "node-8-spammer", "metadata": {}}
{"timestamp": 1779140081, "type": "safe_tx", "device": "node-8-spammer", "metadata": {}}
{"timestamp": 1779140081, "type": "safe_tx", "device": "node-8-spammer", "metadata": {}}
{"timestamp": 1779140081, "type": "safe_tx", "device": "node-8-spammer", "metadata": {}}
{"timestamp": 1779140081, "type": "safe_tx", "device": "node-8-spammer", "metadata": {}}
{"timestamp": 1779140081, "type": "safe_tx", "device": "node-8-spammer", "metadata": {}}
{"timestamp": 1779140081, "type": "safe_tx", "device": "node-9-stealth", "metadata": {}}
{"timestamp": 1779140081, "type": "safe_tx", "device": "node-10-fuzzer", "metadata": {}}
{"timestamp": 1779140081, "type": "safe_tx", "device": "node-12-mixed", "metadata": {}}
{"timestamp": 1779140081, "type": "safe_tx", "device": "node-15-mixed", "metadata": {}}
{"timestamp": 1779140082, "type": "time_anomaly", "device": "node-13-mixed", "metadata": {}}
{"timestamp": 1779140082, "type": "safe_tx", "device": "node-9-stealth", "metadata": {}}
{"timestamp": 1779140082, "type": "safe_tx", "device": "node-4-clean", "metadata": {}}
{"timestamp": 1779140082, "type": "safe_tx", "device": "node-3-clean", "metadata": {}}
{"timestamp": 1779140082, "type": "safe_tx", "device": "node-8-spammer", "metadata": {}}
{"timestamp": 1779140082, "type": "safe_tx", "device": "node-5-clean", "metadata": {}}
{"timestamp": 1779140082, "type": "safe_tx", "device": "node-8-spammer", "metadata": {}}
{"timestamp": 1779140082, "type": "safe_tx", "device": "node-8-spammer", "metadata": {}}
{"timestamp": 1779140082, "type": "safe_tx", "device": "node-8-spammer", "metadata": {}}
{"timestamp": 1779140082, "type": "safe_tx", "device": "node-8-spammer", "metadata": {}}
{"timestamp": 1779140082, "type": "safe_tx", "device": "node-8-spammer", "metadata": {}}
{"timestamp": 1779140082, "type": "safe_tx", "device": "node-8-spammer", "metadata": {}}
{"timestamp": 1779140082, "type": "safe_tx", "device": "node-8-spammer", "metadata": {}}
{"timestamp": 1779140083, "type": "time_anomaly", "device": "node-7-timespoof", "metadata": {}}
{"timestamp": 1779140083, "type": "safe_tx", "device": "node-8-spammer", "metadata": {}}
{"timestamp": 1779140083, "type": "safe_tx", "device": "node-8-spammer", "metadata": {}}
{"timestamp": 1779140083, "type": "dos_spam", "device": "node-8-spammer", "metadata": {"count": 30, "window_sec": 5}}
{"timestamp": 1779140083, "type": "dos_spam", "device": "node-8-spammer", "metadata": {}}
{"timestamp": 1779140083, "type": "safe_tx", "device": "node-8-spammer", "metadata": {}}
{"timestamp": 1779140083, "type": "safe_tx", "device": "node-5-clean", "metadata": {}}
{"timestamp": 1779140083, "type": "safe_tx", "device": "node-8-spammer", "metadata": {}}
{"timestamp": 1779140083, "type": "safe_tx", "device": "node-8-spammer", "metadata": {}}
{"timestamp": 1779140083, "type": "safe_tx", "device": "node-8-spammer", "metadata": {}}
{"timestamp": 1779140083, "type": "safe_tx", "device": "node-8-spammer", "metadata": {}}
{"timestamp": 1779140083, "type": "safe_tx", "device": "node-8-spammer", "metadata": {}}
{"timestamp": 1779140083, "type": "safe_tx", "device": "node-8-spammer", "metadata": {}}
{"timestamp": 1779140083, "type": "safe_tx", "device": "node-8-spammer", "metadata": {}}
{"timestamp": 1779140083, "type": "safe_tx", "device": "node-8-spammer", "metadata": {}}
{"timestamp": 1779140083, "type": "safe_tx", "device": "node-8-spammer", "metadata": {}}
{"timestamp": 1779140084, "type": "safe_tx", "device": "node-8-spammer", "metadata": {}}
{"timestamp": 1779140084, "type": "safe_tx", "device": "node-2-clean", "metadata": {}}
{"timestamp": 1779140084, "type": "overflow", "device": "node-14-mixed", "metadata": {"count": 3, "window_sec": 30}}
{"timestamp": 1779140084, "type": "safe_tx", "device": "node-2-clean", "metadata": {}}
{"timestamp": 1779140085, "type": "time_anomaly", "device": "node-13-mixed", "metadata": {}}
{"timestamp": 1779140084, "type": "safe_tx", "device": "node-4-clean", "metadata": {}}
{"timestamp": 1779140085, "type": "safe_tx", "device": "node-9-stealth", "metadata": {}}
{"timestamp": 1779140085, "type": "safe_tx", "device": "node-3-clean", "metadata": {}}
{"timestamp": 1779140085, "type": "safe_tx", "device": "node-12-mixed", "metadata": {}}
{"timestamp": 1779140085, "type": "overflow", "device": "node-15-mixed", "metadata": {"count": 3, "window_sec": 30}}
{"timestamp": 1779140086, "type": "safe_tx", "device": "node-12-mixed", "metadata": {}}
{"timestamp": 1779140086, "type": "safe_tx", "device": "node-2-clean", "metadata": {}}
{"timestamp": 1779140086, "type": "safe_tx", "device": "node-9-stealth", "metadata": {}}
{"timestamp": 1779140086, "type": "safe_tx", "device": "node-5-clean", "metadata": {}}
{"timestamp": 1779140086, "type": "safe_tx", "device": "node-10-fuzzer", "metadata": {}}
{"timestamp": 1779140086, "type": "safe_tx", "device": "node-13-mixed", "metadata": {}}
{"timestamp": 1779140086, "type": "safe_tx", "device": "node-8-spammer", "metadata": {}}
{"timestamp": 1779140086, "type": "safe_tx", "device": "node-8-spammer", "metadata": {}}
{"timestamp": 1779140086, "type": "safe_tx", "device": "node-8-spammer", "metadata": {}}
{"timestamp": 1779140086, "type": "safe_tx", "device": "node-8-spammer", "metadata": {}}
{"timestamp": 1779140086, "type": "safe_tx", "device": "node-8-spammer", "metadata": {}}
{"timestamp": 1779140086, "type": "safe_tx", "device": "node-8-spammer", "metadata": {}}
{"timestamp": 1779140086, "type": "safe_tx", "device": "node-8-spammer", "metadata": {}}
{"timestamp": 1779140086, "type": "safe_tx", "device": "node-8-spammer", "metadata": {}}
{"timestamp": 1779140087, "type": "safe_tx", "device": "node-1-clean", "metadata": {}}
{"timestamp": 1779140087, "type": "safe_tx", "device": "node-12-mixed", "metadata": {}}
{"timestamp": 1779140087, "type": "safe_tx", "device": "node-8-spammer", "metadata": {}}
{"timestamp": 1779140087, "type": "safe_tx", "device": "node-8-spammer", "metadata": {}}
{"timestamp": 1779140088, "type": "safe_tx", "device": "node-11-pulsing", "metadata": {}}
{"timestamp": 1779140088, "type": "safe_tx", "device": "node-13-mixed", "metadata": {}}
{"timestamp": 1779140088, "type": "safe_tx", "device": "node-11-pulsing", "metadata": {}}
{"timestamp": 1779140088, "type": "safe_tx", "device": "node-11-pulsing", "metadata": {}}
{"timestamp": 1779140088, "type": "safe_tx", "device": "node-11-pulsing", "metadata": {}}
{"timestamp": 1779140088, "type": "safe_tx", "device": "node-9-stealth", "metadata": {}}
{"timestamp": 1779140088, "type": "safe_tx", "device": "node-11-pulsing", "metadata": {}}
{"timestamp": 1779140088, "type": "safe_tx", "device": "node-11-pulsing", "metadata": {}}
{"timestamp": 1779140088, "type": "safe_tx", "device": "node-1-clean", "metadata": {}}
{"timestamp": 1779140088, "type": "safe_tx", "device": "node-11-pulsing", "metadata": {}}
{"timestamp": 1779140088, "type": "safe_tx", "device": "node-11-pulsing", "metadata": {}}
{"timestamp": 1779140089, "type": "time_anomaly", "device": "node-7-timespoof", "metadata": {}}
{"timestamp": 1779140088, "type": "safe_tx", "device": "node-11-pulsing", "metadata": {}}
{"timestamp": 1779140088, "type": "safe_tx", "device": "node-11-pulsing", "metadata": {}}
{"timestamp": 1779140088, "type": "safe_tx", "device": "node-4-clean", "metadata": {}}
{"timestamp": 1779140088, "type": "safe_tx", "device": "node-11-pulsing", "metadata": {}}
{"timestamp": 1779140088, "type": "safe_tx", "device": "node-11-pulsing", "metadata": {}}
{"timestamp": 1779140088, "type": "safe_tx", "device": "node-11-pulsing", "metadata": {}}
{"timestamp": 1779140088, "type": "overflow", "device": "node-6-overflow", "metadata": {"count": 3, "window_sec": 30}}
{"timestamp": 1779140088, "type": "safe_tx", "device": "node-11-pulsing", "metadata": {}}
{"timestamp": 1779140088, "type": "safe_tx", "device": "node-8-spammer", "metadata": {}}
{"timestamp": 1779140088, "type": "safe_tx", "device": "node-3-clean", "metadata": {}}
{"timestamp": 1779140088, "type": "safe_tx", "device": "node-11-pulsing", "metadata": {}}
{"timestamp": 1779140088, "type": "dos_spam", "device": "node-11-pulsing", "metadata": {}}
{"timestamp": 1779140088, "type": "overflow", "device": "node-13-mixed", "metadata": {"count": 3, "window_sec": 30}}
{"timestamp": 1779140088, "type": "safe_tx", "device": "node-11-pulsing", "metadata": {}}
{"timestamp": 1779140089, "type": "safe_tx", "device": "node-11-pulsing", "metadata": {}}
{"timestamp": 1779140089, "type": "safe_tx", "device": "node-11-pulsing", "metadata": {}}
{"timestamp": 1779140089, "type": "safe_tx", "device": "node-3-clean", "metadata": {}}
{"timestamp": 1779140089, "type": "safe_tx", "device": "node-11-pulsing", "metadata": {}}
{"timestamp": 1779140089, "type": "safe_tx", "device": "node-9-stealth", "metadata": {}}
{"timestamp": 1779140089, "type": "safe_tx", "device": "node-11-pulsing", "metadata": {}}
{"timestamp": 1779140089, "type": "safe_tx", "device": "node-2-clean", "metadata": {}}
{"timestamp": 1779140089, "type": "fuzzing", "device": "node-10-fuzzer", "metadata": {}}
{"timestamp": 1779140089, "type": "safe_tx", "device": "node-5-clean", "metadata": {}}
{"timestamp": 1779140089, "type": "safe_tx", "device": "node-13-mixed", "metadata": {}}
{"timestamp": 1779140090, "type": "safe_tx", "device": "node-8-spammer", "metadata": {}}
{"timestamp": 1779140090, "type": "safe_tx", "device": "node-8-spammer", "metadata": {}}
{"timestamp": 1779140090, "type": "safe_tx", "device": "node-4-clean", "metadata": {}}
{"timestamp": 1779140090, "type": "safe_tx", "device": "node-2-clean", "metadata": {}}
{"timestamp": 1779140090, "type": "safe_tx", "device": "node-1-clean", "metadata": {}}
{"timestamp": 1779140090, "type": "overflow", "device": "node-12-mixed", "metadata": {"count": 3, "window_sec": 30}}
{"timestamp": 1779140090, "type": "safe_tx", "device": "node-8-spammer", "metadata": {}}
{"timestamp": 1779140090, "type": "safe_tx", "device": "node-8-spammer", "metadata": {}}
{"timestamp": 1779140090, "type": "safe_tx", "device": "node-8-spammer", "metadata": {}}
{"timestamp": 1779140090, "type": "safe_tx", "device": "node-2-clean", "metadata": {}}
{"timestamp": 1779140090, "type": "safe_tx", "device": "node-15-mixed", "metadata": {}}
{"timestamp": 1779140091, "type": "safe_tx", "device": "node-9-stealth", "metadata": {}}
{"timestamp": 1779140091, "type": "safe_tx", "device": "node-10-fuzzer", "metadata": {}}
{"timestamp": 1779140091, "type": "time_anomaly", "device": "node-7-timespoof", "metadata": {}}
{"timestamp": 1779140091, "type": "safe_tx", "device": "node-5-clean", "metadata": {}}
{"timestamp": 1779140091, "type": "safe_tx", "device": "node-15-mixed", "metadata": {}}
{"timestamp": 1779140091, "type": "safe_tx", "device": "node-3-clean", "metadata": {}}
{"timestamp": 1779140091, "type": "safe_tx", "device": "node-2-clean", "metadata": {}}
{"timestamp": 1779140092, "type": "safe_tx", "device": "node-3-clean", "metadata": {}}
{"timestamp": 1779140092, "type": "safe_tx", "device": "node-8-spammer", "metadata": {}}
{"timestamp": 1779140092, "type": "safe_tx", "device": "node-8-spammer", "metadata": {}}
{"timestamp": 1779140092, "type": "safe_tx", "device": "node-8-spammer", "metadata": {}}
{"timestamp": 1779140092, "type": "safe_tx", "device": "node-8-spammer", "metadata": {}}
{"timestamp": 1779140092, "type": "safe_tx", "device": "node-12-mixed", "metadata": {}}
{"timestamp": 1779140092, "type": "safe_tx", "device": "node-1-clean", "metadata": {}}
{"timestamp": 1779140092, "type": "safe_tx", "device": "node-4-clean", "metadata": {}}
{"timestamp": 1779140093, "type": "overflow", "device": "node-14-mixed", "metadata": {"count": 3, "window_sec": 30}}
{"timestamp": 1779140093, "type": "safe_tx", "device": "node-12-mixed", "metadata": {}}
{"timestamp": 1779140093, "type": "safe_tx", "device": "node-8-spammer", "metadata": {}}
{"timestamp": 1779140093, "type": "safe_tx", "device": "node-10-fuzzer", "metadata": {}}
{"timestamp": 1779140093, "type": "safe_tx", "device": "node-1-clean", "metadata": {}}
{"timestamp": 1779140093, "type": "safe_tx", "device": "node-8-spammer", "metadata": {}}
{"timestamp": 1779140093, "type": "safe_tx", "device": "node-8-spammer", "metadata": {}}
{"timestamp": 1779140093, "type": "safe_tx", "device": "node-13-mixed", "metadata": {}}
{"timestamp": 1779140093, "type": "safe_tx", "device": "node-2-clean", "metadata": {}}
{"timestamp": 1779140094, "type": "safe_tx", "device": "node-12-mixed", "metadata": {}}
{"timestamp": 1779140094, "type": "fuzzing", "device": "node-10-fuzzer", "metadata": {}}
{"timestamp": 1779140094, "type": "safe_tx", "device": "node-5-clean", "metadata": {}}
{"timestamp": 1779140095, "type": "time_anomaly", "device": "node-7-timespoof", "metadata": {}}
{"timestamp": 1779140094, "type": "safe_tx", "device": "node-1-clean", "metadata": {}}
{"timestamp": 1779140094, "type": "safe_tx", "device": "node-8-spammer", "metadata": {}}
{"timestamp": 1779140095, "type": "safe_tx", "device": "node-8-spammer", "metadata": {}}
{"timestamp": 1779140095, "type": "safe_tx", "device": "node-8-spammer", "metadata": {}}
{"timestamp": 1779140095, "type": "safe_tx", "device": "node-8-spammer", "metadata": {}}
{"timestamp": 1779140095, "type": "safe_tx", "device": "node-8-spammer", "metadata": {}}
{"timestamp": 1779140095, "type": "safe_tx", "device": "node-8-spammer", "metadata": {}}
{"timestamp": 1779140095, "type": "safe_tx", "device": "node-3-clean", "metadata": {}}
{"timestamp": 1779140095, "type": "safe_tx", "device": "node-9-stealth", "metadata": {}}
{"timestamp": 1779140095, "type": "safe_tx", "device": "node-10-fuzzer", "metadata": {}}
{"timestamp": 1779140095, "type": "safe_tx", "device": "node-14-mixed", "metadata": {}}
{"timestamp": 1779140096, "type": "safe_tx", "device": "node-5-clean", "metadata": {}}
{"timestamp": 1779140096, "type": "safe_tx", "device": "node-1-clean", "metadata": {}}
{"timestamp": 1779140096, "type": "safe_tx", "device": "node-3-clean", "metadata": {}}
{"timestamp": 1779140096, "type": "overflow", "device": "node-10-fuzzer", "metadata": {"count": 3, "window_sec": 30}}
{"timestamp": 1779140096, "type": "safe_tx", "device": "node-8-spammer", "metadata": {}}
{"timestamp": 1779140096, "type": "safe_tx", "device": "node-9-stealth", "metadata": {}}
{"timestamp": 1779140096, "type": "safe_tx", "device": "node-8-spammer", "metadata": {}}
{"timestamp": 1779140096, "type": "safe_tx", "device": "node-6-overflow", "metadata": {}}
{"timestamp": 1779140096, "type": "safe_tx", "device": "node-8-spammer", "metadata": {}}
{"timestamp": 1779140096, "type": "safe_tx", "device": "node-8-spammer", "metadata": {}}
{"timestamp": 1779140096, "type": "safe_tx", "device": "node-4-clean", "metadata": {}}
{"timestamp": 1779140097, "type": "safe_tx", "device": "node-2-clean", "metadata": {}}
{"timestamp": 1779140097, "type": "safe_tx", "device": "node-15-mixed", "metadata": {}}
{"timestamp": 1779140097, "type": "safe_tx", "device": "node-5-clean", "metadata": {}}
{"timestamp": 1779140097, "type": "safe_tx", "device": "node-8-spammer", "metadata": {}}
{"timestamp": 1779140097, "type": "safe_tx", "device": "node-1-clean", "metadata": {}}
{"timestamp": 1779140097, "type": "safe_tx", "device": "node-9-stealth", "metadata": {}}
{"timestamp": 1779140097, "type": "safe_tx", "device": "node-13-mixed", "metadata": {}}
{"timestamp": 1779140097, "type": "safe_tx", "device": "node-10-fuzzer", "metadata": {}}
{"timestamp": 1779140097, "type": "safe_tx", "device": "node-8-spammer", "metadata": {}}
{"timestamp": 1779140098, "type": "safe_tx", "device": "node-8-spammer", "metadata": {}}
{"timestamp": 1779140098, "type": "safe_tx", "device": "node-8-spammer", "metadata": {}}
{"timestamp": 1779140098, "type": "safe_tx", "device": "node-8-spammer", "metadata": {}}
{"timestamp": 1779140098, "type": "safe_tx", "device": "node-8-spammer", "metadata": {}}
{"timestamp": 1779140098, "type": "safe_tx", "device": "node-8-spammer", "metadata": {}}
{"timestamp": 1779140098, "type": "safe_tx", "device": "node-8-spammer", "metadata": {}}
{"timestamp": 1779140098, "type": "safe_tx", "device": "node-8-spammer", "metadata": {}}
{"timestamp": 1779140098, "type": "safe_tx", "device": "node-8-spammer", "metadata": {}}
{"timestamp": 1779140098, "type": "safe_tx", "device": "node-8-spammer", "metadata": {}}
{"timestamp": 1779140098, "type": "dos_spam", "device": "node-8-spammer", "metadata": {}}
{"timestamp": 1779140098, "type": "safe_tx", "device": "node-8-spammer", "metadata": {}}
{"timestamp": 1779140098, "type": "safe_tx", "device": "node-8-spammer", "metadata": {}}
{"timestamp": 1779140098, "type": "safe_tx", "device": "node-9-stealth", "metadata": {}}
{"timestamp": 1779140098, "type": "safe_tx", "device": "node-8-spammer", "metadata": {}}
{"timestamp": 1779140098, "type": "safe_tx", "device": "node-13-mixed", "metadata": {}}
{"timestamp": 1779140098, "type": "safe_tx", "device": "node-14-mixed", "metadata": {}}
{"timestamp": 1779140098, "type": "safe_tx", "device": "node-9-stealth", "metadata": {}}
{"timestamp": 1779140099, "type": "safe_tx", "device": "node-1-clean", "metadata": {}}
{"timestamp": 1779140099, "type": "safe_tx", "device": "node-8-spammer", "metadata": {}}
{"timestamp": 1779140099, "type": "safe_tx", "device": "node-8-spammer", "metadata": {}}
{"timestamp": 1779140099, "type": "safe_tx", "device": "node-8-spammer", "metadata": {}}
{"timestamp": 1779140099, "type": "time_anomaly", "device": "node-7-timespoof", "metadata": {}}
{"timestamp": 1779140099, "type": "safe_tx", "device": "node-8-spammer", "metadata": {}}
{"timestamp": 1779140099, "type": "safe_tx", "device": "node-8-spammer", "metadata": {}}
{"timestamp": 1779140099, "type": "safe_tx", "device": "node-8-spammer", "metadata": {}}
{"timestamp": 1779140099, "type": "dos_spam", "device": "node-8-spammer", "metadata": {"count": 30, "window_sec": 5}}
{"timestamp": 1779140099, "type": "safe_tx", "device": "node-8-spammer", "metadata": {}}
{"timestamp": 1779140099, "type": "safe_tx", "device": "node-1-clean", "metadata": {}}
{"timestamp": 1779140099, "type": "safe_tx", "device": "node-4-clean", "metadata": {}}
{"timestamp": 1779140099, "type": "fuzzing", "device": "node-10-fuzzer", "metadata": {}}
{"timestamp": 1779140099, "type": "safe_tx", "device": "node-2-clean", "metadata": {}}
{"timestamp": 1779140099, "type": "safe_tx", "device": "node-5-clean", "metadata": {}}
{"timestamp": 1779140100, "type": "safe_tx", "device": "node-3-clean", "metadata": {}}
{"timestamp": 1779140100, "type": "safe_tx", "device": "node-8-spammer", "metadata": {}}
{"timestamp": 1779140100, "type": "safe_tx", "device": "node-8-spammer", "metadata": {}}
{"timestamp": 1779140100, "type": "safe_tx", "device": "node-15-mixed", "metadata": {}}
{"timestamp": 1779140100, "type": "fuzzing", "device": "node-10-fuzzer", "metadata": {}}
{"timestamp": 1779140100, "type": "safe_tx", "device": "node-8-spammer", "metadata": {}}
{"timestamp": 1779140100, "type": "safe_tx", "device": "node-12-mixed", "metadata": {}}
{"timestamp": 1779140100, "type": "safe_tx", "device": "node-8-spammer", "metadata": {}}
{"timestamp": 1779140100, "type": "safe_tx", "device": "node-10-fuzzer", "metadata": {}}
{"timestamp": 1779140100, "type": "safe_tx", "device": "node-4-clean", "metadata": {}}
{"timestamp": 1779140100, "type": "safe_tx", "device": "node-8-spammer", "metadata": {}}
{"timestamp": 1779140100, "type": "dos_spam", "device": "node-8-spammer", "metadata": {}}
{"timestamp": 1779140100, "type": "safe_tx", "device": "node-5-clean", "metadata": {}}
{"timestamp": 1779140101, "type": "safe_tx", "device": "node-8-spammer", "metadata": {}}
{"timestamp": 1779140101, "type": "safe_tx", "device": "node-8-spammer", "metadata": {}}
{"timestamp": 1779140101, "type": "safe_tx", "device": "node-8-spammer", "metadata": {}}
{"timestamp": 1779140101, "type": "safe_tx", "device": "node-8-spammer", "metadata": {}}
{"timestamp": 1779140101, "type": "safe_tx", "device": "node-8-spammer", "metadata": {}}
{"timestamp": 1779140101, "type": "safe_tx", "device": "node-8-spammer", "metadata": {}}
{"timestamp": 1779140101, "type": "safe_tx", "device": "node-8-spammer", "metadata": {}}
{"timestamp": 1779140101, "type": "safe_tx", "device": "node-8-spammer", "metadata": {}}
{"timestamp": 1779140101, "type": "safe_tx", "device": "node-8-spammer", "metadata": {}}
{"timestamp": 1779140101, "type": "safe_tx", "device": "node-8-spammer", "metadata": {}}
{"timestamp": 1779140101, "type": "safe_tx", "device": "node-8-spammer", "metadata": {}}
{"timestamp": 1779140101, "type": "safe_tx", "device": "node-8-spammer", "metadata": {}}
{"timestamp": 1779140101, "type": "overflow", "device": "node-6-overflow", "metadata": {"count": 3, "window_sec": 30}}
{"timestamp": 1779140101, "type": "safe_tx", "device": "node-8-spammer", "metadata": {}}
{"timestamp": 1779140101, "type": "safe_tx", "device": "node-8-spammer", "metadata": {}}
{"timestamp": 1779140101, "type": "safe_tx", "device": "node-8-spammer", "metadata": {}}
{"timestamp": 1779140101, "type": "dos_spam", "device": "node-8-spammer", "metadata": {}}
{"timestamp": 1779140101, "type": "safe_tx", "device": "node-8-spammer", "metadata": {}}
{"timestamp": 1779140101, "type": "safe_tx", "device": "node-8-spammer", "metadata": {}}
{"timestamp": 1779140101, "type": "safe_tx", "device": "node-8-spammer", "metadata": {}}
{"timestamp": 1779140101, "type": "safe_tx", "device": "node-8-spammer", "metadata": {}}
{"timestamp": 1779140101, "type": "safe_tx", "device": "node-13-mixed", "metadata": {}}
{"timestamp": 1779140101, "type": "safe_tx", "device": "node-3-clean", "metadata": {}}
{"timestamp": 1779140102, "type": "time_anomaly", "device": "node-7-timespoof", "metadata": {}}
{"timestamp": 1779140101, "type": "overflow", "device": "node-15-mixed", "metadata": {"count": 3, "window_sec": 30}}
{"timestamp": 1779140101, "type": "safe_tx", "device": "node-5-clean", "metadata": {}}
{"timestamp": 1779140101, "type": "safe_tx", "device": "node-14-mixed", "metadata": {}}
{"timestamp": 1779140101, "type": "safe_tx", "device": "node-9-stealth", "metadata": {}}
{"timestamp": 1779140101, "type": "safe_tx", "device": "node-12-mixed", "metadata": {}}
{"timestamp": 1779140101, "type": "safe_tx", "device": "node-4-clean", "metadata": {}}
{"timestamp": 1779140102, "type": "safe_tx", "device": "node-2-clean", "metadata": {}}
{"timestamp": 1779140102, "type": "safe_tx", "device": "node-1-clean", "metadata": {}}
{"timestamp": 1779140102, "type": "safe_tx", "device": "node-10-fuzzer", "metadata": {}}
{"timestamp": 1779140102, "type": "safe_tx", "device": "node-8-spammer", "metadata": {}}
{"timestamp": 1779140102, "type": "safe_tx", "device": "node-8-spammer", "metadata": {}}
{"timestamp": 1779140102, "type": "safe_tx", "device": "node-8-spammer", "metadata": {}}
{"timestamp": 1779140102, "type": "safe_tx", "device": "node-8-spammer", "metadata": {}}
{"timestamp": 1779140102, "type": "safe_tx", "device": "node-8-spammer", "metadata": {}}
{"timestamp": 1779140102, "type": "dos_spam", "device": "node-8-spammer", "metadata": {"count": 30, "window_sec": 5}}
{"timestamp": 1779140102, "type": "safe_tx", "device": "node-8-spammer", "metadata": {}}
{"timestamp": 1779140102, "type": "safe_tx", "device": "node-8-spammer", "metadata": {}}
{"timestamp": 1779140102, "type": "safe_tx", "device": "node-8-spammer", "metadata": {}}
{"timestamp": 1779140102, "type": "safe_tx", "device": "node-8-spammer", "metadata": {}}
{"timestamp": 1779140102, "type": "safe_tx", "device": "node-13-mixed", "metadata": {}}
{"timestamp": 1779140103, "type": "safe_tx", "device": "node-1-clean", "metadata": {}}
{"timestamp": 1779140103, "type": "safe_tx", "device": "node-5-clean", "metadata": {}}
{"timestamp": 1779140103, "type": "safe_tx", "device": "node-9-stealth", "metadata": {}}
{"timestamp": 1779140103, "type": "safe_tx", "device": "node-5-clean", "metadata": {}}
{"timestamp": 1779140103, "type": "safe_tx", "device": "node-1-clean", "metadata": {}}
{"timestamp": 1779140104, "type": "safe_tx", "device": "node-3-clean", "metadata": {}}
{"timestamp": 1779140104, "type": "safe_tx", "device": "node-8-spammer", "metadata": {}}
{"timestamp": 1779140104, "type": "safe_tx", "device": "node-15-mixed", "metadata": {}}
{"timestamp": 1779140104, "type": "safe_tx", "device": "node-8-spammer", "metadata": {}}
{"timestamp": 1779140104, "type": "safe_tx", "device": "node-8-spammer", "metadata": {}}
{"timestamp": 1779140104, "type": "safe_tx", "device": "node-8-spammer", "metadata": {}}
{"timestamp": 1779140104, "type": "safe_tx", "device": "node-8-spammer", "metadata": {}}
{"timestamp": 1779140104, "type": "safe_tx", "device": "node-4-clean", "metadata": {}}
{"timestamp": 1779140104, "type": "safe_tx", "device": "node-8-spammer", "metadata": {}}
{"timestamp": 1779140104, "type": "dos_spam", "device": "node-8-spammer", "metadata": {}}
{"timestamp": 1779140104, "type": "safe_tx", "device": "node-8-spammer", "metadata": {}}
{"timestamp": 1779140104, "type": "safe_tx", "device": "node-8-spammer", "metadata": {}}
{"timestamp": 1779140104, "type": "safe_tx", "device": "node-8-spammer", "metadata": {}}
{"timestamp": 1779140104, "type": "safe_tx", "device": "node-8-spammer", "metadata": {}}
{"timestamp": 1779140104, "type": "safe_tx", "device": "node-8-spammer", "metadata": {}}
{"timestamp": 1779140104, "type": "safe_tx", "device": "node-8-spammer", "metadata": {}}
{"timestamp": 1779140104, "type": "safe_tx", "device": "node-8-spammer", "metadata": {}}
{"timestamp": 1779140104, "type": "safe_tx", "device": "node-8-spammer", "metadata": {}}
{"timestamp": 1779140104, "type": "safe_tx", "device": "node-8-spammer", "metadata": {}}
{"timestamp": 1779140104, "type": "safe_tx", "device": "node-8-spammer", "metadata": {}}
{"timestamp": 1779140104, "type": "safe_tx", "device": "node-8-spammer", "metadata": {}}
{"timestamp": 1779140104, "type": "safe_tx", "device": "node-8-spammer", "metadata": {}}
{"timestamp": 1779140104, "type": "safe_tx", "device": "node-8-spammer", "metadata": {}}
{"timestamp": 1779140104, "type": "safe_tx", "device": "node-8-spammer", "metadata": {}}
{"timestamp": 1779140104, "type": "safe_tx", "device": "node-8-spammer", "metadata": {}}
{"timestamp": 1779140104, "type": "dos_spam", "device": "node-8-spammer", "metadata": {}}
{"timestamp": 1779140104, "type": "safe_tx", "device": "node-8-spammer", "metadata": {}}
{"timestamp": 1779140104, "type": "safe_tx", "device": "node-14-mixed", "metadata": {}}
{"timestamp": 1779140104, "type": "safe_tx", "device": "node-13-mixed", "metadata": {}}
{"timestamp": 1779140105, "type": "safe_tx", "device": "node-1-clean", "metadata": {}}
{"timestamp": 1779140105, "type": "fuzzing", "device": "node-10-fuzzer", "metadata": {}}
{"timestamp": 1779140105, "type": "safe_tx", "device": "node-5-clean", "metadata": {}}
{"timestamp": 1779140105, "type": "safe_tx", "device": "node-9-stealth", "metadata": {}}
{"timestamp": 1779140105, "type": "safe_tx", "device": "node-6-overflow", "metadata": {}}
{"timestamp": 1779140105, "type": "safe_tx", "device": "node-15-mixed", "metadata": {}}
{"timestamp": 1779140105, "type": "safe_tx", "device": "node-10-fuzzer", "metadata": {}}
{"timestamp": 1779140106, "type": "safe_tx", "device": "node-14-mixed", "metadata": {}}
{"timestamp": 1779140106, "type": "safe_tx", "device": "node-8-spammer", "metadata": {}}
{"timestamp": 1779140106, "type": "safe_tx", "device": "node-8-spammer", "metadata": {}}
{"timestamp": 1779140106, "type": "safe_tx", "device": "node-8-spammer", "metadata": {}}
{"timestamp": 1779140106, "type": "safe_tx", "device": "node-8-spammer", "metadata": {}}
{"timestamp": 1779140106, "type": "dos_spam", "device": "node-8-spammer", "metadata": {"count": 30, "window_sec": 5}}
{"timestamp": 1779140106, "type": "safe_tx", "device": "node-8-spammer", "metadata": {}}
{"timestamp": 1779140106, "type": "safe_tx", "device": "node-8-spammer", "metadata": {}}
{"timestamp": 1779140106, "type": "fuzzing", "device": "node-10-fuzzer", "metadata": {}}
{"timestamp": 1779140106, "type": "safe_tx", "device": "node-4-clean", "metadata": {}}
{"timestamp": 1779140107, "type": "safe_tx", "device": "node-2-clean", "metadata": {}}
{"timestamp": 1779140107, "type": "time_anomaly", "device": "node-7-timespoof", "metadata": {}}
{"timestamp": 1779140107, "type": "fuzzing", "device": "node-10-fuzzer", "metadata": {}}
{"timestamp": 1779140107, "type": "safe_tx", "device": "node-5-clean", "metadata": {}}
{"timestamp": 1779140107, "type": "safe_tx", "device": "node-8-spammer", "metadata": {}}
{"timestamp": 1779140107, "type": "safe_tx", "device": "node-8-spammer", "metadata": {}}
{"timestamp": 1779140107, "type": "safe_tx", "device": "node-8-spammer", "metadata": {}}
{"timestamp": 1779140107, "type": "safe_tx", "device": "node-13-mixed", "metadata": {}}
{"timestamp": 1779140107, "type": "safe_tx", "device": "node-8-spammer", "metadata": {}}
{"timestamp": 1779140107, "type": "safe_tx", "device": "node-8-spammer", "metadata": {}}
{"timestamp": 1779140107, "type": "safe_tx", "device": "node-8-spammer", "metadata": {}}
{"timestamp": 1779140107, "type": "safe_tx", "device": "node-1-clean", "metadata": {}}
{"timestamp": 1779140107, "type": "safe_tx", "device": "node-8-spammer", "metadata": {}}
{"timestamp": 1779140107, "type": "safe_tx", "device": "node-8-spammer", "metadata": {}}
{"timestamp": 1779140107, "type": "safe_tx", "device": "node-8-spammer", "metadata": {}}
{"timestamp": 1779140107, "type": "dos_spam", "device": "node-8-spammer", "metadata": {}}
{"timestamp": 1779140107, "type": "safe_tx", "device": "node-8-spammer", "metadata": {}}
{"timestamp": 1779140107, "type": "safe_tx", "device": "node-8-spammer", "metadata": {}}
{"timestamp": 1779140107, "type": "safe_tx", "device": "node-5-clean", "metadata": {}}
{"timestamp": 1779140107, "type": "safe_tx", "device": "node-8-spammer", "metadata": {}}
{"timestamp": 1779140107, "type": "safe_tx", "device": "node-8-spammer", "metadata": {}}
{"timestamp": 1779140107, "type": "safe_tx", "device": "node-8-spammer", "metadata": {}}
{"timestamp": 1779140107, "type": "safe_tx", "device": "node-12-mixed", "metadata": {}}
{"timestamp": 1779140107, "type": "safe_tx", "device": "node-8-spammer", "metadata": {}}
{"timestamp": 1779140107, "type": "safe_tx", "device": "node-3-clean", "metadata": {}}
{"timestamp": 1779140107, "type": "safe_tx", "device": "node-8-spammer", "metadata": {}}
{"timestamp": 1779140108, "type": "time_anomaly", "device": "node-14-mixed", "metadata": {}}
{"timestamp": 1779140107, "type": "safe_tx", "device": "node-8-spammer", "metadata": {}}
{"timestamp": 1779140107, "type": "safe_tx", "device": "node-8-spammer", "metadata": {}}
{"timestamp": 1779140107, "type": "safe_tx", "device": "node-8-spammer", "metadata": {}}
{"timestamp": 1779140107, "type": "safe_tx", "device": "node-3-clean", "metadata": {}}
{"timestamp": 1779140107, "type": "safe_tx", "device": "node-15-mixed", "metadata": {}}
{"timestamp": 1779140108, "type": "safe_tx", "device": "node-9-stealth", "metadata": {}}
{"timestamp": 1779140108, "type": "safe_tx", "device": "node-1-clean", "metadata": {}}
{"timestamp": 1779140108, "type": "safe_tx", "device": "node-15-mixed", "metadata": {}}
{"timestamp": 1779140108, "type": "safe_tx", "device": "node-8-spammer", "metadata": {}}
{"timestamp": 1779140108, "type": "safe_tx", "device": "node-8-spammer", "metadata": {}}
{"timestamp": 1779140108, "type": "safe_tx", "device": "node-8-spammer", "metadata": {}}
{"timestamp": 1779140108, "type": "safe_tx", "device": "node-8-spammer", "metadata": {}}
{"timestamp": 1779140108, "type": "safe_tx", "device": "node-8-spammer", "metadata": {}}
{"timestamp": 1779140108, "type": "dos_spam", "device": "node-8-spammer", "metadata": {}}
{"timestamp": 1779140108, "type": "safe_tx", "device": "node-5-clean", "metadata": {}}
{"timestamp": 1779140108, "type": "safe_tx", "device": "node-8-spammer", "metadata": {}}
{"timestamp": 1779140108, "type": "safe_tx", "device": "node-8-spammer", "metadata": {}}
{"timestamp": 1779140108, "type": "safe_tx", "device": "node-10-fuzzer", "metadata": {}}
{"timestamp": 1779140108, "type": "safe_tx", "device": "node-8-spammer", "metadata": {}}
{"timestamp": 1779140108, "type": "safe_tx", "device": "node-8-spammer", "metadata": {}}
{"timestamp": 1779140108, "type": "dos_spam", "device": "node-8-spammer", "metadata": {"count": 30, "window_sec": 5}}
{"timestamp": 1779140108, "type": "safe_tx", "device": "node-8-spammer", "metadata": {}}
{"timestamp": 1779140109, "type": "safe_tx", "device": "node-8-spammer", "metadata": {}}
{"timestamp": 1779140109, "type": "safe_tx", "device": "node-8-spammer", "metadata": {}}
{"timestamp": 1779140109, "type": "safe_tx", "device": "node-8-spammer", "metadata": {}}
{"timestamp": 1779140109, "type": "safe_tx", "device": "node-8-spammer", "metadata": {}}
{"timestamp": 1779140109, "type": "safe_tx", "device": "node-8-spammer", "metadata": {}}
{"timestamp": 1779140109, "type": "safe_tx", "device": "node-8-spammer", "metadata": {}}
{"timestamp": 1779140109, "type": "safe_tx", "device": "node-8-spammer", "metadata": {}}
{"timestamp": 1779140109, "type": "safe_tx", "device": "node-8-spammer", "metadata": {}}
{"timestamp": 1779140109, "type": "safe_tx", "device": "node-8-spammer", "metadata": {}}
{"timestamp": 1779140109, "type": "safe_tx", "device": "node-10-fuzzer", "metadata": {}}
{"timestamp": 1779140109, "type": "safe_tx", "device": "node-6-overflow", "metadata": {}}
{"timestamp": 1779140109, "type": "safe_tx", "device": "node-15-mixed", "metadata": {}}
{"timestamp": 1779140109, "type": "safe_tx", "device": "node-4-clean", "metadata": {}}
{"timestamp": 1779140110, "type": "safe_tx", "device": "node-9-stealth", "metadata": {}}
{"timestamp": 1779140110, "type": "safe_tx", "device": "node-2-clean", "metadata": {}}
{"timestamp": 1779140110, "type": "safe_tx", "device": "node-5-clean", "metadata": {}}
{"timestamp": 1779140110, "type": "safe_tx", "device": "node-5-clean", "metadata": {}}
{"timestamp": 1779140110, "type": "fuzzing", "device": "node-10-fuzzer", "metadata": {}}
{"timestamp": 1779140111, "type": "safe_tx", "device": "node-3-clean", "metadata": {}}
{"timestamp": 1779140111, "type": "safe_tx", "device": "node-11-pulsing", "metadata": {}}
{"timestamp": 1779140111, "type": "safe_tx", "device": "node-14-mixed", "metadata": {}}
{"timestamp": 1779140111, "type": "safe_tx", "device": "node-11-pulsing", "metadata": {}}
{"timestamp": 1779140111, "type": "safe_tx", "device": "node-11-pulsing", "metadata": {}}
{"timestamp": 1779140111, "type": "safe_tx", "device": "node-11-pulsing", "metadata": {}}
{"timestamp": 1779140111, "type": "safe_tx", "device": "node-11-pulsing", "metadata": {}}
{"timestamp": 1779140111, "type": "safe_tx", "device": "node-11-pulsing", "metadata": {}}
{"timestamp": 1779140111, "type": "safe_tx", "device": "node-11-pulsing", "metadata": {}}
{"timestamp": 1779140112, "type": "time_anomaly", "device": "node-7-timespoof", "metadata": {}}
{"timestamp": 1779140111, "type": "safe_tx", "device": "node-12-mixed", "metadata": {}}
{"timestamp": 1779140111, "type": "safe_tx", "device": "node-11-pulsing", "metadata": {}}
{"timestamp": 1779140111, "type": "safe_tx", "device": "node-15-mixed", "metadata": {}}
{"timestamp": 1779140111, "type": "safe_tx", "device": "node-11-pulsing", "metadata": {}}
{"timestamp": 1779140111, "type": "safe_tx", "device": "node-11-pulsing", "metadata": {}}
{"timestamp": 1779140111, "type": "safe_tx", "device": "node-1-clean", "metadata": {}}
{"timestamp": 1779140111, "type": "safe_tx", "device": "node-11-pulsing", "metadata": {}}
{"timestamp": 1779140111, "type": "safe_tx", "device": "node-11-pulsing", "metadata": {}}
{"timestamp": 1779140111, "type": "safe_tx", "device": "node-1-clean", "metadata": {}}
{"timestamp": 1779140111, "type": "safe_tx", "device": "node-11-pulsing", "metadata": {}}
{"timestamp": 1779140111, "type": "safe_tx", "device": "node-4-clean", "metadata": {}}
{"timestamp": 1779140111, "type": "safe_tx", "device": "node-11-pulsing", "metadata": {}}
{"timestamp": 1779140111, "type": "safe_tx", "device": "node-8-spammer", "metadata": {}}
{"timestamp": 1779140112, "type": "safe_tx", "device": "node-13-mixed", "metadata": {}}
{"timestamp": 1779140112, "type": "safe_tx", "device": "node-11-pulsing", "metadata": {}}
{"timestamp": 1779140112, "type": "dos_spam", "device": "node-11-pulsing", "metadata": {}}
{"timestamp": 1779140112, "type": "safe_tx", "device": "node-8-spammer", "metadata": {}}
{"timestamp": 1779140112, "type": "safe_tx", "device": "node-1-clean", "metadata": {}}
{"timestamp": 1779140112, "type": "safe_tx", "device": "node-11-pulsing", "metadata": {}}
{"timestamp": 1779140112, "type": "safe_tx", "device": "node-8-spammer", "metadata": {}}
{"timestamp": 1779140112, "type": "safe_tx", "device": "node-11-pulsing", "metadata": {}}
{"timestamp": 1779140112, "type": "safe_tx", "device": "node-11-pulsing", "metadata": {}}
{"timestamp": 1779140112, "type": "safe_tx", "device": "node-11-pulsing", "metadata": {}}
{"timestamp": 1779140112, "type": "safe_tx", "device": "node-11-pulsing", "metadata": {}}
{"timestamp": 1779140112, "type": "safe_tx", "device": "node-3-clean", "metadata": {}}
{"timestamp": 1779140112, "type": "safe_tx", "device": "node-9-stealth", "metadata": {}}
{"timestamp": 1779140112, "type": "safe_tx", "device": "node-1-clean", "metadata": {}}
{"timestamp": 1779140112, "type": "safe_tx", "device": "node-10-fuzzer", "metadata": {}}
{"timestamp": 1779140112, "type": "safe_tx", "device": "node-14-mixed", "metadata": {}}
{"timestamp": 1779140112, "type": "safe_tx", "device": "node-8-spammer", "metadata": {}}
{"timestamp": 1779140112, "type": "safe_tx", "device": "node-8-spammer", "metadata": {}}
{"timestamp": 1779140112, "type": "safe_tx", "device": "node-8-spammer", "metadata": {}}
{"timestamp": 1779140113, "type": "safe_tx", "device": "node-5-clean", "metadata": {}}
{"timestamp": 1779140113, "type": "safe_tx", "device": "node-2-clean", "metadata": {}}
{"timestamp": 1779140113, "type": "safe_tx", "device": "node-1-clean", "metadata": {}}
{"timestamp": 1779140113, "type": "overflow", "device": "node-12-mixed", "metadata": {"count": 3, "window_sec": 30}}
{"timestamp": 1779140113, "type": "safe_tx", "device": "node-8-spammer", "metadata": {}}
{"timestamp": 1779140113, "type": "safe_tx", "device": "node-8-spammer", "metadata": {}}
{"timestamp": 1779140113, "type": "safe_tx", "device": "node-8-spammer", "metadata": {}}
{"timestamp": 1779140114, "type": "time_anomaly", "device": "node-13-mixed", "metadata": {}}
{"timestamp": 1779140114, "type": "safe_tx", "device": "node-4-clean", "metadata": {}}
{"timestamp": 1779140114, "type": "safe_tx", "device": "node-6-overflow", "metadata": {}}
{"timestamp": 1779140114, "type": "fuzzing", "device": "node-10-fuzzer", "metadata": {}}
{"timestamp": 1779140114, "type": "safe_tx", "device": "node-3-clean", "metadata": {}}
{"timestamp": 1779140115, "type": "time_anomaly", "device": "node-14-mixed", "metadata": {}}
{"timestamp": 1779140115, "type": "safe_tx", "device": "node-9-stealth", "metadata": {}}
{"timestamp": 1779140115, "type": "safe_tx", "device": "node-8-spammer", "metadata": {}}
{"timestamp": 1779140115, "type": "safe_tx", "device": "node-8-spammer", "metadata": {}}
{"timestamp": 1779140115, "type": "safe_tx", "device": "node-8-spammer", "metadata": {}}
{"timestamp": 1779140115, "type": "safe_tx", "device": "node-5-clean", "metadata": {}}
{"timestamp": 1779140115, "type": "fuzzing", "device": "node-10-fuzzer", "metadata": {}}
{"timestamp": 1779140116, "type": "time_anomaly", "device": "node-15-mixed", "metadata": {}}
{"timestamp": 1779140116, "type": "safe_tx", "device": "node-5-clean", "metadata": {}}
{"timestamp": 1779140116, "type": "safe_tx", "device": "node-13-mixed", "metadata": {}}
{"timestamp": 1779140116, "type": "safe_tx", "device": "node-2-clean", "metadata": {}}
{"timestamp": 1779140116, "type": "safe_tx", "device": "node-8-spammer", "metadata": {}}
{"timestamp": 1779140116, "type": "safe_tx", "device": "node-8-spammer", "metadata": {}}
{"timestamp": 1779140116, "type": "safe_tx", "device": "node-8-spammer", "metadata": {}}
{"timestamp": 1779140116, "type": "safe_tx", "device": "node-8-spammer", "metadata": {}}
{"timestamp": 1779140116, "type": "safe_tx", "device": "node-8-spammer", "metadata": {}}
{"timestamp": 1779140116, "type": "safe_tx", "device": "node-1-clean", "metadata": {}}
{"timestamp": 1779140116, "type": "safe_tx", "device": "node-3-clean", "metadata": {}}
{"timestamp": 1779140116, "type": "safe_tx", "device": "node-10-fuzzer", "metadata": {}}
{"timestamp": 1779140117, "type": "safe_tx", "device": "node-4-clean", "metadata": {}}
{"timestamp": 1779140117, "type": "safe_tx", "device": "node-13-mixed", "metadata": {}}
{"timestamp": 1779140117, "type": "safe_tx", "device": "node-8-spammer", "metadata": {}}
{"timestamp": 1779140117, "type": "time_anomaly", "device": "node-7-timespoof", "metadata": {}}
{"timestamp": 1779140117, "type": "safe_tx", "device": "node-8-spammer", "metadata": {}}
{"timestamp": 1779140117, "type": "safe_tx", "device": "node-8-spammer", "metadata": {}}
{"timestamp": 1779140117, "type": "safe_tx", "device": "node-8-spammer", "metadata": {}}
{"timestamp": 1779140117, "type": "safe_tx", "device": "node-3-clean", "metadata": {}}
{"timestamp": 1779140117, "type": "safe_tx", "device": "node-8-spammer", "metadata": {}}
{"timestamp": 1779140118, "type": "time_anomaly", "device": "node-12-mixed", "metadata": {}}
{"timestamp": 1779140117, "type": "safe_tx", "device": "node-8-spammer", "metadata": {}}
{"timestamp": 1779140117, "type": "safe_tx", "device": "node-8-spammer", "metadata": {}}
{"timestamp": 1779140117, "type": "dos_spam", "device": "node-8-spammer", "metadata": {}}
{"timestamp": 1779140117, "type": "safe_tx", "device": "node-9-stealth", "metadata": {}}
{"timestamp": 1779140117, "type": "safe_tx", "device": "node-4-clean", "metadata": {}}
{"timestamp": 1779140118, "type": "safe_tx", "device": "node-5-clean", "metadata": {}}
{"timestamp": 1779140118, "type": "safe_tx", "device": "node-10-fuzzer", "metadata": {}}
{"timestamp": 1779140118, "type": "time_anomaly", "device": "node-12-mixed", "metadata": {}}
{"timestamp": 1779140118, "type": "safe_tx", "device": "node-4-clean", "metadata": {}}
{"timestamp": 1779140118, "type": "safe_tx", "device": "node-8-spammer", "metadata": {}}
{"timestamp": 1779140118, "type": "safe_tx", "device": "node-12-mixed", "metadata": {}}
{"timestamp": 1779140118, "type": "safe_tx", "device": "node-8-spammer", "metadata": {}}
{"timestamp": 1779140118, "type": "overflow", "device": "node-13-mixed", "metadata": {"count": 3, "window_sec": 30}}
{"timestamp": 1779140118, "type": "safe_tx", "device": "node-8-spammer", "metadata": {}}
{"timestamp": 1779140118, "type": "safe_tx", "device": "node-8-spammer", "metadata": {}}
{"timestamp": 1779140118, "type": "safe_tx", "device": "node-8-spammer", "metadata": {}}
{"timestamp": 1779140119, "type": "safe_tx", "device": "node-8-spammer", "metadata": {}}
{"timestamp": 1779140119, "type": "safe_tx", "device": "node-10-fuzzer", "metadata": {}}
{"timestamp": 1779140119, "type": "safe_tx", "device": "node-8-spammer", "metadata": {}}
{"timestamp": 1779140119, "type": "safe_tx", "device": "node-8-spammer", "metadata": {}}
{"timestamp": 1779140119, "type": "safe_tx", "device": "node-12-mixed", "metadata": {}}
{"timestamp": 1779140119, "type": "safe_tx", "device": "node-8-spammer", "metadata": {}}
{"timestamp": 1779140119, "type": "safe_tx", "device": "node-8-spammer", "metadata": {}}
{"timestamp": 1779140119, "type": "safe_tx", "device": "node-8-spammer", "metadata": {}}
{"timestamp": 1779140119, "type": "safe_tx", "device": "node-15-mixed", "metadata": {}}
{"timestamp": 1779140119, "type": "safe_tx", "device": "node-8-spammer", "metadata": {}}
{"timestamp": 1779140119, "type": "safe_tx", "device": "node-8-spammer", "metadata": {}}
{"timestamp": 1779140119, "type": "safe_tx", "device": "node-8-spammer", "metadata": {}}
{"timestamp": 1779140119, "type": "safe_tx", "device": "node-14-mixed", "metadata": {}}
{"timestamp": 1779140119, "type": "safe_tx", "device": "node-2-clean", "metadata": {}}
{"timestamp": 1779140119, "type": "safe_tx", "device": "node-14-mixed", "metadata": {}}
{"timestamp": 1779140120, "type": "safe_tx", "device": "node-8-spammer", "metadata": {}}
{"timestamp": 1779140120, "type": "dos_spam", "device": "node-8-spammer", "metadata": {"count": 30, "window_sec": 5}}
{"timestamp": 1779140120, "type": "dos_spam", "device": "node-8-spammer", "metadata": {}}
{"timestamp": 1779140120, "type": "safe_tx", "device": "node-8-spammer", "metadata": {}}
{"timestamp": 1779140120, "type": "safe_tx", "device": "node-8-spammer", "metadata": {}}
{"timestamp": 1779140120, "type": "safe_tx", "device": "node-8-spammer", "metadata": {}}
{"timestamp": 1779140120, "type": "safe_tx", "device": "node-8-spammer", "metadata": {}}
{"timestamp": 1779140120, "type": "safe_tx", "device": "node-8-spammer", "metadata": {}}
{"timestamp": 1779140120, "type": "safe_tx", "device": "node-8-spammer", "metadata": {}}
{"timestamp": 1779140120, "type": "safe_tx", "device": "node-8-spammer", "metadata": {}}
{"timestamp": 1779140120, "type": "safe_tx", "device": "node-8-spammer", "metadata": {}}
{"timestamp": 1779140120, "type": "safe_tx", "device": "node-8-spammer", "metadata": {}}
{"timestamp": 1779140120, "type": "safe_tx", "device": "node-8-spammer", "metadata": {}}
{"timestamp": 1779140120, "type": "safe_tx", "device": "node-8-spammer", "metadata": {}}
{"timestamp": 1779140120, "type": "safe_tx", "device": "node-3-clean", "metadata": {}}
{"timestamp": 1779140120, "type": "safe_tx", "device": "node-1-clean", "metadata": {}}
{"timestamp": 1779140120, "type": "safe_tx", "device": "node-8-spammer", "metadata": {}}
{"timestamp": 1779140120, "type": "safe_tx", "device": "node-15-mixed", "metadata": {}}
{"timestamp": 1779140120, "type": "safe_tx", "device": "node-8-spammer", "metadata": {}}
{"timestamp": 1779140120, "type": "safe_tx", "device": "node-8-spammer", "metadata": {}}
{"timestamp": 1779140120, "type": "safe_tx", "device": "node-8-spammer", "metadata": {}}
{"timestamp": 1779140120, "type": "dos_spam", "device": "node-8-spammer", "metadata": {}}
{"timestamp": 1779140120, "type": "safe_tx", "device": "node-9-stealth", "metadata": {}}
{"timestamp": 1779140120, "type": "safe_tx", "device": "node-8-spammer", "metadata": {}}
{"timestamp": 1779140120, "type": "safe_tx", "device": "node-8-spammer", "metadata": {}}
{"timestamp": 1779140120, "type": "safe_tx", "device": "node-8-spammer", "metadata": {}}
{"timestamp": 1779140120, "type": "safe_tx", "device": "node-8-spammer", "metadata": {}}
{"timestamp": 1779140120, "type": "safe_tx", "device": "node-12-mixed", "metadata": {}}
{"timestamp": 1779140120, "type": "safe_tx", "device": "node-4-clean", "metadata": {}}
{"timestamp": 1779140121, "type": "safe_tx", "device": "node-5-clean", "metadata": {}}
{"timestamp": 1779140121, "type": "overflow", "device": "node-6-overflow", "metadata": {"count": 3, "window_sec": 30}}
{"timestamp": 1779140122, "type": "safe_tx", "device": "node-8-spammer", "metadata": {}}
{"timestamp": 1779140122, "type": "safe_tx", "device": "node-8-spammer", "metadata": {}}
{"timestamp": 1779140122, "type": "safe_tx", "device": "node-8-spammer", "metadata": {}}
{"timestamp": 1779140122, "type": "safe_tx", "device": "node-8-spammer", "metadata": {}}
{"timestamp": 1779140122, "type": "safe_tx", "device": "node-8-spammer", "metadata": {}}
{"timestamp": 1779140122, "type": "safe_tx", "device": "node-8-spammer", "metadata": {}}
{"timestamp": 1779140122, "type": "safe_tx", "device": "node-8-spammer", "metadata": {}}
{"timestamp": 1779140122, "type": "time_anomaly", "device": "node-14-mixed", "metadata": {}}
{"timestamp": 1779140122, "type": "safe_tx", "device": "node-10-fuzzer", "metadata": {}}
{"timestamp": 1779140122, "type": "safe_tx", "device": "node-8-spammer", "metadata": {}}
{"timestamp": 1779140122, "type": "safe_tx", "device": "node-8-spammer", "metadata": {}}
{"timestamp": 1779140122, "type": "safe_tx", "device": "node-9-stealth", "metadata": {}}
{"timestamp": 1779140122, "type": "safe_tx", "device": "node-8-spammer", "metadata": {}}
{"timestamp": 1779140122, "type": "safe_tx", "device": "node-2-clean", "metadata": {}}
{"timestamp": 1779140122, "type": "safe_tx", "device": "node-8-spammer", "metadata": {}}
{"timestamp": 1779140122, "type": "dos_spam", "device": "node-8-spammer", "metadata": {"count": 30, "window_sec": 5}}
{"timestamp": 1779140122, "type": "dos_spam", "device": "node-8-spammer", "metadata": {}}
{"timestamp": 1779140122, "type": "time_anomaly", "device": "node-7-timespoof", "metadata": {}}
{"timestamp": 1779140122, "type": "safe_tx", "device": "node-8-spammer", "metadata": {}}
{"timestamp": 1779140122, "type": "safe_tx", "device": "node-3-clean", "metadata": {}}
{"timestamp": 1779140122, "type": "safe_tx", "device": "node-8-spammer", "metadata": {}}
{"timestamp": 1779140122, "type": "safe_tx", "device": "node-2-clean", "metadata": {}}
{"timestamp": 1779140122, "type": "safe_tx", "device": "node-14-mixed", "metadata": {}}
{"timestamp": 1779140122, "type": "safe_tx", "device": "node-4-clean", "metadata": {}}
{"timestamp": 1779140123, "type": "safe_tx", "device": "node-8-spammer", "metadata": {}}
{"timestamp": 1779140123, "type": "safe_tx", "device": "node-8-spammer", "metadata": {}}
{"timestamp": 1779140123, "type": "safe_tx", "device": "node-8-spammer", "metadata": {}}
{"timestamp": 1779140123, "type": "safe_tx", "device": "node-5-clean", "metadata": {}}
{"timestamp": 1779140123, "type": "safe_tx", "device": "node-8-spammer", "metadata": {}}
{"timestamp": 1779140123, "type": "safe_tx", "device": "node-12-mixed", "metadata": {}}
{"timestamp": 1779140123, "type": "safe_tx", "device": "node-8-spammer", "metadata": {}}
{"timestamp": 1779140123, "type": "safe_tx", "device": "node-8-spammer", "metadata": {}}
{"timestamp": 1779140123, "type": "safe_tx", "device": "node-8-spammer", "metadata": {}}
{"timestamp": 1779140123, "type": "safe_tx", "device": "node-8-spammer", "metadata": {}}
{"timestamp": 1779140123, "type": "safe_tx", "device": "node-8-spammer", "metadata": {}}
{"timestamp": 1779140123, "type": "safe_tx", "device": "node-15-mixed", "metadata": {}}
{"timestamp": 1779140124, "type": "safe_tx", "device": "node-1-clean", "metadata": {}}
{"timestamp": 1779140124, "type": "safe_tx", "device": "node-5-clean", "metadata": {}}
{"timestamp": 1779140124, "type": "safe_tx", "device": "node-4-clean", "metadata": {}}
{"timestamp": 1779140124, "type": "safe_tx", "device": "node-8-spammer", "metadata": {}}
{"timestamp": 1779140124, "type": "safe_tx", "device": "node-8-spammer", "metadata": {}}
{"timestamp": 1779140124, "type": "safe_tx", "device": "node-8-spammer", "metadata": {}}
{"timestamp": 1779140125, "type": "safe_tx", "device": "node-13-mixed", "metadata": {}}
{"timestamp": 1779140125, "type": "safe_tx", "device": "node-9-stealth", "metadata": {}}
{"timestamp": 1779140125, "type": "safe_tx", "device": "node-14-mixed", "metadata": {}}
{"timestamp": 1779140125, "type": "time_anomaly", "device": "node-13-mixed", "metadata": {}}
{"timestamp": 1779140125, "type": "safe_tx", "device": "node-8-spammer", "metadata": {}}
{"timestamp": 1779140125, "type": "safe_tx", "device": "node-8-spammer", "metadata": {}}
{"timestamp": 1779140125, "type": "safe_tx", "device": "node-8-spammer", "metadata": {}}
{"timestamp": 1779140125, "type": "dos_spam", "device": "node-8-spammer", "metadata": {}}
{"timestamp": 1779140125, "type": "safe_tx", "device": "node-8-spammer", "metadata": {}}
{"timestamp": 1779140125, "type": "safe_tx", "device": "node-4-clean", "metadata": {}}
{"timestamp": 1779140125, "type": "safe_tx", "device": "node-8-spammer", "metadata": {}}
{"timestamp": 1779140125, "type": "safe_tx", "device": "node-8-spammer", "metadata": {}}
{"timestamp": 1779140125, "type": "safe_tx", "device": "node-3-clean", "metadata": {}}
{"timestamp": 1779140125, "type": "safe_tx", "device": "node-8-spammer", "metadata": {}}
{"timestamp": 1779140125, "type": "safe_tx", "device": "node-8-spammer", "metadata": {}}
{"timestamp": 1779140125, "type": "safe_tx", "device": "node-8-spammer", "metadata": {}}
{"timestamp": 1779140125, "type": "safe_tx", "device": "node-8-spammer", "metadata": {}}
{"timestamp": 1779140126, "type": "time_anomaly", "device": "node-14-mixed", "metadata": {}}
{"timestamp": 1779140126, "type": "safe_tx", "device": "node-8-spammer", "metadata": {}}
{"timestamp": 1779140126, "type": "safe_tx", "device": "node-8-spammer", "metadata": {}}
{"timestamp": 1779140126, "type": "safe_tx", "device": "node-8-spammer", "metadata": {}}
{"timestamp": 1779140126, "type": "safe_tx", "device": "node-8-spammer", "metadata": {}}
{"timestamp": 1779140126, "type": "safe_tx", "device": "node-8-spammer", "metadata": {}}
{"timestamp": 1779140126, "type": "safe_tx", "device": "node-8-spammer", "metadata": {}}
{"timestamp": 1779140126, "type": "dos_spam", "device": "node-8-spammer", "metadata": {"count": 30, "window_sec": 5}}
{"timestamp": 1779140126, "type": "safe_tx", "device": "node-2-clean", "metadata": {}}
{"timestamp": 1779140126, "type": "safe_tx", "device": "node-8-spammer", "metadata": {}}
{"timestamp": 1779140126, "type": "safe_tx", "device": "node-8-spammer", "metadata": {}}
{"timestamp": 1779140126, "type": "dos_spam", "device": "node-8-spammer", "metadata": {}}
{"timestamp": 1779140126, "type": "fuzzing", "device": "node-10-fuzzer", "metadata": {}}
{"timestamp": 1779140126, "type": "safe_tx", "device": "node-8-spammer", "metadata": {}}
{"timestamp": 1779140126, "type": "safe_tx", "device": "node-8-spammer", "metadata": {}}
{"timestamp": 1779140126, "type": "safe_tx", "device": "node-8-spammer", "metadata": {}}
{"timestamp": 1779140126, "type": "safe_tx", "device": "node-8-spammer", "metadata": {}}
{"timestamp": 1779140126, "type": "safe_tx", "device": "node-8-spammer", "metadata": {}}
{"timestamp": 1779140126, "type": "safe_tx", "device": "node-8-spammer", "metadata": {}}
{"timestamp": 1779140126, "type": "safe_tx", "device": "node-8-spammer", "metadata": {}}
{"timestamp": 1779140126, "type": "safe_tx", "device": "node-12-mixed", "metadata": {}}
{"timestamp": 1779140126, "type": "safe_tx", "device": "node-8-spammer", "metadata": {}}
{"timestamp": 1779140126, "type": "safe_tx", "device": "node-8-spammer", "metadata": {}}
{"timestamp": 1779140126, "type": "safe_tx", "device": "node-8-spammer", "metadata": {}}
{"timestamp": 1779140126, "type": "safe_tx", "device": "node-8-spammer", "metadata": {}}
{"timestamp": 1779140126, "type": "safe_tx", "device": "node-8-spammer", "metadata": {}}
{"timestamp": 1779140126, "type": "safe_tx", "device": "node-8-spammer", "metadata": {}}
{"timestamp": 1779140127, "type": "time_anomaly", "device": "node-15-mixed", "metadata": {}}
{"timestamp": 1779140126, "type": "safe_tx", "device": "node-1-clean", "metadata": {}}
{"timestamp": 1779140127, "type": "overflow", "device": "node-12-mixed", "metadata": {"count": 3, "window_sec": 30}}
{"timestamp": 1779140127, "type": "safe_tx", "device": "node-5-clean", "metadata": {}}
{"timestamp": 1779140127, "type": "safe_tx", "device": "node-9-stealth", "metadata": {}}
{"timestamp": 1779140127, "type": "safe_tx", "device": "node-15-mixed", "metadata": {}}
{"timestamp": 1779140127, "type": "safe_tx", "device": "node-1-clean", "metadata": {}}
{"timestamp": 1779140128, "type": "time_anomaly", "device": "node-14-mixed", "metadata": {}}
{"timestamp": 1779140128, "type": "safe_tx", "device": "node-2-clean", "metadata": {}}
{"timestamp": 1779140128, "type": "time_anomaly", "device": "node-13-mixed", "metadata": {}}
{"timestamp": 1779140128, "type": "safe_tx", "device": "node-8-spammer", "metadata": {}}
{"timestamp": 1779140128, "type": "safe_tx", "device": "node-8-spammer", "metadata": {}}
{"timestamp": 1779140128, "type": "dos_spam", "device": "node-8-spammer", "metadata": {}}
{"timestamp": 1779140128, "type": "safe_tx", "device": "node-8-spammer", "metadata": {}}
{"timestamp": 1779140128, "type": "safe_tx", "device": "node-8-spammer", "metadata": {}}
{"timestamp": 1779140128, "type": "safe_tx", "device": "node-8-spammer", "metadata": {}}
{"timestamp": 1779140128, "type": "safe_tx", "device": "node-8-spammer", "metadata": {}}
{"timestamp": 1779140128, "type": "overflow", "device": "node-6-overflow", "metadata": {"count": 3, "window_sec": 30}}
{"timestamp": 1779140128, "type": "safe_tx", "device": "node-8-spammer", "metadata": {}}
{"timestamp": 1779140129, "type": "time_anomaly", "device": "node-7-timespoof", "metadata": {}}
{"timestamp": 1779140128, "type": "safe_tx", "device": "node-8-spammer", "metadata": {}}
{"timestamp": 1779140128, "type": "safe_tx", "device": "node-8-spammer", "metadata": {}}
{"timestamp": 1779140128, "type": "safe_tx", "device": "node-8-spammer", "metadata": {}}
{"timestamp": 1779140128, "type": "safe_tx", "device": "node-3-clean", "metadata": {}}
{"timestamp": 1779140129, "type": "safe_tx", "device": "node-4-clean", "metadata": {}}
{"timestamp": 1779140129, "type": "safe_tx", "device": "node-1-clean", "metadata": {}}
{"timestamp": 1779140129, "type": "safe_tx", "device": "node-5-clean", "metadata": {}}
{"timestamp": 1779140129, "type": "safe_tx", "device": "node-8-spammer", "metadata": {}}
{"timestamp": 1779140129, "type": "fuzzing", "device": "node-10-fuzzer", "metadata": {}}
{"timestamp": 1779140130, "type": "safe_tx", "device": "node-8-spammer", "metadata": {}}
{"timestamp": 1779140130, "type": "safe_tx", "device": "node-9-stealth", "metadata": {}}
{"timestamp": 1779140130, "type": "safe_tx", "device": "node-8-spammer", "metadata": {}}
{"timestamp": 1779140130, "type": "safe_tx", "device": "node-8-spammer", "metadata": {}}
{"timestamp": 1779140130, "type": "safe_tx", "device": "node-10-fuzzer", "metadata": {}}
{"timestamp": 1779140130, "type": "safe_tx", "device": "node-8-spammer", "metadata": {}}
{"timestamp": 1779140130, "type": "dos_spam", "device": "node-8-spammer", "metadata": {"count": 30, "window_sec": 5}}
{"timestamp": 1779140130, "type": "safe_tx", "device": "node-8-spammer", "metadata": {}}
{"timestamp": 1779140130, "type": "safe_tx", "device": "node-8-spammer", "metadata": {}}
{"timestamp": 1779140130, "type": "dos_spam", "device": "node-8-spammer", "metadata": {}}
{"timestamp": 1779140130, "type": "safe_tx", "device": "node-8-spammer", "metadata": {}}
{"timestamp": 1779140130, "type": "safe_tx", "device": "node-2-clean", "metadata": {}}
{"timestamp": 1779140130, "type": "safe_tx", "device": "node-8-spammer", "metadata": {}}
{"timestamp": 1779140130, "type": "safe_tx", "device": "node-8-spammer", "metadata": {}}
{"timestamp": 1779140130, "type": "time_anomaly", "device": "node-15-mixed", "metadata": {}}
{"timestamp": 1779140131, "type": "safe_tx", "device": "node-8-spammer", "metadata": {}}
{"timestamp": 1779140131, "type": "safe_tx", "device": "node-8-spammer", "metadata": {}}
{"timestamp": 1779140131, "type": "safe_tx", "device": "node-3-clean", "metadata": {}}
{"timestamp": 1779140131, "type": "time_anomaly", "device": "node-14-mixed", "metadata": {}}
{"timestamp": 1779140131, "type": "safe_tx", "device": "node-4-clean", "metadata": {}}
{"timestamp": 1779140131, "type": "safe_tx", "device": "node-1-clean", "metadata": {}}
{"timestamp": 1779140131, "type": "overflow", "device": "node-10-fuzzer", "metadata": {"count": 3, "window_sec": 30}}
{"timestamp": 1779140131, "type": "safe_tx", "device": "node-8-spammer", "metadata": {}}
{"timestamp": 1779140131, "type": "safe_tx", "device": "node-8-spammer", "metadata": {}}
{"timestamp": 1779140131, "type": "safe_tx", "device": "node-1-clean", "metadata": {}}
{"timestamp": 1779140131, "type": "safe_tx", "device": "node-13-mixed", "metadata": {}}
{"timestamp": 1779140132, "type": "time_anomaly", "device": "node-7-timespoof", "metadata": {}}
{"timestamp": 1779140132, "type": "safe_tx", "device": "node-5-clean", "metadata": {}}
{"timestamp": 1779140132, "type": "safe_tx", "device": "node-3-clean", "metadata": {}}
{"timestamp": 1779140132, "type": "safe_tx", "device": "node-15-mixed", "metadata": {}}
{"timestamp": 1779140133, "type": "safe_tx", "device": "node-13-mixed", "metadata": {}}
{"timestamp": 1779140133, "type": "safe_tx", "device": "node-12-mixed", "metadata": {}}
{"timestamp": 1779140133, "type": "safe_tx", "device": "node-9-stealth", "metadata": {}}
{"timestamp": 1779140133, "type": "safe_tx", "device": "node-8-spammer", "metadata": {}}
{"timestamp": 1779140133, "type": "fuzzing", "device": "node-10-fuzzer", "metadata": {}}
{"timestamp": 1779140133, "type": "overflow", "device": "node-12-mixed", "metadata": {"count": 3, "window_sec": 30}}
{"timestamp": 1779140133, "type": "safe_tx", "device": "node-9-stealth", "metadata": {}}
{"timestamp": 1779140133, "type": "safe_tx", "device": "node-12-mixed", "metadata": {}}
{"timestamp": 1779140133, "type": "safe_tx", "device": "node-2-clean", "metadata": {}}
{"timestamp": 1779140134, "type": "safe_tx", "device": "node-1-clean", "metadata": {}}
{"timestamp": 1779140134, "type": "safe_tx", "device": "node-4-clean", "metadata": {}}
{"timestamp": 1779140134, "type": "safe_tx", "device": "node-8-spammer", "metadata": {}}
{"timestamp": 1779140134, "type": "safe_tx", "device": "node-8-spammer", "metadata": {}}
{"timestamp": 1779140134, "type": "safe_tx", "device": "node-8-spammer", "metadata": {}}
{"timestamp": 1779140135, "type": "time_anomaly", "device": "node-7-timespoof", "metadata": {}}
{"timestamp": 1779140135, "type": "time_anomaly", "device": "node-15-mixed", "metadata": {}}
{"timestamp": 1779140135, "type": "safe_tx", "device": "node-1-clean", "metadata": {}}
{"timestamp": 1779140135, "type": "time_anomaly", "device": "node-13-mixed", "metadata": {}}
{"timestamp": 1779140135, "type": "safe_tx", "device": "node-3-clean", "metadata": {}}
{"timestamp": 1779140135, "type": "safe_tx", "device": "node-9-stealth", "metadata": {}}
{"timestamp": 1779140135, "type": "fuzzing", "device": "node-10-fuzzer", "metadata": {}}
{"timestamp": 1779140136, "type": "time_anomaly", "device": "node-12-mixed", "metadata": {}}
{"timestamp": 1779140135, "type": "safe_tx", "device": "node-3-clean", "metadata": {}}
{"timestamp": 1779140135, "type": "safe_tx", "device": "node-8-spammer", "metadata": {}}
{"timestamp": 1779140135, "type": "safe_tx", "device": "node-8-spammer", "metadata": {}}
{"timestamp": 1779140135, "type": "safe_tx", "device": "node-8-spammer", "metadata": {}}
{"timestamp": 1779140135, "type": "safe_tx", "device": "node-8-spammer", "metadata": {}}
{"timestamp": 1779140135, "type": "safe_tx", "device": "node-4-clean", "metadata": {}}
{"timestamp": 1779140136, "type": "safe_tx", "device": "node-8-spammer", "metadata": {}}
{"timestamp": 1779140136, "type": "safe_tx", "device": "node-8-spammer", "metadata": {}}
{"timestamp": 1779140136, "type": "safe_tx", "device": "node-8-spammer", "metadata": {}}
{"timestamp": 1779140136, "type": "safe_tx", "device": "node-8-spammer", "metadata": {}}
{"timestamp": 1779140136, "type": "safe_tx", "device": "node-8-spammer", "metadata": {}}
{"timestamp": 1779140136, "type": "safe_tx", "device": "node-8-spammer", "metadata": {}}
{"timestamp": 1779140136, "type": "safe_tx", "device": "node-8-spammer", "metadata": {}}
{"timestamp": 1779140136, "type": "time_anomaly", "device": "node-14-mixed", "metadata": {}}
{"timestamp": 1779140136, "type": "safe_tx", "device": "node-8-spammer", "metadata": {}}
{"timestamp": 1779140136, "type": "dos_spam", "device": "node-8-spammer", "metadata": {}}
{"timestamp": 1779140136, "type": "safe_tx", "device": "node-2-clean", "metadata": {}}
{"timestamp": 1779140136, "type": "safe_tx", "device": "node-5-clean", "metadata": {}}
{"timestamp": 1779140136, "type": "safe_tx", "device": "node-13-mixed", "metadata": {}}
{"timestamp": 1779140136, "type": "safe_tx", "device": "node-1-clean", "metadata": {}}
{"timestamp": 1779140136, "type": "time_anomaly", "device": "node-15-mixed", "metadata": {}}
{"timestamp": 1779140137, "type": "safe_tx", "device": "node-4-clean", "metadata": {}}
{"timestamp": 1779140137, "type": "safe_tx", "device": "node-11-pulsing", "metadata": {}}
{"timestamp": 1779140137, "type": "safe_tx", "device": "node-11-pulsing", "metadata": {}}
{"timestamp": 1779140137, "type": "fuzzing", "device": "node-10-fuzzer", "metadata": {}}
{"timestamp": 1779140137, "type": "safe_tx", "device": "node-11-pulsing", "metadata": {}}
{"timestamp": 1779140137, "type": "safe_tx", "device": "node-11-pulsing", "metadata": {}}
{"timestamp": 1779140137, "type": "safe_tx", "device": "node-13-mixed", "metadata": {}}
{"timestamp": 1779140137, "type": "safe_tx", "device": "node-11-pulsing", "metadata": {}}
{"timestamp": 1779140137, "type": "safe_tx", "device": "node-11-pulsing", "metadata": {}}
{"timestamp": 1779140137, "type": "safe_tx", "device": "node-11-pulsing", "metadata": {}}
{"timestamp": 1779140137, "type": "safe_tx", "device": "node-11-pulsing", "metadata": {}}
{"timestamp": 1779140137, "type": "safe_tx", "device": "node-11-pulsing", "metadata": {}}
{"timestamp": 1779140137, "type": "safe_tx", "device": "node-11-pulsing", "metadata": {}}
{"timestamp": 1779140137, "type": "time_anomaly", "device": "node-7-timespoof", "metadata": {}}
{"timestamp": 1779140137, "type": "safe_tx", "device": "node-11-pulsing", "metadata": {}}
{"timestamp": 1779140137, "type": "safe_tx", "device": "node-11-pulsing", "metadata": {}}
{"timestamp": 1779140137, "type": "safe_tx", "device": "node-11-pulsing", "metadata": {}}
{"timestamp": 1779140138, "type": "time_anomaly", "device": "node-12-mixed", "metadata": {}}
{"timestamp": 1779140137, "type": "safe_tx", "device": "node-11-pulsing", "metadata": {}}
{"timestamp": 1779140137, "type": "safe_tx", "device": "node-9-stealth", "metadata": {}}
{"timestamp": 1779140137, "type": "safe_tx", "device": "node-11-pulsing", "metadata": {}}
{"timestamp": 1779140137, "type": "dos_spam", "device": "node-11-pulsing", "metadata": {}}
{"timestamp": 1779140137, "type": "safe_tx", "device": "node-5-clean", "metadata": {}}
{"timestamp": 1779140137, "type": "safe_tx", "device": "node-11-pulsing", "metadata": {}}
{"timestamp": 1779140137, "type": "safe_tx", "device": "node-11-pulsing", "metadata": {}}
{"timestamp": 1779140138, "type": "safe_tx", "device": "node-6-overflow", "metadata": {}}
{"timestamp": 1779140138, "type": "safe_tx", "device": "node-11-pulsing", "metadata": {}}
{"timestamp": 1779140138, "type": "fuzzing", "device": "node-10-fuzzer", "metadata": {}}
{"timestamp": 1779140138, "type": "safe_tx", "device": "node-11-pulsing", "metadata": {}}
{"timestamp": 1779140138, "type": "safe_tx", "device": "node-11-pulsing", "metadata": {}}
{"timestamp": 1779140138, "type": "safe_tx", "device": "node-14-mixed", "metadata": {}}
{"timestamp": 1779140138, "type": "time_anomaly", "device": "node-15-mixed", "metadata": {}}
{"timestamp": 1779140138, "type": "safe_tx", "device": "node-8-spammer", "metadata": {}}
{"timestamp": 1779140138, "type": "safe_tx", "device": "node-8-spammer", "metadata": {}}
{"timestamp": 1779140138, "type": "safe_tx", "device": "node-8-spammer", "metadata": {}}
{"timestamp": 1779140138, "type": "safe_tx", "device": "node-8-spammer", "metadata": {}}
{"timestamp": 1779140138, "type": "safe_tx", "device": "node-8-spammer", "metadata": {}}
{"timestamp": 1779140138, "type": "safe_tx", "device": "node-15-mixed", "metadata": {}}
{"timestamp": 1779140139, "type": "safe_tx", "device": "node-2-clean", "metadata": {}}
{"timestamp": 1779140139, "type": "safe_tx", "device": "node-5-clean", "metadata": {}}
{"timestamp": 1779140139, "type": "safe_tx", "device": "node-3-clean", "metadata": {}}
{"timestamp": 1779140139, "type": "safe_tx", "device": "node-8-spammer", "metadata": {}}
{"timestamp": 1779140139, "type": "safe_tx", "device": "node-8-spammer", "metadata": {}}
{"timestamp": 1779140139, "type": "safe_tx", "device": "node-8-spammer", "metadata": {}}
{"timestamp": 1779140139, "type": "safe_tx", "device": "node-8-spammer", "metadata": {}}
{"timestamp": 1779140139, "type": "safe_tx", "device": "node-8-spammer", "metadata": {}}
{"timestamp": 1779140139, "type": "safe_tx", "device": "node-14-mixed", "metadata": {}}
{"timestamp": 1779140139, "type": "safe_tx", "device": "node-9-stealth", "metadata": {}}
{"timestamp": 1779140139, "type": "safe_tx", "device": "node-13-mixed", "metadata": {}}
{"timestamp": 1779140139, "type": "safe_tx", "device": "node-10-fuzzer", "metadata": {}}
{"timestamp": 1779140140, "type": "time_anomaly", "device": "node-7-timespoof", "metadata": {}}
{"timestamp": 1779140140, "type": "safe_tx", "device": "node-12-mixed", "metadata": {}}
{"timestamp": 1779140140, "type": "safe_tx", "device": "node-1-clean", "metadata": {}}
{"timestamp": 1779140140, "type": "fuzzing", "device": "node-10-fuzzer", "metadata": {}}
{"timestamp": 1779140140, "type": "safe_tx", "device": "node-9-stealth", "metadata": {}}
{"timestamp": 1779140140, "type": "safe_tx", "device": "node-1-clean", "metadata": {}}
{"timestamp": 1779140140, "type": "safe_tx", "device": "node-8-spammer", "metadata": {}}
{"timestamp": 1779140140, "type": "safe_tx", "device": "node-8-spammer", "metadata": {}}
{"timestamp": 1779140140, "type": "safe_tx", "device": "node-8-spammer", "metadata": {}}
{"timestamp": 1779140140, "type": "safe_tx", "device": "node-8-spammer", "metadata": {}}
{"timestamp": 1779140140, "type": "safe_tx", "device": "node-4-clean", "metadata": {}}
{"timestamp": 1779140140, "type": "safe_tx", "device": "node-4-clean", "metadata": {}}
{"timestamp": 1779140141, "type": "fuzzing", "device": "node-10-fuzzer", "metadata": {}}
{"timestamp": 1779140141, "type": "safe_tx", "device": "node-8-spammer", "metadata": {}}
{"timestamp": 1779140141, "type": "safe_tx", "device": "node-8-spammer", "metadata": {}}
{"timestamp": 1779140141, "type": "safe_tx", "device": "node-15-mixed", "metadata": {}}
{"timestamp": 1779140141, "type": "safe_tx", "device": "node-8-spammer", "metadata": {}}
{"timestamp": 1779140141, "type": "safe_tx", "device": "node-8-spammer", "metadata": {}}
{"timestamp": 1779140141, "type": "safe_tx", "device": "node-8-spammer", "metadata": {}}
{"timestamp": 1779140141, "type": "safe_tx", "device": "node-8-spammer", "metadata": {}}
{"timestamp": 1779140141, "type": "dos_spam", "device": "node-8-spammer", "metadata": {}}
{"timestamp": 1779140141, "type": "safe_tx", "device": "node-8-spammer", "metadata": {}}
{"timestamp": 1779140141, "type": "safe_tx", "device": "node-8-spammer", "metadata": {}}
{"timestamp": 1779140141, "type": "dos_spam", "device": "node-8-spammer", "metadata": {"count": 30, "window_sec": 5}}
{"timestamp": 1779140141, "type": "safe_tx", "device": "node-8-spammer", "metadata": {}}
{"timestamp": 1779140141, "type": "safe_tx", "device": "node-8-spammer", "metadata": {}}
{"timestamp": 1779140141, "type": "safe_tx", "device": "node-4-clean", "metadata": {}}
{"timestamp": 1779140142, "type": "safe_tx", "device": "node-2-clean", "metadata": {}}
{"timestamp": 1779140142, "type": "safe_tx", "device": "node-3-clean", "metadata": {}}
{"timestamp": 1779140142, "type": "overflow", "device": "node-6-overflow", "metadata": {"count": 3, "window_sec": 30}}
{"timestamp": 1779140142, "type": "safe_tx", "device": "node-13-mixed", "metadata": {}}
{"timestamp": 1779140142, "type": "time_anomaly", "device": "node-7-timespoof", "metadata": {}}
{"timestamp": 1779140143, "type": "fuzzing", "device": "node-10-fuzzer", "metadata": {}}
{"timestamp": 1779140143, "type": "safe_tx", "device": "node-14-mixed", "metadata": {}}
{"timestamp": 1779140143, "type": "safe_tx", "device": "node-8-spammer", "metadata": {}}
{"timestamp": 1779140143, "type": "safe_tx", "device": "node-5-clean", "metadata": {}}
{"timestamp": 1779140143, "type": "safe_tx", "device": "node-8-spammer", "metadata": {}}
{"timestamp": 1779140143, "type": "safe_tx", "device": "node-8-spammer", "metadata": {}}
{"timestamp": 1779140143, "type": "safe_tx", "device": "node-8-spammer", "metadata": {}}
{"timestamp": 1779140143, "type": "safe_tx", "device": "node-8-spammer", "metadata": {}}
{"timestamp": 1779140143, "type": "safe_tx", "device": "node-12-mixed", "metadata": {}}
{"timestamp": 1779140143, "type": "safe_tx", "device": "node-8-spammer", "metadata": {}}
{"timestamp": 1779140143, "type": "safe_tx", "device": "node-8-spammer", "metadata": {}}
{"timestamp": 1779140143, "type": "safe_tx", "device": "node-8-spammer", "metadata": {}}
{"timestamp": 1779140143, "type": "safe_tx", "device": "node-8-spammer", "metadata": {}}
{"timestamp": 1779140143, "type": "safe_tx", "device": "node-8-spammer", "metadata": {}}
{"timestamp": 1779140143, "type": "safe_tx", "device": "node-8-spammer", "metadata": {}}
{"timestamp": 1779140143, "type": "dos_spam", "device": "node-8-spammer", "metadata": {}}
{"timestamp": 1779140143, "type": "safe_tx", "device": "node-4-clean", "metadata": {}}
{"timestamp": 1779140143, "type": "safe_tx", "device": "node-8-spammer", "metadata": {}}
{"timestamp": 1779140143, "type": "safe_tx", "device": "node-3-clean", "metadata": {}}
{"timestamp": 1779140143, "type": "safe_tx", "device": "node-8-spammer", "metadata": {}}
{"timestamp": 1779140143, "type": "safe_tx", "device": "node-8-spammer", "metadata": {}}
{"timestamp": 1779140143, "type": "safe_tx", "device": "node-8-spammer", "metadata": {}}
{"timestamp": 1779140143, "type": "safe_tx", "device": "node-15-mixed", "metadata": {}}
{"timestamp": 1779140143, "type": "safe_tx", "device": "node-8-spammer", "metadata": {}}
{"timestamp": 1779140143, "type": "safe_tx", "device": "node-8-spammer", "metadata": {}}
{"timestamp": 1779140143, "type": "safe_tx", "device": "node-8-spammer", "metadata": {}}
{"timestamp": 1779140143, "type": "safe_tx", "device": "node-8-spammer", "metadata": {}}
{"timestamp": 1779140143, "type": "overflow", "device": "node-14-mixed", "metadata": {"count": 3, "window_sec": 30}}
{"timestamp": 1779140143, "type": "safe_tx", "device": "node-13-mixed", "metadata": {}}
{"timestamp": 1779140143, "type": "safe_tx", "device": "node-8-spammer", "metadata": {}}
{"timestamp": 1779140143, "type": "fuzzing", "device": "node-10-fuzzer", "metadata": {}}
{"timestamp": 1779140144, "type": "safe_tx", "device": "node-9-stealth", "metadata": {}}
{"timestamp": 1779140144, "type": "safe_tx", "device": "node-1-clean", "metadata": {}}
{"timestamp": 1779140144, "type": "safe_tx", "device": "node-5-clean", "metadata": {}}
{"timestamp": 1779140144, "type": "safe_tx", "device": "node-8-spammer", "metadata": {}}
{"timestamp": 1779140144, "type": "safe_tx", "device": "node-8-spammer", "metadata": {}}
{"timestamp": 1779140144, "type": "safe_tx", "device": "node-8-spammer", "metadata": {}}
{"timestamp": 1779140144, "type": "safe_tx", "device": "node-8-spammer", "metadata": {}}
{"timestamp": 1779140144, "type": "safe_tx", "device": "node-8-spammer", "metadata": {}}
{"timestamp": 1779140144, "type": "safe_tx", "device": "node-8-spammer", "metadata": {}}
{"timestamp": 1779140144, "type": "dos_spam", "device": "node-8-spammer", "metadata": {}}
{"timestamp": 1779140144, "type": "safe_tx", "device": "node-10-fuzzer", "metadata": {}}
{"timestamp": 1779140145, "type": "time_anomaly", "device": "node-15-mixed", "metadata": {}}
{"timestamp": 1779140145, "type": "safe_tx", "device": "node-5-clean", "metadata": {}}
{"timestamp": 1779140145, "type": "safe_tx", "device": "node-8-spammer", "metadata": {}}
{"timestamp": 1779140145, "type": "safe_tx", "device": "node-8-spammer", "metadata": {}}
{"timestamp": 1779140145, "type": "dos_spam", "device": "node-8-spammer", "metadata": {"count": 30, "window_sec": 5}}
{"timestamp": 1779140145, "type": "safe_tx", "device": "node-8-spammer", "metadata": {}}
{"timestamp": 1779140145, "type": "safe_tx", "device": "node-8-spammer", "metadata": {}}
{"timestamp": 1779140145, "type": "safe_tx", "device": "node-8-spammer", "metadata": {}}
{"timestamp": 1779140145, "type": "safe_tx", "device": "node-8-spammer", "metadata": {}}
{"timestamp": 1779140145, "type": "safe_tx", "device": "node-8-spammer", "metadata": {}}
{"timestamp": 1779140145, "type": "safe_tx", "device": "node-8-spammer", "metadata": {}}
{"timestamp": 1779140145, "type": "safe_tx", "device": "node-15-mixed", "metadata": {}}
{"timestamp": 1779140145, "type": "safe_tx", "device": "node-2-clean", "metadata": {}}
{"timestamp": 1779140146, "type": "time_anomaly", "device": "node-14-mixed", "metadata": {}}
{"timestamp": 1779140145, "type": "fuzzing", "device": "node-10-fuzzer", "metadata": {}}
{"timestamp": 1779140145, "type": "overflow", "device": "node-9-stealth", "metadata": {"count": 3, "window_sec": 30}}
